id,route,Timestamp,recovery_band,seconds_since_distraction_end,future_event,future_risk_score,hr,hr_available,hr_delta_10s,hr_slope_10s,hr_slope_change_10s,hr_burden_plus3_recent10,hr_deviation_local
0A01,P1,2025-07-09 13:48:30+00:00,CONTROL_PRE,,0,0.0,78.0,1.0,-1.0,1.484848484848484,2.3272727272727254,0.0,1.0
0A01,P1,2025-07-09 13:48:35+00:00,CONTROL_PRE,,0,0.0,84.0,1.0,10.400000000000006,1.478787878787881,2.0242424242424253,0.4,7.0
0A01,P1,2025-07-09 13:48:40+00:00,CONTROL_PRE,,0,0.0,80.0,1.0,11.099999999999994,-8.685790949909143e-17,-1.484848484848484,0.8,3.0
0A01,P1,2025-07-09 13:48:50+00:00,CONTROL_PRE,,0,0.0,71.0,1.0,-5.799999999999997,-0.8242424242424201,-0.82424242424242,0.0,-6.0
0A01,P1,2025-07-09 13:48:55+00:00,CONTROL_PRE,,0,0.0,74.0,1.0,-6.199999999999989,-0.2060606060606049,0.48484848484848214,0.0,-3.0
0A01,P1,2025-07-09 13:49:00+00:00,CONTROL_PRE,,0,0.0,74.0,1.0,-2.3999999999999915,0.2181818181818183,1.0424242424242385,0.0,-3.0
0A01,P1,2025-07-09 13:49:05+00:00,CONTROL_PRE,,0,0.0,79.0,1.0,1.5,0.5636363636363642,0.7696969696969691,0.0,2.0
0A01,P1,2025-07-09 13:49:10+00:00,CONTROL_PRE,,0,0.0,78.0,1.0,4.0,0.6060606060606077,0.38787878787878943,0.0,1.0
0A01,P1,2025-07-09 13:49:15+00:00,CONTROL_PRE,,0,0.0,75.0,1.0,2.299999999999997,-0.5696969696969683,-1.1333333333333324,0.0,-2.0
0A01,P1,2025-07-09 13:49:25+00:00,CONTROL_PRE,,0,0.0,72.0,1.0,-5.6000000000000085,-0.6787878787878766,-0.10909090909090835,0.0,-5.0
0A01,P1,2025-07-09 13:49:30+00:00,CONTROL_PRE,,0,0.0,75.0,1.0,-2.9000000000000057,0.8727272727272736,1.3030303030303034,0.0,-2.0
0A01,P1,2025-07-09 13:49:35+00:00,CONTROL_PRE,,0,0.0,76.0,1.0,3.4000000000000057,0.3272727272727273,1.0060606060606039,0.0,0.0
0A01,P1,2025-07-09 13:50:05+00:00,CONTROL_PRE,,0,0.0,79.0,1.0,2.4000000000000057,-0.2424242424242422,-0.5212121212121161,0.4,3.0
0A01,P1,2025-07-09 13:50:10+00:00,CONTROL_PRE,,0,0.0,80.0,1.0,0.5,0.2909090909090915,-0.17575757575757556,0.1,3.0
0A01,P1,2025-07-09 13:50:35+00:00,CONTROL_PRE,,0,0.0,87.0,1.0,4.8999999999999915,1.6,1.9212121212121185,0.6,10.0
0A01,P1,2025-07-09 13:50:40+00:00,CONTROL_PRE,,0,0.0,74.0,1.0,4.700000000000003,-1.7757575757575763,-2.090909090909094,0.6,-3.0
0A01,P1,2025-07-09 13:51:00+00:00,CONTROL_PRE,,1,5.0,69.0,1.0,-10.200000000000003,-1.3212121212121195,-2.4121212121212148,0.0,-8.0
0A01,P1,2025-07-09 13:51:10+00:00,CONTROL_PRE,,0,0.0,74.0,1.0,-2.200000000000003,0.5696969696969706,1.8909090909090902,0.0,-3.0
0A01,P1,2025-07-09 13:51:15+00:00,CONTROL_PRE,,0,0.0,84.0,1.0,5.299999999999997,1.2606060606060645,1.218181818181821,0.2,7.0
0A01,P1,2025-07-09 13:51:35+00:00,CONTROL_PRE,,1,5.0,76.0,1.0,-8.399999999999991,-0.3696969696969719,0.5939393939393938,0.0,-1.0
0A01,P1,2025-07-09 13:51:40+00:00,CONTROL_PRE,,0,0.0,75.0,1.0,-3.9000000000000057,0.20000000000000082,1.1818181818181774,0.0,-2.0
0A01,P1,2025-07-09 13:51:50+00:00,CONTROL_PRE,,0,0.0,72.0,1.0,-3.5999999999999943,-0.006060606060605677,-0.2060606060606065,0.0,-5.0
0A01,P1,2025-07-09 13:52:00+00:00,CONTROL_PRE,,0,0.0,74.0,1.0,2.3999999999999915,-0.054545454545453446,-0.04848484848484777,0.0,-3.0
0A01,P1,2025-07-09 13:52:05+00:00,CONTROL_PRE,,0,0.0,76.0,1.0,1.1000000000000085,0.24242424242424174,-0.1878787878787885,0.0,-1.0
0A01,P1,2025-07-09 13:52:20+00:00,CONTROL_PRE,,0,0.0,73.0,1.0,-1.9000000000000057,0.05454545454545528,0.2606060606060611,0.0,-3.0
0A01,P2,2025-07-09 14:03:02+00:00,CONTROL_PRE,,0,0.0,76.0,1.0,-0.29999999999999716,0.20606060606060642,0.28484848484848235,0.0,2.0
0A01,P2,2025-07-09 14:03:07+00:00,CONTROL_PRE,,0,0.0,79.0,1.0,2.700000000000003,0.6424242424242413,0.7939393939393907,0.4,5.0
0A01,P2,2025-07-09 14:03:12+00:00,CONTROL_PRE,,0,0.0,78.0,1.0,4.099999999999994,-0.018181818181817307,-0.22424242424242372,0.8,3.0
0A01,P2,2025-07-09 14:03:17+00:00,CONTROL_PRE,,0,0.0,78.0,1.0,2.1000000000000085,0.07878787878788278,-0.5636363636363586,0.8,3.0
0A01,P2,2025-07-09 14:03:22+00:00,CONTROL_PRE,,0,0.0,71.0,1.0,-2.5,-1.2121212121212142,-1.1939393939393967,0.4,-4.0
0A01,P2,2025-07-09 14:03:27+00:00,CONTROL_PRE,,0,0.0,71.0,1.0,-7.300000000000011,-0.4606060606060609,-0.5393939393939436,0.0,-3.5
0A01,P2,2025-07-09 14:03:32+00:00,CONTROL_PRE,,0,0.0,71.0,1.0,-5.200000000000003,0.048484848484850435,1.2606060606060645,0.0,-3.0
0A01,P2,2025-07-09 14:03:37+00:00,CONTROL_PRE,,0,0.0,75.0,1.0,0.20000000000000284,0.33939393939394064,0.8000000000000016,0.0,1.0
0A01,P2,2025-07-09 14:03:42+00:00,CONTROL_PRE,,0,0.0,76.0,1.0,3.4000000000000057,0.5818181818181839,0.5333333333333334,0.0,2.0
0A01,P2,2025-07-09 14:03:47+00:00,CONTROL_PRE,,0,0.0,77.0,1.0,3.6000000000000085,-0.08484848484848555,-0.4242424242424262,0.0,3.0
0A01,P2,2025-07-09 14:04:12+00:00,CONTROL_PRE,,0,0.0,81.0,1.0,0.9000000000000057,0.9454545454545468,1.703030303030304,0.1,6.0
0A01,P2,2025-07-09 14:04:22+00:00,R00_10,2.0,0,0.0,79.0,1.0,3.0,-0.12121212121212087,-1.0666666666666675,0.9,4.0
0A01,P2,2025-07-09 14:04:27+00:00,R00_10,7.0,0,0.0,74.0,1.0,-0.29999999999999716,-0.3090909090909066,-0.4424242424242427,0.8,-1.0
0A01,P2,2025-07-09 14:04:32+00:00,R10_20,12.0,0,0.0,74.0,1.0,-3.0,-0.8848484848484875,-0.7636363636363667,0.3,-1.0
0A01,P2,2025-07-09 14:04:37+00:00,R10_20,17.0,0,0.0,73.0,1.0,-4.6000000000000085,-0.030303030303029367,0.2787878787878772,0.0,-2.0
0A01,P2,2025-07-09 14:04:42+00:00,R20_30,22.0,0,0.0,72.0,1.0,-3.1000000000000085,-0.3939393939393918,0.49090909090909574,0.0,-3.0
0A01,P2,2025-07-09 14:04:52+00:00,R30_60,32.0,0,0.0,75.0,1.0,-1.3999999999999915,0.17575757575757622,0.569696969696968,0.0,1.0
0A01,P2,2025-07-09 14:04:57+00:00,R30_60,37.0,0,0.0,82.0,1.0,4.799999999999997,1.7696969696969729,1.8787878787878796,0.5,7.0
0A01,P2,2025-07-09 14:05:02+00:00,R30_60,42.0,0,0.0,80.0,1.0,9.200000000000003,-0.06666666666666375,-0.24242424242424,1.0,5.0
0A01,P2,2025-07-09 14:05:07+00:00,R30_60,47.0,1,3.0,80.0,1.0,3.8000000000000114,-0.048484848484844335,-1.8181818181818172,1.0,5.0
0A01,P2,2025-07-09 14:05:12+00:00,R30_60,52.0,1,3.0,75.0,1.0,-2.200000000000003,-0.648484848484843,-0.5818181818181792,0.6,0.0
0A01,P2,2025-07-09 14:05:17+00:00,R30_60,57.0,0,0.0,76.0,1.0,-4.1000000000000085,-0.321212121212119,-0.27272727272727465,0.1,1.0
0A01,P2,2025-07-09 14:05:22+00:00,CONTROL_GT60,62.0,0,0.0,73.0,1.0,-4.0,-0.3454545454545434,0.3030303030302996,0.0,-2.0
0A01,P2,2025-07-09 14:05:27+00:00,CONTROL_GT60,67.0,0,0.0,76.0,1.0,-2.3999999999999915,0.04242424242424224,0.36363636363636126,0.0,1.0
0A01,P2,2025-07-09 14:05:32+00:00,CONTROL_GT60,72.0,0,0.0,73.0,1.0,-0.7999999999999972,-0.01818181818181746,0.32727272727272594,0.0,-2.0
0A01,P2,2025-07-09 14:05:37+00:00,CONTROL_GT60,77.0,0,0.0,73.0,1.0,-0.5,-0.20606060606060453,-0.24848484848484675,0.0,-2.0
0A01,P2,2025-07-09 14:05:47+00:00,R00_10,2.0,0,0.0,79.0,1.0,7.3999999999999915,0.2787878787878799,0.4848484848484844,0.9,4.0
0A01,P2,2025-07-09 14:05:52+00:00,R00_10,7.0,0,0.0,76.0,1.0,2.8000000000000114,-0.7757575757575754,-2.0727272727272696,0.5,1.0
0A01,P2,2025-07-09 14:05:57+00:00,R10_20,12.0,0,0.0,75.0,1.0,-4.299999999999997,-0.3696969696969718,-0.6484848484848518,0.0,0.0
0A01,P2,2025-07-09 14:06:02+00:00,R10_20,17.0,0,0.0,73.0,1.0,-4.6000000000000085,-0.32727272727272433,0.4484848484848511,0.0,-2.0
0A01,P2,2025-07-09 14:06:07+00:00,R20_30,22.0,0,0.0,75.0,1.0,-2.299999999999997,0.07272727272727388,0.44242424242424566,0.0,0.0
0A01,P2,2025-07-09 14:06:17+00:00,R00_10,4.0,0,0.0,77.0,1.0,3.200000000000003,0.29090909090909045,0.2181818181818166,0.3,2.0
0A01,P2,2025-07-09 14:06:22+00:00,R00_10,9.0,0,0.0,75.0,1.0,1.2999999999999972,-0.5757575757575765,-0.9878787878787902,0.3,0.0
0A01,P2,2025-07-09 14:06:27+00:00,R10_20,14.0,0,0.0,80.0,1.0,-0.4000000000000057,0.6545454545454557,0.3636363636363652,0.4,5.0
0A01,P2,2025-07-09 14:06:32+00:00,R10_20,19.0,0,0.0,75.0,1.0,1.8999999999999915,-0.2303030303030301,0.34545454545454635,0.7,0.0
0A01,P2,2025-07-09 14:06:37+00:00,R20_30,24.0,0,0.0,75.0,1.0,-0.5999999999999943,-0.6666666666666677,-1.3212121212121235,0.3,0.0
0A01,P2,2025-07-09 14:06:42+00:00,R00_10,0.0,0,0.0,73.0,1.0,-4.199999999999989,-0.08484848484848383,0.14545454545454628,0.0,-2.0
0A01,P2,2025-07-09 14:06:47+00:00,R00_10,5.0,0,0.0,76.0,1.0,-2.4000000000000057,-0.012121212121208851,0.6545454545454589,0.0,1.0
0A01,P2,2025-07-09 14:06:52+00:00,R00_10,10.0,0,0.0,73.0,1.0,-0.5,0.09090909090909173,0.17575757575757556,0.0,-2.0
0A01,P2,2025-07-09 14:06:57+00:00,R10_20,15.0,0,0.0,74.0,1.0,-0.5,-0.1757575757575752,-0.16363636363636636,0.0,-1.0
0A01,P2,2025-07-09 14:07:02+00:00,R10_20,20.0,0,0.0,74.0,1.0,-0.20000000000000284,0.2000000000000013,0.10909090909090956,0.0,-1.0
0A01,P2,2025-07-09 14:07:12+00:00,R20_30,30.0,0,0.0,76.0,1.0,0.20000000000000284,0.5878787878787868,0.3878787878787855,0.0,1.0
0A01,P2,2025-07-09 14:07:17+00:00,R30_60,35.0,0,0.0,72.0,1.0,1.7000000000000028,-0.3696969696969678,0.06666666666666776,0.0,-3.0
0A01,P2,2025-07-09 14:07:22+00:00,R30_60,40.0,0,0.0,76.0,1.0,0.5999999999999943,0.05454545454545482,-0.533333333333332,0.0,1.0
0A01,P2,2025-07-09 14:07:27+00:00,R30_60,45.0,0,0.0,77.0,1.0,1.0999999999999943,0.4000000000000026,0.7696969696969704,0.0,2.0
0A01,P2,2025-07-09 14:07:32+00:00,R30_60,50.0,0,0.0,79.0,1.0,3.4000000000000057,0.3454545454545453,0.29090909090909045,0.4,4.0
0A01,P2,2025-07-09 14:07:37+00:00,R30_60,55.0,0,0.0,81.0,1.0,3.9000000000000057,0.33333333333333215,-0.06666666666667043,0.9,6.0
0A01,P2,2025-07-09 14:07:52+00:00,R00_10,3.0,0,0.0,78.0,1.0,-1.8999999999999915,-0.43030303030302586,-0.26060606060605696,0.3,3.0
0A01,P2,2025-07-09 14:07:57+00:00,R00_10,8.0,0,0.0,74.0,1.0,-2.8000000000000114,-0.3575757575757589,-0.09696969696969832,0.0,-1.0
0A01,P2,2025-07-09 14:08:02+00:00,R10_20,13.0,0,0.0,75.0,1.0,-3.1000000000000085,-0.35151515151515056,0.0787878787878753,0.0,0.0
0C01,P2,2025-07-09 14:47:55+00:00,CONTROL_PRE,,0,0.0,64.0,1.0,-2.4000000000000057,-0.3939393939393947,-0.6666666666666687,0.0,-5.0
0C01,P2,2025-07-09 14:48:00+00:00,CONTROL_PRE,,0,0.0,63.0,1.0,-4.0,-0.19999999999999993,0.25454545454545063,0.0,-6.0
0C01,P2,2025-07-09 14:48:05+00:00,CONTROL_PRE,,0,0.0,62.0,1.0,-2.1999999999999957,0.0666666666666677,0.4606060606060624,0.0,-6.0
0C01,P2,2025-07-09 14:48:10+00:00,CONTROL_PRE,,0,0.0,64.0,1.0,-0.19999999999999574,0.006060606060606804,0.20606060606060672,0.0,-3.0
0C01,P2,2025-07-09 14:48:15+00:00,CONTROL_PRE,,0,0.0,64.0,1.0,0.6000000000000014,0.24848484848484914,0.18181818181818143,0.0,-3.0
0C01,P2,2025-07-09 14:48:20+00:00,CONTROL_PRE,,0,0.0,64.0,1.0,0.9999999999999929,0.06666666666667018,0.06060606060606337,0.0,-2.0
0C01,P2,2025-07-09 14:48:25+00:00,CONTROL_PRE,,0,0.0,64.0,1.0,0.5999999999999943,-0.01818181818181746,-0.2666666666666666,0.0,-2.0
0C01,P2,2025-07-09 14:48:30+00:00,CONTROL_PRE,,0,0.0,64.0,1.0,-0.09999999999999432,1.0274694277005705e-15,-0.06666666666666915,0.0,-1.0
0C01,P2,2025-07-09 14:48:35+00:00,CONTROL_PRE,,0,0.0,65.0,1.0,-0.09999999999999432,0.048484848484849186,0.06666666666666665,0.0,0.5
0C01,P2,2025-07-09 14:48:40+00:00,CONTROL_PRE,,0,0.0,64.0,1.0,-0.5,-0.03030303030302821,-0.030303030303029235,0.0,0.0
0C01,P2,2025-07-09 14:48:45+00:00,CONTROL_PRE,,0,0.0,65.0,1.0,-0.3999999999999986,0.2787878787878803,0.23030303030303112,0.0,1.0
0C01,P2,2025-07-09 14:48:50+00:00,CONTROL_PRE,,0,0.0,66.0,1.0,1.2000000000000028,0.20000000000000182,0.23030303030303,0.0,2.0
0C01,P2,2025-07-09 14:48:55+00:00,CONTROL_PRE,,0,0.0,67.0,1.0,2.3999999999999986,0.25454545454545663,-0.024242424242423677,0.0,2.0
0C01,P2,2025-07-09 14:49:00+00:00,CONTROL_PRE,,0,0.0,70.0,1.0,3.5999999999999943,0.4666666666666682,0.2666666666666664,0.5,5.0
0C01,P2,2025-07-09 14:49:05+00:00,CONTROL_PRE,,0,0.0,67.0,1.0,2.9000000000000057,-0.2969696969696962,-0.5515151515151528,0.6,2.0
0C01,P2,2025-07-09 14:49:10+00:00,CONTROL_PRE,,0,0.0,66.0,1.0,-1.0999999999999943,-0.32727272727272577,-0.793939393939394,0.1,1.0
0C01,P2,2025-07-09 14:49:15+00:00,CONTROL_PRE,,0,0.0,65.0,1.0,-2.8000000000000114,-0.1878787878787877,0.10909090909090852,0.0,-1.0
0C01,P2,2025-07-09 14:49:20+00:00,CONTROL_PRE,,0,0.0,68.0,1.0,-0.7999999999999972,0.19393939393939622,0.521212121212122,0.0,2.0
0C01,P2,2025-07-09 14:49:25+00:00,CONTROL_PRE,,0,0.0,68.0,1.0,1.0,0.12727272727272915,0.31515151515151685,0.0,2.0
0C01,P2,2025-07-09 14:49:30+00:00,CONTROL_PRE,,0,0.0,72.0,1.0,2.299999999999997,0.5757575757575737,0.3818181818181775,0.3,6.0
0C01,P2,2025-07-09 14:49:35+00:00,CONTROL_PRE,,0,0.0,70.0,1.0,3.5,0.16969696969696949,0.04242424242424034,0.8,4.0
0C01,P2,2025-07-09 14:49:40+00:00,CONTROL_PRE,,0,0.0,67.0,1.0,1.0,-0.5272727272727299,-1.1030303030303035,0.6,1.0
0C01,P2,2025-07-09 14:49:45+00:00,CONTROL_PRE,,0,0.0,67.0,1.0,-2.8999999999999915,-0.296969696969695,-0.46666666666666445,0.1,0.0
0C01,P2,2025-07-09 14:49:50+00:00,CONTROL_PRE,,0,0.0,69.0,1.0,-2.6000000000000085,0.0787878787878788,0.6060606060606086,0.0,2.0
0C01,P2,2025-07-09 14:49:55+00:00,CONTROL_PRE,,0,0.0,68.0,1.0,-0.29999999999999716,0.12121212121212378,0.41818181818181877,0.0,1.0
0C01,P2,2025-07-09 14:50:00+00:00,CONTROL_PRE,,0,0.0,71.0,1.0,1.4000000000000057,0.36969696969696764,0.29090909090908884,0.1,4.0
0C01,P2,2025-07-09 14:50:05+00:00,CONTROL_PRE,,0,0.0,69.0,1.0,3.0999999999999943,0.2969696969696993,0.17575757575757556,0.5,2.0
0C01,P2,2025-07-09 14:50:10+00:00,CONTROL_PRE,,0,0.0,65.0,1.0,-0.5,-1.236363636363636,-1.6060606060606037,0.4,-2.0
0C01,P2,2025-07-09 14:50:15+00:00,CONTROL_PRE,,0,0.0,65.0,1.0,-5.400000000000006,0.1636363636363639,-0.1333333333333354,0.0,-2.0
0C01,P2,2025-07-09 14:50:20+00:00,CONTROL_PRE,,0,0.0,63.0,1.0,-3.5,-0.44242424242424006,0.793939393939396,0.0,-4.0
0C01,P2,2025-07-09 14:50:25+00:00,CONTROL_PRE,,0,0.0,60.0,1.0,-2.999999999999993,-0.4303030303030284,-0.5939393939393923,0.0,-7.0
0C01,P2,2025-07-09 14:50:30+00:00,CONTROL_PRE,,0,0.0,63.0,1.0,-3.299999999999997,0.036363636363635994,0.47878787878787604,0.0,-3.0
0C01,P2,2025-07-09 14:50:35+00:00,CONTROL_PRE,,0,0.0,63.0,1.0,-0.10000000000000142,0.21818181818181895,0.6484848484848473,0.0,-3.0
0C01,P2,2025-07-09 14:50:40+00:00,CONTROL_PRE,,0,0.0,65.0,1.0,2.1999999999999957,0.30303030303030376,0.2666666666666678,0.0,-1.0
0C01,P2,2025-07-09 14:50:45+00:00,CONTROL_PRE,,0,0.0,65.0,1.0,2.5999999999999943,0.19393939393939538,-0.024242424242423566,0.0,-1.0
0C01,P2,2025-07-09 14:50:50+00:00,CONTROL_PRE,,0,0.0,64.0,1.0,1.1000000000000014,-0.151515151515153,-0.45454545454545675,0.0,-2.0
0C01,P2,2025-07-09 14:50:55+00:00,CONTROL_PRE,,0,0.0,62.0,1.0,-0.8999999999999915,-0.15151515151515063,-0.345454545454546,0.0,-4.0
0C01,P2,2025-07-09 14:51:00+00:00,CONTROL_PRE,,0,0.0,64.0,1.0,-1.6000000000000014,-0.16363636363636488,-0.012121212121211894,0.0,-2.0
0C01,P2,2025-07-09 14:51:05+00:00,CONTROL_PRE,,0,0.0,64.0,1.0,-0.8000000000000043,0.2000000000000003,0.3515151515151509,0.0,-2.0
0C01,P2,2025-07-09 14:51:10+00:00,CONTROL_PRE,,0,0.0,69.0,1.0,2.1999999999999957,0.6484848484848478,0.8121212121212127,0.0,3.0
0C01,P2,2025-07-09 14:51:15+00:00,CONTROL_PRE,,0,0.0,69.0,1.0,5.000000000000007,0.4666666666666665,0.2666666666666662,0.0,3.0
0C01,P2,2025-07-09 14:51:20+00:00,CONTROL_PRE,,0,0.0,66.0,1.0,3.3000000000000114,-0.2787878787878777,-0.9272727272727255,0.0,0.0
0C01,P2,2025-07-09 14:51:25+00:00,CONTROL_PRE,,0,0.0,71.0,1.0,0.19999999999998863,0.19999999999999998,-0.2666666666666665,0.2,5.0
0C01,P2,2025-07-09 14:51:30+00:00,CONTROL_PRE,,0,0.0,68.0,1.0,0.3999999999999915,0.2545454545454538,0.5333333333333314,0.5,2.0
0C01,P2,2025-07-09 14:51:35+00:00,CONTROL_PRE,,0,0.0,65.0,1.0,-0.5,-0.6545454545454491,-0.8545454545454491,0.3,-1.0
0C01,P2,2025-07-09 14:51:40+00:00,CONTROL_PRE,,0,0.0,65.0,1.0,-3.0,-0.15757575757575729,-0.4121212121212111,0.0,-1.0
0C01,P2,2025-07-09 14:51:45+00:00,CONTROL_PRE,,0,0.0,64.0,1.0,-2.8999999999999915,-0.27272727272727204,0.38181818181817706,0.0,-2.0
0C01,P2,2025-07-09 14:51:50+00:00,CONTROL_PRE,,0,0.0,65.0,1.0,-1.2000000000000028,0.2545454545454569,0.4121212121212142,0.0,-1.0
0C01,P2,2025-07-09 14:51:55+00:00,CONTROL_PRE,,0,0.0,68.0,1.0,1.0999999999999943,0.25454545454545396,0.527272727272726,0.0,2.0
0C01,P2,2025-07-09 14:52:00+00:00,CONTROL_PRE,,0,0.0,67.0,1.0,2.200000000000003,0.26666666666666816,0.012121212121211256,0.0,1.0
0C01,P2,2025-07-09 14:52:05+00:00,CONTROL_PRE,,0,0.0,62.0,1.0,-0.09999999999999432,-0.6727272727272714,-0.9272727272727254,0.0,-4.0
0C01,P2,2025-07-09 14:52:10+00:00,CONTROL_PRE,,0,0.0,60.0,1.0,-4.399999999999999,-0.666666666666666,-0.9333333333333341,0.0,-6.0
0C01,P2,2025-07-09 14:52:35+00:00,CONTROL_PRE,,0,0.0,63.0,1.0,1.5,0.07272727272727246,-0.20000000000000268,0.0,-2.0
0C01,P2,2025-07-09 14:52:50+00:00,CONTROL_PRE,,0,0.0,66.0,1.0,2.799999999999997,0.16363636363636438,-0.3151515151515173,0.1,1.0
0C01,P2,2025-07-09 14:52:55+00:00,CONTROL_PRE,,0,0.0,67.0,1.0,1.1000000000000085,-0.09696969696969823,-0.36969696969697297,0.1,1.0
0C01,P2,2025-07-09 14:53:00+00:00,CONTROL_PRE,,0,0.0,65.0,1.0,-0.5,-0.07272727272727286,-0.23636363636363725,0.0,-1.0
0C01,P2,2025-07-09 14:53:05+00:00,CONTROL_PRE,,0,0.0,63.0,1.0,-1.7999999999999972,-0.4242424242424226,-0.3272727272727244,0.0,-3.0
0C01,P2,2025-07-09 14:53:10+00:00,CONTROL_PRE,,0,0.0,64.0,1.0,-2.5,-0.1272727272727263,-0.054545454545453426,0.0,-1.0
0C01,P2,2025-07-09 14:53:15+00:00,CONTROL_PRE,,0,0.0,70.0,1.0,-0.5,0.5393939393939413,0.9636363636363638,0.1,5.0
0C01,P2,2025-07-09 14:53:20+00:00,CONTROL_PRE,,0,0.0,70.0,1.0,5.1000000000000085,1.0787878787878795,1.2060606060606058,0.6,5.0
0C01,P2,2025-07-09 14:53:25+00:00,CONTROL_PRE,,0,0.0,64.0,1.0,3.799999999999997,-1.266666666666667,-1.8060606060606084,0.5,-1.5
0C01,P2,2025-07-09 14:53:30+00:00,CONTROL_PRE,,0,0.0,65.0,1.0,-4.900000000000006,-0.22424242424242416,-1.3030303030303036,0.0,0.0
0C01,P2,2025-07-09 14:53:35+00:00,CONTROL_PRE,,0,0.0,67.0,1.0,-3.700000000000003,0.545454545454545,1.812121212121212,0.0,2.0
0C01,P2,2025-07-09 14:53:40+00:00,CONTROL_PRE,,1,5.0,68.0,1.0,2.6000000000000085,0.21212121212121376,0.43636363636363795,0.0,2.0
0C01,P2,2025-07-09 14:53:45+00:00,CONTROL_PRE,,1,5.0,67.0,1.0,2.5,-0.018181818181817747,-0.5636363636363627,0.0,1.0
0C01,P2,2025-07-09 14:53:50+00:00,CONTROL_PRE,,0,0.0,67.0,1.0,0.5,-0.09696969696969474,-0.3090909090909085,0.0,1.0
0C01,P2,2025-07-09 14:53:55+00:00,CONTROL_PRE,,0,0.0,66.0,1.0,-0.7999999999999972,-0.1393939393939395,-0.12121212121212174,0.0,0.0
0C01,P2,2025-07-09 14:54:00+00:00,CONTROL_PRE,,0,0.0,67.0,1.0,-1.5,-0.06666666666666561,0.030303030303029124,0.0,1.0
0D01,P2,2025-07-10 07:19:19+00:00,CONTROL_PRE,,0,0.0,113.0,1.0,3.799999999999997,0.5878787878787913,-0.08484848484848051,1.0,15.0
0D01,P2,2025-07-10 07:19:24+00:00,CONTROL_PRE,,0,0.0,114.0,1.0,4.300000000000011,0.30909090909091563,0.20000000000000945,1.0,12.5
0D01,P2,2025-07-10 07:19:29+00:00,CONTROL_PRE,,0,0.0,111.0,1.0,2.5999999999999943,-0.199999999999997,-0.7878787878787883,1.0,9.0
0D01,P2,2025-07-10 07:19:34+00:00,CONTROL_PRE,,0,0.0,106.0,1.0,-2.8000000000000114,-0.9757575757575762,-1.2848484848484918,0.8,1.5
0D01,P2,2025-07-10 07:19:49+00:00,CONTROL_PRE,,0,0.0,107.0,1.0,1.2000000000000028,-0.3151515151515088,-0.26666666666665784,0.3,0.0
0D01,P2,2025-07-10 07:19:54+00:00,CONTROL_PRE,,0,0.0,104.0,1.0,-1.8999999999999915,-0.527272727272724,-0.9151515151515157,0.0,-3.0
0D01,P2,2025-07-10 07:19:59+00:00,CONTROL_PRE,,0,0.0,101.0,1.0,-5.5,-0.745454545454542,-0.43030303030303324,0.0,-5.0
0D01,P2,2025-07-10 07:20:04+00:00,CONTROL_PRE,,0,0.0,106.0,1.0,-3.6000000000000085,0.6121212121212115,1.1393939393939356,0.0,0.0
0D01,P2,2025-07-10 07:20:09+00:00,CONTROL_PRE,,0,0.0,109.0,1.0,3.0,0.5636363636363683,1.3090909090909104,0.0,3.0
0D01,P2,2025-07-10 07:20:14+00:00,CONTROL_PRE,,0,0.0,107.0,1.0,4.300000000000011,-9.200988687864987e-16,-0.6121212121212124,0.0,1.0
0D01,P2,2025-07-10 07:20:19+00:00,CONTROL_PRE,,0,0.0,113.0,1.0,2.5,0.6181818181818164,0.054545454545448124,0.2,6.0
0D01,P2,2025-07-10 07:20:24+00:00,CONTROL_PRE,,0,0.0,111.0,1.0,3.8999999999999915,0.36969696969697013,0.3696969696969711,0.7,4.0
0D01,P2,2025-07-10 07:20:29+00:00,CONTROL_PRE,,0,0.0,111.0,1.0,2.799999999999997,-0.24242424242424215,-0.8606060606060586,1.0,4.0
0D01,P2,2025-07-10 07:20:34+00:00,CONTROL_PRE,,0,0.0,110.0,1.0,-0.8999999999999915,-0.21818181818181767,-0.5878787878787878,0.6,3.0
0D01,P2,2025-07-10 07:20:39+00:00,CONTROL_PRE,,0,0.0,111.0,1.0,-1.3999999999999915,0.12121212121212278,0.3636363636363649,0.1,3.0
0D01,P2,2025-07-10 07:20:44+00:00,CONTROL_PRE,,0,0.0,112.0,1.0,0.29999999999999716,0.10303030303030541,0.32121212121212306,0.1,4.0
0D01,P2,2025-07-10 07:20:49+00:00,CONTROL_PRE,,0,0.0,112.0,1.0,1.8999999999999915,0.3696969696969769,0.24848484848485414,0.6,4.0
0D01,P2,2025-07-10 07:20:59+00:00,CONTROL_PRE,,0,0.0,113.0,1.0,-0.5,0.25454545454545663,-0.11515151515152028,0.3,4.0
0D01,P2,2025-07-10 07:21:19+00:00,CONTROL_PRE,,0,0.0,109.0,1.0,-2.799999999999997,0.5212121212121238,1.4545454545454573,0.0,1.0
0D01,P2,2025-07-10 07:21:24+00:00,CONTROL_PRE,,0,0.0,107.0,1.0,2.1000000000000085,0.1757575757575758,0.44242424242424305,0.0,-1.0
0D01,P2,2025-07-10 07:21:29+00:00,CONTROL_PRE,,0,0.0,107.0,1.0,1.2999999999999972,-0.2969696969696934,-0.8181818181818172,0.0,-1.0
0D01,P2,2025-07-10 07:21:34+00:00,CONTROL_PRE,,0,0.0,107.0,1.0,-1.2000000000000028,0.05454545454545968,-0.12121212121211614,0.0,-1.0
0D01,P2,2025-07-10 07:21:39+00:00,CONTROL_PRE,,0,0.0,111.0,1.0,1.4000000000000057,0.6848484848484863,0.9818181818181797,0.2,3.0
0D01,P2,2025-07-10 07:21:49+00:00,CONTROL_PRE,,0,0.0,103.0,1.0,-3.200000000000003,-0.745454545454541,-1.4303030303030273,0.0,-5.0
0D01,P2,2025-07-10 07:21:54+00:00,CONTROL_PRE,,0,0.0,103.0,1.0,-5.599999999999994,-0.0909090909090896,0.4727272727272739,0.0,-5.0
0D01,P2,2025-07-10 07:21:59+00:00,CONTROL_PRE,,0,0.0,99.0,1.0,-3.799999999999997,-0.6121212121212133,0.13333333333332775,0.0,-9.0
0D01,P2,2025-07-10 07:22:04+00:00,CONTROL_PRE,,0,0.0,98.0,1.0,-4.299999999999997,-0.3757575757575704,-0.2848484848484808,0.0,-9.5
0D01,P2,2025-07-10 07:22:09+00:00,CONTROL_PRE,,0,0.0,103.0,1.0,-2.3000000000000114,0.42424242424242137,1.0363636363636346,0.0,-4.0
0D01,P2,2025-07-10 07:22:14+00:00,CONTROL_PRE,,0,0.0,106.0,1.0,3.5,0.9151515151515134,1.290909090909084,0.0,-1.0
0D01,P2,2025-07-10 07:22:19+00:00,CONTROL_PRE,,0,0.0,105.0,1.0,5.800000000000011,0.06060606060606435,-0.36363636363635704,0.0,-2.0
0D01,P2,2025-07-10 07:22:24+00:00,CONTROL_PRE,,0,0.0,105.0,1.0,2.0999999999999943,-0.2060606060605977,-1.1212121212121111,0.0,-2.0
0D01,P2,2025-07-10 07:22:34+00:00,CONTROL_PRE,,0,0.0,109.0,1.0,-0.09999999999999432,0.43030303030303174,0.6363636363636295,0.0,2.0
0D01,P2,2025-07-10 07:22:39+00:00,CONTROL_PRE,,0,0.0,109.0,1.0,3.799999999999997,0.7878787878787893,0.812121212121213,0.2,2.0
0D01,P2,2025-07-10 07:22:49+00:00,CONTROL_PRE,,0,0.0,102.0,1.0,-2.5999999999999943,-0.5575757575757541,-1.3454545454545435,0.0,-5.0
0D01,P2,2025-07-10 07:22:54+00:00,CONTROL_PRE,,0,0.0,103.0,1.0,-5.1000000000000085,-0.36969696969697097,0.27272727272726704,0.0,-4.0
0D01,P2,2025-07-10 07:22:59+00:00,CONTROL_PRE,,0,0.0,104.0,1.0,-2.200000000000003,0.2787878787878809,0.836363636363635,0.0,-3.0
0D01,P2,2025-07-10 07:23:09+00:00,CONTROL_PRE,,0,0.0,100.0,1.0,-3.5,-0.11515151515151847,-0.39393939393939936,0.0,-6.0
0D01,P2,2025-07-10 07:23:14+00:00,CONTROL_PRE,,0,0.0,101.0,1.0,-2.200000000000003,0.13939393939394243,0.9333333333333377,0.0,-5.0
0D01,P2,2025-07-10 07:23:19+00:00,CONTROL_PRE,,0,0.0,103.0,1.0,1.5999999999999943,0.515151515151517,0.6303030303030355,0.0,-3.0
0D01,P2,2025-07-10 07:23:24+00:00,CONTROL_PRE,,0,0.0,99.0,1.0,2.299999999999997,-0.33939393939393664,-0.4787878787878791,0.0,-7.0
0D01,P2,2025-07-10 07:23:29+00:00,CONTROL_PRE,,0,0.0,104.0,1.0,0.0,0.030303030303030217,-0.4848484848484868,0.0,-2.0
0D01,P2,2025-07-10 07:23:34+00:00,CONTROL_PRE,,0,0.0,105.0,1.0,1.2000000000000028,0.6666666666666693,1.0060606060606059,0.0,-1.0
0D01,P2,2025-07-10 07:23:44+00:00,CONTROL_PRE,,0,0.0,107.0,1.0,3.799999999999997,0.3151515151515138,-0.3515151515151555,0.0,1.0
0D01,P2,2025-07-10 07:23:49+00:00,CONTROL_PRE,,0,0.0,107.0,1.0,1.4000000000000057,-0.24242424242423857,-0.5212121212121155,0.0,1.0
0D01,P2,2025-07-10 07:23:54+00:00,CONTROL_PRE,,0,0.0,105.0,1.0,-0.7000000000000028,-0.00606060606060598,-0.3212121212121198,0.0,-1.0
0D01,P2,2025-07-10 07:24:04+00:00,CONTROL_PRE,,0,0.0,105.0,1.0,0.4000000000000057,-0.006060606060600173,5.806986835832362e-15,0.0,-1.0
0D01,P2,2025-07-10 07:24:24+00:00,CONTROL_PRE,,0,0.0,108.0,1.0,1.3999999999999915,0.21212121212121193,0.0727272727272757,0.0,2.0
0D01,P2,2025-07-10 07:24:29+00:00,CONTROL_PRE,,0,0.0,107.0,1.0,1.6999999999999886,0.20000000000000343,0.15151515151514977,0.0,1.0
0D01,P2,2025-07-10 07:24:34+00:00,CONTROL_PRE,,0,0.0,107.0,1.0,0.8000000000000114,-0.2242424242424258,-0.43636363636363773,0.0,1.0
0D01,P2,2025-07-10 07:24:39+00:00,CONTROL_PRE,,0,0.0,103.0,1.0,-1.3999999999999915,-0.24848484848484106,-0.4484848484848445,0.0,-3.0
0D01,P2,2025-07-10 07:24:44+00:00,CONTROL_PRE,,0,0.0,104.0,1.0,-2.6000000000000085,-0.35757575757575494,-0.13333333333332914,0.0,-2.0
0D01,P2,2025-07-10 07:24:49+00:00,CONTROL_PRE,,0,0.0,103.0,1.0,-2.200000000000003,0.030303030303028645,0.2787878787878697,0.0,-3.0
0D01,P2,2025-07-10 07:24:54+00:00,CONTROL_PRE,,0,0.0,102.0,1.0,-2.0999999999999943,-0.46060606060606285,-0.10303030303030791,0.0,-4.0
0D01,P1,2025-07-10 07:34:25+00:00,CONTROL_PRE,,1,5.0,91.0,1.0,0.9000000000000057,-0.4181818181818192,-0.842424242424245,0.7,1.5
0D01,P1,2025-07-10 07:34:35+00:00,CONTROL_PRE,,0,0.0,91.0,1.0,-2.0999999999999943,0.06060606060606734,0.47878787878788653,0.0,0.0
0D01,P1,2025-07-10 07:34:40+00:00,CONTROL_PRE,,0,0.0,86.0,1.0,-1.7000000000000028,-0.6363636363636337,-0.39393939393939176,0.0,-5.0
0D01,P1,2025-07-10 07:34:45+00:00,CONTROL_PRE,,0,0.0,92.0,1.0,-2.9000000000000057,0.00606060606060774,-0.0545454545454596,0.0,2.0
0D01,P1,2025-07-10 07:34:50+00:00,CONTROL_PRE,,0,0.0,84.0,1.0,-1.6999999999999886,-0.1090909090909067,0.527272727272727,0.0,-6.0
0D01,P1,2025-07-10 07:35:00+00:00,CONTROL_PRE,,0,0.0,91.0,1.0,-4.1000000000000085,1.0121212121212142,1.1212121212121209,0.0,2.0
0D01,P1,2025-07-10 07:35:05+00:00,CONTROL_PRE,,0,0.0,89.0,1.0,3.1000000000000085,0.6181818181818222,1.9212121212121225,0.0,-0.5
0D01,P1,2025-07-10 07:35:20+00:00,CONTROL_PRE,,0,0.0,95.0,1.0,2.1000000000000085,0.4242424242424243,0.2969696969696913,0.2,5.0
0D01,P1,2025-07-10 07:35:25+00:00,CONTROL_PRE,,0,0.0,93.0,1.0,2.5999999999999943,0.127272727272727,-0.024242424242425592,0.5,2.5
0D01,P1,2025-07-10 07:35:45+00:00,CONTROL_PRE,,0,0.0,95.0,1.0,0.20000000000000284,-0.07272727272727099,-0.16969696969697093,0.8,4.0
0D01,P1,2025-07-10 07:35:50+00:00,CONTROL_PRE,,0,0.0,94.0,1.0,-0.09999999999999432,0.02424242424242482,0.030303030303030033,0.8,3.0
0D01,P1,2025-07-10 07:36:00+00:00,CONTROL_PRE,,0,0.0,90.0,1.0,-2.5999999999999943,-0.42424242424242314,-0.448484848484848,0.0,-1.0
0D01,P1,2025-07-10 07:36:20+00:00,CONTROL_PRE,,0,0.0,89.0,1.0,1.2999999999999972,-0.6909090909090883,-0.9878787878787867,0.0,-2.0
0D01,P1,2025-07-10 07:36:25+00:00,CONTROL_PRE,,0,0.0,88.0,1.0,-2.6000000000000085,-0.20606060606060508,-0.63030303030303,0.0,-3.0
0D01,P1,2025-07-10 07:36:30+00:00,CONTROL_PRE,,0,0.0,89.0,1.0,-3.299999999999997,-0.2969696969696955,0.39393939393939276,0.0,-2.0
0D01,P1,2025-07-10 07:36:35+00:00,CONTROL_PRE,,0,0.0,91.0,1.0,-0.5999999999999943,0.666666666666668,0.872727272727273,0.0,0.0
0D01,P1,2025-07-10 07:36:40+00:00,CONTROL_PRE,,0,0.0,91.0,1.0,2.299999999999997,7.202362763434403e-16,0.2969696969696962,0.0,0.0
0D01,P1,2025-07-10 07:36:55+00:00,CONTROL_PRE,,0,0.0,90.0,1.0,1.8999999999999915,-0.6484848484848469,-1.3272727272727254,0.6,-1.0
0D01,P1,2025-07-10 07:37:00+00:00,CONTROL_PRE,,0,0.0,89.0,1.0,-4.299999999999997,-0.7939393939393937,-1.0969696969696996,0.1,-2.0
0D01,P1,2025-07-10 07:37:05+00:00,CONTROL_PRE,,0,0.0,91.0,1.0,-4.8999999999999915,0.3151515151515141,0.963636363636361,0.0,0.0
0D01,P1,2025-07-10 07:37:30+00:00,CONTROL_PRE,,0,0.0,87.0,1.0,-5.299999999999997,-0.206060606060605,0.2727272727272741,0.0,-4.0
0D01,P1,2025-07-10 07:37:35+00:00,CONTROL_PRE,,0,0.0,88.0,1.0,-2.3999999999999915,0.09696969696969683,0.8121212121212117,0.0,-3.0
0D01,P1,2025-07-10 07:37:45+00:00,CONTROL_PRE,,0,0.0,87.0,1.0,3.799999999999997,-0.46060606060606135,-0.5575757575757582,0.0,-4.0
0D01,P1,2025-07-10 07:37:50+00:00,CONTROL_PRE,,0,0.0,87.0,1.0,-1.7000000000000028,-0.6606060606060603,-1.5090909090909101,0.0,-4.0
0D01,P1,2025-07-10 07:38:00+00:00,CONTROL_PRE,,0,0.0,91.0,1.0,1.3000000000000114,0.278787878787881,0.9393939393939413,0.0,0.0
0D01,P1,2025-07-10 07:38:05+00:00,CONTROL_PRE,,0,0.0,89.0,1.0,2.3000000000000114,0.01818181818182,-0.40606060606060446,0.0,-2.0
0D01,P1,2025-07-10 07:38:20+00:00,CONTROL_PRE,,0,0.0,93.0,1.0,0.5,-0.12121212121211994,-0.2484848484848501,0.0,2.0
0D01,P1,2025-07-10 07:38:25+00:00,CONTROL_PRE,,0,0.0,92.0,1.0,1.0999999999999943,0.6424242424242431,0.46666666666666407,0.0,1.0
0D01,P1,2025-07-10 07:38:30+00:00,CONTROL_PRE,,0,0.0,86.0,1.0,0.0,-1.0909090909090877,-0.9696969696969677,0.0,-5.0
0D01,P1,2025-07-10 07:38:35+00:00,CONTROL_PRE,,0,0.0,86.0,1.0,-4.699999999999989,-0.3090909090909078,-0.951515151515151,0.0,-5.0
0D01,P1,2025-07-10 07:38:40+00:00,CONTROL_PRE,,0,0.0,91.0,1.0,-2.4000000000000057,0.5696969696969747,1.6606060606060624,0.0,0.0
0D01,P1,2025-07-10 07:38:50+00:00,CONTROL_PRE,,0,0.0,97.0,1.0,7.700000000000003,0.6242424242424212,0.05454545454544646,0.8,6.0
0D01,P1,2025-07-10 07:39:05+00:00,R00_10,4.0,0,0.0,96.0,1.0,-2.799999999999997,0.3696969696969695,0.8484848484848496,0.2,5.0
0D01,P1,2025-07-10 07:39:10+00:00,R00_10,9.0,0,0.0,96.0,1.0,1.3999999999999915,0.3696969696969742,0.8848484848484899,0.7,5.0
0D01,P1,2025-07-10 07:39:15+00:00,R10_20,14.0,0,0.0,98.0,1.0,3.299999999999997,0.24242424242424188,-0.12727272727272765,1.0,7.0
0D01,P1,2025-07-10 07:39:20+00:00,R10_20,19.0,0,0.0,97.0,1.0,2.1000000000000085,0.0363636363636388,-0.33333333333333537,1.0,6.0
0D01,P1,2025-07-10 07:39:25+00:00,R20_30,24.0,0,0.0,96.0,1.0,0.0,-0.20606060606060322,-0.4484848484848451,1.0,5.0
0D01,P1,2025-07-10 07:39:30+00:00,R20_30,29.0,0,0.0,99.0,1.0,0.29999999999999716,0.5151515151515161,0.4787878787878773,1.0,8.0
0D01,P1,2025-07-10 07:39:35+00:00,R30_60,34.0,0,0.0,100.0,1.0,2.3000000000000114,0.06666666666666629,0.2727272727272695,1.0,9.0
0A02,P1,2025-07-10 08:21:56+00:00,CONTROL_PRE,,0,0.0,61.0,1.0,1.3999999999999915,-1.0727272727272723,-1.2121212121212142,0.7,2.0
0A02,P1,2025-07-10 08:23:26+00:00,CONTROL_PRE,,0,0.0,59.0,1.0,1.8999999999999986,-7.209489410672719e-16,-0.29696969696970044,0.0,0.0
0A02,P1,2025-07-10 08:26:06+00:00,CONTROL_PRE,,0,0.0,60.0,1.0,-4.5,-0.5515151515151514,-0.5757575757575765,0.2,1.0
0A02,P2,2025-07-10 08:48:12+00:00,CONTROL_PRE,,0,0.0,55.0,1.0,-4.700000000000003,0.14545454545454586,0.3454545454545428,0.0,-1.0
0A02,P2,2025-07-10 08:48:17+00:00,CONTROL_PRE,,0,0.0,57.0,1.0,-0.7999999999999972,0.22424242424242788,1.0909090909090944,0.0,1.0
0A02,P2,2025-07-10 08:48:42+00:00,CONTROL_PRE,,0,0.0,54.0,1.0,-1.2999999999999972,0.006060606060605448,0.33333333333333176,0.0,-2.0
0A02,P2,2025-07-10 08:49:12+00:00,CONTROL_PRE,,0,0.0,59.0,1.0,1.7999999999999972,0.7030303030303021,0.8969696969696958,0.0,3.0
0A02,P2,2025-07-10 08:49:17+00:00,CONTROL_PRE,,0,0.0,56.0,1.0,4.5,0.3696969696969709,0.22424242424242494,0.0,0.0
0B02,P1,2025-07-10 10:22:41+00:00,CONTROL_PRE,,0,0.0,85.0,1.0,5.0,0.3575757575757597,0.16969696969697182,0.9,6.0
0B02,P1,2025-07-10 10:23:21+00:00,CONTROL_PRE,,0,0.0,81.0,1.0,-1.0,0.4363636363636362,0.7393939393939407,0.0,0.0
0B02,P1,2025-07-10 10:23:26+00:00,CONTROL_PRE,,0,0.0,75.0,1.0,-0.8999999999999915,-0.9575757575757549,-0.5393939393939386,0.0,-5.0
0B02,P1,2025-07-10 10:27:41+00:00,CONTROL_PRE,,0,0.0,75.0,1.0,-0.20000000000000284,-0.38787878787878693,-0.8848484848484854,0.0,0.0
0B02,P2,2025-07-10 10:39:09+00:00,CONTROL_PRE,,1,1.0,69.0,1.0,-9.400000000000006,-1.0242424242424228,-0.618181818181814,0.1,-6.0
0B02,P2,2025-07-10 10:39:14+00:00,CONTROL_PRE,,1,1.0,71.0,1.0,-7.699999999999989,0.16363636363636438,1.1696969696969655,0.0,-4.0
0B02,P2,2025-07-10 10:39:29+00:00,CONTROL_PRE,,0,0.0,76.0,1.0,3.799999999999997,0.25454545454545446,-0.3272727272727319,0.0,2.0
0B02,P2,2025-07-10 10:39:34+00:00,CONTROL_PRE,,0,0.0,77.0,1.0,2.9000000000000057,0.42424242424242253,0.030303030303027556,0.0,2.0
0B02,P2,2025-07-10 10:40:34+00:00,CONTROL_PRE,,0,0.0,77.0,1.0,1.9000000000000057,-0.14545454545454453,-0.1515151515151519,0.0,3.0
0B02,P2,2025-07-10 10:40:39+00:00,CONTROL_PRE,,0,0.0,76.0,1.0,0.5,0.1757575757575801,-0.21212121212120716,0.0,2.0
0B02,P2,2025-07-10 10:42:29+00:00,CONTROL_PRE,,1,1.0,73.0,1.0,1.3000000000000114,-0.4969696969696987,-0.648484848484852,0.3,-1.0
0B02,P2,2025-07-10 10:42:34+00:00,CONTROL_PRE,,0,0.0,74.0,1.0,-2.200000000000003,-0.19999999999999948,-0.7393939393939402,0.0,0.0
0C03,P2,2025-07-11 07:49:27+00:00,R00_10,0.0,0,0.0,75.0,1.0,9.800000000000011,-0.27878787878787775,-1.5272727272727271,1.0,9.0
0C03,P2,2025-07-11 07:49:32+00:00,R00_10,5.0,0,0.0,72.0,1.0,-0.9000000000000057,-1.2,-2.478787878787879,1.0,5.0
0C03,P2,2025-07-11 07:49:37+00:00,R00_10,10.0,0,0.0,71.0,1.0,-7.800000000000011,-0.31515151515151424,-0.03636363636363649,0.7,3.0
0C03,P2,2025-07-11 07:49:42+00:00,R10_20,15.0,0,0.0,72.0,1.0,-4.5,0.06666666666666954,1.2666666666666695,0.4,4.0
0C03,P2,2025-07-11 07:49:52+00:00,R20_30,25.0,0,0.0,74.0,1.0,1.6000000000000085,0.2606060606060617,0.19393939393939214,0.8,3.5
0C03,P2,2025-07-11 07:49:57+00:00,R20_30,30.0,0,0.0,75.0,1.0,2.0999999999999943,0.19393939393939366,0.090909090909091,0.4,4.0
0C03,P2,2025-07-11 07:50:02+00:00,R30_60,35.0,0,0.0,73.0,1.0,2.0,0.09090909090909023,-0.16969696969697146,0.5,2.0
0C03,P2,2025-07-11 07:50:07+00:00,R30_60,40.0,0,0.0,70.0,1.0,-1.2000000000000028,-0.896969696969696,-1.0909090909090897,0.4,-1.0
0C03,P2,2025-07-11 07:50:12+00:00,R30_60,45.0,0,0.0,68.0,1.0,-5.6000000000000085,-0.2969696969696961,-0.3878787878787863,0.0,-3.0
0C03,P2,2025-07-11 07:50:17+00:00,R30_60,50.0,0,0.0,68.0,1.0,-4.699999999999989,-0.054545454545452766,0.8424242424242432,0.0,-2.0
0C03,P2,2025-07-11 07:50:22+00:00,R30_60,55.0,0,0.0,79.0,1.0,1.6000000000000085,1.2787878787878766,1.5757575757575726,0.3,8.5
0C03,P2,2025-07-11 07:50:27+00:00,R30_60,60.0,0,0.0,85.0,1.0,10.099999999999994,1.7212121212121223,1.775757575757575,0.8,14.0
0C03,P2,2025-07-11 07:50:42+00:00,CONTROL_GT60,75.0,0,0.0,71.0,1.0,-8.700000000000003,-0.3212121212121224,0.054545454545451566,0.1,-1.0
0C03,P2,2025-07-11 07:50:47+00:00,CONTROL_GT60,80.0,0,0.0,70.0,1.0,-6.200000000000003,-0.3757575757575754,1.0787878787878777,0.0,-1.0
0C03,P2,2025-07-11 07:50:52+00:00,CONTROL_GT60,85.0,0,0.0,74.0,1.0,-1.7000000000000028,0.569696969696971,0.8909090909090934,0.0,3.0
0C03,P2,2025-07-11 07:50:57+00:00,CONTROL_GT60,90.0,0,0.0,74.0,1.0,2.700000000000003,0.4666666666666666,0.8424242424242421,0.1,2.0
0C03,P2,2025-07-11 07:51:02+00:00,CONTROL_GT60,95.0,0,0.0,75.0,1.0,3.5999999999999943,0.036363636363637666,-0.5333333333333333,0.1,3.0
0C03,P2,2025-07-11 07:51:07+00:00,CONTROL_GT60,100.0,0,0.0,70.0,1.0,-0.29999999999999716,-0.48484848484848386,-0.9515151515151505,0.0,-2.0
0C03,P2,2025-07-11 07:51:12+00:00,CONTROL_GT60,105.0,0,0.0,70.0,1.0,-3.799999999999997,-0.3878787878787861,-0.42424242424242375,0.0,-2.0
0C03,P2,2025-07-11 07:51:27+00:00,R00_10,3.0,0,0.0,76.0,1.0,4.200000000000003,0.5212121212121225,0.27878787878787953,0.6,4.0
0C03,P2,2025-07-11 07:51:32+00:00,R00_10,8.0,1,3.0,71.0,1.0,1.7000000000000028,-0.6666666666666671,-1.1454545454545482,0.5,-1.0
0C03,P2,2025-07-11 07:51:42+00:00,R10_20,18.0,0,0.0,70.0,1.0,-3.6000000000000085,-0.24242424242424046,0.42424242424242664,0.0,-2.0
0C03,P2,2025-07-11 07:51:47+00:00,R20_30,23.0,0,0.0,77.0,1.0,0.20000000000000284,0.7757575757575769,1.1393939393939438,0.1,5.0
0C03,P2,2025-07-11 07:52:17+00:00,R30_60,53.0,0,0.0,75.0,1.0,-6.200000000000003,0.5030303030303016,1.0060606060606037,0.0,3.0
0C03,P2,2025-07-11 07:52:22+00:00,R30_60,58.0,0,0.0,76.0,1.0,2.700000000000003,0.963636363636365,2.1515151515151505,0.5,4.0
0C03,P2,2025-07-11 07:52:37+00:00,CONTROL_GT60,73.0,0,0.0,71.0,1.0,-2.5,-0.9515151515151496,-0.5636363636363653,0.6,-1.0
0C03,P2,2025-07-11 07:52:42+00:00,CONTROL_GT60,78.0,0,0.0,76.0,1.0,-3.5,0.29090909090909317,0.11515151515151528,0.4,4.0
0C03,P2,2025-07-11 07:52:57+00:00,CONTROL_GT60,93.0,0,0.0,78.0,1.0,2.9000000000000057,-0.15151515151514855,-0.6121212121212096,1.0,5.0
0C03,P2,2025-07-11 07:53:02+00:00,CONTROL_GT60,98.0,0,0.0,78.0,1.0,0.0,0.030303030303030946,-0.43636363636363323,1.0,5.0
0C03,P2,2025-07-11 07:53:12+00:00,CONTROL_GT60,108.0,0,0.0,75.0,1.0,-2.6000000000000085,-0.23636363636363628,-0.2666666666666672,0.1,2.0
0C03,P2,2025-07-11 07:53:17+00:00,CONTROL_GT60,113.0,0,0.0,75.0,1.0,-1.7000000000000028,0.08484848484848573,0.5030303030303,0.0,2.0
0C03,P2,2025-07-11 07:53:22+00:00,CONTROL_GT60,118.0,0,0.0,74.0,1.0,-0.20000000000000284,-0.2121212121212128,0.024242424242423483,0.0,0.0
0C03,P2,2025-07-11 07:53:42+00:00,CONTROL_GT60,138.0,1,5.0,71.0,1.0,-3.8999999999999915,-0.5696969696969659,-0.9151515151515128,0.0,-3.0
0C03,P2,2025-07-11 07:53:47+00:00,CONTROL_GT60,143.0,1,1.0,73.0,1.0,-4.299999999999997,0.024242424242427986,0.5999999999999986,0.0,-1.0
0C03,P1,2025-07-11 08:06:03+00:00,CONTROL_PRE,,0,0.0,75.0,1.0,7.400000000000006,0.9454545454545465,0.8848484848484831,0.8,8.0
0C03,P1,2025-07-11 08:06:08+00:00,CONTROL_PRE,,0,0.0,75.0,1.0,6.099999999999994,-0.28484848484848474,-1.3757575757575753,1.0,8.0
0C03,P1,2025-07-11 08:06:13+00:00,CONTROL_PRE,,0,0.0,76.0,1.0,1.5,0.33333333333333215,-0.6121212121212144,1.0,8.0
0C03,P1,2025-07-11 08:06:18+00:00,CONTROL_PRE,,0,0.0,72.0,1.0,-1.0,-0.7575757575757559,-0.47272727272727116,0.8,4.0
0C03,P1,2025-07-11 08:06:38+00:00,CONTROL_PRE,,0,0.0,71.0,1.0,-1.4000000000000057,-0.545454545454543,-0.6545454545454555,0.2,0.5
0C03,P1,2025-07-11 08:06:43+00:00,CONTROL_PRE,,0,0.0,74.0,1.0,-1.5999999999999943,0.45454545454545603,0.5818181818181829,0.0,3.0
0C03,P1,2025-07-11 08:07:03+00:00,CONTROL_PRE,,0,0.0,79.0,1.0,3.0,0.3696969696969714,0.42424242424242486,1.0,7.0
0C03,P1,2025-07-11 08:07:23+00:00,CONTROL_PRE,,0,0.0,80.0,1.0,1.1000000000000085,-0.09696969696969834,-0.6727272727272774,1.0,7.0
0C03,P1,2025-07-11 08:07:28+00:00,CONTROL_PRE,,0,0.0,77.0,1.0,-2.0999999999999943,-0.6000000000000026,-0.6727272727272763,1.0,4.0
0C03,P1,2025-07-11 08:07:33+00:00,CONTROL_PRE,,0,0.0,77.0,1.0,-3.799999999999997,-0.24242424242424124,-0.1454545454545429,0.6,3.0
0C03,P1,2025-07-11 08:07:48+00:00,CONTROL_PRE,,0,0.0,76.0,1.0,-0.5,-0.4121212121212083,-0.503030303030298,0.3,2.0
0C03,P1,2025-07-11 08:07:53+00:00,CONTROL_PRE,,0,0.0,75.0,1.0,-2.1999999999999886,-0.02424242424242502,-0.024242424242425176,0.0,1.0
0C03,P1,2025-07-11 08:08:58+00:00,CONTROL_PRE,,0,0.0,81.0,1.0,-0.7000000000000028,-0.21212121212121066,-0.2606060606060615,0.8,5.0
0C03,P1,2025-07-11 08:09:03+00:00,CONTROL_PRE,,0,0.0,85.0,1.0,0.20000000000000284,0.7575757575757575,0.7757575757575699,0.8,9.0
0C03,P1,2025-07-11 08:09:28+00:00,CONTROL_PRE,,0,0.0,69.0,1.0,-6.099999999999994,-0.3454545454545426,0.6848484848484877,0.0,-7.0
0C03,P1,2025-07-11 08:09:38+00:00,CONTROL_PRE,,0,0.0,67.0,1.0,-1.0,-0.3939393939393908,-0.048484848484848186,0.0,-9.0
0C03,P1,2025-07-11 08:09:43+00:00,CONTROL_PRE,,0,0.0,68.0,1.0,-2.299999999999997,-0.07272727272727492,-0.30909090909091014,0.0,-8.0
0C03,P1,2025-07-11 08:09:53+00:00,CONTROL_PRE,,0,0.0,75.0,1.0,8.299999999999997,0.4787878787878781,0.5515151515151531,0.0,-1.0
0C03,P1,2025-07-11 08:09:58+00:00,CONTROL_PRE,,0,0.0,73.0,1.0,4.5,-0.593939393939392,-1.933333333333333,0.0,-2.0
0C03,P1,2025-07-11 08:10:13+00:00,CONTROL_PRE,,1,3.0,73.0,1.0,2.1000000000000085,-0.1696969696969688,-0.4545454545454576,0.0,-2.0
0A04,P1,2025-07-11 12:23:02+00:00,CONTROL_PRE,,0,0.0,70.0,1.0,1.2999999999999972,-0.15151515151514874,-0.45454545454545203,1.0,8.0
0A04,P1,2025-07-11 12:23:07+00:00,CONTROL_PRE,,0,0.0,66.0,1.0,-2.3000000000000114,-0.8424242424242416,-0.9878787878787865,0.9,2.0
0A04,P1,2025-07-11 12:23:12+00:00,CONTROL_PRE,,0,0.0,66.0,1.0,-5.5,-0.4242424242424224,-0.2727272727272737,0.4,0.5
0A04,P1,2025-07-11 12:23:52+00:00,CONTROL_PRE,,0,0.0,66.0,1.0,1.500000000000007,0.3454545454545436,0.672727272727272,0.0,0.0
0A04,P1,2025-07-11 12:24:42+00:00,CONTROL_PRE,,0,0.0,57.0,1.0,2.3999999999999986,-0.3393939393939375,-0.4484848484848479,0.0,-8.0
0A04,P1,2025-07-11 12:24:47+00:00,CONTROL_PRE,,0,0.0,58.0,1.0,-1.1000000000000014,-0.4242424242424252,-0.9636363636363668,0.0,-7.0
0A04,P1,2025-07-11 12:25:27+00:00,CONTROL_PRE,,0,0.0,61.0,1.0,1.6000000000000014,0.054545454545452496,-0.20606060606060694,0.0,-1.0
0A04,P1,2025-07-11 12:25:32+00:00,CONTROL_PRE,,0,0.0,60.0,1.0,0.6999999999999957,0.0181818181818224,-0.1272727272727239,0.0,-2.0
0A04,P1,2025-07-11 12:25:37+00:00,CONTROL_PRE,,0,0.0,58.0,1.0,-0.3999999999999986,-0.3212121212121216,-0.3757575757575741,0.0,-3.0
0A04,P1,2025-07-11 12:25:42+00:00,CONTROL_PRE,,0,0.0,59.0,1.0,-1.1999999999999957,-0.006060606060602959,-0.02424242424242536,0.0,-2.0
0A04,P1,2025-07-11 12:25:47+00:00,CONTROL_PRE,,0,0.0,59.0,1.0,-0.6000000000000014,0.0060606060606082385,0.3272727272727299,0.0,-2.0
0A04,P1,2025-07-11 12:25:52+00:00,CONTROL_PRE,,0,0.0,59.0,1.0,-0.10000000000000142,-7.209489410672719e-16,0.006060606060602238,0.0,-2.0
0A04,P1,2025-07-11 12:26:22+00:00,CONTROL_PRE,,0,0.0,58.0,1.0,1.6999999999999957,0.4424242424242411,0.587878787878785,0.0,-2.0
0A04,P1,2025-07-11 12:27:37+00:00,CONTROL_PRE,,0,0.0,57.0,1.0,-2.200000000000003,-0.1515151515151498,0.1454545454545452,0.0,-2.0
0A04,P1,2025-07-11 12:27:42+00:00,CONTROL_PRE,,0,0.0,58.0,1.0,-1.1000000000000014,0.14545454545454387,0.34545454545454457,0.0,-1.0
0A04,P1,2025-07-11 12:27:47+00:00,CONTROL_PRE,,0,0.0,59.0,1.0,1.1000000000000014,0.27878787878787925,0.4303030303030291,0.0,0.0
0A04,P1,2025-07-11 12:27:52+00:00,CONTROL_PRE,,0,0.0,59.0,1.0,1.8000000000000043,-0.04848484848485092,-0.1939393939393948,0.0,0.0
0A04,P1,2025-07-11 12:27:57+00:00,CONTROL_PRE,,0,0.0,57.0,1.0,-0.6000000000000014,-0.31515151515151585,-0.5939393939393951,0.0,-2.0
0A04,P1,2025-07-11 12:28:47+00:00,CONTROL_PRE,,0,0.0,56.0,1.0,-2.0999999999999943,-0.09696969696969783,0.17575757575757606,0.0,-3.0
0A04,P1,2025-07-11 12:28:52+00:00,CONTROL_PRE,,0,0.0,58.0,1.0,-0.29999999999999716,0.24848484848484712,0.5272727272727249,0.0,-1.0
0A04,P2,2025-07-11 12:37:07+00:00,CONTROL_PRE,,0,0.0,59.0,1.0,1.0,-7.209489410672719e-16,-0.1454545454545492,0.0,1.0
0A04,P2,2025-07-11 12:37:12+00:00,CONTROL_PRE,,0,0.0,57.0,1.0,-0.4000000000000057,-0.24848484848484978,-0.400000000000004,0.0,-1.0
0A04,P2,2025-07-11 12:37:17+00:00,CONTROL_PRE,,0,0.0,58.0,1.0,-1.2000000000000028,0.0242424242424246,0.02424242424242532,0.0,0.0
0A04,P2,2025-07-11 12:37:22+00:00,CONTROL_PRE,,0,0.0,58.0,1.0,-0.29999999999999716,-1.8800429345455284e-16,0.24848484848484959,0.0,0.0
0A04,P2,2025-07-11 12:37:27+00:00,CONTROL_PRE,,0,0.0,58.0,1.0,0.20000000000000284,-1.8800429345455284e-16,-0.024242424242424787,0.0,0.0
0A04,P2,2025-07-11 12:37:57+00:00,CONTROL_PRE,,0,0.0,59.0,1.0,-2.1000000000000014,0.12727272727273065,0.3696969696969739,0.0,1.0
0A04,P2,2025-07-11 12:38:02+00:00,CONTROL_PRE,,0,0.0,60.0,1.0,0.5,0.3151515151515155,0.6484848484848477,0.0,2.0
0A04,P2,2025-07-11 12:38:07+00:00,CONTROL_PRE,,0,0.0,58.0,1.0,1.3000000000000043,-0.19393939393939308,-0.3212121212121237,0.0,0.0
0A04,P2,2025-07-11 12:38:47+00:00,CONTROL_PRE,,0,0.0,58.0,1.0,-1.2000000000000028,-0.18181818181818102,-0.18181818181818188,0.0,0.0
0A04,P2,2025-07-11 12:38:52+00:00,CONTROL_PRE,,0,0.0,58.0,1.0,-1.0,0.0727272727272747,0.2424242424242448,0.0,0.0
0A04,P2,2025-07-11 12:38:57+00:00,CONTROL_PRE,,0,0.0,58.0,1.0,-0.19999999999999574,-0.048484848484849054,0.13333333333333197,0.0,0.0
0A04,P2,2025-07-11 12:39:02+00:00,CONTROL_PRE,,0,0.0,57.0,1.0,-0.7000000000000028,-0.1515151515151498,-0.2242424242424245,0.0,-1.0
0A04,P2,2025-07-11 12:39:07+00:00,CONTROL_PRE,,0,0.0,57.0,1.0,-1.2000000000000028,-3.735669112657809e-18,0.04848484848484905,0.0,-1.0
0A04,P2,2025-07-11 12:39:27+00:00,CONTROL_PRE,,0,0.0,56.0,1.0,-0.8999999999999986,-0.22424242424242247,-0.3333333333333328,0.0,-2.0
0A04,P2,2025-07-11 12:39:42+00:00,CONTROL_PRE,,0,0.0,58.0,1.0,1.2999999999999972,0.09696969696969852,0.1272727272727292,0.0,0.0
0A04,P2,2025-07-11 12:39:47+00:00,CONTROL_PRE,,0,0.0,59.0,1.0,1.3999999999999986,0.14545454545454672,-0.10909090909090946,0.0,1.0
0A04,P2,2025-07-11 12:39:52+00:00,CONTROL_PRE,,0,0.0,56.0,1.0,0.5,-0.2242424242424237,-0.3212121212121222,0.0,-2.0
0A04,P2,2025-07-11 12:40:17+00:00,CONTROL_PRE,,0,0.0,57.0,1.0,-1.2999999999999972,0.24242424242424104,0.4303030303030307,0.0,-1.0
0A04,P2,2025-07-11 12:40:22+00:00,CONTROL_PRE,,0,0.0,56.0,1.0,0.29999999999999716,-0.19999999999999968,0.07878787878787868,0.0,-2.0
0A04,P2,2025-07-11 12:40:27+00:00,CONTROL_PRE,,0,0.0,56.0,1.0,-0.6000000000000014,-0.14545454545454223,-0.38787878787878327,0.0,-2.0
0A04,P2,2025-07-11 12:40:32+00:00,CONTROL_PRE,,0,0.0,56.0,1.0,-1.5999999999999943,-0.09090909090908912,0.10909090909091056,0.0,-2.0
0A04,P2,2025-07-11 12:41:02+00:00,CONTROL_PRE,,0,0.0,60.0,1.0,2.200000000000003,0.1272727272727295,-0.02424242424242179,0.0,2.0
0A04,P2,2025-07-11 12:41:22+00:00,CONTROL_PRE,,0,0.0,60.0,1.0,0.30000000000000426,-0.054545454545451295,-0.09090909090908553,0.0,2.0
0A04,P2,2025-07-11 12:41:27+00:00,CONTROL_PRE,,0,0.0,62.0,1.0,0.7999999999999972,0.27878787878788086,0.18181818181818293,0.3,4.0
0A04,P2,2025-07-11 12:41:32+00:00,CONTROL_PRE,,0,0.0,60.0,1.0,1.1999999999999957,-0.10303030303030407,-0.04848484848485277,0.4,2.0
0A04,P2,2025-07-11 12:41:37+00:00,CONTROL_PRE,,0,0.0,59.0,1.0,-0.3999999999999986,-0.2545454545454544,-0.5333333333333352,0.1,1.0
0A04,P2,2025-07-11 12:41:42+00:00,CONTROL_PRE,,0,0.0,59.0,1.0,-1.8999999999999986,-0.14545454545454084,-0.04242424242423677,0.0,1.0
0A04,P2,2025-07-11 12:42:12+00:00,CONTROL_PRE,,0,0.0,59.0,1.0,0.7999999999999972,0.12727272727272806,0.21818181818181787,0.0,1.0
0A04,P2,2025-07-11 12:42:22+00:00,CONTROL_PRE,,0,0.0,60.0,1.0,0.4000000000000057,0.1272727272727295,1.4432899320127035e-15,0.0,2.0
0A04,P2,2025-07-11 12:42:27+00:00,CONTROL_PRE,,0,0.0,61.0,1.0,0.8999999999999986,0.1454545454545443,0.17575757575757528,0.0,3.0
0A04,P2,2025-07-11 12:43:07+00:00,CONTROL_PRE,,0,0.0,61.0,1.0,-1.5,0.31515151515151496,0.4424242424242407,0.0,3.0
0A04,P2,2025-07-11 12:43:12+00:00,CONTROL_PRE,,0,0.0,61.0,1.0,1.1999999999999957,0.2787878787878801,0.6666666666666674,0.0,3.0
0A04,P2,2025-07-11 12:43:17+00:00,CONTROL_PRE,,0,0.0,62.0,1.0,2.0,0.02424242424242299,-0.29090909090909195,0.1,4.0
0A04,P2,2025-07-11 12:43:22+00:00,CONTROL_PRE,,0,0.0,61.0,1.0,1.1000000000000014,0.1030303030303046,-0.1757575757575755,0.4,3.0
0A04,P2,2025-07-11 12:43:37+00:00,CONTROL_PRE,,0,0.0,57.0,1.0,-3.3999999999999986,-0.09696969696969525,0.49696969696969706,0.0,-1.0
0A04,P2,2025-07-11 12:43:42+00:00,CONTROL_PRE,,0,0.0,57.0,1.0,-1.2999999999999972,-3.735669112657809e-18,0.4060606060606056,0.0,-1.0
0A04,P2,2025-07-11 12:43:47+00:00,CONTROL_PRE,,0,0.0,58.0,1.0,0.29999999999999716,0.1515151515151513,0.24848484848484653,0.0,0.0
0B04,P1,2025-07-11 13:26:28+00:00,CONTROL_PRE,,0,0.0,72.0,1.0,-1.2000000000000028,-0.5393939393939382,-0.6545454545454551,0.0,-4.0
0B04,P1,2025-07-11 13:26:33+00:00,CONTROL_PRE,,0,0.0,73.0,1.0,-2.8999999999999915,-0.15151515151514947,-0.07878787878788014,0.0,-3.0
0B04,P1,2025-07-11 13:26:38+00:00,CONTROL_PRE,,0,0.0,75.0,1.0,-0.19999999999998863,0.36969696969697385,0.9090909090909121,0.0,-1.0
0B04,P1,2025-07-11 13:26:53+00:00,CONTROL_PRE,,0,0.0,76.0,1.0,0.8999999999999915,-0.5030303030303023,-0.6484848484848484,0.0,0.5
0B04,P1,2025-07-11 13:26:58+00:00,CONTROL_PRE,,0,0.0,79.0,1.0,-0.29999999999999716,0.6424242424242393,0.32121212121211673,0.0,3.0
0B04,P1,2025-07-11 13:27:28+00:00,CONTROL_PRE,,0,0.0,75.0,1.0,1.2999999999999972,0.21818181818181664,0.09090909090908522,0.0,0.0
0B04,P1,2025-07-11 13:27:33+00:00,CONTROL_PRE,,0,0.0,77.0,1.0,2.4000000000000057,0.43030303030303113,0.4363636363636324,0.0,1.5
0B04,P1,2025-07-11 13:27:43+00:00,CONTROL_PRE,,0,0.0,74.0,1.0,0.20000000000000284,-0.3939393939393907,-0.8242424242424218,0.0,-2.0
0B04,P1,2025-07-11 13:28:03+00:00,CONTROL_PRE,,0,0.0,79.0,1.0,3.1000000000000085,0.2848484848484892,0.04242424242424889,0.0,3.0
0B04,P1,2025-07-11 13:28:08+00:00,CONTROL_PRE,,0,0.0,72.0,1.0,0.6000000000000085,-0.7090909090909068,-1.0909090909090908,0.0,-4.0
0B04,P1,2025-07-11 13:28:38+00:00,CONTROL_PRE,,0,0.0,75.0,1.0,0.20000000000000284,0.22424242424242524,0.2545454545454519,0.0,0.0
0B04,P1,2025-07-11 13:28:43+00:00,CONTROL_PRE,,0,0.0,76.0,1.0,1.7000000000000028,0.35151515151515395,0.3696969696969711,0.0,1.0
0B04,P1,2025-07-11 13:29:08+00:00,CONTROL_PRE,,0,0.0,76.0,1.0,0.20000000000000284,-0.04242424242424264,-0.02424242424242815,0.0,1.0
0B04,P1,2025-07-11 13:29:33+00:00,CONTROL_PRE,,0,0.0,79.0,1.0,0.29999999999999716,0.21818181818181698,0.7818181818181797,0.1,4.0
0B04,P1,2025-07-11 13:29:38+00:00,CONTROL_PRE,,0,0.0,82.0,1.0,3.5999999999999943,0.6606060606060602,0.49696969696969506,0.6,7.0
0B04,P1,2025-07-11 13:29:58+00:00,CONTROL_PRE,,0,0.0,74.0,1.0,-1.5999999999999943,0.3818181818181843,2.036363636363638,0.0,-1.0
0B04,P1,2025-07-11 13:30:03+00:00,CONTROL_PRE,,0,0.0,76.0,1.0,3.700000000000003,0.3212121212121215,-0.06666666666666754,0.0,1.0
0B04,P1,2025-07-11 13:30:08+00:00,CONTROL_PRE,,0,0.0,79.0,1.0,3.5,0.37575757575757646,-0.0060606060606078205,0.1,4.0
0B04,P1,2025-07-11 13:30:13+00:00,CONTROL_PRE,,0,0.0,79.0,1.0,3.5,0.3999999999999992,0.07878787878787769,0.6,4.0
0B04,P1,2025-07-11 13:30:18+00:00,CONTROL_PRE,,0,0.0,76.0,1.0,2.799999999999997,-0.10909090909090811,-0.4848484848484846,0.9,1.0
0B04,P1,2025-07-11 13:30:23+00:00,CONTROL_PRE,,0,0.0,74.0,1.0,-1.2000000000000028,-0.8242424242424254,-1.2242424242424246,0.4,-1.0
0B04,P2,2025-07-11 13:39:09+00:00,CONTROL_PRE,,0,0.0,72.0,1.0,0.30000000000001137,-0.006060606060609447,-0.18787878787879114,0.0,-1.0
0B04,P2,2025-07-11 13:39:34+00:00,CONTROL_PRE,,0,0.0,72.0,1.0,0.8000000000000114,0.006060606060611544,-0.2545454545454499,0.0,0.0
0B04,P2,2025-07-11 13:39:39+00:00,CONTROL_PRE,,0,0.0,71.0,1.0,-0.29999999999999716,-0.0666666666666642,-0.11515151515151373,0.0,-1.0
0B04,P2,2025-07-11 13:39:59+00:00,CONTROL_PRE,,0,0.0,75.0,1.0,-0.20000000000000284,-0.21818181818181795,-0.6060606060606054,0.0,3.0
0B04,P2,2025-07-11 13:40:04+00:00,CONTROL_PRE,,0,0.0,75.0,1.0,-0.10000000000000853,0.7757575757575771,0.8666666666666686,0.3,3.0
0B04,P2,2025-07-11 13:40:14+00:00,CONTROL_PRE,,0,0.0,72.0,1.0,-0.19999999999998863,-0.2545454545454502,-1.0303030303030272,0.0,-1.0
0B04,P2,2025-07-11 13:40:34+00:00,CONTROL_PRE,,0,0.0,77.0,1.0,5.099999999999994,0.11515151515151766,-0.23636363636363356,0.9,4.0
0B04,P2,2025-07-11 13:40:39+00:00,CONTROL_PRE,,0,0.0,74.0,1.0,0.4000000000000057,-0.7333333333333354,-1.6121212121212143,0.5,1.0
0B04,P2,2025-07-11 13:40:44+00:00,CONTROL_PRE,,0,0.0,73.0,1.0,-4.599999999999994,-0.3696969696969728,-0.48484848484849047,0.0,0.0
0B04,P2,2025-07-11 13:40:49+00:00,CONTROL_PRE,,0,0.0,73.0,1.0,-3.4000000000000057,0.018181818181818972,0.7515151515151544,0.0,0.0
0B04,P2,2025-07-11 13:40:59+00:00,CONTROL_PRE,,0,0.0,78.0,1.0,3.8000000000000114,0.46666666666666484,0.4484848484848459,0.6,5.0
0B04,P2,2025-07-11 13:41:09+00:00,CONTROL_PRE,,1,3.0,74.0,1.0,-1.2000000000000028,-0.6242424242424205,-1.0909090909090853,0.4,1.0
0B04,P2,2025-07-11 13:41:14+00:00,CONTROL_PRE,,1,3.0,74.0,1.0,-3.799999999999997,1.505868651488114e-15,0.24242424242424213,0.0,1.0
0B04,P2,2025-07-11 13:41:19+00:00,CONTROL_PRE,,0,0.0,72.0,1.0,-2.9000000000000057,-0.37575757575757446,0.24848484848484603,0.0,-1.0
0B04,P2,2025-07-11 13:41:49+00:00,CONTROL_PRE,,0,0.0,75.0,1.0,-0.20000000000000284,0.2727272727272746,0.5090909090909115,0.0,2.0
0B04,P2,2025-07-11 13:41:54+00:00,CONTROL_PRE,,0,0.0,77.0,1.0,2.0,0.32727272727273077,0.3757575757575752,0.3,4.0
0B04,P2,2025-07-11 13:41:59+00:00,CONTROL_PRE,,0,0.0,76.0,1.0,2.5,0.09696969696970052,-0.17575757575757406,0.7,2.5
0B04,P2,2025-07-11 13:42:09+00:00,CONTROL_PRE,,0,0.0,73.0,1.0,-1.2999999999999972,-0.29696969696969644,-0.393939393939397,0.0,-1.0
0B04,P2,2025-07-11 13:42:14+00:00,CONTROL_PRE,,0,0.0,77.0,1.0,-1.6000000000000085,0.09696969696969919,0.24242424242424093,0.0,3.0
0B04,P2,2025-07-11 13:42:34+00:00,CONTROL_PRE,,0,0.0,77.0,1.0,0.5999999999999943,-0.09696969696969585,0.33939393939393947,0.1,3.0
0B04,P2,2025-07-11 13:42:44+00:00,CONTROL_PRE,,0,0.0,76.0,1.0,-0.3999999999999915,0.09696969696970024,0.19393939393939608,0.2,2.0
0B04,P2,2025-07-11 13:42:49+00:00,CONTROL_PRE,,0,0.0,74.0,1.0,-0.19999999999998863,-0.4666666666666643,-0.3999999999999976,0.2,0.0
0B04,P2,2025-07-11 13:43:19+00:00,CONTROL_PRE,,0,0.0,74.0,1.0,0.5999999999999943,-0.5696969696969698,-0.6303030303030293,0.3,0.0
0B04,P2,2025-07-11 13:43:24+00:00,CONTROL_PRE,,0,0.0,75.0,1.0,-1.7999999999999972,0.12727272727272979,-0.1818181818181782,0.0,1.0
0B04,P2,2025-07-11 13:43:29+00:00,CONTROL_PRE,,0,0.0,78.0,1.0,-0.19999999999998863,0.3757575757575751,0.9454545454545449,0.1,4.0
0B04,P2,2025-07-11 13:43:34+00:00,CONTROL_PRE,,0,0.0,78.0,1.0,3.0,0.3939393939393961,0.2666666666666663,0.6,4.0
0B04,P2,2025-07-11 13:43:39+00:00,CONTROL_PRE,,0,0.0,75.0,1.0,2.0999999999999943,-0.4181818181818147,-0.7939393939393898,0.7,1.0
0B04,P2,2025-07-11 13:43:49+00:00,CONTROL_PRE,,0,0.0,74.0,1.0,-3.0,-0.05454545454545571,0.363636363636359,0.0,0.0
0B04,P2,2025-07-11 13:43:54+00:00,CONTROL_PRE,,0,0.0,77.0,1.0,0.0,0.3515151515151497,0.7515151515151497,0.0,3.0
0B04,P2,2025-07-11 13:43:59+00:00,CONTROL_PRE,,0,0.0,76.0,1.0,2.299999999999997,5.17487908546666e-15,0.054545454545460885,0.0,2.0
0B04,P2,2025-07-11 13:44:04+00:00,CONTROL_PRE,,0,0.0,76.0,1.0,1.0,-0.09696969696969598,-0.4484848484848457,0.0,2.0
0C04,P2,2025-07-11 14:37:57+00:00,CONTROL_PRE,,0,0.0,61.0,1.0,2.1999999999999957,-0.181818181818181,-0.7030303030303034,0.6,2.0
0C04,P2,2025-07-11 14:38:02+00:00,CONTROL_PRE,,0,0.0,58.0,1.0,-2.3000000000000043,-0.6666666666666665,-0.9393939393939368,0.2,-1.0
0C04,P2,2025-07-11 14:38:07+00:00,CONTROL_PRE,,0,0.0,60.0,1.0,-4.099999999999994,0.030303030303029527,0.21212121212121052,0.0,1.0
0C04,P2,2025-07-11 14:38:12+00:00,CONTROL_PRE,,1,5.0,61.0,1.0,-0.29999999999999716,0.44242424242424294,1.1090909090909093,0.0,2.0
0C04,P2,2025-07-11 14:38:17+00:00,CONTROL_PRE,,1,5.0,64.0,1.0,3.299999999999997,0.23030303030303095,0.20000000000000143,0.2,5.0
0C04,P2,2025-07-11 14:38:22+00:00,CONTROL_PRE,,0,0.0,61.0,1.0,2.0,-0.1515151515151488,-0.5939393939393918,0.3,1.0
0C04,P2,2025-07-11 14:38:27+00:00,CONTROL_PRE,,0,0.0,64.0,1.0,0.3999999999999986,0.26666666666666866,0.03636363636363771,0.4,4.0
0C04,P2,2025-07-11 14:38:37+00:00,CONTROL_PRE,,0,0.0,64.0,1.0,0.20000000000000284,0.048484848484850296,-0.21818181818181837,0.0,3.0
0C04,P2,2025-07-11 14:38:47+00:00,CONTROL_PRE,,0,0.0,60.0,1.0,-0.10000000000000142,-0.43030303030302897,-0.47878787878787926,0.0,-1.0
0C04,P2,2025-07-11 14:38:52+00:00,CONTROL_PRE,,0,0.0,61.0,1.0,-2.3000000000000043,-0.193939393939394,-0.39393939393939226,0.0,0.0
0C04,P2,2025-07-11 14:38:57+00:00,CONTROL_PRE,,1,5.0,62.0,1.0,-1.5,0.31515151515151507,0.745454545454544,0.0,1.0
0C04,P2,2025-07-11 14:39:02+00:00,CONTROL_PRE,,1,5.0,67.0,1.0,3.0,0.7272727272727283,0.9212121212121223,0.4,6.0
0C04,P2,2025-07-11 14:39:07+00:00,CONTROL_PRE,,0,0.0,64.0,1.0,4.799999999999997,-1.5048025647460955e-15,-0.31515151515151657,0.8,2.5
0C04,P2,2025-07-11 14:39:12+00:00,CONTROL_PRE,,0,0.0,60.0,1.0,-0.29999999999999716,-0.8909090909090881,-1.6181818181818164,0.4,-2.0
0C04,P2,2025-07-11 14:39:17+00:00,CONTROL_PRE,,0,0.0,62.0,1.0,-4.299999999999997,0.018181818181818982,0.018181818181820488,0.0,0.0
0C04,P2,2025-07-11 14:39:22+00:00,CONTROL_PRE,,0,0.0,64.0,1.0,-0.7000000000000028,0.3515151515151552,1.2424242424242433,0.0,2.0
0C04,P2,2025-07-11 14:40:02+00:00,CONTROL_PRE,,0,0.0,58.0,1.0,-0.8000000000000043,-0.42424242424242353,-0.7030303030303042,0.0,-3.0
0C04,P2,2025-07-11 14:40:07+00:00,CONTROL_PRE,,0,0.0,57.0,1.0,-2.700000000000003,-0.20000000000000165,-0.06666666666666932,0.0,-4.0
0C04,P2,2025-07-11 14:40:27+00:00,CONTROL_PRE,,1,5.0,65.0,1.0,4.200000000000003,0.496969696969698,-0.07272727272727292,0.3,4.0
0C04,P2,2025-07-11 14:40:32+00:00,CONTROL_PRE,,0,0.0,62.0,1.0,2.799999999999997,-0.18181818181818069,-0.4363636363636342,0.3,1.0
0C04,P2,2025-07-11 14:40:37+00:00,CONTROL_PRE,,0,0.0,60.0,1.0,-1.0,-0.4848484848484863,-0.9818181818181844,0.0,-1.0
0C04,P2,2025-07-11 14:40:42+00:00,CONTROL_PRE,,0,0.0,64.0,1.0,-2.3999999999999986,0.2424242424242443,0.424242424242425,0.0,3.0
0C04,P2,2025-07-11 14:40:47+00:00,CONTROL_PRE,,0,0.0,64.0,1.0,0.7999999999999972,0.3515151515151552,0.8363636363636415,0.0,3.0
0C04,P2,2025-07-11 14:40:52+00:00,CONTROL_PRE,,0,0.0,62.0,1.0,1.8999999999999986,-0.17575757575757414,-0.41818181818181843,0.0,1.0
0C04,P2,2025-07-11 14:41:27+00:00,CONTROL_PRE,,0,0.0,61.0,1.0,-1.3000000000000043,0.27878787878788,0.7818181818181822,0.0,-1.0
0C04,P2,2025-07-11 14:41:32+00:00,CONTROL_PRE,,0,0.0,60.0,1.0,0.3999999999999986,-0.3030303030303015,-0.1818181818181825,0.0,-1.0
0C04,P2,2025-07-11 14:41:37+00:00,CONTROL_PRE,,0,0.0,60.0,1.0,-0.7999999999999972,-0.02424242424242632,-0.3030303030303063,0.0,-1.0
0C04,P2,2025-07-11 14:41:42+00:00,CONTROL_PRE,,0,0.0,60.0,1.0,-0.7999999999999972,-2.58877433391865e-15,0.3030303030302989,0.0,-1.0
0C04,P2,2025-07-11 14:41:47+00:00,CONTROL_PRE,,0,0.0,57.0,1.0,-1.0,-0.3515151515151523,-0.32727272727272594,0.0,-4.0
0C04,P2,2025-07-11 14:41:52+00:00,CONTROL_PRE,,0,0.0,57.0,1.0,-2.5,-0.20000000000000015,-0.19999999999999757,0.0,-4.0
0C04,P2,2025-07-11 14:42:02+00:00,CONTROL_PRE,,0,0.0,60.0,1.0,1.8999999999999986,0.18181818181818482,0.38181818181818494,0.0,-1.0
0C04,P2,2025-07-11 14:42:07+00:00,CONTROL_PRE,,0,0.0,57.0,1.0,1.1000000000000014,-0.28484848484848285,-0.6363636363636354,0.0,-4.0
0C04,P1,2025-07-11 14:54:35+00:00,CONTROL_PRE,,0,0.0,61.0,1.0,2.4000000000000057,0.15151515151515005,-0.12121212121212233,0.0,2.5
0C04,P1,2025-07-11 14:54:40+00:00,CONTROL_PRE,,0,0.0,60.0,1.0,1.0,-0.12727272727272734,-0.3999999999999989,0.0,1.0
0C04,P1,2025-07-11 14:54:45+00:00,CONTROL_PRE,,0,0.0,60.0,1.0,-0.5,-0.09696969696969505,-0.2484848484848451,0.0,1.0
0C04,P1,2025-07-11 14:54:55+00:00,CONTROL_PRE,,1,5.0,60.0,1.0,-0.20000000000000284,-2.58877433391865e-15,0.09696969696969246,0.0,1.0
0C04,P1,2025-07-11 14:55:00+00:00,CONTROL_PRE,,1,5.0,61.0,1.0,0.10000000000000142,0.054545454545452496,0.054545454545455084,0.0,2.0
0C04,P1,2025-07-11 14:55:20+00:00,CONTROL_PRE,,0,0.0,63.0,1.0,0.7999999999999972,-0.3333333333333299,-1.030303030303027,0.5,3.0
0C04,P1,2025-07-11 14:56:10+00:00,CONTROL_PRE,,1,5.0,60.0,1.0,1.1000000000000014,0.036363636363637646,-0.4303030303030305,0.0,0.0
0C04,P1,2025-07-11 14:56:15+00:00,CONTROL_PRE,,1,5.0,60.0,1.0,0.0,-0.0606060606060588,-0.048484848484846466,0.0,0.0
0C04,P1,2025-07-11 14:56:30+00:00,CONTROL_PRE,,0,0.0,61.0,1.0,-0.20000000000000284,1.9956472281071308e-16,-0.15757575757575795,0.0,1.0
0C04,P1,2025-07-11 14:56:35+00:00,CONTROL_PRE,,0,0.0,60.0,1.0,-0.10000000000000142,0.07272727272727256,0.1636363636363638,0.0,0.0
0C04,P1,2025-07-11 14:57:30+00:00,CONTROL_PRE,,0,0.0,59.0,1.0,1.5,-0.4484848484848488,-0.8181818181818192,0.0,-1.0
0C04,P1,2025-07-11 14:57:35+00:00,CONTROL_PRE,,0,0.0,58.0,1.0,-2.3999999999999986,-0.49696969696969684,-0.8242424242424249,0.0,-2.0
0A05,P1,2025-07-14 15:13:42+00:00,CONTROL_PRE,,0,0.0,79.0,1.0,-2.3000000000000114,-0.5696969696969684,-0.4666666666666663,0.0,-2.0
0A05,P1,2025-07-14 15:13:47+00:00,CONTROL_PRE,,0,0.0,83.0,1.0,-1.9000000000000057,0.5878787878787902,0.6848484848484843,0.0,2.5
0A05,P1,2025-07-14 15:13:57+00:00,CONTROL_PRE,,1,5.0,81.0,1.0,3.0,-0.24848484848484725,-0.8363636363636375,0.0,0.0
0A05,P1,2025-07-14 15:14:02+00:00,CONTROL_PRE,,1,5.0,84.0,1.0,-0.29999999999999716,0.06060606060605905,-0.3818181818181839,0.0,3.0
0A05,P1,2025-07-14 15:14:27+00:00,CONTROL_PRE,,0,0.0,86.0,1.0,0.09999999999999432,-0.41818181818181743,-0.5151515151515142,1.0,4.0
0A05,P1,2025-07-14 15:14:32+00:00,CONTROL_PRE,,0,0.0,87.0,1.0,-1.8000000000000114,-0.030303030303024555,-0.15757575757575024,0.9,5.0
0A05,P1,2025-07-14 15:14:37+00:00,CONTROL_PRE,,0,0.0,84.0,1.0,-1.3999999999999915,-0.1030303030303033,0.3151515151515141,0.7,2.0
0A05,P1,2025-07-14 15:15:32+00:00,CONTROL_PRE,,0,0.0,79.0,1.0,-1.0999999999999943,0.08484848484848836,0.6484848484848512,0.0,-4.0
0A05,P1,2025-07-14 15:15:37+00:00,CONTROL_PRE,,0,0.0,77.0,1.0,0.09999999999999432,-0.25454545454545585,-0.24848484848485564,0.0,-5.5
0A05,P1,2025-07-14 15:15:57+00:00,CONTROL_PRE,,0,0.0,81.0,1.0,-0.10000000000000853,0.5030303030303048,1.0363636363636348,0.0,-1.0
0A05,P1,2025-07-14 15:16:07+00:00,CONTROL_PRE,,0,0.0,78.0,1.0,0.10000000000000853,-0.15757575757575665,-0.6606060606060615,0.0,-4.0
0A05,P1,2025-07-14 15:16:12+00:00,CONTROL_PRE,,0,0.0,81.0,1.0,-0.6000000000000085,0.22424242424242632,0.30303030303030665,0.0,0.0
0A05,P1,2025-07-14 15:16:17+00:00,CONTROL_PRE,,0,0.0,82.0,1.0,1.5,0.40606060606060834,0.563636363636365,0.0,1.0
0A05,P1,2025-07-14 15:16:42+00:00,CONTROL_PRE,,0,0.0,79.0,1.0,-0.29999999999999716,-0.060606060606059206,-0.006060606060601166,0.0,-2.0
0A05,P1,2025-07-14 15:16:47+00:00,CONTROL_PRE,,0,0.0,77.0,1.0,-0.5999999999999943,-0.24242424242424152,-0.16969696969697076,0.0,-4.0
0A05,P1,2025-07-14 15:17:12+00:00,CONTROL_PRE,,0,0.0,83.0,1.0,5.0,0.30303030303030265,0.16969696969697123,0.0,2.0
0A05,P1,2025-07-14 15:17:47+00:00,CONTROL_PRE,,0,0.0,81.0,1.0,-2.200000000000003,0.054545454545455285,0.2909090909090863,0.0,0.0
0A05,P1,2025-07-14 15:17:52+00:00,CONTROL_PRE,,0,0.0,86.0,1.0,0.9000000000000057,0.6242424242424249,0.9272727272727284,0.1,5.0
0A05,P1,2025-07-14 15:17:57+00:00,CONTROL_PRE,,0,0.0,91.0,1.0,6.300000000000011,1.2363636363636368,1.1818181818181814,0.6,10.0
0A05,P1,2025-07-14 15:18:02+00:00,CONTROL_PRE,,0,0.0,92.0,1.0,8.0,0.1999999999999988,-0.42424242424242614,1.0,11.0
0A05,P1,2025-07-14 15:18:17+00:00,CONTROL_PRE,,0,0.0,82.0,1.0,-5.299999999999997,-0.448484848484846,-0.47878787878787915,0.7,1.0
0A05,P2,2025-07-14 15:32:51+00:00,CONTROL_PRE,,0,0.0,79.0,1.0,3.200000000000003,0.018181818181823194,-0.31515151515151135,0.0,2.0
0A05,P2,2025-07-14 15:32:56+00:00,CONTROL_PRE,,0,0.0,76.0,1.0,0.5999999999999943,-0.4181818181818156,-0.836363636363632,0.0,-1.5
0A05,P2,2025-07-14 15:34:56+00:00,CONTROL_PRE,,0,0.0,81.0,1.0,-1.5,-0.1333333333333298,-0.1515151515151486,0.0,1.0
0A05,P2,2025-07-14 15:35:11+00:00,CONTROL_PRE,,1,3.0,77.0,1.0,-2.5,-0.4363636363636362,-0.17575757575757417,0.0,-3.0
0A05,P2,2025-07-14 15:35:21+00:00,CONTROL_PRE,,1,3.0,76.0,1.0,-0.29999999999999716,-0.2969696969696957,0.13939393939394046,0.0,-4.0
0A05,P2,2025-07-14 15:35:51+00:00,CONTROL_PRE,,0,0.0,83.0,1.0,-0.7999999999999972,0.3454545454545504,0.6181818181818213,0.0,3.0
0A05,P2,2025-07-14 15:35:56+00:00,CONTROL_PRE,,0,0.0,85.0,1.0,2.6000000000000085,0.5696969696969727,0.8121212121212156,0.5,5.0
0A05,P2,2025-07-14 15:36:11+00:00,CONTROL_PRE,,0,0.0,79.0,1.0,-6.200000000000003,0.09090909090909327,0.5575757575757574,0.0,-1.0
0A05,P2,2025-07-14 15:36:16+00:00,CONTROL_PRE,,0,0.0,80.0,1.0,-0.3999999999999915,0.521212121212123,1.46666666666667,0.0,0.0
0A05,P2,2025-07-14 15:36:36+00:00,CONTROL_PRE,,0,0.0,80.0,1.0,2.0999999999999943,0.01818181818182026,-0.1515151515151533,0.2,0.0
0A05,P2,2025-07-14 15:36:41+00:00,CONTROL_PRE,,0,0.0,80.0,1.0,-0.4000000000000057,-0.5030303030303015,-0.8363636363636373,0.1,0.0
0A05,P2,2025-07-14 15:36:51+00:00,CONTROL_PRE,,0,0.0,76.0,1.0,-4.299999999999997,-0.7393939393939369,-0.23636363636363544,0.0,-4.0
0A05,P2,2025-07-14 15:36:56+00:00,CONTROL_PRE,,0,0.0,75.0,1.0,-3.6000000000000085,0.3272727272727274,0.5454545454545436,0.0,-5.0
0A05,P2,2025-07-14 15:37:01+00:00,CONTROL_PRE,,0,0.0,75.0,1.0,-1.3999999999999915,-0.509090909090908,0.2303030303030289,0.0,-5.0
0A05,P2,2025-07-14 15:37:21+00:00,CONTROL_PRE,,0,0.0,79.0,1.0,-0.29999999999999716,-0.07878787878787773,-0.4060606060606071,0.0,-1.0
0B05,P1,2025-07-15 12:33:15+00:00,CONTROL_PRE,,0,0.0,77.0,1.0,1.1000000000000085,0.4545454545454554,0.6000000000000016,0.0,-1.0
0B05,P1,2025-07-15 12:33:20+00:00,CONTROL_PRE,,0,0.0,81.0,1.0,4.099999999999994,0.6727272727272745,0.5757575757575749,0.0,3.0
0B05,P2,2025-07-15 12:43:24+00:00,CONTROL_PRE,,0,0.0,78.0,1.0,0.09999999999999432,0.36969696969697013,0.33333333333333126,0.0,-1.0
0B05,P2,2025-07-15 12:43:29+00:00,CONTROL_PRE,,0,0.0,75.0,1.0,0.8000000000000114,-0.17575757575757248,-0.06060606060605882,0.0,-4.0
0B05,P2,2025-07-15 12:44:04+00:00,CONTROL_PRE,,0,0.0,82.0,1.0,1.6999999999999886,0.3818181818181854,-0.04242424242424181,0.3,3.0
0B05,P2,2025-07-15 12:46:04+00:00,CONTROL_PRE,,0,0.0,77.0,1.0,0.5,-0.0484848484848504,0.10303030303030061,0.0,-1.0
0B05,P2,2025-07-15 12:46:09+00:00,CONTROL_PRE,,0,0.0,75.0,1.0,-0.7000000000000028,-0.37575757575757374,-0.6000000000000009,0.0,-3.0
0B05,P2,2025-07-15 12:46:14+00:00,CONTROL_PRE,,0,0.0,75.0,1.0,-2.299999999999997,-0.22424242424242494,-0.17575757575757453,0.0,-3.0
0B05,P2,2025-07-15 12:46:39+00:00,CONTROL_PRE,,0,0.0,74.0,1.0,-0.4000000000000057,0.1151515151515152,-0.036363636363636376,0.0,-4.0
0B05,P2,2025-07-15 12:46:44+00:00,CONTROL_PRE,,1,5.0,75.0,1.0,-0.20000000000000284,-0.24242424242424282,-0.12121212121212353,0.0,-3.0
0C05,P2,2025-07-15 13:31:48+00:00,CONTROL_PRE,,0,0.0,62.0,1.0,-0.9000000000000057,0.03636363636363688,0.515151515151513,0.0,0.0
0C05,P2,2025-07-15 13:31:53+00:00,CONTROL_PRE,,0,0.0,64.0,1.0,1.1000000000000014,0.3212121212121214,0.3212121212121204,0.0,2.0
0C05,P2,2025-07-15 13:31:58+00:00,CONTROL_PRE,,0,0.0,67.0,1.0,2.200000000000003,0.2787878787878806,0.2424242424242437,0.1,5.0
0C05,P2,2025-07-15 13:32:03+00:00,CONTROL_PRE,,0,0.0,63.0,1.0,2.0,0.09090909090908926,-0.23030303030303212,0.3,1.0
0C05,P2,2025-07-15 13:33:03+00:00,CONTROL_PRE,,0,0.0,72.0,1.0,5.099999999999994,0.3333333333333324,-0.09090909090909138,1.0,9.0
0C05,P2,2025-07-15 13:33:18+00:00,CONTROL_PRE,,0,0.0,68.0,1.0,-2.700000000000003,0.2181818181818188,1.181818181818183,0.9,5.0
0C05,P2,2025-07-15 13:34:03+00:00,CONTROL_PRE,,0,0.0,69.0,1.0,-0.7999999999999972,-0.33333333333333137,-0.9575757575757589,1.0,4.0
0C05,P1,2025-07-15 13:44:42+00:00,CONTROL_PRE,,0,0.0,67.0,1.0,1.1000000000000085,-0.036363636363635196,-0.16363636363636314,0.0,1.0
0C05,P1,2025-07-15 13:44:52+00:00,CONTROL_PRE,,0,0.0,68.0,1.0,2.1999999999999886,0.0969696969696975,0.1333333333333327,0.0,2.0
0C05,P1,2025-07-15 13:44:57+00:00,CONTROL_PRE,,0,0.0,66.0,1.0,0.4000000000000057,-0.41818181818181843,-0.8363636363636373,0.0,0.0
0C05,P1,2025-07-15 13:45:02+00:00,CONTROL_PRE,,0,0.0,68.0,1.0,-1.7999999999999972,0.048484848484850185,-0.04848484848484731,0.0,2.0
0C05,P1,2025-07-15 13:45:12+00:00,CONTROL_PRE,,0,0.0,70.0,1.0,3.1000000000000085,0.272727272727271,0.2242424242424208,0.7,4.0
0C05,P1,2025-07-15 13:45:17+00:00,CONTROL_PRE,,0,0.0,68.0,1.0,1.3000000000000114,-0.42424242424242,-0.9030303030302986,0.5,2.0
0C05,P1,2025-07-15 13:45:22+00:00,CONTROL_PRE,,0,0.0,69.0,1.0,-1.3000000000000114,0.09696969696969918,-0.1757575757575718,0.0,2.0
0C05,P1,2025-07-15 13:45:27+00:00,CONTROL_PRE,,0,0.0,68.0,1.0,-0.9000000000000057,-0.15151515151515205,0.27272727272726793,0.0,1.0
0C05,P1,2025-07-15 13:45:32+00:00,CONTROL_PRE,,0,0.0,68.0,1.0,-0.7999999999999972,-0.02424242424242055,-0.12121212121211973,0.0,1.0
0C05,P1,2025-07-15 13:45:52+00:00,CONTROL_PRE,,0,0.0,68.0,1.0,0.4000000000000057,-0.2484848484848433,-0.3636363636363607,0.0,0.0
0C05,P1,2025-07-15 13:45:57+00:00,CONTROL_PRE,,0,0.0,67.0,1.0,-0.9000000000000057,0.0727272727272747,-0.12727272727272548,0.0,-1.0
0C05,P1,2025-07-15 13:46:02+00:00,CONTROL_PRE,,0,0.0,67.0,1.0,-1.7999999999999972,-0.5151515151515154,-0.26666666666667205,0.0,-1.0
0C05,P1,2025-07-15 13:46:12+00:00,CONTROL_PRE,,0,0.0,68.0,1.0,1.7000000000000028,-0.09696969696969542,0.41818181818181993,0.0,0.0
0C05,P1,2025-07-15 13:46:17+00:00,CONTROL_PRE,,0,0.0,69.0,1.0,1.3999999999999915,0.12727272727272704,-0.5333333333333361,0.0,1.0
0C05,P1,2025-07-15 13:46:22+00:00,CONTROL_PRE,,0,0.0,67.0,1.0,-0.30000000000001137,-0.15151515151515063,-0.054545454545455216,0.0,-1.0
0C05,P1,2025-07-15 13:46:27+00:00,CONTROL_PRE,,0,0.0,70.0,1.0,-0.20000000000000284,0.1757575757575759,0.04848484848484885,0.0,2.0
0C05,P1,2025-07-15 13:46:47+00:00,CONTROL_PRE,,0,0.0,67.0,1.0,-0.20000000000000284,-0.018181818181815527,0.44848484848484693,0.0,-1.0
0C05,P1,2025-07-15 13:47:07+00:00,CONTROL_PRE,,0,0.0,66.0,1.0,-1.8000000000000114,-0.36969696969696664,-0.6666666666666633,0.0,-2.0
0C05,P1,2025-07-15 13:47:17+00:00,CONTROL_PRE,,0,0.0,65.0,1.0,-0.6999999999999886,-0.1454545454545447,0.22424242424242194,0.0,-3.0
0C05,P1,2025-07-15 13:47:52+00:00,CONTROL_PRE,,0,0.0,62.0,1.0,-2.0,-0.6666666666666671,-0.24242424242424437,0.0,-5.0
0C05,P1,2025-07-15 13:47:57+00:00,CONTROL_PRE,,0,0.0,65.0,1.0,-2.4000000000000057,0.14545454545454703,-0.02424242424242362,0.0,-2.0
0C05,P1,2025-07-15 13:48:17+00:00,CONTROL_PRE,,0,0.0,64.0,1.0,0.10000000000000853,-0.2727272727272746,-0.28484848484848885,0.0,-3.0
0C05,P1,2025-07-15 13:48:22+00:00,CONTROL_PRE,,0,0.0,66.0,1.0,-0.7000000000000028,0.0424242424242438,-0.10303030303030195,0.0,-1.0
0C05,P1,2025-07-15 13:48:27+00:00,CONTROL_PRE,,0,0.0,64.0,1.0,-0.5,-0.12121212121212062,0.151515151515154,0.0,-3.0
0C05,P1,2025-07-15 13:48:37+00:00,CONTROL_PRE,,0,0.0,65.0,1.0,-0.9000000000000057,-0.04242424242424043,0.07878787878788018,0.0,-2.0
0C05,P1,2025-07-15 13:48:57+00:00,CONTROL_PRE,,0,0.0,67.0,1.0,1.4000000000000057,-0.2000000000000003,-0.3030303030303064,0.0,0.0
0C05,P1,2025-07-15 13:49:02+00:00,CONTROL_PRE,,0,0.0,64.0,1.0,-1.4000000000000057,-0.575757575757575,-0.8969696969696973,0.0,-3.0
0A06,P1,2025-07-16 08:39:38+00:00,CONTROL_PRE,,0,0.0,83.0,1.0,-0.5999999999999943,-0.38787878787878666,-0.48484848484848647,0.1,0.0
0A06,P1,2025-07-16 08:39:43+00:00,CONTROL_PRE,,0,0.0,85.0,1.0,-1.5,0.14545454545454817,0.1757575757575764,0.0,2.0
0A06,P1,2025-07-16 08:39:48+00:00,CONTROL_PRE,,0,0.0,87.0,1.0,0.7999999999999972,0.424242424242424,0.8121212121212107,0.2,4.0
0A06,P1,2025-07-16 08:39:53+00:00,CONTROL_PRE,,0,0.0,84.0,1.0,1.9000000000000057,-0.15151515151514836,-0.29696969696969655,0.2,0.0
0A06,P1,2025-07-16 08:40:03+00:00,R00_10,3.0,0,0.0,87.0,1.0,-0.7999999999999972,0.23636363636363902,0.3878787878787874,0.0,3.0
0A06,P1,2025-07-16 08:41:18+00:00,R00_10,0.0,0,0.0,80.0,1.0,-1.0,0.042424242424245584,0.09696969696969818,0.0,-4.0
0A06,P1,2025-07-16 08:41:23+00:00,R00_10,5.0,0,0.0,80.0,1.0,0.20000000000000284,0.15151515151515144,0.3515151515151507,0.0,-4.0
0A06,P1,2025-07-16 08:41:28+00:00,R00_10,10.0,0,0.0,82.0,1.0,1.6000000000000085,0.1757575757575775,0.13333333333333192,0.0,-2.0
0A06,P1,2025-07-16 08:41:33+00:00,R10_20,15.0,0,0.0,82.0,1.0,1.7999999999999972,0.15151515151515396,2.525757381022231e-15,0.0,-2.0
0A06,P1,2025-07-16 08:41:38+00:00,R10_20,20.0,0,0.0,83.0,1.0,1.2999999999999972,0.09696969696969678,-0.07878787878788072,0.0,-1.0
0A06,P1,2025-07-16 08:41:43+00:00,R20_30,25.0,0,0.0,83.0,1.0,1.0,0.1272727272727302,-0.02424242424242376,0.0,-1.0
0A06,P1,2025-07-16 08:41:53+00:00,R30_60,35.0,0,0.0,82.0,1.0,1.0,-0.10303030303030343,-0.23030303030303362,0.0,-2.0
0A06,P1,2025-07-16 08:41:58+00:00,R30_60,40.0,0,0.0,80.0,1.0,-1.2000000000000028,-0.4787878787878779,-0.7030303030303032,0.0,-4.0
0A06,P1,2025-07-16 08:42:03+00:00,R30_60,45.0,0,0.0,80.0,1.0,-2.700000000000003,-0.14545454545454578,-0.04242424242424235,0.0,-4.0
0A06,P1,2025-07-16 08:42:33+00:00,CONTROL_GT60,75.0,0,0.0,79.0,1.0,0.5,-0.127272727272726,-0.15151515151515219,0.0,-4.0
0A06,P1,2025-07-16 08:43:03+00:00,CONTROL_GT60,105.0,1,5.0,79.0,1.0,1.7999999999999972,-0.14545454545454609,-0.3636363636363642,0.0,-3.0
0A06,P1,2025-07-16 08:43:08+00:00,CONTROL_GT60,110.0,1,5.0,79.0,1.0,-0.7999999999999972,-0.1515151515151503,-0.5212121212121236,0.0,-3.0
0A06,P1,2025-07-16 08:43:18+00:00,CONTROL_GT60,120.0,0,0.0,79.0,1.0,-0.4000000000000057,-0.030303030303029346,0.12121212121212095,0.0,-3.0
0A06,P1,2025-07-16 08:43:23+00:00,CONTROL_GT60,125.0,0,0.0,79.0,1.0,0.20000000000000284,0.12727272727272945,0.09696969696969945,0.0,-3.0
0A06,P1,2025-07-16 08:43:28+00:00,CONTROL_GT60,130.0,0,0.0,80.0,1.0,0.9000000000000057,0.14545454545454511,0.17575757575757445,0.0,-2.0
0A06,P1,2025-07-16 08:43:33+00:00,CONTROL_GT60,135.0,0,0.0,80.0,1.0,1.2000000000000028,0.054545454545456486,-0.07272727272727297,0.0,-2.0
0A06,P1,2025-07-16 08:43:38+00:00,CONTROL_GT60,140.0,0,0.0,79.0,1.0,-0.10000000000000853,-0.224242424242427,-0.3696969696969721,0.0,-3.0
0A06,P1,2025-07-16 08:43:53+00:00,CONTROL_GT60,155.0,0,0.0,84.0,1.0,4.900000000000006,0.10909090909090662,-0.09090909090909417,0.0,2.0
0A06,P1,2025-07-16 08:43:58+00:00,CONTROL_GT60,160.0,0,0.0,83.0,1.0,2.299999999999997,-0.13333333333333008,-0.9272727272727237,0.0,1.0
0A06,P1,2025-07-16 08:44:03+00:00,CONTROL_GT60,165.0,0,0.0,79.0,1.0,-1.7000000000000028,-0.5757575757575764,-0.6848484848484829,0.0,-3.0
0A06,P1,2025-07-16 08:44:08+00:00,CONTROL_GT60,170.0,0,0.0,81.0,1.0,-3.5999999999999943,-0.1454545454545475,-0.012121212121217417,0.0,-1.0
0A06,P1,2025-07-16 08:44:23+00:00,CONTROL_GT60,185.0,0,0.0,85.0,1.0,1.6000000000000085,0.5939393939393921,0.31515151515150724,0.1,3.0
0A06,P1,2025-07-16 08:44:28+00:00,CONTROL_GT60,190.0,0,0.0,84.0,1.0,2.299999999999997,-0.030303030303023736,0.15151515151515974,0.1,2.0
0A06,P2,2025-07-16 08:52:53+00:00,CONTROL_PRE,,0,0.0,81.0,1.0,-1.7999999999999972,-0.4727272727272729,-1.3212121212121215,0.1,0.0
0A06,P2,2025-07-16 08:54:53+00:00,CONTROL_PRE,,0,0.0,87.0,1.0,1.7999999999999972,0.44242424242424233,0.4606060606060627,0.6,3.5
0A06,P2,2025-07-16 08:55:08+00:00,CONTROL_PRE,,0,0.0,88.0,1.0,-3.4000000000000057,0.5515151515151494,1.272727272727272,0.1,4.0
0A06,P2,2025-07-16 08:55:13+00:00,CONTROL_PRE,,0,0.0,85.0,1.0,2.0,0.2969696969696999,0.7393939393939412,0.2,1.0
0A06,P2,2025-07-16 08:55:18+00:00,CONTROL_PRE,,0,0.0,83.0,1.0,1.5999999999999943,-0.47878787878788104,-1.0303030303030305,0.1,-1.0
0A06,P2,2025-07-16 08:55:23+00:00,CONTROL_PRE,,0,0.0,84.0,1.0,-1.5,-0.04848484848485241,-0.3454545454545523,0.0,0.0
0A06,P2,2025-07-16 08:55:33+00:00,CONTROL_PRE,,0,0.0,85.0,1.0,0.0,0.21818181818182233,0.26666666666667477,0.0,1.0
0A06,P2,2025-07-16 08:56:18+00:00,CONTROL_PRE,,0,0.0,85.0,1.0,1.5999999999999943,0.16969696969697237,0.739393939393942,0.4,1.0
0A06,P2,2025-07-16 08:57:03+00:00,CONTROL_PRE,,0,0.0,84.0,1.0,-1.7000000000000028,-0.1878787878787859,-0.3333333333333325,0.0,0.0
0A06,P2,2025-07-16 08:57:13+00:00,CONTROL_PRE,,0,0.0,79.0,1.0,-2.3999999999999915,-0.7939393939393924,-0.6060606060606065,0.0,-5.0
0A06,P2,2025-07-16 08:57:18+00:00,CONTROL_PRE,,0,0.0,82.0,1.0,-3.6999999999999886,0.12727272727272956,0.1636363636363648,0.0,-2.0
0B06,P1,2025-07-16 12:33:28+00:00,CONTROL_PRE,,0,0.0,75.0,1.0,-1.6000000000000085,-0.15151515151514897,-0.2060606060606025,0.0,0.0
0B06,P1,2025-07-16 12:33:33+00:00,CONTROL_PRE,,0,0.0,77.0,1.0,-0.3999999999999915,0.29696969696969866,0.5696969696969717,0.0,2.0
0B06,P1,2025-07-16 12:34:28+00:00,CONTROL_PRE,,0,0.0,75.0,1.0,0.20000000000000284,-0.01818181818181362,0.14545454545454592,0.0,-1.0
0B06,P1,2025-07-16 12:34:48+00:00,CONTROL_PRE,,0,0.0,77.0,1.0,1.2000000000000028,0.05454545454545353,0.2787878787878729,0.0,1.0
0B06,P1,2025-07-16 12:35:43+00:00,CONTROL_PRE,,0,0.0,78.0,1.0,2.0999999999999943,0.4242424242424243,0.5515151515151524,0.0,2.0
0B06,P1,2025-07-16 12:35:48+00:00,CONTROL_PRE,,0,0.0,76.0,1.0,1.8999999999999915,-0.2969696969696958,-0.6242424242424238,0.0,0.0
0B06,P1,2025-07-16 12:36:38+00:00,CONTROL_PRE,,0,0.0,75.0,1.0,-0.7000000000000028,0.24242424242424368,0.22424242424242327,0.0,-1.0
0B06,P1,2025-07-16 12:36:48+00:00,CONTROL_PRE,,0,0.0,75.0,1.0,-0.19999999999998863,0.07272727272727064,-0.16969696969697304,0.0,-1.0
0B06,P1,2025-07-16 12:36:53+00:00,CONTROL_PRE,,0,0.0,73.0,1.0,-0.09999999999999432,-0.03030303030302897,0.16363636363636716,0.0,-3.0
0B06,P1,2025-07-16 12:37:13+00:00,CONTROL_PRE,,0,0.0,74.0,1.0,-2.299999999999997,0.04848484848485317,-0.39393939393939187,0.0,-2.0
0B06,P1,2025-07-16 12:37:18+00:00,CONTROL_PRE,,0,0.0,76.0,1.0,0.20000000000000284,0.5939393939393948,1.163636363636365,0.0,0.0
0B06,P2,2025-07-16 12:46:44+00:00,CONTROL_PRE,,0,0.0,75.0,1.0,2.299999999999997,0.41818181818182254,0.3939393939393956,0.0,2.0
0B06,P2,2025-07-16 12:46:49+00:00,CONTROL_PRE,,1,5.0,75.0,1.0,2.3999999999999915,-0.09090909090908962,-0.29090909090909245,0.0,2.0
0B06,P2,2025-07-16 12:48:09+00:00,R00_10,4.0,0,0.0,74.0,1.0,-1.5999999999999943,-0.4666666666666643,-0.3757575757575719,0.0,-2.0
0B06,P2,2025-07-16 12:48:14+00:00,R00_10,9.0,0,0.0,75.0,1.0,-2.299999999999997,-0.03636363636363829,0.04242424242423809,0.0,-0.5
0B06,P2,2025-07-16 12:48:19+00:00,R10_20,14.0,0,0.0,78.0,1.0,-0.4000000000000057,0.33333333333333215,0.7999999999999965,0.0,3.0
0B06,P2,2025-07-16 12:49:19+00:00,CONTROL_GT60,74.0,0,0.0,77.0,1.0,-0.10000000000000853,0.2424242424242453,0.13939393939394185,0.0,1.0
0B06,P2,2025-07-16 12:49:24+00:00,CONTROL_GT60,79.0,0,0.0,74.0,1.0,0.7000000000000028,-0.12121212121212165,0.12727272727272448,0.0,-2.0
0B06,P2,2025-07-16 12:49:29+00:00,CONTROL_GT60,84.0,0,0.0,75.0,1.0,-0.3999999999999915,-0.30303030303030337,-0.5454545454545486,0.0,-1.0
0B06,P2,2025-07-16 12:49:34+00:00,CONTROL_GT60,89.0,0,0.0,73.0,1.0,-1.7999999999999972,-0.0242424242424235,0.09696969696969815,0.0,-3.0
0C06,P2,2025-07-16 13:54:21+00:00,CONTROL_PRE,,1,1.0,80.0,1.0,0.9000000000000057,-0.22424242424242302,-0.5999999999999992,0.0,-1.0
0C06,P2,2025-07-16 13:54:26+00:00,CONTROL_PRE,,0,0.0,80.0,1.0,-1.4000000000000057,-0.22424242424242066,-0.2787878787878749,0.0,-1.0
0C06,P2,2025-07-16 13:54:56+00:00,CONTROL_PRE,,0,0.0,79.0,1.0,-4.199999999999989,-0.8727272727272737,-1.7575757575757573,0.2,-2.0
0C06,P2,2025-07-16 13:55:06+00:00,CONTROL_PRE,,0,0.0,84.0,1.0,0.6999999999999886,0.5393939393939406,1.4121212121212143,0.0,3.0
0C06,P2,2025-07-16 13:55:11+00:00,CONTROL_PRE,,0,0.0,82.0,1.0,3.8999999999999915,0.04848484848484966,-0.17575757575757753,0.2,1.0
0C06,P2,2025-07-16 13:55:41+00:00,CONTROL_PRE,,0,0.0,84.0,1.0,0.09999999999999432,0.11515151515151573,-0.2121212121212111,0.0,2.0
0C06,P2,2025-07-16 13:55:46+00:00,CONTROL_PRE,,0,0.0,82.0,1.0,-1.0999999999999943,-0.3515151515151487,-0.18787878787878334,0.0,0.0
0C06,P2,2025-07-16 13:55:51+00:00,CONTROL_PRE,,0,0.0,82.0,1.0,-2.0,0.006060606060604722,-0.109090909090911,0.0,0.0
0C06,P2,2025-07-16 13:55:56+00:00,CONTROL_PRE,,0,0.0,84.0,1.0,-1.2999999999999972,-0.06666666666666393,0.2848484848484848,0.0,2.0
0C06,P2,2025-07-16 13:56:06+00:00,CONTROL_PRE,,0,0.0,83.0,1.0,4.3999999999999915,-0.6484848484848471,-0.5818181818181831,0.6,1.0
0C06,P2,2025-07-16 13:57:11+00:00,CONTROL_PRE,,0,0.0,84.0,1.0,2.0999999999999943,-0.12121212121211897,-0.5151515151515117,0.0,3.0
0C06,P2,2025-07-16 13:57:16+00:00,CONTROL_PRE,,1,1.0,87.0,1.0,1.5999999999999943,0.6303030303030295,0.39999999999999425,0.5,6.0
0C06,P2,2025-07-16 13:57:56+00:00,CONTROL_PRE,,0,0.0,79.0,1.0,-2.200000000000003,-0.4121212121212074,-0.3393939393939358,0.0,-3.0
0C06,P2,2025-07-16 13:58:01+00:00,CONTROL_PRE,,0,0.0,81.0,1.0,-1.5,0.3636363636363631,0.5999999999999968,0.0,-1.0
0C06,P2,2025-07-16 13:58:26+00:00,CONTROL_PRE,,1,1.0,78.0,1.0,-3.299999999999997,-0.054545454545457006,0.24848484848484376,0.0,-4.0
0C06,P2,2025-07-16 13:58:31+00:00,CONTROL_PRE,,0,0.0,82.0,1.0,0.0,0.6787878787878786,1.1030303030303032,0.0,0.0
0C06,P2,2025-07-16 13:58:36+00:00,CONTROL_PRE,,0,0.0,85.0,1.0,5.5,0.8121212121212147,0.8666666666666717,0.1,3.0
0C06,P2,2025-07-16 13:58:41+00:00,CONTROL_PRE,,0,0.0,86.0,1.0,6.299999999999997,0.1393939393939415,-0.5393939393939371,0.2,4.0
0C06,P2,2025-07-16 13:58:46+00:00,CONTROL_PRE,,0,0.0,83.0,1.0,2.0,-0.18181818181818257,-0.9939393939393972,0.2,1.0
0C06,P1,2025-07-16 14:04:30+00:00,CONTROL_PRE,,0,0.0,83.0,1.0,-0.5,0.27878787878787875,0.648484848484848,0.0,-2.0
0C06,P1,2025-07-16 14:04:35+00:00,CONTROL_PRE,,0,0.0,86.0,1.0,3.0,0.6969696969696922,0.7272727272727205,0.0,1.0
0C06,P1,2025-07-16 14:04:40+00:00,CONTROL_PRE,,0,0.0,83.0,1.0,4.0,-0.14545454545454603,-0.42424242424242475,0.0,-2.0
0C06,P1,2025-07-16 14:04:45+00:00,CONTROL_PRE,,0,0.0,81.0,1.0,-0.29999999999999716,-0.5696969696969688,-1.266666666666661,0.0,-4.0
0C06,P1,2025-07-16 14:04:50+00:00,CONTROL_PRE,,0,0.0,80.0,1.0,-3.5999999999999943,-0.2181818181818144,-0.07272727272726837,0.0,-4.0
0C06,P1,2025-07-16 14:04:55+00:00,CONTROL_PRE,,0,0.0,80.0,1.0,-2.9000000000000057,-0.21212121212120874,0.3575757575757601,0.0,-4.0
0C06,P1,2025-07-16 14:05:00+00:00,CONTROL_PRE,,0,0.0,80.0,1.0,-1.6000000000000085,0.09696969696969757,0.31515151515151196,0.0,-4.0
0C06,P1,2025-07-16 14:05:30+00:00,CONTROL_PRE,,0,0.0,83.0,1.0,-1.0,0.13333333333333303,0.2060606060606084,0.0,0.0
0C06,P1,2025-07-16 14:05:55+00:00,CONTROL_PRE,,0,0.0,84.0,1.0,0.8000000000000114,0.40000000000000663,0.5454545454545514,0.0,1.0
0C06,P1,2025-07-16 14:06:20+00:00,CONTROL_PRE,,0,0.0,84.0,1.0,1.5,0.03636363636363483,-0.333333333333335,0.0,1.0
0C06,P1,2025-07-16 14:06:25+00:00,CONTROL_PRE,,0,0.0,87.0,1.0,0.9000000000000057,0.3393939393939426,0.11515151515151784,0.1,4.0
0C06,P1,2025-07-16 14:06:30+00:00,CONTROL_PRE,,0,0.0,84.0,1.0,0.7999999999999972,2.957548211512968e-15,-0.03636363636363187,0.1,1.0
0C06,P1,2025-07-16 14:06:50+00:00,CONTROL_PRE,,0,0.0,81.0,1.0,1.4000000000000057,2.8459074849433647e-15,0.30303030303030504,0.0,-2.0
0C06,P1,2025-07-16 14:06:55+00:00,CONTROL_PRE,,0,0.0,83.0,1.0,1.2000000000000028,0.04848484848484861,-0.32727272727272644,0.0,0.0
0C06,P1,2025-07-16 14:07:00+00:00,CONTROL_PRE,,0,0.0,80.0,1.0,0.0,-0.1454545454545409,-0.14545454545454375,0.0,-3.0
0C06,P1,2025-07-16 14:08:05+00:00,CONTROL_PRE,,0,0.0,82.0,1.0,-0.5,0.21818181818181695,0.01818181818181941,0.0,0.0
0C06,P1,2025-07-16 14:08:35+00:00,CONTROL_PRE,,0,0.0,84.0,1.0,1.8999999999999915,-0.07878787878787791,-0.43030303030303213,0.0,2.0
0C06,P1,2025-07-16 14:08:40+00:00,CONTROL_PRE,,0,0.0,85.0,1.0,0.9000000000000057,0.36969696969697063,0.09090909090909227,0.0,3.0
0D06,P2,2025-07-16 14:52:36+00:00,R00_10,0.0,0,0.0,66.0,1.0,-2.5,0.1272727272727294,0.10303030303030537,0.0,-5.0
0D06,P2,2025-07-16 14:52:41+00:00,R00_10,5.0,0,0.0,63.0,1.0,-1.7999999999999972,-0.4242424242424235,0.14545454545454456,0.0,-7.0
0D06,P2,2025-07-16 14:53:11+00:00,R30_60,35.0,0,0.0,66.0,1.0,1.6000000000000085,-0.07878787878787681,0.0606060606060614,0.0,-2.5
0D06,P2,2025-07-16 14:53:16+00:00,R30_60,40.0,0,0.0,65.0,1.0,0.5999999999999943,-0.02424242424242165,-0.4969696969696952,0.0,-3.0
0D06,P2,2025-07-16 14:53:41+00:00,CONTROL_GT60,65.0,0,0.0,75.0,1.0,4.0,-0.2000000000000029,-1.3939393939393996,1.0,6.5
0D06,P2,2025-07-16 14:53:46+00:00,CONTROL_GT60,70.0,0,0.0,73.0,1.0,-1.1999999999999886,-0.20606060606060556,-0.545454545454545,1.0,4.0
0D06,P2,2025-07-16 14:53:51+00:00,CONTROL_GT60,75.0,0,0.0,68.0,1.0,-3.4000000000000057,-0.7454545454545448,-0.5454545454545419,0.5,-1.0
0D06,P2,2025-07-16 14:53:56+00:00,CONTROL_GT60,80.0,0,0.0,67.0,1.0,-5.900000000000006,-0.6242424242424247,-0.41818181818181915,0.0,-2.0
0D06,P2,2025-07-16 14:54:06+00:00,CONTROL_GT60,90.0,0,0.0,71.0,1.0,0.5,0.42424242424242553,1.0484848484848501,0.0,2.0
0D06,P2,2025-07-16 14:54:16+00:00,CONTROL_GT60,100.0,0,0.0,69.0,1.0,0.4000000000000057,-0.3757575757575759,-0.8000000000000014,0.0,0.0
0D06,P2,2025-07-16 14:55:01+00:00,CONTROL_GT60,145.0,0,0.0,69.0,1.0,0.20000000000000284,0.25454545454545546,0.3636363636363648,0.0,0.0
0D06,P2,2025-07-16 14:55:06+00:00,CONTROL_GT60,150.0,0,0.0,68.0,1.0,0.9000000000000057,-0.25454545454545235,-0.28484848484848413,0.0,-1.0
0D06,P2,2025-07-16 14:55:56+00:00,CONTROL_GT60,200.0,0,0.0,70.0,1.0,-3.0,0.36969696969696997,0.33939393939393747,0.0,1.0
0D06,P2,2025-07-16 14:56:01+00:00,CONTROL_GT60,205.0,0,0.0,70.0,1.0,0.7999999999999972,0.33333333333333537,1.1393939393939403,0.0,1.0
0D06,P2,2025-07-16 14:56:51+00:00,CONTROL_GT60,255.0,0,0.0,71.0,1.0,-0.5999999999999943,0.12727272727272862,0.787878787878788,0.0,2.0
0D06,P2,2025-07-16 14:56:56+00:00,CONTROL_GT60,260.0,0,0.0,70.0,1.0,0.7999999999999972,-0.12727272727272637,-0.3151515151515142,0.0,1.0
0D06,P2,2025-07-16 14:57:01+00:00,CONTROL_GT60,265.0,0,0.0,69.0,1.0,-0.6000000000000085,-0.1515151515151505,-0.27878787878787914,0.0,0.0
0D06,P2,2025-07-16 14:57:06+00:00,CONTROL_GT60,270.0,0,0.0,69.0,1.0,-1.7000000000000028,-0.2424242424242403,-0.11515151515151392,0.0,0.0
0D06,P2,2025-07-16 14:58:16+00:00,CONTROL_GT60,340.0,0,0.0,69.0,1.0,2.9000000000000057,-0.06666666666666528,-0.09090909090909377,0.0,0.0
0D06,P2,2025-07-16 14:58:21+00:00,CONTROL_GT60,345.0,0,0.0,69.0,1.0,0.7000000000000028,-0.1696969696969677,-0.6121212121212128,0.0,0.0
0D06,P2,2025-07-16 14:58:26+00:00,CONTROL_GT60,350.0,0,0.0,71.0,1.0,-0.20000000000000284,0.4181818181818185,0.48484848484848375,0.0,2.0
0D06,P2,2025-07-16 14:58:31+00:00,CONTROL_GT60,355.0,0,0.0,72.0,1.0,2.200000000000003,0.2545454545454565,0.4242424242424242,0.0,3.0
0D06,P2,2025-07-16 14:58:36+00:00,CONTROL_GT60,360.0,0,0.0,69.0,1.0,1.9000000000000057,-0.18181818181818277,-0.6000000000000012,0.0,0.0
0A07R,P1,2025-07-17 10:26:52+00:00,CONTROL_PRE,,0,0.0,72.0,1.0,1.5999999999999943,0.9272727272727294,1.6242424242424223,0.5,7.0
0A07R,P1,2025-07-17 10:26:57+00:00,CONTROL_PRE,,0,0.0,73.0,1.0,6.900000000000006,0.49696969696969695,0.29696969696969605,1.0,7.0
0A07R,P1,2025-07-17 10:27:57+00:00,CONTROL_PRE,,0,0.0,62.0,1.0,-0.5999999999999943,0.27272727272727093,0.2666666666666608,0.0,-3.0
0A07R,P1,2025-07-17 10:28:02+00:00,CONTROL_PRE,,0,0.0,61.0,1.0,1.0,0.09696969696969647,0.2787878787878811,0.0,-4.0
0A07R,P1,2025-07-17 10:28:07+00:00,CONTROL_PRE,,0,0.0,62.0,1.0,0.6999999999999957,-0.07272727272727221,-0.3454545454545431,0.0,-3.0
0A07R,P1,2025-07-17 10:28:12+00:00,CONTROL_PRE,,0,0.0,61.0,1.0,-0.3999999999999986,0.1212121212121221,0.024242424242425634,0.0,-4.0
0A07R,P1,2025-07-17 10:28:17+00:00,CONTROL_PRE,,0,0.0,61.0,1.0,-0.19999999999999574,-0.07272727272727235,-1.3877787807814457e-16,0.0,-3.0
0A07R,P1,2025-07-17 10:28:22+00:00,CONTROL_PRE,,0,0.0,61.0,1.0,-0.20000000000000284,3.468081754793469e-15,-0.12121212121211863,0.0,-3.0
0A07R,P1,2025-07-17 10:28:27+00:00,CONTROL_PRE,,0,0.0,62.0,1.0,0.0,0.12121212121212328,0.19393939393939563,0.0,-2.0
0A07R,P1,2025-07-17 10:28:32+00:00,CONTROL_PRE,,0,0.0,64.0,1.0,1.2999999999999972,0.3939393939393925,0.39393939393938904,0.0,0.0
0A07R,P1,2025-07-17 10:28:37+00:00,CONTROL_PRE,,0,0.0,67.0,1.0,3.5,0.6242424242424252,0.5030303030303018,0.1,3.0
0A07R,P1,2025-07-17 10:28:42+00:00,CONTROL_PRE,,0,0.0,63.0,1.0,3.1000000000000085,-0.24242424242424016,-0.6363636363636327,0.1,-1.0
0A07R,P1,2025-07-17 10:28:47+00:00,CONTROL_PRE,,0,0.0,62.0,1.0,-1.1000000000000014,-0.44848484848485004,-1.0727272727272752,0.0,-2.0
0A07R,P1,2025-07-17 10:28:52+00:00,CONTROL_PRE,,0,0.0,62.0,1.0,-3.1000000000000085,-0.1272727272727263,0.11515151515151387,0.0,-2.0
0A07R,P1,2025-07-17 10:28:57+00:00,CONTROL_PRE,,0,0.0,60.0,1.0,-2.3000000000000043,-0.27272727272727326,0.17575757575757678,0.0,-3.0
0A07R,P1,2025-07-17 10:29:02+00:00,CONTROL_PRE,,0,0.0,60.0,1.0,-2.0,-0.15151515151515219,-0.024242424242425897,0.0,-3.0
0A07R,P1,2025-07-17 10:30:12+00:00,CONTROL_PRE,,0,0.0,58.0,1.0,-1.6999999999999957,-0.242424242424242,-0.2484848484848477,0.0,-4.0
0A07R,P1,2025-07-17 10:30:17+00:00,CONTROL_PRE,,0,0.0,60.0,1.0,-2.1000000000000014,-0.06666666666666873,0.13939393939393538,0.0,-2.0
0A07R,P1,2025-07-17 10:30:22+00:00,CONTROL_PRE,,0,0.0,64.0,1.0,0.7999999999999972,0.7878787878787901,1.030303030303032,0.0,2.0
0A07R,P1,2025-07-17 10:31:12+00:00,CONTROL_PRE,,0,0.0,56.0,1.0,1.1000000000000014,-0.20000000000000073,-0.05454545454545576,0.0,-5.0
0A07R,P1,2025-07-17 10:31:17+00:00,R00_10,0.0,0,0.0,56.0,1.0,-0.8999999999999986,-0.2787878787878789,-0.7212121212121222,0.0,-5.0
0A07R,P1,2025-07-17 10:31:22+00:00,R00_10,5.0,0,0.0,58.0,1.0,-1.1999999999999957,0.2727272727272725,0.4727272727272732,0.0,-3.0
0A07R,P1,2025-07-17 10:32:12+00:00,R30_60,55.0,0,0.0,65.0,1.0,1.5,0.4121212121212125,-0.00606060606060671,0.3,4.0
0A07R,P1,2025-07-17 10:32:37+00:00,CONTROL_GT60,80.0,0,0.0,62.0,1.0,-3.799999999999997,-0.15151515151515288,-0.07272727272727571,0.0,1.0
0A07R,P1,2025-07-17 10:32:42+00:00,CONTROL_GT60,85.0,0,0.0,66.0,1.0,-1.0,0.478787878787878,1.1272727272727239,0.3,5.0
0A07R,P2,2025-07-17 10:41:24+00:00,CONTROL_PRE,,0,0.0,59.0,1.0,-1.2999999999999972,-0.030303030303029117,0.04242424242424162,0.0,-6.0
0A07R,P2,2025-07-17 10:41:44+00:00,CONTROL_PRE,,0,0.0,61.0,1.0,2.3999999999999986,0.1757575757575769,0.14545454545454328,0.0,-3.0
0A07R,P2,2025-07-17 10:42:09+00:00,CONTROL_PRE,,0,0.0,61.0,1.0,-0.8999999999999986,-0.2909090909090908,-0.13939393939393835,0.0,-2.0
0A07R,P2,2025-07-17 10:42:14+00:00,CONTROL_PRE,,0,0.0,61.0,1.0,-1.8000000000000043,-0.18181818181818107,-0.2545454545454542,0.0,-2.0
0A07R,P2,2025-07-17 10:42:54+00:00,CONTROL_PRE,,0,0.0,59.0,1.0,-1.6999999999999957,-0.2969696969696983,-0.9393939393939421,0.0,-4.0
0A07R,P2,2025-07-17 10:42:59+00:00,CONTROL_PRE,,0,0.0,62.0,1.0,-2.1000000000000014,0.32727272727273005,0.8787878787878819,0.0,0.0
0A07R,P2,2025-07-17 10:43:39+00:00,CONTROL_PRE,,0,0.0,62.0,1.0,2.799999999999997,0.12121212121211947,-0.12121212121212277,0.0,0.0
0A07R,P2,2025-07-17 10:43:44+00:00,CONTROL_PRE,,0,0.0,61.0,1.0,1.1000000000000014,-0.07878787878787888,-0.4787878787878822,0.0,-1.0
0A07R,P2,2025-07-17 10:44:09+00:00,R00_10,2.0,0,0.0,59.0,1.0,1.2000000000000028,-0.9030303030303028,-1.660606060606062,0.2,-3.0
0A07R,P2,2025-07-17 10:44:14+00:00,R00_10,7.0,0,0.0,60.0,1.0,-4.199999999999996,-0.1999999999999969,-0.5696969696969687,0.0,-2.0
0A07R,P2,2025-07-17 10:44:19+00:00,R10_20,12.0,0,0.0,59.0,1.0,-3.5,-0.024242424242421796,0.878787878787881,0.0,-2.0
0A07R,P2,2025-07-17 10:45:24+00:00,CONTROL_GT60,77.0,0,0.0,62.0,1.0,-1.0,0.24242424242424435,-0.13333333333333444,0.0,1.0
0A07R,P2,2025-07-17 10:45:29+00:00,CONTROL_GT60,82.0,0,0.0,61.0,1.0,0.0,2.1461253952853342e-15,0.4848484848484873,0.0,0.0
0A07R,P2,2025-07-17 10:46:24+00:00,R00_10,2.0,0,0.0,62.0,1.0,0.7000000000000028,0.09090909090908968,0.13939393939393907,0.0,1.0
0A07R,P2,2025-07-17 10:46:29+00:00,R00_10,7.0,0,0.0,61.0,1.0,0.7000000000000028,-0.042424242424240234,-0.06666666666666575,0.0,0.0
0A07R,P2,2025-07-17 10:46:49+00:00,R20_30,27.0,0,0.0,59.0,1.0,-1.4000000000000057,-0.12727272727272826,-0.09696969696970024,0.0,-2.0
0A07R,P2,2025-07-17 10:46:54+00:00,R30_60,32.0,0,0.0,60.0,1.0,-1.0,0.0969696969696979,0.3393939393939387,0.0,-1.0
0A07R,P2,2025-07-17 10:46:59+00:00,R30_60,37.0,0,0.0,57.0,1.0,-0.3999999999999986,-0.1999999999999984,-0.07272727272727014,0.0,-4.0
0B07,P1,2025-07-17 12:35:23+00:00,CONTROL_PRE,,0,0.0,87.0,1.0,2.0,0.1515151515151529,0.1333333333333317,0.0,-1.0
0B07,P1,2025-07-17 12:35:28+00:00,CONTROL_PRE,,0,0.0,88.0,1.0,0.7999999999999972,-0.25454545454545674,-0.5090909090909148,0.0,0.0
0B07,P1,2025-07-17 12:35:48+00:00,CONTROL_PRE,,0,0.0,83.0,1.0,1.2999999999999972,0.29090909090909617,1.3636363636363693,0.0,-5.0
0B07,P1,2025-07-17 12:35:53+00:00,CONTROL_PRE,,0,0.0,82.0,1.0,2.5,-0.24242424242424176,-0.866666666666664,0.0,-5.0
0B07,P1,2025-07-17 12:36:13+00:00,CONTROL_PRE,,0,0.0,88.0,1.0,2.3000000000000114,0.393939393939395,0.00606060606060671,0.0,1.0
0B07,P1,2025-07-17 12:36:18+00:00,CONTROL_PRE,,0,0.0,88.0,1.0,3.299999999999997,0.4242424242424245,0.3333333333333297,0.0,1.0
0B07,P1,2025-07-17 12:37:38+00:00,CONTROL_PRE,,0,0.0,76.0,1.0,-2.200000000000003,-0.46666666666666307,-0.4121212121212099,0.0,-8.0
0B07,P1,2025-07-17 12:37:43+00:00,CONTROL_PRE,,0,0.0,79.0,1.0,-2.1000000000000085,0.2606060606060601,0.4060606060606024,0.0,-5.0
0B07,P1,2025-07-17 12:37:48+00:00,CONTROL_PRE,,0,0.0,83.0,1.0,2.0,0.6121212121212128,1.078787878787876,0.0,-1.0
0B07,P1,2025-07-17 12:37:58+00:00,CONTROL_PRE,,0,0.0,81.0,1.0,4.099999999999994,-0.42424242424242437,-1.0363636363636373,0.0,-3.0
0B07,P1,2025-07-17 12:38:03+00:00,CONTROL_PRE,,0,0.0,81.0,1.0,-1.2999999999999972,-0.35151515151514956,-1.0727272727272736,0.0,-3.0
0B07,P1,2025-07-17 12:38:08+00:00,CONTROL_PRE,,0,0.0,80.0,1.0,-2.8999999999999915,-0.05454545454545423,0.36969696969697013,0.0,-4.0
0B07,P2,2025-07-17 12:45:39+00:00,CONTROL_PRE,,0,0.0,80.0,1.0,-0.5,-0.4787878787878744,-0.6969696969696906,0.0,-3.0
0B07,P2,2025-07-17 12:48:24+00:00,CONTROL_PRE,,0,0.0,78.0,1.0,-5.5,-0.08484848484848499,0.5878787878787828,0.0,-1.0
0B07,P2,2025-07-17 12:48:39+00:00,CONTROL_PRE,,0,0.0,76.0,1.0,1.2000000000000028,-0.5515151515151516,-0.8848484848484892,0.0,-3.0
0B07,P2,2025-07-17 12:48:44+00:00,CONTROL_PRE,,0,0.0,79.0,1.0,-1.7000000000000028,0.09090909090909123,-0.23636363636363816,0.0,0.0
0C07,P2,2025-07-17 13:31:10+00:00,CONTROL_PRE,,0,0.0,81.0,1.0,0.7000000000000028,-0.26666666666666555,-0.563636363636365,0.0,-2.0
0C07,P2,2025-07-17 13:31:15+00:00,CONTROL_PRE,,0,0.0,82.0,1.0,-1.2999999999999972,-0.10909090909091163,-0.2606060606060612,0.0,-1.0
0C07,P2,2025-07-17 13:31:20+00:00,CONTROL_PRE,,0,0.0,79.0,1.0,-2.0,-0.44848484848484477,-0.18181818181817921,0.0,-4.0
0C07,P2,2025-07-17 13:31:25+00:00,CONTROL_PRE,,0,0.0,80.0,1.0,-2.8000000000000114,-0.14545454545454467,-0.036363636363633045,0.0,-3.0
0C07,P2,2025-07-17 13:31:45+00:00,CONTROL_PRE,,0,0.0,83.0,1.0,0.5999999999999943,-0.012121212121209202,-0.8000000000000016,0.0,0.0
0C07,P2,2025-07-17 13:31:50+00:00,CONTROL_PRE,,0,0.0,85.0,1.0,-0.5,-0.09090909090908789,0.27272727272727204,0.0,2.0
0C07,P2,2025-07-17 13:32:00+00:00,CONTROL_PRE,,0,0.0,84.0,1.0,0.3999999999999915,-0.22424242424242405,-0.13333333333333616,0.0,1.0
0C07,P2,2025-07-17 13:32:10+00:00,CONTROL_PRE,,0,0.0,90.0,1.0,2.0,0.5878787878787888,0.8121212121212128,0.4,7.0
0C07,P2,2025-07-17 13:32:15+00:00,CONTROL_PRE,,0,0.0,90.0,1.0,4.700000000000003,0.4424242424242429,0.2606060606060592,0.9,7.0
0C07,P2,2025-07-17 13:32:20+00:00,CONTROL_PRE,,0,0.0,89.0,1.0,3.5,-0.0848484848484866,-0.6727272727272754,1.0,5.0
0C07,P2,2025-07-17 13:33:35+00:00,CONTROL_PRE,,0,0.0,92.0,1.0,0.7000000000000028,0.3212121212121211,0.12727272727272804,1.0,7.0
0C07,P2,2025-07-17 13:33:40+00:00,CONTROL_PRE,,0,0.0,92.0,1.0,2.0999999999999943,0.10303030303030117,0.2242424242424259,1.0,7.0
0C07,P2,2025-07-17 13:33:45+00:00,CONTROL_PRE,,0,0.0,86.0,1.0,-0.10000000000000853,-0.7515151515151526,-1.0727272727272736,0.8,1.0
0C07,P2,2025-07-17 13:34:05+00:00,CONTROL_PRE,,0,0.0,86.0,1.0,-1.3999999999999915,0.2666666666666657,0.6909090909090922,0.0,1.0
0C07,P2,2025-07-17 13:34:20+00:00,CONTROL_PRE,,0,0.0,90.0,1.0,4.400000000000006,0.09090909090909542,-0.24242424242423954,1.0,4.0
0C07,P2,2025-07-17 13:34:55+00:00,CONTROL_PRE,,0,0.0,92.0,1.0,2.4000000000000057,0.39393939393939587,0.9575757575757529,0.9,6.0
0C07,P2,2025-07-17 13:35:30+00:00,CONTROL_PRE,,0,0.0,87.0,1.0,-0.09999999999999432,0.2787878787878756,0.9272727272727255,0.0,1.0
0C07,P2,2025-07-17 13:35:35+00:00,CONTROL_PRE,,0,0.0,86.0,1.0,1.7000000000000028,-0.10303030303030229,-0.2848484848484887,0.0,0.0
0C07,P2,2025-07-17 13:35:55+00:00,CONTROL_PRE,,0,0.0,79.0,1.0,-1.7999999999999972,-0.8545454545454554,-1.078787878787879,0.0,-7.0
0C07,P2,2025-07-17 13:36:00+00:00,CONTROL_PRE,,0,0.0,81.0,1.0,-3.4000000000000057,0.5939393939393898,0.6545454545454482,0.0,-5.0
0C07,P1,2025-07-17 13:45:21+00:00,CONTROL_PRE,,0,0.0,92.0,1.0,1.5999999999999943,0.17575757575757484,-0.824242424242426,1.0,7.0
0C07,P1,2025-07-17 13:45:56+00:00,CONTROL_PRE,,0,0.0,80.0,1.0,-1.0,-0.8060606060606045,-1.15151515151515,0.0,-3.0
0C07,P1,2025-07-17 13:46:01+00:00,CONTROL_PRE,,0,0.0,80.0,1.0,-4.099999999999994,-0.030303030303026744,-0.1757575757575725,0.0,-3.0
0C07,P1,2025-07-17 13:46:06+00:00,CONTROL_PRE,,0,0.0,82.0,1.0,-1.2999999999999972,0.31515151515151435,1.1212121212121189,0.0,-1.0
0C07,P1,2025-07-17 13:46:41+00:00,CONTROL_PRE,,0,0.0,91.0,1.0,3.0,0.666666666666669,0.5818181818181841,0.8,7.0
0C07,P1,2025-07-17 13:46:46+00:00,CONTROL_PRE,,0,0.0,86.0,1.0,1.7999999999999972,-0.6484848484848444,-0.9333333333333287,0.6,1.0
0C07,P1,2025-07-17 13:46:56+00:00,CONTROL_PRE,,0,0.0,85.0,1.0,-5.5,-0.24242424242424046,0.406060606060604,0.0,0.0
0C07,P1,2025-07-17 13:47:01+00:00,CONTROL_PRE,,0,0.0,83.0,1.0,-2.6000000000000085,0.16969696969696788,0.7757575757575726,0.0,-2.0
0C07,P1,2025-07-17 13:47:11+00:00,CONTROL_PRE,,0,0.0,83.0,1.0,-0.19999999999998863,-0.14545454545454203,-0.3151515151515099,0.0,-1.0
0C07,P1,2025-07-17 13:47:16+00:00,CONTROL_PRE,,0,0.0,88.0,1.0,1.0,0.6484848484848517,0.7515151515151496,0.1,4.0
0C07,P1,2025-07-17 13:47:21+00:00,CONTROL_PRE,,0,0.0,90.0,1.0,4.599999999999994,0.49696969696969695,0.642424242424239,0.6,6.0
0C07,P1,2025-07-17 13:47:41+00:00,CONTROL_PRE,,0,0.0,88.0,1.0,-1.1000000000000085,0.14545454545454592,0.8303030303030321,0.0,3.0
0C07,P1,2025-07-17 13:47:46+00:00,CONTROL_PRE,,0,0.0,86.0,1.0,1.0,-0.04242424242423909,-0.0848484848484841,0.0,1.0
0C07,P1,2025-07-17 13:48:26+00:00,CONTROL_PRE,,0,0.0,89.0,1.0,3.799999999999997,-0.41212121212120917,-0.6424242424242411,0.5,3.0
0C07,P1,2025-07-17 13:48:31+00:00,CONTROL_PRE,,0,0.0,83.0,1.0,-1.9000000000000057,-0.6242424242424242,-1.4848484848484858,0.0,-3.0
0C07,P1,2025-07-17 13:48:36+00:00,CONTROL_PRE,,0,0.0,80.0,1.0,-6.799999999999997,-0.9696969696969713,-0.557575757575762,0.0,-6.0
0C07,P1,2025-07-17 13:49:21+00:00,CONTROL_PRE,,0,0.0,85.0,1.0,-3.9000000000000057,1.1636363636363625,1.3757575757575737,0.0,0.0
0C07,P1,2025-07-17 13:49:51+00:00,CONTROL_PRE,,0,0.0,84.0,1.0,-1.6000000000000085,-0.25454545454545247,0.15757575757575631,0.0,-2.0
0C07,P1,2025-07-17 13:49:56+00:00,CONTROL_PRE,,0,0.0,88.0,1.0,-1.2000000000000028,-0.13939393939393838,-0.23030303030303403,0.0,2.0
0C07R,P2,2025-07-17 14:30:47+00:00,CONTROL_PRE,,0,0.0,76.0,1.0,2.8999999999999915,0.3757575757575763,0.5393939393939406,0.2,4.0
0C07R,P2,2025-07-17 14:30:52+00:00,CONTROL_PRE,,0,0.0,75.0,1.0,2.9000000000000057,7.428255468566161e-16,-0.4666666666666673,0.4,3.0
0C07R,P2,2025-07-17 14:30:57+00:00,CONTROL_PRE,,0,0.0,77.0,1.0,0.9000000000000057,0.054545454545456465,-0.32121212121211984,0.4,5.0
0C07R,P2,2025-07-17 14:31:02+00:00,CONTROL_PRE,,0,0.0,75.0,1.0,0.5999999999999943,0.12121212121212167,0.12121212121212092,0.6,3.0
0C07R,P2,2025-07-17 14:31:07+00:00,CONTROL_PRE,,0,0.0,73.0,1.0,-0.29999999999999716,-0.47272727272727255,-0.527272727272729,0.4,1.0
0C07R,P2,2025-07-17 14:31:12+00:00,CONTROL_PRE,,0,0.0,73.0,1.0,-2.5,-0.19999999999999712,-0.3212121212121188,0.0,1.0
0C07R,P2,2025-07-17 14:31:22+00:00,CONTROL_PRE,,0,0.0,73.0,1.0,0.09999999999999432,1.2428647475229754e-15,0.19999999999999837,0.0,0.0
0C07R,P2,2025-07-17 14:31:27+00:00,CONTROL_PRE,,0,0.0,74.0,1.0,0.29999999999999716,1.2428647475229754e-15,-0.127272727272725,0.0,1.0
0C07R,P2,2025-07-17 14:31:47+00:00,CONTROL_PRE,,0,0.0,80.0,1.0,-0.5999999999999943,0.13939393939394096,-0.7030303030303023,1.0,7.0
0C07R,P2,2025-07-17 14:32:02+00:00,CONTROL_PRE,,0,0.0,77.0,1.0,-3.1999999999999886,0.290909090909093,0.26666666666666916,0.2,3.0
0C07R,P2,2025-07-17 14:32:07+00:00,CONTROL_PRE,,0,0.0,75.0,1.0,-1.2999999999999972,-0.3696969696969719,0.39393939393939353,0.2,1.0
0C07R,P2,2025-07-17 14:32:12+00:00,CONTROL_PRE,,0,0.0,73.0,1.0,-1.8000000000000114,-0.25454545454545563,-0.5454545454545486,0.0,-1.0
0C07R,P2,2025-07-17 14:32:47+00:00,CONTROL_PRE,,1,5.0,69.0,1.0,-5.3999999999999915,-0.6484848484848487,-0.5939393939393938,0.0,-5.0
0C07R,P2,2025-07-17 14:32:52+00:00,CONTROL_PRE,,1,5.0,69.0,1.0,-5.5,-0.24242424242424193,0.5878787878787886,0.0,-5.0
0C07R,P2,2025-07-17 14:32:57+00:00,CONTROL_PRE,,0,0.0,71.0,1.0,-2.200000000000003,0.22424242424242682,0.8727272727272755,0.0,-3.0
0C07R,P2,2025-07-17 14:33:02+00:00,CONTROL_PRE,,0,0.0,71.0,1.0,0.6000000000000085,0.1333333333333348,0.37575757575757673,0.0,-3.0
0C07R,P2,2025-07-17 14:33:07+00:00,CONTROL_PRE,,0,0.0,72.0,1.0,1.5999999999999943,0.23636363636363472,0.012121212121207897,0.0,-2.0
0C07R,P2,2025-07-17 14:33:17+00:00,CONTROL_PRE,,0,0.0,70.0,1.0,0.0,-0.2727272727272741,-0.5090909090909088,0.0,-3.0
0C07R,P2,2025-07-17 14:33:22+00:00,CONTROL_PRE,,0,0.0,69.0,1.0,-1.7999999999999972,-0.19393939393939355,-0.19393939393939563,0.0,-4.0
0C07R,P2,2025-07-17 14:33:37+00:00,CONTROL_PRE,,0,0.0,72.0,1.0,1.5999999999999943,0.22424242424242583,0.2545454545454533,0.0,-1.0
0C07R,P2,2025-07-17 14:33:42+00:00,CONTROL_PRE,,0,0.0,73.0,1.0,2.0999999999999943,0.22424242424242433,-0.030303030303030748,0.0,0.0
0C07R,P2,2025-07-17 14:33:47+00:00,CONTROL_PRE,,0,0.0,72.0,1.0,1.3000000000000114,-0.04848484848484904,-0.27272727272727487,0.0,-1.0
0C07R,P2,2025-07-17 14:34:07+00:00,CONTROL_PRE,,0,0.0,71.0,1.0,0.5999999999999943,-0.05454545454545296,-0.024242424242422494,0.0,-2.0
0C07R,P2,2025-07-17 14:34:12+00:00,CONTROL_PRE,,0,0.0,72.0,1.0,-0.10000000000000853,-0.1272727272727263,-0.2848484848484839,0.0,-1.0
0C07R,P2,2025-07-17 14:34:17+00:00,CONTROL_PRE,,0,0.0,70.0,1.0,-1.2999999999999972,-0.1939393939393926,-0.13939393939393965,0.0,-3.0
0C07R,P2,2025-07-17 14:34:22+00:00,CONTROL_PRE,,0,0.0,72.0,1.0,-1.5,0.024242424242424395,0.1515151515151507,0.0,-1.0
0C07R,P2,2025-07-17 14:34:27+00:00,CONTROL_PRE,,0,0.0,73.0,1.0,0.20000000000000284,0.3272727272727258,0.5212121212121185,0.0,0.0
0C07R,P1,2025-07-17 14:42:57+00:00,R00_10,1.0,0,0.0,74.0,1.0,1.7999999999999972,-0.14545454545454686,-0.33939393939394147,0.0,-1.0
0C07R,P1,2025-07-17 14:43:02+00:00,R00_10,6.0,0,0.0,72.0,1.0,-0.9000000000000057,-0.3515151515151492,-0.6969696969696949,0.0,-3.0
0C07R,P1,2025-07-17 14:43:42+00:00,R30_60,46.0,0,0.0,73.0,1.0,0.7000000000000028,1.2956314198823012e-15,-0.24848484848484817,0.0,0.0
0C07R,P1,2025-07-17 14:43:47+00:00,R30_60,51.0,0,0.0,73.0,1.0,0.09999999999999432,0.054545454545455396,0.05454545454545593,0.0,0.0
0C07R,P1,2025-07-17 14:44:17+00:00,CONTROL_GT60,81.0,0,0.0,72.0,1.0,-1.5999999999999943,-0.18181818181817944,-0.18181818181818094,0.0,-1.0
0C07R,P1,2025-07-17 14:44:22+00:00,CONTROL_GT60,86.0,0,0.0,72.0,1.0,-1.4000000000000057,1.3813035391879868e-15,0.2424242424242446,0.0,-1.0
0C07R,P1,2025-07-17 14:44:27+00:00,CONTROL_GT60,91.0,0,0.0,72.0,1.0,-0.4000000000000057,1.3813035391879868e-15,0.18181818181818082,0.0,-1.0
0C07R,P1,2025-07-17 14:45:02+00:00,CONTROL_GT60,126.0,0,0.0,76.0,1.0,-0.5999999999999943,0.07272727272727346,-0.16969696969696912,0.0,3.0
0C07R,P1,2025-07-17 14:45:07+00:00,CONTROL_GT60,131.0,0,0.0,75.0,1.0,-0.30000000000001137,-4.1763428066892634e-15,0.23636363636362917,0.0,2.0
0C07R,P1,2025-07-17 14:45:17+00:00,CONTROL_GT60,141.0,0,0.0,75.0,1.0,-0.5999999999999943,-1.6968374866019227e-15,2.4795053200873407e-15,0.0,2.0
0C07R,P1,2025-07-17 14:45:22+00:00,CONTROL_GT60,146.0,0,0.0,75.0,1.0,0.0,0.05454545454545654,0.1818181818181848,0.0,2.0
0C07R,P1,2025-07-17 14:45:27+00:00,CONTROL_GT60,151.0,0,0.0,77.0,1.0,1.0,0.14545454545454742,0.1454545454545491,0.1,3.0
0C07R,P1,2025-07-17 14:45:32+00:00,CONTROL_GT60,156.0,0,0.0,75.0,1.0,1.0,-0.03030303030303129,-0.08484848484848784,0.1,1.0
0C07R,P1,2025-07-17 14:46:32+00:00,CONTROL_GT60,216.0,0,0.0,73.0,1.0,0.4000000000000057,0.018181818181822424,-0.10909090909090775,0.0,0.0
0C07R,P1,2025-07-17 14:46:37+00:00,CONTROL_GT60,221.0,0,0.0,74.0,1.0,0.8000000000000114,0.20606060606060628,0.20606060606060367,0.0,1.0
0C07R,P1,2025-07-17 14:46:42+00:00,CONTROL_GT60,226.0,0,0.0,78.0,1.0,2.5,0.44848484848484804,0.43030303030302564,0.2,5.0
0C07R,P1,2025-07-17 14:46:57+00:00,CONTROL_GT60,241.0,0,0.0,72.0,1.0,-4.1000000000000085,-0.5333333333333301,-0.9757575757575754,0.1,-1.0
0C07R,P1,2025-07-17 14:47:02+00:00,CONTROL_GT60,246.0,0,0.0,72.0,1.0,-5.0,-0.15151515151514966,0.6545454545454525,0.0,-1.0
0A08,P1,2025-07-17 15:44:04+00:00,CONTROL_PRE,,0,0.0,74.0,1.0,-2.1000000000000085,0.090909090909089,0.23636363636363303,0.0,-2.0
0A08,P1,2025-07-17 15:44:29+00:00,CONTROL_PRE,,0,0.0,75.0,1.0,1.5999999999999943,0.12727272727272979,0.25454545454545685,0.0,0.0
0A08,P1,2025-07-17 15:45:09+00:00,CONTROL_PRE,,0,0.0,74.0,1.0,0.0,0.24242424242424476,0.09696969696969729,0.0,-1.0
0A08,P1,2025-07-17 15:45:14+00:00,CONTROL_PRE,,0,0.0,74.0,1.0,1.1000000000000085,0.054545454545457304,0.22424242424242696,0.0,-0.5
0A08,P1,2025-07-17 15:45:24+00:00,CONTROL_PRE,,0,0.0,74.0,1.0,0.7999999999999972,-0.11515151515151205,-0.16969696969696935,0.0,-0.5
0A08,P1,2025-07-17 15:45:34+00:00,CONTROL_PRE,,0,0.0,74.0,1.0,-0.7999999999999972,0.01818181818182034,0.1333333333333324,0.0,0.0
0A08,P1,2025-07-17 15:45:54+00:00,CONTROL_PRE,,0,0.0,75.0,1.0,1.2999999999999972,-0.545454545454543,-1.0242424242424228,0.4,1.0
0A08,P1,2025-07-17 15:46:04+00:00,CONTROL_PRE,,0,0.0,77.0,1.0,-0.29999999999999716,0.2484848484848491,0.7939393939393921,0.0,2.0
0A08,P1,2025-07-17 15:46:09+00:00,CONTROL_PRE,,0,0.0,77.0,1.0,1.9000000000000057,0.07272727272727697,-0.03030303030302653,0.0,2.0
0A08,P1,2025-07-17 15:46:19+00:00,CONTROL_PRE,,0,0.0,76.0,1.0,0.0,-0.21818181818181828,-0.2909090909090952,0.0,1.0
0A08,P1,2025-07-17 15:46:24+00:00,CONTROL_PRE,,0,0.0,75.0,1.0,-1.7999999999999972,-0.3030303030302989,-0.39999999999999536,0.0,0.0
0A08,P1,2025-07-17 15:46:29+00:00,CONTROL_PRE,,0,0.0,74.0,1.0,-2.1000000000000085,-0.006060606060606316,0.21212121212121196,0.0,-1.0
0A08,P1,2025-07-17 15:46:34+00:00,CONTROL_PRE,,0,0.0,75.0,1.0,-0.5999999999999943,3.978437131893013e-15,0.30303030303030287,0.0,0.0
0A08,P1,2025-07-17 15:46:49+00:00,CONTROL_PRE,,0,0.0,76.0,1.0,0.5,-0.06666666666666385,-0.018181818181818563,0.0,1.0
0A08,P1,2025-07-17 15:46:54+00:00,CONTROL_PRE,,0,0.0,77.0,1.0,1.1999999999999886,0.2969696969696976,0.16969696969696982,0.0,2.0
0A08,P1,2025-07-17 15:47:24+00:00,CONTROL_PRE,,0,0.0,77.0,1.0,-0.3999999999999915,0.15757575757575557,0.012121212121208064,0.0,2.0
0A08,P1,2025-07-17 15:47:29+00:00,CONTROL_PRE,,0,0.0,74.0,1.0,0.0,-0.09696969696969641,0.109090909090911,0.0,-1.0
0A08,P1,2025-07-17 15:49:14+00:00,CONTROL_PRE,,0,0.0,77.0,1.0,2.0,0.42424242424242437,0.1333333333333343,0.0,2.0
0A08,P1,2025-07-17 15:49:19+00:00,CONTROL_PRE,,0,0.0,76.0,1.0,2.0999999999999943,-0.14545454545454176,-0.24848484848484137,0.0,1.0
0A08,P1,2025-07-17 15:49:29+00:00,CONTROL_PRE,,0,0.0,78.0,1.0,1.4000000000000057,0.3515151515151544,0.4969696969696962,0.5,3.0
0A08,P1,2025-07-17 15:49:34+00:00,CONTROL_PRE,,0,0.0,76.0,1.0,1.7000000000000028,-0.24242424242424224,-0.5393939393939399,0.5,1.0
0A08,P1,2025-07-17 15:49:44+00:00,CONTROL_PRE,,0,0.0,74.0,1.0,-5.200000000000003,-2.0385766701903047e-15,0.2424242424242402,0.0,-1.0
0A08,P2,2025-07-17 15:58:14+00:00,CONTROL_PRE,,0,0.0,79.0,1.0,1.7000000000000028,0.18181818181818193,0.272727272727273,0.0,-1.0
0A08,P2,2025-07-17 15:58:19+00:00,CONTROL_PRE,,0,0.0,78.0,1.0,0.7000000000000028,-0.3090909090909066,-0.551515151515153,0.0,-2.0
0A08,P2,2025-07-17 15:58:39+00:00,CONTROL_PRE,,0,0.0,77.0,1.0,-1.1000000000000085,-0.15151515151515133,-0.15151515151515169,0.0,-2.0
0A08,P2,2025-07-17 15:58:44+00:00,CONTROL_PRE,,0,0.0,79.0,1.0,-1.6000000000000085,-0.00606060606060185,0.14545454545454845,0.0,0.0
0A08,P2,2025-07-17 15:58:59+00:00,CONTROL_PRE,,0,0.0,78.0,1.0,-0.7999999999999972,-0.424242424242422,-1.5151515151515134,0.0,-1.0
0A08,P2,2025-07-17 15:59:19+00:00,CONTROL_PRE,,0,0.0,80.0,1.0,2.799999999999997,0.18787878787878967,-0.06060606060605833,0.0,1.0
0A08,P2,2025-07-17 15:59:24+00:00,CONTROL_PRE,,0,0.0,80.0,1.0,1.2999999999999972,-0.19999999999999996,-0.6606060606060629,0.0,1.0
0A08,P2,2025-07-17 15:59:39+00:00,CONTROL_PRE,,0,0.0,80.0,1.0,-2.0,0.04242424242424164,0.036363636363636334,0.0,1.0
0A08,P2,2025-07-17 15:59:44+00:00,CONTROL_PRE,,0,0.0,75.0,1.0,0.20000000000000284,1.4392282997639044e-15,0.5212121212121219,0.0,-4.0
0A08,P2,2025-07-17 15:59:54+00:00,CONTROL_PRE,,0,0.0,78.0,1.0,-1.0999999999999943,0.3696969696969706,0.36969696969696914,0.0,-1.0
0A08,P2,2025-07-17 15:59:59+00:00,R00_10,0.0,0,0.0,79.0,1.0,0.7999999999999972,1.4392282997639044e-15,0.41212121212121183,0.0,0.0
0A08,P2,2025-07-17 16:00:04+00:00,R00_10,5.0,0,0.0,78.0,1.0,1.0,-0.10303030303029942,-0.47272727272727,0.0,-1.0
0A08,P2,2025-07-17 16:00:09+00:00,R00_10,10.0,0,0.0,78.0,1.0,-0.5,-0.06666666666666812,-0.06666666666666957,0.0,-1.0
0A08,P2,2025-07-17 16:00:14+00:00,R10_20,15.0,0,0.0,79.0,1.0,-0.4000000000000057,0.018181818181817484,0.1212121212121169,0.0,0.0
0A08,P2,2025-07-17 16:00:24+00:00,R20_30,25.0,0,0.0,76.0,1.0,1.4000000000000057,-0.5151515151515161,-0.5333333333333337,0.0,-3.0
0A08,P2,2025-07-17 16:00:29+00:00,R20_30,30.0,0,0.0,79.0,1.0,-1.6000000000000085,-0.15151515151515083,-0.56969696969697,0.0,0.0
0A08,P2,2025-07-17 16:00:39+00:00,R30_60,40.0,0,0.0,81.0,1.0,1.4000000000000057,0.24848484848485006,0.4000000000000009,0.0,2.0
0A08,P2,2025-07-17 16:00:44+00:00,R30_60,45.0,0,0.0,78.0,1.0,1.9000000000000057,-0.08484848484848477,-0.321212121212122,0.0,-1.0
0A08,P2,2025-07-17 16:01:19+00:00,CONTROL_GT60,80.0,0,0.0,73.0,1.0,-2.0,-1.0606060606060617,-0.7515151515151487,0.1,-6.0
0A08,P2,2025-07-17 16:01:24+00:00,CONTROL_GT60,85.0,0,0.0,77.0,1.0,-4.900000000000006,-0.16363636363636389,-0.3575757575757583,0.0,-2.0
0A08,P2,2025-07-17 16:01:29+00:00,CONTROL_GT60,90.0,0,0.0,78.0,1.0,-2.0,0.5030303030303027,1.5636363636363644,0.0,-1.0
0A08,P2,2025-07-17 16:01:34+00:00,CONTROL_GT60,95.0,0,0.0,78.0,1.0,2.4000000000000057,0.04242424242424382,0.20606060606060772,0.0,-1.0
0A08,P2,2025-07-17 16:01:39+00:00,CONTROL_GT60,100.0,0,0.0,80.0,1.0,2.200000000000003,0.24848484848485383,-0.25454545454544886,0.0,1.0
0A08,P2,2025-07-17 16:01:49+00:00,CONTROL_GT60,110.0,0,0.0,81.0,1.0,1.2000000000000028,0.4909090909090902,0.24242424242423635,0.0,2.0
0A08,P2,2025-07-17 16:01:54+00:00,CONTROL_GT60,115.0,1,3.0,82.0,1.0,2.200000000000003,0.06060606060606251,0.0848484848484867,0.0,3.0
0A08,P2,2025-07-17 16:02:04+00:00,CONTROL_GT60,125.0,0,0.0,79.0,1.0,-0.4000000000000057,-0.35151515151515156,-0.41212121212121405,0.0,0.0
0A08,P2,2025-07-17 16:02:09+00:00,CONTROL_GT60,130.0,0,0.0,80.0,1.0,-1.6000000000000085,-0.09696969696969505,-0.14545454545454314,0.0,1.0
0A08,P2,2025-07-17 16:02:14+00:00,CONTROL_GT60,135.0,0,0.0,82.0,1.0,-0.3999999999999915,0.3272727272727265,0.678787878787878,0.0,3.0
0A08,P2,2025-07-17 16:02:19+00:00,CONTROL_GT60,140.0,0,0.0,81.0,1.0,0.7999999999999972,-0.14545454545454484,-0.04848484848484978,0.0,2.0
0A08,P2,2025-07-17 16:02:24+00:00,CONTROL_GT60,145.0,0,0.0,81.0,1.0,1.5,0.4787878787878793,0.15151515151515282,0.4,2.0
0A08,P2,2025-07-17 16:02:39+00:00,CONTROL_GT60,160.0,0,0.0,78.0,1.0,-2.299999999999997,-0.40606060606060074,0.27272727272727787,0.0,-1.0
0A08,P2,2025-07-17 16:02:44+00:00,CONTROL_GT60,165.0,0,0.0,76.0,1.0,-3.1000000000000085,-0.5030303030303029,-0.6363636363636382,0.0,-3.0
0A08,P2,2025-07-17 16:02:49+00:00,CONTROL_GT60,170.0,0,0.0,73.0,1.0,-5.0,-0.503030303030303,-0.09696969696970231,0.0,-6.0
0A08,P2,2025-07-17 16:02:59+00:00,CONTROL_GT60,180.0,0,0.0,80.0,1.0,3.799999999999997,0.5757575757575805,1.0787878787878835,0.0,1.0
0A08,P2,2025-07-17 16:03:04+00:00,CONTROL_GT60,185.0,0,0.0,79.0,1.0,4.400000000000006,-0.07878787878787684,-0.7757575757575759,0.0,0.0
0A08,P2,2025-07-17 16:03:19+00:00,CONTROL_GT60,200.0,0,0.0,81.0,1.0,1.2999999999999972,0.018181818181817078,-0.21212121212121537,0.0,2.0
0A08,P2,2025-07-17 16:03:39+00:00,CONTROL_GT60,220.0,0,0.0,85.0,1.0,3.5,0.35151515151515456,0.8181818181818188,0.3,6.0
0A08,P2,2025-07-17 16:03:44+00:00,CONTROL_GT60,225.0,0,0.0,81.0,1.0,3.6000000000000085,-0.012121212121209247,-0.7515151515151469,0.7,2.0
0C08,P2,2025-07-21 14:16:41+00:00,CONTROL_PRE,,0,0.0,75.0,1.0,3.6000000000000085,0.260606060606064,-0.10909090909090768,0.0,3.0
0C08,P2,2025-07-21 14:16:46+00:00,CONTROL_PRE,,0,0.0,74.0,1.0,2.4000000000000057,0.07878787878787806,-0.3878787878787909,0.1,2.0
0C08,P2,2025-07-21 14:17:56+00:00,CONTROL_PRE,,1,3.0,71.0,1.0,-1.5999999999999943,-0.19999999999999982,-0.35151515151515417,0.0,-1.0
0C08,P2,2025-07-21 14:18:16+00:00,CONTROL_PRE,,0,0.0,69.0,1.0,-0.5999999999999943,-0.41212121212121205,-0.31515151515151535,0.0,-3.0
0C08,P2,2025-07-21 14:18:21+00:00,CONTROL_PRE,,0,0.0,67.0,1.0,-2.5,-0.12727272727272557,-0.30909090909090675,0.0,-4.0
0C08,P2,2025-07-21 14:18:46+00:00,CONTROL_PRE,,0,0.0,73.0,1.0,4.5,0.5515151515151526,0.3696969696969721,0.0,2.0
0C08,P2,2025-07-21 14:20:41+00:00,CONTROL_PRE,,0,0.0,71.0,1.0,1.1000000000000085,0.12727272727272862,-0.018181818181818188,0.0,0.0
0C08,P2,2025-07-21 14:20:46+00:00,CONTROL_PRE,,0,0.0,71.0,1.0,0.7999999999999972,1.5655721635298817e-15,-0.09696969696969544,0.0,0.0
0C08,P2,2025-07-21 14:21:01+00:00,CONTROL_PRE,,0,0.0,66.0,1.0,-3.8999999999999915,-0.4000000000000005,-0.030303030303033995,0.0,-5.0
0C08,P2,2025-07-21 14:21:06+00:00,CONTROL_PRE,,0,0.0,69.0,1.0,-1.8999999999999915,0.5454545454545454,0.975757575757572,0.0,-2.0
0C08,P1,2025-07-21 14:28:28+00:00,CONTROL_PRE,,0,0.0,74.0,1.0,3.299999999999997,0.15757575757575992,-0.06666666666666826,0.2,5.0
0C08,P1,2025-07-21 14:28:33+00:00,CONTROL_PRE,,0,0.0,76.0,1.0,3.200000000000003,0.624242424242424,0.15757575757575876,0.7,6.5
0C08,P1,2025-07-21 14:29:23+00:00,CONTROL_PRE,,0,0.0,67.0,1.0,-2.3000000000000114,-0.20606060606060395,-0.7212121212121188,0.0,-3.0
0C08,P1,2025-07-21 14:30:08+00:00,CONTROL_PRE,,0,0.0,72.0,1.0,0.09999999999999432,0.030303030303031643,-0.04242424242424123,0.0,2.0
0C08,P1,2025-07-21 14:30:48+00:00,CONTROL_PRE,,0,0.0,71.0,1.0,0.7999999999999972,0.19999999999999893,0.10909090909090687,0.0,1.0
0C08,P1,2025-07-21 14:30:53+00:00,CONTROL_PRE,,0,0.0,73.0,1.0,1.7999999999999972,0.20000000000000273,0.2666666666666654,0.0,3.0
0C08,P1,2025-07-21 14:31:28+00:00,CONTROL_PRE,,0,0.0,71.0,1.0,1.0,0.2424242424242444,0.29090909090909106,0.0,1.0
0C08,P1,2025-07-21 14:31:33+00:00,CONTROL_PRE,,0,0.0,70.0,1.0,1.0999999999999943,-0.1696969696969693,-0.18787878787878784,0.0,0.0
0C08,P1,2025-07-21 14:32:33+00:00,CONTROL_PRE,,0,0.0,70.0,1.0,1.2999999999999972,0.39393939393939575,0.29696969696969744,0.0,0.0
0C08,P1,2025-07-21 14:33:13+00:00,CONTROL_PRE,,0,0.0,67.0,1.0,-0.9000000000000057,-0.2242424242424217,-0.4666666666666639,0.0,-3.0
0C08,P1,2025-07-21 14:34:03+00:00,CONTROL_PRE,,0,0.0,67.0,1.0,-0.7000000000000028,-0.29696969696969633,-0.29696969696969305,0.0,-3.0
0C08,P1,2025-07-21 14:34:08+00:00,CONTROL_PRE,,0,0.0,69.0,1.0,-1.7000000000000028,-0.1272727272727251,-0.1272727272727218,0.0,-1.0
0D08,P2,2025-07-21 15:19:58+00:00,CONTROL_PRE,,0,0.0,94.0,1.0,0.0,0.9454545454545462,2.3272727272727276,0.3,5.5
0D08,P2,2025-07-21 15:20:03+00:00,CONTROL_PRE,,0,0.0,96.0,1.0,7.0,0.6303030303030337,0.4363636363636384,0.8,6.0
0D08,P2,2025-07-21 15:20:08+00:00,CONTROL_PRE,,0,0.0,97.0,1.0,6.400000000000006,0.2909090909090893,-0.654545454545457,1.0,6.0
0D08,P2,2025-07-21 15:20:23+00:00,CONTROL_PRE,,0,0.0,93.0,1.0,-1.7999999999999972,-0.2242424242424181,-0.060606060606053974,0.0,-1.0
0D08,P2,2025-07-21 15:20:33+00:00,CONTROL_PRE,,0,0.0,91.0,1.0,-3.700000000000003,-0.09696969696969632,0.1272727272727218,0.0,-2.0
0D08,P2,2025-07-21 15:20:38+00:00,CONTROL_PRE,,0,0.0,90.0,1.0,-2.299999999999997,-0.22424242424242366,0.4181818181818231,0.0,-2.0
0D08,P2,2025-07-21 15:21:03+00:00,CONTROL_PRE,,0,0.0,95.0,1.0,1.7999999999999972,-0.5454545454545479,-1.0545454545454565,0.5,2.0
0D08,P2,2025-07-21 15:21:43+00:00,CONTROL_PRE,,0,0.0,89.0,1.0,-5.599999999999994,0.16969696969697068,0.7272727272727273,0.0,-5.0
0D08,P2,2025-07-21 15:21:48+00:00,CONTROL_PRE,,0,0.0,93.0,1.0,-1.0,0.15151515151515219,1.042424242424244,0.0,-1.0
0D08,P2,2025-07-21 15:21:53+00:00,CONTROL_PRE,,0,0.0,93.0,1.0,2.299999999999997,0.4666666666666674,0.2969696969696967,0.0,-1.0
0D08,P2,2025-07-21 15:21:58+00:00,CONTROL_PRE,,0,0.0,91.0,1.0,1.8000000000000114,-0.2727272727272734,-0.42424242424242553,0.0,-3.0
0D08,P2,2025-07-21 15:22:03+00:00,CONTROL_PRE,,1,5.0,89.0,1.0,-1.5,-0.44848484848484726,-0.9151515151515146,0.0,-5.0
0D08,P2,2025-07-21 15:22:08+00:00,CONTROL_PRE,,1,5.0,94.0,1.0,-2.3000000000000114,0.3757575757575786,0.648484848484852,0.0,1.0
0D08,P2,2025-07-21 15:22:13+00:00,CONTROL_PRE,,0,0.0,96.0,1.0,1.9000000000000057,0.6848484848484848,1.133333333333332,0.0,3.0
0D08,P2,2025-07-21 15:22:18+00:00,CONTROL_PRE,,0,0.0,91.0,1.0,3.3000000000000114,-0.2363636363636349,-0.6121212121212135,0.0,-2.5
0D08,P2,2025-07-21 15:23:03+00:00,CONTROL_PRE,,0,0.0,93.0,1.0,3.5,0.15151515151515682,-0.090909090909088,0.0,1.0
0D08,P2,2025-07-21 15:23:13+00:00,CONTROL_PRE,,0,0.0,90.0,1.0,-3.0,0.09090909090909369,-0.060606060606063134,0.0,-2.0
0D08,P2,2025-07-21 15:23:18+00:00,CONTROL_PRE,,0,0.0,90.0,1.0,-1.7000000000000028,-0.1757575757575748,0.5151515151515138,0.0,-2.0
0D08,P2,2025-07-21 15:23:23+00:00,CONTROL_PRE,,0,0.0,88.0,1.0,-0.7000000000000028,4.968970484245948e-15,-0.09090909090908872,0.0,-4.0
0D08,P2,2025-07-21 15:23:28+00:00,CONTROL_PRE,,0,0.0,90.0,1.0,-1.0,-0.26060606060605973,-0.08484848484848492,0.0,-2.0
0D08,P2,2025-07-21 15:23:33+00:00,CONTROL_PRE,,0,0.0,88.0,1.0,-0.3999999999999915,0.2303030303030295,0.23030303030302454,0.0,-4.0
0D08,P2,2025-07-21 15:23:53+00:00,CONTROL_PRE,,0,0.0,87.0,1.0,-4.299999999999997,-0.2787878787878757,-1.072727272727269,0.0,-4.0
0D08,P2,2025-07-21 15:24:08+00:00,CONTROL_PRE,,0,0.0,92.0,1.0,4.8999999999999915,0.6242424242424242,0.15151515151514655,0.0,1.0
0D08,P2,2025-07-21 15:24:23+00:00,CONTROL_PRE,,0,0.0,88.0,1.0,-2.700000000000003,0.06666666666666664,0.3818181818181813,0.0,-3.0
0D08,P2,2025-07-21 15:24:28+00:00,CONTROL_PRE,,0,0.0,90.0,1.0,-1.0,-0.10303030303030287,0.2666666666666639,0.0,-1.0
0D08,P2,2025-07-21 15:24:38+00:00,CONTROL_PRE,,1,5.0,93.0,1.0,5.0,0.2484848484848513,0.35151515151515417,0.4,2.0
0D08,P1,2025-07-21 15:36:41+00:00,CONTROL_PRE,,0,0.0,89.0,1.0,-0.9000000000000057,2.417666724217807e-15,-0.030303030303026977,0.0,2.0
0D08,P1,2025-07-21 15:37:11+00:00,CONTROL_PRE,,0,0.0,85.0,1.0,0.29999999999999716,-0.05454545454545208,-0.1999999999999964,0.0,0.0
0D08,P1,2025-07-21 15:37:16+00:00,CONTROL_PRE,,0,0.0,86.0,1.0,0.5,0.3272727272727294,0.27272727272727465,0.0,1.0
0D08,P1,2025-07-21 15:37:36+00:00,CONTROL_PRE,,0,0.0,89.0,1.0,1.9000000000000057,0.11515151515151653,-0.3090909090909062,0.5,3.0
0D08,P1,2025-07-21 15:37:41+00:00,CONTROL_PRE,,0,0.0,89.0,1.0,0.30000000000001137,-0.26666666666666305,-0.3212121212121156,0.4,3.0
0D08,P1,2025-07-21 15:37:46+00:00,CONTROL_PRE,,0,0.0,88.0,1.0,-0.7000000000000028,0.09696969696969766,-0.018181818181818868,0.3,1.0
0D08,P1,2025-07-21 15:38:11+00:00,CONTROL_PRE,,0,0.0,89.0,1.0,1.7999999999999972,0.35151515151515583,0.8121212121212187,0.4,2.0
0D08,P1,2025-07-21 15:38:16+00:00,CONTROL_PRE,,0,0.0,83.0,1.0,0.6999999999999886,-0.8000000000000023,-1.303030303030307,0.2,-4.0
0D08,P1,2025-07-21 15:38:26+00:00,CONTROL_PRE,,0,0.0,82.0,1.0,-6.5,0.2727272727272753,1.0727272727272776,0.0,-4.0
0D08,P1,2025-07-21 15:38:56+00:00,CONTROL_PRE,,0,0.0,87.0,1.0,1.2999999999999972,-0.15151515151514772,-0.6727272727272684,0.0,1.0
0D08,P1,2025-07-21 15:39:01+00:00,CONTROL_PRE,,0,0.0,87.0,1.0,-0.9000000000000057,-0.024242424242426,-0.20000000000000107,0.0,1.0
0D08,P1,2025-07-21 15:39:06+00:00,CONTROL_PRE,,0,0.0,84.0,1.0,-1.4000000000000057,-0.20000000000000084,-0.04848484848485313,0.0,-2.0
0D08,P1,2025-07-21 15:39:11+00:00,CONTROL_PRE,,0,0.0,85.0,1.0,-1.5999999999999943,-0.18181818181818082,-0.15757575757575482,0.0,-1.0
0D08,P1,2025-07-21 15:39:31+00:00,CONTROL_PRE,,0,0.0,87.0,1.0,0.29999999999999716,0.14545454545454659,-0.22424242424242555,0.0,1.0
0D08,P1,2025-07-21 15:39:36+00:00,CONTROL_PRE,,0,0.0,82.0,1.0,-1.2000000000000028,-0.46060606060605763,-0.2787878787878778,0.0,-4.0
0D08,P1,2025-07-21 15:39:51+00:00,CONTROL_PRE,,0,0.0,85.0,1.0,0.29999999999999716,-0.12121212121211862,-0.23636363636363336,0.0,-1.0
0D08,P1,2025-07-21 15:39:56+00:00,CONTROL_PRE,,0,0.0,85.0,1.0,0.09999999999999432,0.266666666666665,0.21212121212121055,0.0,-1.0
0D08,P1,2025-07-21 15:40:11+00:00,CONTROL_PRE,,1,5.0,88.0,1.0,3.5,0.3454545454545463,0.5151515151515192,0.3,2.0
0D08,P1,2025-07-21 15:40:16+00:00,CONTROL_PRE,,1,5.0,87.0,1.0,3.1000000000000085,-0.23030303030302823,-0.8303030303030274,0.4,1.0
0D08,P1,2025-07-21 15:40:21+00:00,CONTROL_PRE,,0,0.0,81.0,1.0,-2.799999999999997,-1.1818181818181812,-1.5272727272727276,0.2,-5.0
0D08,P1,2025-07-21 15:40:36+00:00,CONTROL_PRE,,0,0.0,85.0,1.0,2.799999999999997,-0.19999999999999893,-0.3151515151515155,0.0,-1.0
0D08,P1,2025-07-21 15:40:41+00:00,CONTROL_PRE,,0,0.0,85.0,1.0,0.5,0.09696969696969936,-0.4545454545454547,0.0,-1.0
0D08,P1,2025-07-21 15:40:46+00:00,CONTROL_PRE,,0,0.0,81.0,1.0,-1.2999999999999972,-0.5454545454545456,-0.3454545454545467,0.0,-5.0
0D08,P1,2025-07-21 15:40:51+00:00,CONTROL_PRE,,0,0.0,83.0,1.0,-2.700000000000003,-0.15151515151515357,-0.24848484848485292,0.0,-3.0
0D08,P1,2025-07-21 15:40:56+00:00,CONTROL_PRE,,0,0.0,83.0,1.0,-1.7000000000000028,0.1272727272727302,0.6727272727272758,0.0,-3.0
0D08,P1,2025-07-21 15:41:01+00:00,CONTROL_PRE,,0,0.0,88.0,1.0,2.0,0.6121212121212128,0.7636363636363664,0.0,2.0
0D08,P1,2025-07-21 15:41:06+00:00,CONTROL_PRE,,0,0.0,91.0,1.0,5.099999999999994,0.6181818181818179,0.49090909090908774,0.2,5.0
0D08,P1,2025-07-21 15:41:11+00:00,CONTROL_PRE,,0,0.0,92.0,1.0,5.700000000000003,0.4969696969696957,-0.11515151515151717,0.7,6.0
0D08,P1,2025-07-21 15:41:16+00:00,CONTROL_PRE,,0,0.0,89.0,1.0,2.700000000000003,-0.3454545454545419,-0.9636363636363598,0.6,3.0
0D08,P1,2025-07-21 15:41:21+00:00,CONTROL_PRE,,0,0.0,85.0,1.0,-2.700000000000003,-0.672727272727274,-1.1696969696969697,0.1,-1.0
0D08,P1,2025-07-21 15:41:26+00:00,CONTROL_PRE,,0,0.0,89.0,1.0,-3.0999999999999943,0.38787878787878893,0.7333333333333308,0.2,3.0
0D08,P1,2025-07-21 15:41:31+00:00,CONTROL_PRE,,0,0.0,87.0,1.0,0.5,-0.14545454545454292,0.527272727272731,0.2,1.0
0B08R,P1,2025-07-22 13:27:18+00:00,CONTROL_PRE,,0,0.0,57.0,1.0,-0.3999999999999986,-3.735669112657809e-18,-0.024242424242427216,0.0,0.0
0B08R,P1,2025-07-22 13:27:23+00:00,CONTROL_PRE,,0,0.0,57.0,1.0,0.0,0.054545454545451844,0.15757575757575498,0.0,0.0
0B08R,P1,2025-07-22 13:27:38+00:00,CONTROL_PRE,,0,0.0,57.0,1.0,0.29999999999999716,-0.018181818181818705,0.16363636363636455,0.0,0.0
0B08R,P1,2025-07-22 13:27:43+00:00,CONTROL_PRE,,1,1.0,57.0,1.0,0.20000000000000284,-0.05454545454545184,-0.27878787878787725,0.0,0.0
0B08R,P1,2025-07-22 13:27:48+00:00,CONTROL_PRE,,1,1.0,57.0,1.0,-0.5,-0.02424242424242278,-0.0060606060606040735,0.0,0.0
0B08R,P1,2025-07-22 13:27:53+00:00,CONTROL_PRE,,0,0.0,58.0,1.0,0.10000000000000142,0.24242424242424393,0.2969696969696958,0.0,1.0
0B08R,P1,2025-07-22 13:28:03+00:00,CONTROL_PRE,,0,0.0,58.0,1.0,1.7999999999999972,-0.13333333333333125,-0.3757575757575752,0.0,1.0
0B08R,P1,2025-07-22 13:28:23+00:00,CONTROL_PRE,,0,0.0,56.0,1.0,-0.8999999999999986,-0.18181818181818035,-0.1878787878787871,0.0,-1.0
0B08R,P1,2025-07-22 13:28:28+00:00,CONTROL_PRE,,0,0.0,57.0,1.0,-1.1000000000000014,4.599895826675556e-16,0.1515151515151492,0.0,0.0
0B08R,P1,2025-07-22 13:28:58+00:00,CONTROL_PRE,,1,6.0,57.0,1.0,1.1000000000000014,0.2242424242424247,0.22424242424242324,0.0,0.0
0B08R,P1,2025-07-22 13:29:58+00:00,CONTROL_PRE,,0,0.0,55.0,1.0,0.29999999999999716,0.054545454545455084,0.05454545454545293,0.0,-2.0
0B08R,P1,2025-07-22 13:30:53+00:00,R00_10,0.0,0,0.0,53.0,1.0,0.09999999999999432,-0.5212121212121216,-0.8424242424242412,0.0,-4.0
0B08R,P1,2025-07-22 13:30:58+00:00,R00_10,5.0,0,0.0,54.0,1.0,-2.5,-0.04242424242424327,-0.21212121212121668,0.0,-3.0
0B08R,P2,2025-07-22 13:43:46+00:00,CONTROL_PRE,,0,0.0,54.0,1.0,0.10000000000000142,-0.14545454545454262,-0.27272727272726843,0.0,-1.0
0B08R,P2,2025-07-22 13:44:36+00:00,CONTROL_PRE,,0,0.0,54.0,1.0,-1.3999999999999986,0.018181818181818528,0.1696969696969681,0.0,-1.0
0B08R,P2,2025-07-22 13:44:41+00:00,CONTROL_PRE,,0,0.0,55.0,1.0,-0.20000000000000284,0.054545454545454425,0.2060606060606066,0.0,0.0
0B08R,P2,2025-07-22 13:45:01+00:00,CONTROL_PRE,,0,0.0,56.0,1.0,0.5,0.09696969696969718,0.1151515151515147,0.0,1.0
0B08R,P2,2025-07-22 13:46:06+00:00,CONTROL_PRE,,0,0.0,54.0,1.0,0.3999999999999986,0.09090909090908857,0.0969696969696943,0.0,-1.0
0B08R,P2,2025-07-22 13:46:11+00:00,CONTROL_PRE,,0,0.0,55.0,1.0,1.0,0.2545454545454544,0.14545454545454523,0.0,0.0
0A09R,P1,2025-07-22 15:26:56+00:00,CONTROL_PRE,,0,0.0,95.0,1.0,5.199999999999989,0.9696969696969705,0.7636363636363633,0.8,9.0
0A09R,P1,2025-07-22 15:27:21+00:00,CONTROL_PRE,,0,0.0,89.0,1.0,-2.0,0.2060606060606075,0.92121212121212,0.0,2.0
0A09R,P1,2025-07-22 15:27:26+00:00,CONTROL_PRE,,0,0.0,92.0,1.0,2.3000000000000114,0.5696969696969714,0.7575757575757569,0.3,5.0
0A09R,P1,2025-07-22 15:27:31+00:00,CONTROL_PRE,,0,0.0,90.0,1.0,3.5,0.07878787878787798,-0.12727272727272954,0.7,3.0
0A09R,P1,2025-07-22 15:27:36+00:00,CONTROL_PRE,,0,0.0,87.0,1.0,0.0,-0.618181818181819,-1.1878787878787904,0.4,0.0
0A09R,P1,2025-07-22 15:27:41+00:00,CONTROL_PRE,,0,0.0,83.0,1.0,-5.300000000000011,-0.8000000000000024,-0.8787878787878803,0.0,-4.0
0A09R,P1,2025-07-22 15:27:46+00:00,CONTROL_PRE,,0,0.0,82.0,1.0,-6.300000000000011,-0.16363636363635994,0.45454545454545914,0.0,-5.0
0A09R,P1,2025-07-22 15:27:51+00:00,CONTROL_PRE,,0,0.0,80.0,1.0,-3.8999999999999915,-0.39393939393939176,0.4060606060606106,0.0,-7.0
0A09R,P1,2025-07-22 15:27:56+00:00,CONTROL_PRE,,0,0.0,86.0,1.0,-0.8999999999999915,0.618181818181818,0.781818181818178,0.0,-1.0
0A09R,P1,2025-07-22 15:28:01+00:00,CONTROL_PRE,,0,0.0,85.0,1.0,2.799999999999997,0.35757575757575777,0.7515151515151495,0.0,-2.0
0A09R,P1,2025-07-22 15:28:06+00:00,CONTROL_PRE,,0,0.0,86.0,1.0,3.0999999999999943,0.06666666666666954,-0.5515151515151485,0.0,0.0
0A09R,P1,2025-07-22 15:28:11+00:00,CONTROL_PRE,,0,0.0,86.0,1.0,0.9000000000000057,0.036363636363638326,-0.32121212121211945,0.0,0.0
0A09R,P1,2025-07-22 15:28:21+00:00,CONTROL_PRE,,0,0.0,84.0,1.0,-0.6000000000000085,-0.27878787878787403,-0.31515151515151235,0.0,-2.0
0A09R,P1,2025-07-22 15:28:26+00:00,CONTROL_PRE,,0,0.0,81.0,1.0,-2.5,-0.37575757575757457,-0.3454545454545466,0.0,-5.0
0A09R,P1,2025-07-22 15:28:31+00:00,CONTROL_PRE,,0,0.0,82.0,1.0,-2.8999999999999915,-0.07878787878787967,0.19999999999999435,0.0,-4.0
0A09R,P1,2025-07-22 15:28:36+00:00,CONTROL_PRE,,0,0.0,82.0,1.0,-1.0999999999999943,0.054545454545454286,0.43030303030302886,0.0,-4.0
0A09R,P1,2025-07-22 15:28:41+00:00,CONTROL_PRE,,0,0.0,81.0,1.0,-0.20000000000000284,-0.12727272727272812,-0.04848484848484845,0.0,-5.0
0A09R,P1,2025-07-22 15:28:46+00:00,CONTROL_PRE,,0,0.0,83.0,1.0,-0.10000000000000853,0.10909090909091072,0.05454545454545644,0.0,-3.0
0A09R,P1,2025-07-22 15:28:51+00:00,CONTROL_PRE,,0,0.0,83.0,1.0,0.8999999999999915,0.14545454545455358,0.2727272727272817,0.0,-2.0
0A09R,P1,2025-07-22 15:28:56+00:00,CONTROL_PRE,,0,0.0,85.0,1.0,1.1000000000000085,0.05454545454545677,-0.05454545454545395,0.0,0.0
0A09R,P1,2025-07-22 15:29:01+00:00,CONTROL_PRE,,0,0.0,84.0,1.0,1.1000000000000085,0.32121212121211723,0.17575757575756365,0.0,-1.0
0A09R,P1,2025-07-22 15:29:06+00:00,CONTROL_PRE,,0,0.0,82.0,1.0,1.0,-0.3212121212121223,-0.37575757575757907,0.0,-3.0
0A09R,P1,2025-07-22 15:29:11+00:00,CONTROL_PRE,,0,0.0,88.0,1.0,0.7999999999999972,0.4666666666666683,0.14545454545455105,0.0,3.0
0A09R,P1,2025-07-22 15:29:16+00:00,CONTROL_PRE,,0,0.0,86.0,1.0,2.3999999999999915,0.2727272727272758,0.5939393939393981,0.0,1.0
0A09R,P1,2025-07-22 15:29:21+00:00,CONTROL_PRE,,0,0.0,85.0,1.0,2.0999999999999943,-0.14545454545454112,-0.6121212121212094,0.0,0.0
0A09R,P1,2025-07-22 15:29:26+00:00,CONTROL_PRE,,0,0.0,79.0,1.0,-2.799999999999997,-1.0727272727272719,-1.3454545454545477,0.0,-6.0
0A09R,P1,2025-07-22 15:29:31+00:00,CONTROL_PRE,,0,0.0,78.0,1.0,-7.0,-0.47272727272727105,-0.32727272727272994,0.0,-7.0
0A09R,P1,2025-07-22 15:29:36+00:00,CONTROL_PRE,,0,0.0,75.0,1.0,-6.0,-0.43030303030303213,0.6424242424242397,0.0,-10.0
0A09R,P1,2025-07-22 15:29:41+00:00,CONTROL_PRE,,0,0.0,77.0,1.0,-3.299999999999997,-0.030303030303026585,0.4424242424242445,0.0,-8.0
0A09R,P1,2025-07-22 15:29:46+00:00,CONTROL_PRE,,0,0.0,78.0,1.0,-0.5,0.3272727272727291,0.7575757575757612,0.0,-7.0
0A09R,P1,2025-07-22 15:29:51+00:00,CONTROL_PRE,,0,0.0,77.0,1.0,1.4000000000000057,-0.04242424242424359,-0.012121212121217008,0.0,-7.5
0A09R,P1,2025-07-22 15:29:56+00:00,CONTROL_PRE,,0,0.0,75.0,1.0,-0.5,-0.40606060606060285,-0.733333333333332,0.0,-9.0
0A09R,P1,2025-07-22 15:30:21+00:00,CONTROL_PRE,,0,0.0,78.0,1.0,2.299999999999997,0.490909090909093,0.5878787878787881,0.0,-6.0
0A09R,P1,2025-07-22 15:30:26+00:00,CONTROL_PRE,,0,0.0,77.0,1.0,2.8000000000000114,-0.23636363636363356,-0.3878787878787876,0.0,-6.0
0A09R,P1,2025-07-22 15:31:01+00:00,CONTROL_PRE,,0,0.0,80.0,1.0,0.5,0.30909090909090664,0.06666666666666435,0.0,-3.0
0A09R,P1,2025-07-22 15:31:06+00:00,CONTROL_PRE,,0,0.0,82.0,1.0,2.5999999999999943,0.49090909090909524,0.6666666666666727,0.0,-1.0
0A09R,P1,2025-07-22 15:31:11+00:00,CONTROL_PRE,,0,0.0,78.0,1.0,2.3999999999999915,-0.39393939393939403,-0.7030303030303007,0.0,-4.5
0A09R,P1,2025-07-22 15:31:26+00:00,CONTROL_PRE,,0,0.0,84.0,1.0,3.0,0.7939393939393943,1.1272727272727212,0.0,2.0
0A09R,P1,2025-07-22 15:31:31+00:00,CONTROL_PRE,,0,0.0,82.0,1.0,4.900000000000006,-0.04848484848484551,-0.4545454545454565,0.0,0.0
0A09R,P1,2025-07-22 15:31:36+00:00,CONTROL_PRE,,0,0.0,82.0,1.0,1.2000000000000028,-0.19999999999999646,-0.9939393939393908,0.0,0.0
0A09R,P1,2025-07-22 15:31:41+00:00,CONTROL_PRE,,0,0.0,82.0,1.0,-0.9000000000000057,0.09090909090909417,0.13939393939393968,0.0,0.0
0A09R,P1,2025-07-22 15:31:51+00:00,CONTROL_PRE,,0,0.0,82.0,1.0,-1.8999999999999915,-0.06060606060605805,-0.1515151515151522,0.0,0.0
0A09R,P1,2025-07-22 15:31:56+00:00,CONTROL_PRE,,0,0.0,84.0,1.0,0.10000000000000853,0.5757575757575781,0.9757575757575774,0.0,2.0
0A09R,P2,2025-07-22 15:41:38+00:00,CONTROL_PRE,,0,0.0,84.0,1.0,2.299999999999997,0.4666666666666663,0.38181818181818405,0.5,4.0
0A09R,P2,2025-07-22 15:41:43+00:00,CONTROL_PRE,,0,0.0,84.0,1.0,3.0999999999999943,-8.89743300759391e-16,-0.22424242424242705,0.7,3.0
0A09R,P2,2025-07-22 15:41:48+00:00,CONTROL_PRE,,0,0.0,85.0,1.0,1.3999999999999915,0.054545454545453696,-0.4121212121212126,0.3,4.0
0A09R,P2,2025-07-22 15:41:53+00:00,CONTROL_PRE,,0,0.0,84.0,1.0,0.20000000000000284,-3.283576501541046e-15,-2.393833200781655e-15,0.2,3.0
0A09R,P2,2025-07-22 15:42:03+00:00,CONTROL_PRE,,0,0.0,85.0,1.0,0.8999999999999915,0.17575757575757825,0.17575757575758152,0.1,2.0
0A09R,P2,2025-07-22 15:42:08+00:00,CONTROL_PRE,,0,0.0,81.0,1.0,0.09999999999999432,-0.5272727272727282,-0.6242424242424244,0.0,-2.0
0A09R,P2,2025-07-22 15:42:13+00:00,CONTROL_PRE,,0,0.0,80.0,1.0,-2.799999999999997,-0.5272727272727242,-0.7030303030303025,0.0,-3.0
0A09R,P2,2025-07-22 15:42:28+00:00,CONTROL_PRE,,0,0.0,81.0,1.0,-1.2999999999999972,-0.030303030303027223,0.0787878787878816,0.0,0.0
0A09R,P2,2025-07-22 15:42:43+00:00,CONTROL_PRE,,0,0.0,84.0,1.0,1.1999999999999886,0.5515151515151532,0.4242424242424233,0.0,3.0
0A09R,P2,2025-07-22 15:42:48+00:00,CONTROL_PRE,,0,0.0,85.0,1.0,3.799999999999997,0.3757575757575764,0.5818181818181805,0.2,4.0
0A09R,P2,2025-07-22 15:42:53+00:00,CONTROL_PRE,,0,0.0,85.0,1.0,3.6000000000000085,0.12727272727272648,-0.4242424242424267,0.7,4.0
0A09R,P2,2025-07-22 15:42:58+00:00,CONTROL_PRE,,0,0.0,79.0,1.0,-0.8999999999999915,-0.8060606060606045,-1.1818181818181808,0.5,-2.5
0A09R,P2,2025-07-22 15:43:03+00:00,CONTROL_PRE,,0,0.0,81.0,1.0,-4.900000000000006,-0.19393939393939355,-0.32121212121212006,0.0,0.0
0A09R,P2,2025-07-22 15:43:18+00:00,CONTROL_PRE,,0,0.0,80.0,1.0,-0.30000000000001137,0.3696969696969705,0.6242424242424274,0.0,-1.0
0A09R,P2,2025-07-22 15:43:23+00:00,CONTROL_PRE,,0,0.0,81.0,1.0,2.5,0.32121212121212267,0.4181818181818203,0.0,0.0
0A09R,P2,2025-07-22 15:43:28+00:00,CONTROL_PRE,,0,0.0,78.0,1.0,2.4000000000000057,-0.1515151515151508,-0.5212121212121213,0.0,-3.0
0A09R,P2,2025-07-22 15:43:33+00:00,CONTROL_PRE,,0,0.0,78.0,1.0,-0.9000000000000057,-0.4606060606060599,-0.7818181818181826,0.0,-3.0
0A09R,P2,2025-07-22 15:43:38+00:00,CONTROL_PRE,,0,0.0,79.0,1.0,-2.5,0.10909090909090892,0.26060606060605973,0.0,-2.0
0A09R,P2,2025-07-22 15:43:43+00:00,CONTROL_PRE,,0,0.0,77.0,1.0,-0.4000000000000057,0.08484848484848691,0.5454545454545469,0.0,-4.0
0A09R,P2,2025-07-22 15:43:48+00:00,CONTROL_PRE,,1,3.0,77.0,1.0,-0.20000000000000284,-0.4484848484848478,-0.5575757575757567,0.0,-4.0
0A09R,P2,2025-07-22 15:43:53+00:00,CONTROL_PRE,,1,3.0,81.0,1.0,-0.7999999999999972,0.49696969696970306,0.41212121212121616,0.0,1.0
0A09R,P2,2025-07-22 15:43:58+00:00,CONTROL_PRE,,0,0.0,81.0,1.0,2.200000000000003,0.42424242424242725,0.872727272727275,0.0,0.0
0A09R,P2,2025-07-22 15:44:03+00:00,CONTROL_PRE,,0,0.0,78.0,1.0,2.0,-0.42424242424242414,-0.9212121212121271,0.0,-3.0
0A09R,P2,2025-07-22 15:44:08+00:00,CONTROL_PRE,,0,0.0,78.0,1.0,-1.7999999999999972,-0.19393939393939125,-0.6181818181818185,0.0,-2.0
0A09R,P2,2025-07-22 15:44:13+00:00,CONTROL_PRE,,0,0.0,80.0,1.0,-1.5999999999999943,0.16969696969696804,0.5939393939393922,0.0,0.0
0A09R,P2,2025-07-22 15:44:18+00:00,CONTROL_PRE,,0,0.0,80.0,1.0,1.3999999999999915,0.33939393939394014,0.5333333333333314,0.0,0.0
0A09R,P2,2025-07-22 15:44:23+00:00,CONTROL_PRE,,0,0.0,79.0,1.0,1.5,-0.30909090909090964,-0.47878787878787765,0.0,-1.0
0A09R,P2,2025-07-22 15:44:28+00:00,CONTROL_PRE,,0,0.0,79.0,1.0,-1.0,-0.0727272727272731,-0.4121212121212132,0.0,-1.0
0A09R,P2,2025-07-22 15:44:33+00:00,CONTROL_PRE,,0,0.0,79.0,1.0,-0.7999999999999972,0.13939393939393827,0.44848484848484793,0.0,-1.0
0A09R,P2,2025-07-22 15:44:38+00:00,CONTROL_PRE,,0,0.0,79.0,1.0,1.0,0.024242424242426536,0.09696969696969963,0.0,-1.0
0A09R,P2,2025-07-22 15:44:43+00:00,CONTROL_PRE,,0,0.0,85.0,1.0,2.1999999999999886,0.5515151515151532,0.4121212121212149,0.2,5.0
0A09R,P2,2025-07-22 15:44:48+00:00,CONTROL_PRE,,0,0.0,85.0,1.0,4.1000000000000085,0.5757575757575777,0.5515151515151512,0.7,5.0
0A09R,P2,2025-07-22 15:44:53+00:00,CONTROL_PRE,,0,0.0,80.0,1.0,2.6000000000000085,-0.5272727272727293,-1.0787878787878826,0.7,0.0
0A09R,P2,2025-07-22 15:44:58+00:00,CONTROL_PRE,,0,0.0,82.0,1.0,-1.7999999999999972,-0.24848484848484753,-0.8242424242424252,0.2,2.0
0A09R,P2,2025-07-22 15:45:03+00:00,CONTROL_PRE,,0,0.0,84.0,1.0,-1.1000000000000085,0.42424242424242525,0.9515151515151545,0.4,4.0
0A09R,P2,2025-07-22 15:45:08+00:00,CONTROL_PRE,,1,3.0,81.0,1.0,1.3999999999999915,-0.22424242424242002,0.024242424242427507,0.6,1.0
0A09R,P2,2025-07-22 15:45:13+00:00,CONTROL_PRE,,1,3.0,80.0,1.0,-0.7999999999999972,-0.4242424242424223,-0.8484848484848475,0.2,-1.0
0A09R,P2,2025-07-22 15:45:18+00:00,CONTROL_PRE,,0,0.0,80.0,1.0,-2.5999999999999943,-0.05454545454545064,0.16969696969696937,0.0,-1.0
0A09R,P2,2025-07-22 15:45:23+00:00,CONTROL_PRE,,0,0.0,82.0,1.0,-0.7000000000000028,0.18787878787878717,0.6121212121212095,0.0,1.0
0A09R,P2,2025-07-22 15:45:28+00:00,CONTROL_PRE,,0,0.0,82.0,1.0,0.7000000000000028,0.024242424242425197,0.07878787878787584,0.0,1.0
0A09R,P2,2025-07-22 15:45:33+00:00,CONTROL_PRE,,0,0.0,84.0,1.0,0.7000000000000028,0.27878787878788225,0.09090909090909507,0.0,3.0
0A09R,P2,2025-07-22 15:45:43+00:00,CONTROL_PRE,,0,0.0,85.0,1.0,3.6000000000000085,0.04848484848484833,-0.23030303030303392,0.9,4.0
0A09R,P2,2025-07-22 15:45:48+00:00,CONTROL_PRE,,0,0.0,83.0,1.0,0.5999999999999943,-0.345454545454548,-0.9333333333333419,0.5,2.0
0A09R,P2,2025-07-22 15:45:53+00:00,CONTROL_PRE,,0,0.0,83.0,1.0,-1.9000000000000057,-0.054545454545449505,-0.10303030303029784,0.0,2.0
0A09R,P2,2025-07-22 15:45:58+00:00,CONTROL_PRE,,0,0.0,77.0,1.0,-3.0,-0.7212121212121206,-0.3757575757575726,0.0,-4.0
0A09R,P2,2025-07-22 15:46:03+00:00,CONTROL_PRE,,0,0.0,76.0,1.0,-5.099999999999994,-0.5575757575757562,-0.5030303030303067,0.0,-5.0
0A09R,P2,2025-07-22 15:46:08+00:00,CONTROL_PRE,,1,5.0,80.0,1.0,-4.200000000000003,0.1151515151515165,0.8363636363636371,0.0,-1.0
0A09R,P2,2025-07-22 15:46:13+00:00,CONTROL_PRE,,1,6.0,83.0,1.0,1.2999999999999972,0.8666666666666676,1.4242424242424239,0.0,2.0
0A09R,P2,2025-07-22 15:46:18+00:00,CONTROL_PRE,,1,1.0,79.0,1.0,4.1000000000000085,-0.25454545454545524,-0.36969696969697174,0.0,-2.0
0B09,P1,2025-07-23 12:37:22+00:00,CONTROL_PRE,,0,0.0,64.0,1.0,-1.1000000000000014,0.5454545454545469,1.0121212121212118,0.0,3.0
0B09,P1,2025-07-23 12:37:27+00:00,CONTROL_PRE,,0,0.0,64.0,1.0,3.0999999999999943,0.24848484848485258,0.5515151515151551,0.4,3.0
0B09,P1,2025-07-23 12:37:42+00:00,CONTROL_PRE,,0,0.0,65.0,1.0,0.29999999999999716,0.49090909090909085,1.060606060606061,0.2,3.0
0B09,P1,2025-07-23 12:37:47+00:00,CONTROL_PRE,,0,0.0,61.0,1.0,1.5,-0.454545454545453,-0.5757575757575774,0.2,-1.0
0B09,P1,2025-07-23 12:37:52+00:00,CONTROL_PRE,,0,0.0,67.0,1.0,-0.8999999999999986,0.33939393939394225,-0.1515151515151486,0.1,5.0
0B09,P1,2025-07-23 12:38:02+00:00,CONTROL_PRE,,0,0.0,68.0,1.0,5.600000000000001,1.9739516988424734e-15,-0.33939393939394025,1.0,6.0
0B09,P1,2025-07-23 12:38:07+00:00,CONTROL_PRE,,0,0.0,63.0,1.0,0.7000000000000028,-0.6484848484848473,-1.569696969696969,0.7,1.0
0B09,P1,2025-07-23 12:38:17+00:00,CONTROL_PRE,,0,0.0,68.0,1.0,-1.7000000000000028,0.6181818181818174,1.2666666666666648,0.3,6.0
0B09,P1,2025-07-23 12:38:32+00:00,CONTROL_PRE,,0,0.0,66.0,1.0,0.10000000000000853,-0.7454545454545463,-1.7393939393939406,0.8,3.0
0B09,P1,2025-07-23 12:38:37+00:00,CONTROL_PRE,,0,0.0,62.0,1.0,-5.5,-0.7030303030303031,-0.6242424242424274,0.3,-1.0
0B09,P1,2025-07-23 12:38:42+00:00,CONTROL_PRE,,0,0.0,63.0,1.0,-5.900000000000006,-0.24242424242424035,0.5030303030303059,0.0,0.0
0B09,P1,2025-07-23 12:38:52+00:00,CONTROL_PRE,,0,0.0,62.0,1.0,0.4000000000000057,8.501376430411175e-16,0.2424242424242412,0.0,-1.0
0B09,P1,2025-07-23 12:38:57+00:00,CONTROL_PRE,,0,0.0,62.0,1.0,0.29999999999999716,-0.19999999999999765,-0.3454545454545409,0.0,-1.0
0B09,P1,2025-07-23 12:39:57+00:00,CONTROL_PRE,,0,0.0,58.0,1.0,-0.29999999999999716,-0.3272727272727251,-0.4787878787878763,0.0,-4.0
0B09,P1,2025-07-23 12:40:02+00:00,CONTROL_PRE,,0,0.0,64.0,1.0,-0.7999999999999972,0.4545454545454574,0.4000000000000038,0.0,2.0
0B09,P1,2025-07-23 12:40:07+00:00,CONTROL_PRE,,0,0.0,69.0,1.0,3.6999999999999957,1.0969696969696994,1.4242424242424245,0.2,7.0
0B09,P1,2025-07-23 12:40:12+00:00,CONTROL_PRE,,0,0.0,71.0,1.0,9.099999999999994,1.054545454545453,0.5999999999999954,0.7,9.0
0B09,P1,2025-07-23 12:40:17+00:00,CONTROL_PRE,,0,0.0,72.0,1.0,7.0,-0.36969696969696925,-1.4666666666666686,1.0,10.0
0B09,P1,2025-07-23 12:40:22+00:00,CONTROL_PRE,,0,0.0,72.0,1.0,2.200000000000003,0.7272727272727285,-0.3272727272727244,1.0,10.0
0B09,P1,2025-07-23 12:41:12+00:00,CONTROL_PRE,,0,0.0,61.0,1.0,2.1999999999999957,-0.3696969696969711,-0.4000000000000031,0.3,-1.0
0B09,P1,2025-07-23 12:41:37+00:00,CONTROL_PRE,,0,0.0,61.0,1.0,2.6000000000000014,0.07272727272727375,0.1696969696969705,0.0,-1.0
0B09,P1,2025-07-23 12:41:42+00:00,CONTROL_PRE,,0,0.0,65.0,1.0,2.0,0.15151515151515135,-0.3393939393939406,0.0,3.0
0B09,P1,2025-07-23 12:41:47+00:00,CONTROL_PRE,,0,0.0,65.0,1.0,2.0999999999999943,0.5151515151515151,0.4424242424242414,0.3,3.0
0B09,P1,2025-07-23 12:41:57+00:00,CONTROL_PRE,,0,0.0,61.0,1.0,-2.3999999999999986,-0.2727272727272732,-0.7878787878787883,0.0,-1.0
0B09,P1,2025-07-23 12:42:07+00:00,CONTROL_PRE,,0,0.0,64.0,1.0,0.0,0.20000000000000082,0.472727272727274,0.0,2.0
0B09,P1,2025-07-23 12:42:27+00:00,CONTROL_PRE,,0,0.0,58.0,1.0,-3.3000000000000043,-0.15151515151514863,0.6969696969696983,0.0,-4.0
0B09,P1,2025-07-23 12:42:32+00:00,CONTROL_PRE,,0,0.0,66.0,1.0,0.6000000000000014,0.7272727272727311,0.8848484848484878,0.1,4.0
0B09,P1,2025-07-23 12:42:37+00:00,CONTROL_PRE,,0,0.0,69.0,1.0,6.799999999999997,1.3636363636363646,1.5151515151515134,0.6,7.0
0B09,P2,2025-07-23 12:49:36+00:00,CONTROL_PRE,,0,0.0,62.0,1.0,0.3999999999999986,0.2545454545454545,0.25454545454545524,0.0,3.0
0B09,P2,2025-07-23 12:49:41+00:00,CONTROL_PRE,,0,0.0,72.0,1.0,5.899999999999999,1.7696969696969715,1.8121212121212116,0.5,12.5
0B09,P2,2025-07-23 12:50:11+00:00,CONTROL_PRE,,0,0.0,63.0,1.0,4.0,0.4787878787878792,0.630303030303029,0.3,3.5
0B09,P2,2025-07-23 12:50:16+00:00,CONTROL_PRE,,0,0.0,63.0,1.0,4.399999999999999,0.1878787878787862,-0.4363636363636385,0.6,3.0
0C09,P2,2025-07-23 13:25:13+00:00,CONTROL_PRE,,0,0.0,62.0,1.0,1.7999999999999972,0.12727272727272937,2.0261570199409107e-15,0.0,2.0
0C09,P2,2025-07-23 13:25:38+00:00,CONTROL_PRE,,0,0.0,57.0,1.0,-1.5999999999999943,-0.2787878787878788,-0.060606060606061746,0.0,-3.0
0C09,P2,2025-07-23 13:25:48+00:00,CONTROL_PRE,,0,0.0,59.0,1.0,0.5,0.2727272727272735,0.5515151515151523,0.0,-1.0
0C09,P2,2025-07-23 13:25:53+00:00,CONTROL_PRE,,0,0.0,58.0,1.0,1.2999999999999972,-0.16969696969697023,-0.2969696969696971,0.0,-2.0
0C09,P2,2025-07-23 13:25:58+00:00,CONTROL_PRE,,0,0.0,62.0,1.0,0.7999999999999972,0.34545454545454707,0.07272727272727358,0.0,2.0
0C09,P2,2025-07-23 13:26:03+00:00,CONTROL_PRE,,0,0.0,61.0,1.0,1.8999999999999986,0.22424242424242205,0.39393939393939226,0.0,1.0
0C09,P2,2025-07-23 13:26:13+00:00,CONTROL_PRE,,0,0.0,60.0,1.0,-0.7999999999999972,-0.1272727272727257,-0.3515151515151478,0.0,0.0
0C09,P2,2025-07-23 13:26:18+00:00,CONTROL_PRE,,0,0.0,61.0,1.0,-0.5,0.20606060606060486,0.45454545454545126,0.0,1.0
0C09,P2,2025-07-23 13:26:23+00:00,CONTROL_PRE,,0,0.0,65.0,1.0,1.7999999999999972,0.40606060606060934,0.533333333333335,0.2,5.0
0C09,P2,2025-07-23 13:26:28+00:00,CONTROL_PRE,,0,0.0,61.0,1.0,2.700000000000003,0.09090909090909241,-0.11515151515151245,0.5,1.0
0C09,P2,2025-07-23 13:26:33+00:00,CONTROL_PRE,,0,0.0,61.0,1.0,0.0,-0.5878787878787863,-0.9939393939393957,0.3,1.0
0C09,P2,2025-07-23 13:26:38+00:00,CONTROL_PRE,,0,0.0,60.0,1.0,-2.5,0.03636363636363609,-0.05454545454545632,0.0,0.0
0C09,P2,2025-07-23 13:26:43+00:00,CONTROL_PRE,,0,0.0,59.0,1.0,-1.6000000000000014,-0.19999999999999865,0.3878787878787877,0.0,-1.0
0C09,P2,2025-07-23 13:26:48+00:00,CONTROL_PRE,,0,0.0,61.0,1.0,-0.7000000000000028,0.054545454545457416,0.018181818181821324,0.0,1.0
0C09,P2,2025-07-23 13:27:18+00:00,CONTROL_PRE,,0,0.0,63.0,1.0,1.2999999999999972,0.4000000000000004,0.7454545454545458,0.0,3.0
0C09,P2,2025-07-23 13:27:23+00:00,CONTROL_PRE,,0,0.0,64.0,1.0,2.799999999999997,0.10909090909090823,-0.10909090909091375,0.1,4.0
0C09,P2,2025-07-23 13:27:28+00:00,CONTROL_PRE,,0,0.0,61.0,1.0,0.9000000000000057,-0.19999999999999693,-0.5999999999999973,0.1,1.0
0C09,P2,2025-07-23 13:27:33+00:00,CONTROL_PRE,,0,0.0,61.0,1.0,-1.3999999999999986,-0.25454545454545113,-0.36363636363635937,0.0,0.0
0C09,P2,2025-07-23 13:27:48+00:00,CONTROL_PRE,,0,0.0,58.0,1.0,-2.0,-0.47878787878787954,-0.6303030303030331,0.0,-3.0
0C09,P2,2025-07-23 13:27:53+00:00,CONTROL_PRE,,0,0.0,60.0,1.0,-2.6000000000000014,0.21818181818181803,0.46060606060605674,0.0,-0.5
0C09,P2,2025-07-23 13:28:23+00:00,CONTROL_PRE,,0,0.0,59.0,1.0,-2.299999999999997,-0.16363636363636067,-0.1636363636363625,0.0,-2.0
0C09,P2,2025-07-23 13:28:28+00:00,CONTROL_PRE,,0,0.0,61.0,1.0,-2.299999999999997,-0.2545454545454546,0.17575757575757273,0.0,0.0
0C09,P2,2025-07-23 13:28:48+00:00,CONTROL_PRE,,1,3.0,66.0,1.0,2.200000000000003,0.49696969696969673,0.4969696969696933,0.3,5.0
0C09,P2,2025-07-23 13:29:13+00:00,CONTROL_PRE,,0,0.0,62.0,1.0,-2.5,-1.3575757575757585,-1.7030303030303031,0.5,1.0
0C09,P2,2025-07-23 13:29:18+00:00,CONTROL_PRE,,0,0.0,65.0,1.0,-6.399999999999999,0.30909090909090947,0.2666666666666652,0.2,4.0
0C09,P2,2025-07-23 13:29:23+00:00,CONTROL_PRE,,0,0.0,63.0,1.0,-2.0,0.03636363636363617,1.3939393939393947,0.3,2.0
0C09,P2,2025-07-23 13:29:28+00:00,CONTROL_PRE,,0,0.0,66.0,1.0,1.0,0.09090909090909463,-0.21818181818181484,0.3,5.0
0C09,P2,2025-07-23 13:29:33+00:00,CONTROL_PRE,,0,0.0,67.0,1.0,1.5,0.5515151515151512,0.515151515151515,0.7,6.0
0C09,P2,2025-07-23 13:29:48+00:00,CONTROL_PRE,,0,0.0,62.0,1.0,-4.600000000000001,-0.3333333333333309,-0.6181818181818194,0.2,1.0
0C09,P2,2025-07-23 13:29:58+00:00,CONTROL_PRE,,0,0.0,58.0,1.0,-4.299999999999997,-0.27878787878787853,0.05454545454545234,0.0,-3.0
0C09,P2,2025-07-23 13:30:03+00:00,CONTROL_PRE,,0,0.0,65.0,1.0,0.0,0.9757575757575774,1.490909090909093,0.3,4.0
0C09,P2,2025-07-23 13:30:08+00:00,CONTROL_PRE,,0,0.0,61.0,1.0,4.399999999999999,-0.09696969696969525,0.18181818181818327,0.4,0.0
0C09,P1,2025-07-23 13:39:20+00:00,CONTROL_PRE,,1,5.0,60.0,1.0,0.5,-0.1454545454545421,-0.44242424242423717,0.0,0.0
0C09,P1,2025-07-23 13:39:25+00:00,CONTROL_PRE,,1,5.0,58.0,1.0,-1.5,-0.2606060606060582,-0.2606060606060616,0.0,-2.0
0C09,P1,2025-07-23 13:39:30+00:00,CONTROL_PRE,,0,0.0,57.0,1.0,-2.6000000000000014,-0.2909090909090889,-0.1454545454545468,0.0,-2.0
0C09,P1,2025-07-23 13:39:35+00:00,CONTROL_PRE,,0,0.0,59.0,1.0,-2.299999999999997,0.07272727272727489,0.33333333333333304,0.0,0.0
0C09,P1,2025-07-23 13:39:40+00:00,CONTROL_PRE,,0,0.0,62.0,1.0,1.2999999999999972,0.793939393939396,1.084848484848485,0.0,3.0
0C09,P1,2025-07-23 13:39:45+00:00,CONTROL_PRE,,0,0.0,62.0,1.0,4.199999999999996,0.09696969696969766,0.024242424242422775,0.0,2.0
0C09,P1,2025-07-23 13:39:50+00:00,CONTROL_PRE,,0,0.0,59.0,1.0,1.8000000000000043,-0.15151515151515282,-0.9454545454545489,0.0,-1.0
0C09,P1,2025-07-23 13:40:05+00:00,CONTROL_PRE,,0,0.0,59.0,1.0,-0.5999999999999943,-0.12727272727272632,0.09696969696969593,0.0,-1.0
0C09,P1,2025-07-23 13:40:15+00:00,CONTROL_PRE,,0,0.0,63.0,1.0,0.6999999999999957,0.6909090909090919,0.8181818181818182,0.0,3.0
0C09,P1,2025-07-23 13:40:20+00:00,CONTROL_PRE,,0,0.0,66.0,1.0,4.299999999999997,0.5030303030302995,0.599999999999997,0.4,6.0
0C09,P1,2025-07-23 13:40:40+00:00,CONTROL_PRE,,0,0.0,61.0,1.0,-6.599999999999994,-0.42424242424242214,-0.5212121212121233,0.1,1.0
0C09,P1,2025-07-23 13:40:45+00:00,CONTROL_PRE,,0,0.0,62.0,1.0,-4.5,0.19999999999999835,1.3393939393939371,0.0,2.0
0C09,P1,2025-07-23 13:41:00+00:00,CONTROL_PRE,,0,0.0,57.0,1.0,-3.299999999999997,-0.4727272727272721,-0.6727272727272713,0.0,-3.0
0C09,P1,2025-07-23 13:41:05+00:00,CONTROL_PRE,,0,0.0,56.0,1.0,-4.200000000000003,-0.16969696969696893,0.38787878787878693,0.0,-4.0
0C09,P1,2025-07-23 13:41:40+00:00,CONTROL_PRE,,0,0.0,59.0,1.0,0.3999999999999986,-0.13939393939393677,0.5575757575757606,0.0,-1.0
0C09,P1,2025-07-23 13:41:45+00:00,CONTROL_PRE,,0,0.0,60.0,1.0,0.20000000000000284,-0.030303030303030984,-0.47272727272727344,0.0,0.0
0C09,P1,2025-07-23 13:42:00+00:00,CONTROL_PRE,,0,0.0,61.0,1.0,1.0,-0.03030303030303041,-0.25454545454545296,0.0,1.0
0C09,P1,2025-07-23 13:42:05+00:00,CONTROL_PRE,,0,0.0,62.0,1.0,0.5,0.1575757575757577,0.03030303030302922,0.0,2.0
0C09,P1,2025-07-23 13:42:10+00:00,CONTROL_PRE,,0,0.0,63.0,1.0,1.2000000000000028,0.22424242424242635,0.25454545454545674,0.0,3.0
0C09,P1,2025-07-23 13:42:15+00:00,CONTROL_PRE,,0,0.0,60.0,1.0,0.29999999999999716,-0.3696969696969681,-0.5272727272727258,0.0,0.0
0C09,P1,2025-07-23 13:42:25+00:00,CONTROL_PRE,,0,0.0,59.0,1.0,-2.200000000000003,-0.22424242424242086,0.14545454545454722,0.0,-1.0
0C09,P1,2025-07-23 13:42:45+00:00,CONTROL_PRE,,1,3.0,59.0,1.0,-2.0,-7.209489410672719e-16,0.3272727272727264,0.0,-1.0
0C09,P1,2025-07-23 13:44:00+00:00,CONTROL_PRE,,0,0.0,64.0,1.0,-0.4000000000000057,0.09090909090909242,-0.06060606060606212,0.1,4.0
0C09,P1,2025-07-23 13:44:05+00:00,CONTROL_PRE,,0,0.0,63.0,1.0,1.2999999999999972,0.5151515151515168,0.6969696969696969,0.5,3.0
0C09,P1,2025-07-23 13:44:30+00:00,CONTROL_PRE,,0,0.0,60.0,1.0,0.30000000000000426,0.24242424242424288,0.5151515151515121,0.0,0.0
0C09,P1,2025-07-23 13:44:40+00:00,CONTROL_PRE,,0,0.0,62.0,1.0,1.5,0.15151515151515108,-0.0909090909090918,0.0,2.0
0C09,P1,2025-07-23 13:44:45+00:00,CONTROL_PRE,,0,0.0,62.0,1.0,1.8999999999999986,0.4242424242424268,0.2969696969696969,0.0,2.0
0C09,P1,2025-07-23 13:44:50+00:00,CONTROL_PRE,,0,0.0,61.0,1.0,2.0999999999999943,-0.096969696969694,-0.2484848484848451,0.0,1.0
0C09,P1,2025-07-23 13:44:55+00:00,CONTROL_PRE,,0,0.0,62.0,1.0,0.7000000000000028,0.018181818181820797,-0.406060606060606,0.0,2.0
0C09,P1,2025-07-23 13:45:00+00:00,CONTROL_PRE,,0,0.0,63.0,1.0,0.5,0.20000000000000073,0.2969696969696947,0.0,3.0
0B03R,P1,2025-07-24 07:56:05+00:00,CONTROL_PRE,,0,0.0,67.0,1.0,1.3999999999999915,-0.09696969696969576,-0.19393939393939438,0.0,1.0
0B03R,P1,2025-07-24 07:56:10+00:00,CONTROL_PRE,,0,0.0,67.0,1.0,0.3999999999999915,0.14545454545454398,-0.13333333333333638,0.0,1.0
0B03R,P1,2025-07-24 07:56:30+00:00,CONTROL_PRE,,0,0.0,67.0,1.0,0.4000000000000057,0.05454545454545432,0.012121212121210964,0.0,1.0
0B03R,P1,2025-07-24 07:56:35+00:00,CONTROL_PRE,,0,0.0,67.0,1.0,0.29999999999999716,0.0242424242424285,-0.006060606060604136,0.0,1.0
0B03R,P1,2025-07-24 07:57:05+00:00,CONTROL_PRE,,0,0.0,67.0,1.0,-0.7999999999999972,-0.04848484848484865,0.0969696969696951,0.0,1.0
0B03R,P1,2025-07-24 07:57:40+00:00,CONTROL_PRE,,0,0.0,70.0,1.0,3.299999999999997,0.24242424242424152,0.18787878787878554,0.3,4.0
0B03R,P1,2025-07-24 07:57:50+00:00,CONTROL_PRE,,0,0.0,64.0,1.0,-2.5999999999999943,-0.6424242424242441,-0.8848484848484857,0.0,-2.0
0B03R,P1,2025-07-24 07:58:05+00:00,CONTROL_PRE,,0,0.0,67.0,1.0,0.7999999999999972,0.3878787878787906,0.5939393939393933,0.0,1.0
0B03R,P1,2025-07-24 07:58:25+00:00,CONTROL_PRE,,0,0.0,68.0,1.0,0.0,4.729385308625476e-15,-0.09696969696969499,0.0,2.0
0B03R,P1,2025-07-24 07:58:30+00:00,CONTROL_PRE,,0,0.0,67.0,1.0,0.0,0.04242424242424103,0.08484848484848054,0.0,1.0
0B03R,P1,2025-07-24 07:58:40+00:00,CONTROL_PRE,,0,0.0,65.0,1.0,-1.2000000000000028,-0.4060606060606052,-0.4484848484848462,0.0,-1.0
0B03R,P1,2025-07-24 07:59:00+00:00,CONTROL_PRE,,0,0.0,66.0,1.0,0.5999999999999943,0.04242424242424336,-0.012121212121211151,0.0,0.0
0B03R,P1,2025-07-24 07:59:05+00:00,CONTROL_PRE,,0,0.0,66.0,1.0,0.29999999999999716,-0.018181818181818174,-0.06666666666666939,0.0,0.0
0B03R,P1,2025-07-24 07:59:10+00:00,CONTROL_PRE,,0,0.0,66.0,1.0,0.0,0.0181818181818171,-0.024242424242426258,0.0,0.0
0B03R,P1,2025-07-24 07:59:30+00:00,CONTROL_PRE,,0,0.0,64.0,1.0,-1.7000000000000028,-0.1333333333333327,-0.006060606060605961,0.0,-2.0
0B03R,P1,2025-07-24 07:59:50+00:00,CONTROL_PRE,,0,0.0,66.0,1.0,1.3999999999999915,-0.07878787878787656,-0.37575757575757446,0.0,0.0
0B03R,P1,2025-07-24 08:00:20+00:00,CONTROL_PRE,,0,0.0,66.0,1.0,0.5,-0.1393939393939382,-0.2848484848484836,0.0,0.0
0B03R,P1,2025-07-24 08:00:25+00:00,CONTROL_PRE,,0,0.0,66.0,1.0,-0.29999999999999716,0.01818181818182167,-0.0060606060606053745,0.0,0.0
0B03R,P1,2025-07-24 08:01:00+00:00,CONTROL_PRE,,0,0.0,66.0,1.0,-1.2999999999999972,-0.12121212121212115,-0.22424242424242624,0.0,0.0
0B03R,P1,2025-07-24 08:01:05+00:00,CONTROL_PRE,,0,0.0,66.0,1.0,-1.4000000000000057,-5.315222285087849e-16,0.18181818181817982,0.0,0.0
0B03R,P2,2025-07-24 08:09:22+00:00,CONTROL_PRE,,0,0.0,64.0,1.0,0.4999999999999929,0.04242424242424526,0.04242424242424583,0.0,0.0
0B03R,P2,2025-07-24 08:09:27+00:00,CONTROL_PRE,,0,0.0,63.0,1.0,0.20000000000000284,-0.07272727272727218,-0.16969696969697362,0.0,-1.0
0B03R,P2,2025-07-24 08:09:32+00:00,CONTROL_PRE,,0,0.0,65.0,1.0,-0.19999999999999574,0.07878787878788006,0.0363636363636348,0.0,1.0
0B03R,P2,2025-07-24 08:09:42+00:00,CONTROL_PRE,,0,0.0,63.0,1.0,1.1000000000000014,-0.31515151515151363,-0.3939393939393937,0.0,-1.0
0B03R,P2,2025-07-24 08:09:47+00:00,CONTROL_PRE,,0,0.0,63.0,1.0,-1.3000000000000043,-0.2787878787878798,-0.6484848484848476,0.0,-1.0
0B03R,P2,2025-07-24 08:09:52+00:00,CONTROL_PRE,,0,0.0,64.0,1.0,-1.5,0.15151515151515624,0.4666666666666699,0.0,0.0
0B03R,P2,2025-07-24 08:09:57+00:00,CONTROL_PRE,,0,0.0,64.0,1.0,0.3999999999999986,1.0274694277005705e-15,0.27878787878788086,0.0,0.0
0B03R,P2,2025-07-24 08:10:02+00:00,CONTROL_PRE,,0,0.0,65.0,1.0,0.7999999999999972,0.12727272727272848,-0.024242424242427757,0.0,1.0
0B03R,P2,2025-07-24 08:10:07+00:00,CONTROL_PRE,,0,0.0,65.0,1.0,0.7999999999999972,0.09696969696969583,0.0969696969696948,0.0,1.0
0B03R,P2,2025-07-24 08:10:37+00:00,CONTROL_PRE,,0,0.0,64.0,1.0,-2.200000000000003,-0.32727272727272855,-0.5696969696969709,0.0,0.0
0B03R,P2,2025-07-24 08:10:42+00:00,CONTROL_PRE,,0,0.0,65.0,1.0,-2.4000000000000057,0.09090909090909201,0.4848484848484852,0.0,1.0
0B03R,P2,2025-07-24 08:10:47+00:00,CONTROL_PRE,,0,0.0,65.0,1.0,-0.09999999999999432,0.05454545454545832,0.3818181818181869,0.0,1.0
0B03R,P2,2025-07-24 08:10:52+00:00,CONTROL_PRE,,0,0.0,67.0,1.0,1.2999999999999972,0.2787878787878818,0.1878787878787898,0.0,3.0
0B03R,P2,2025-07-24 08:10:57+00:00,CONTROL_PRE,,0,0.0,67.0,1.0,2.299999999999997,0.19393939393939624,0.13939393939393793,0.4,3.0
0B03R,P2,2025-07-24 08:11:02+00:00,CONTROL_PRE,,0,0.0,66.0,1.0,1.1000000000000085,-0.29696969696969633,-0.5757575757575781,0.4,1.5
0B03R,P2,2025-07-24 08:11:07+00:00,CONTROL_PRE,,0,0.0,65.0,1.0,-1.5,-0.12727272727272307,-0.3212121212121193,0.0,0.0
0B03R,P2,2025-07-24 08:11:12+00:00,CONTROL_PRE,,0,0.0,64.0,1.0,-2.3000000000000114,-0.31515151515151474,-0.01818181818181841,0.0,-1.0
0B03R,P2,2025-07-24 08:11:17+00:00,CONTROL_PRE,,0,0.0,64.0,1.0,-2.1000000000000014,-0.06060606060606126,0.06666666666666181,0.0,0.0
0B03R,P2,2025-07-24 08:11:22+00:00,CONTROL_PRE,,0,0.0,65.0,1.0,-0.3999999999999915,0.27878787878787686,0.5939393939393915,0.0,0.0
0B03R,P2,2025-07-24 08:11:27+00:00,CONTROL_PRE,,0,0.0,66.0,1.0,1.6999999999999957,0.12727272727272795,0.1878787878787892,0.0,1.0
0B03R,P2,2025-07-24 08:11:32+00:00,CONTROL_PRE,,0,0.0,66.0,1.0,1.5,0.054545454545458005,-0.22424242424241886,0.0,1.0
0B03R,P2,2025-07-24 08:11:37+00:00,CONTROL_PRE,,0,0.0,63.0,1.0,-0.5,-0.39999999999999974,-0.5272727272727277,0.0,-2.0
0B03R,P2,2025-07-24 08:11:42+00:00,CONTROL_PRE,,1,3.0,63.0,1.0,-1.9000000000000057,-0.1090909090909076,-0.1636363636363656,0.0,-2.0
0B03R,P2,2025-07-24 08:11:47+00:00,CONTROL_PRE,,1,3.0,63.0,1.0,-1.5999999999999943,-0.16969696969696868,0.23030303030303106,0.0,-2.0
0B03R,P2,2025-07-24 08:11:52+00:00,CONTROL_PRE,,0,0.0,63.0,1.0,-1.0,0.0969696969696974,0.206060606060605,0.0,-1.0
0B03R,P2,2025-07-24 08:11:57+00:00,CONTROL_PRE,,0,0.0,64.0,1.0,0.29999999999999716,0.15151515151515624,0.32121212121212495,0.0,0.0
0B03R,P2,2025-07-24 08:12:02+00:00,CONTROL_PRE,,0,0.0,64.0,1.0,1.5,0.054545454545453224,-0.042424242424244175,0.0,0.0
0B03R,P2,2025-07-24 08:12:07+00:00,CONTROL_PRE,,0,0.0,63.0,1.0,0.5999999999999943,-0.2242424242424226,-0.37575757575757884,0.0,-1.0
0B03R,P2,2025-07-24 08:12:12+00:00,CONTROL_PRE,,0,0.0,63.0,1.0,-1.0,-0.12727272727272598,-0.18181818181817921,0.0,-1.0
0B03R,P2,2025-07-24 08:12:22+00:00,CONTROL_PRE,,0,0.0,64.0,1.0,0.30000000000000426,0.19393939393939508,0.32121212121212106,0.0,0.0
0B03R,P2,2025-07-24 08:12:27+00:00,CONTROL_PRE,,0,0.0,65.0,1.0,1.5,0.12727272727273028,0.12727272727272956,0.0,1.0
0B03R,P2,2025-07-24 08:12:32+00:00,CONTROL_PRE,,0,0.0,64.0,1.0,0.8999999999999986,-0.09090909090909112,-0.2848484848484862,0.0,0.0
0B03R,P2,2025-07-24 08:12:37+00:00,CONTROL_PRE,,0,0.0,65.0,1.0,0.0,0.09090909090909201,-0.03636363636363828,0.0,1.0
0B03R,P2,2025-07-24 08:12:42+00:00,CONTROL_PRE,,0,0.0,64.0,1.0,0.0,-0.09090909090909112,0.0,0.0,0.0
0B03R,P2,2025-07-24 08:12:52+00:00,CONTROL_PRE,,0,0.0,63.0,1.0,-0.4000000000000057,-0.006060606060602895,0.08484848484848823,0.0,-1.0
0B03R,P2,2025-07-24 08:12:57+00:00,CONTROL_PRE,,0,0.0,64.0,1.0,-0.29999999999999716,-0.12121212121211962,-0.06666666666666604,0.0,0.0
0B03R,P2,2025-07-24 08:13:02+00:00,CONTROL_PRE,,0,0.0,66.0,1.0,0.20000000000000284,0.3333333333333366,0.33939393939393947,0.0,2.0
0B03R,P2,2025-07-24 08:13:07+00:00,CONTROL_PRE,,0,0.0,67.0,1.0,2.0,0.21818181818182025,0.33939393939393986,0.0,3.0
0B03R,P2,2025-07-24 08:13:12+00:00,CONTROL_PRE,,0,0.0,65.0,1.0,1.9000000000000057,-0.09696969696969804,-0.43030303030303463,0.0,1.0
0B03R,P2,2025-07-24 08:13:22+00:00,CONTROL_PRE,,0,0.0,65.0,1.0,-1.4000000000000057,0.02424242424242598,0.12121212121212402,0.0,1.0
0B03R,P2,2025-07-24 08:13:27+00:00,CONTROL_PRE,,0,0.0,65.0,1.0,-0.29999999999999716,-1.6821343494055487e-15,0.29696969696969067,0.0,1.0
0B03R,P2,2025-07-24 08:13:37+00:00,CONTROL_PRE,,0,0.0,65.0,1.0,0.09999999999999432,0.006060606060606087,0.0060606060606077684,0.0,1.0
0B03R,P2,2025-07-24 08:13:42+00:00,CONTROL_PRE,,0,0.0,65.0,1.0,-0.09999999999999432,-1.6821343494055487e-15,-0.06666666666666796,0.0,0.5
0B03R,P2,2025-07-24 08:13:57+00:00,CONTROL_PRE,,0,0.0,64.0,1.0,0.3999999999999915,-0.2727272727272735,-0.21818181818181948,0.0,-1.0
0B03R,P2,2025-07-24 08:14:02+00:00,CONTROL_PRE,,0,0.0,64.0,1.0,-0.8999999999999915,-0.09696969696969698,-0.3212121212121216,0.0,-0.5
0B03R,P2,2025-07-24 08:14:07+00:00,CONTROL_PRE,,0,0.0,63.0,1.0,-1.5999999999999943,-0.15151515151515244,0.12121212121212105,0.0,-1.0
0B03R,P2,2025-07-24 08:14:12+00:00,CONTROL_PRE,,0,0.0,65.0,1.0,-0.6000000000000014,0.2060606060606071,0.3030303030303041,0.0,1.0
0B03R,P2,2025-07-24 08:14:17+00:00,CONTROL_PRE,,1,5.0,65.0,1.0,1.4000000000000057,0.2363636363636352,0.3878787878787876,0.0,1.0
0B03R,P2,2025-07-24 08:14:22+00:00,CONTROL_PRE,,1,5.0,65.0,1.0,1.6000000000000014,-0.12121212121211991,-0.32727272727272705,0.0,1.0
0B03R,P2,2025-07-24 08:14:27+00:00,CONTROL_PRE,,0,0.0,63.0,1.0,-0.7000000000000028,-0.21818181818181603,-0.45454545454545126,0.0,-1.0
0B03R,P2,2025-07-24 08:14:32+00:00,CONTROL_PRE,,0,0.0,64.0,1.0,-1.9000000000000057,-0.10303030303030107,0.01818181818181884,0.0,0.0
0B03R,P2,2025-07-24 08:14:37+00:00,CONTROL_PRE,,0,0.0,65.0,1.0,-0.4000000000000057,0.30303030303030404,0.5212121212121201,0.0,1.0
0B03R,P2,2025-07-24 08:14:42+00:00,CONTROL_PRE,,0,0.0,65.0,1.0,1.5,0.09696969696969583,0.1999999999999969,0.0,1.0
0B03R,P2,2025-07-24 08:14:47+00:00,CONTROL_PRE,,0,0.0,65.0,1.0,1.2000000000000028,-1.6821343494055487e-15,-0.3030303030303057,0.0,1.0
0A10,P1,2025-07-24 10:26:07+00:00,CONTROL_PRE,,0,0.0,65.0,1.0,-3.3999999999999915,-0.46666666666666523,-0.38787878787878544,0.0,-5.0
0A10,P1,2025-07-24 10:27:22+00:00,CONTROL_PRE,,0,0.0,67.0,1.0,0.5,0.20000000000000004,0.2848484848484825,0.0,-1.0
0A10,P1,2025-07-24 10:27:27+00:00,CONTROL_PRE,,0,0.0,66.0,1.0,0.29999999999999716,-0.2303030303030307,-0.3090909090909103,0.0,-2.0
0A10,P1,2025-07-24 10:29:37+00:00,CONTROL_PRE,,0,0.0,64.0,1.0,-1.2999999999999972,0.41818181818181865,0.7939393939393935,0.0,-3.0
0A10,P1,2025-07-24 10:30:22+00:00,CONTROL_PRE,,0,0.0,70.0,1.0,1.2000000000000028,0.6060606060606065,0.8848484848484851,0.1,4.0
0A10,P1,2025-07-24 10:30:27+00:00,CONTROL_PRE,,0,0.0,72.0,1.0,5.099999999999994,0.7393939393939422,0.6121212121212137,0.6,5.0
0A10,P2,2025-07-24 10:41:10+00:00,CONTROL_PRE,,0,0.0,66.0,1.0,-0.30000000000001137,0.054545454545454244,0.236363636363633,0.0,1.0
0A10,P2,2025-07-24 10:41:15+00:00,CONTROL_PRE,,0,0.0,65.0,1.0,0.5,0.09090909090909062,0.0909090909090923,0.0,0.0
0A10,P2,2025-07-24 10:42:05+00:00,CONTROL_PRE,,0,0.0,65.0,1.0,-1.5,-0.07878787878788075,-0.07878787878788023,0.0,0.0
0A10,P2,2025-07-24 10:42:10+00:00,CONTROL_PRE,,0,0.0,64.0,1.0,-0.8999999999999915,-3.9308343684377367e-16,0.296969696969695,0.0,-1.0
0A10,P2,2025-07-24 10:42:15+00:00,CONTROL_PRE,,0,0.0,64.0,1.0,-0.29999999999999716,-0.09696969696969698,-0.01818181818181623,0.0,-1.0
0A10,P2,2025-07-24 10:42:25+00:00,CONTROL_PRE,,0,0.0,69.0,1.0,1.5999999999999943,0.43636363636363756,0.5333333333333345,0.1,4.0
0A10,P2,2025-07-24 10:42:50+00:00,CONTROL_PRE,,0,0.0,67.0,1.0,-1.5999999999999943,-0.26666666666666416,-0.42424242424242264,0.0,2.0
0A10,P2,2025-07-24 10:43:00+00:00,R00_10,3.0,0,0.0,69.0,1.0,2.0,-0.012121212121209934,0.25454545454545424,0.3,4.0
0A10,P2,2025-07-24 10:43:15+00:00,R10_20,18.0,0,0.0,69.0,1.0,1.3000000000000114,-0.3454545454545434,-0.8909090909090882,0.9,3.0
0A10,P2,2025-07-24 10:43:20+00:00,R20_30,23.0,0,0.0,67.0,1.0,-2.799999999999997,-0.47878787878787965,-0.5696969696969701,0.4,1.0
0A10,P2,2025-07-24 10:43:25+00:00,R20_30,28.0,0,0.0,66.0,1.0,-4.300000000000011,-0.3151515151515171,0.03030303030302628,0.0,0.0
0A10,P2,2025-07-24 10:43:35+00:00,R00_10,2.0,0,0.0,67.0,1.0,-0.5,0.44242424242424166,0.7575757575757588,0.0,1.0
0A10,P2,2025-07-24 10:43:40+00:00,R00_10,7.0,0,0.0,65.0,1.0,1.0,-0.34545454545454657,-0.19393939393939533,0.0,-1.0
0A10,P2,2025-07-24 10:44:45+00:00,R00_10,4.0,0,0.0,67.0,1.0,4.899999999999999,0.44848484848484826,0.4909090909090924,0.0,1.0
0A10,P2,2025-07-24 10:44:55+00:00,R10_20,14.0,0,0.0,64.0,1.0,-0.09999999999999432,-0.29696969696969644,-0.7454545454545447,0.0,-2.0
0A10,P2,2025-07-24 10:45:10+00:00,R20_30,29.0,0,0.0,67.0,1.0,2.6999999999999886,-0.2545454545454558,-0.2848484848484867,0.0,1.0
0A10,P2,2025-07-24 10:45:15+00:00,R30_60,34.0,0,0.0,67.0,1.0,0.4000000000000057,0.03636363636363961,-0.6060606060606015,0.0,1.0
0A10,P2,2025-07-24 10:45:30+00:00,R30_60,49.0,0,0.0,68.0,1.0,-2.6000000000000085,0.351515151515154,0.4121212121212148,0.0,2.0
0A10,P2,2025-07-24 10:45:35+00:00,R30_60,54.0,0,0.0,68.0,1.0,1.6999999999999886,0.5272727272727267,1.1696969696969681,0.0,2.0
0A10,P2,2025-07-24 10:45:40+00:00,R30_60,59.0,0,0.0,71.0,1.0,4.1000000000000085,0.12727272727272562,-0.22424242424242838,0.2,5.0
0A10,P2,2025-07-24 10:45:55+00:00,R00_10,3.0,0,0.0,69.0,1.0,-0.5,0.17575757575757572,-0.13939393939394057,0.4,3.0
0A10,P2,2025-07-24 10:46:00+00:00,R00_10,8.0,0,0.0,71.0,1.0,0.5999999999999943,0.15151515151515194,0.4242424242424271,0.8,5.0
0A10,P2,2025-07-24 10:46:05+00:00,R10_20,13.0,0,0.0,71.0,1.0,1.9000000000000057,0.12121212121212244,-0.05454545454545329,1.0,5.0
0A10,P2,2025-07-24 10:46:10+00:00,R10_20,18.0,0,0.0,71.0,1.0,1.1000000000000085,-0.0969696969696956,-0.24848484848484753,1.0,5.0
0A10,P2,2025-07-24 10:46:15+00:00,R20_30,23.0,1,3.0,69.0,1.0,-0.9000000000000057,-0.29696969696969916,-0.4181818181818216,0.6,3.0
0A10,P2,2025-07-24 10:46:25+00:00,R30_60,33.0,0,0.0,68.0,1.0,-2.5999999999999943,0.030303030303029214,0.3272727272727284,0.0,2.0
0A10,P2,2025-07-24 10:46:30+00:00,R30_60,38.0,0,0.0,66.0,1.0,-1.0999999999999943,-0.1454545454545435,0.18787878787878803,0.0,0.0
0A10,P2,2025-07-24 10:46:35+00:00,R30_60,43.0,0,0.0,64.0,1.0,-2.0,-0.4787878787878759,-0.509090909090905,0.0,-2.0
0B10,P1,2025-07-24 13:58:44+00:00,CONTROL_PRE,,0,0.0,101.0,1.0,1.5,0.006060606060607022,-0.27272727272727,0.6,3.0
0B10,P1,2025-07-24 13:58:49+00:00,CONTROL_PRE,,0,0.0,101.0,1.0,0.7000000000000028,0.12121212121212152,0.030303030303028167,0.1,2.0
0B10,P1,2025-07-24 13:59:14+00:00,CONTROL_PRE,,0,0.0,97.0,1.0,-2.200000000000003,-0.40606060606059885,-0.5575757575757552,0.0,-3.0
0B10,P1,2025-07-24 13:59:19+00:00,CONTROL_PRE,,0,0.0,95.0,1.0,-4.099999999999994,-0.44848484848484504,-0.07878787878787552,0.0,-5.0
0B10,P1,2025-07-24 13:59:24+00:00,CONTROL_PRE,,0,0.0,94.0,1.0,-2.8999999999999915,0.18181818181818293,0.5878787878787818,0.0,-5.0
0B10,P1,2025-07-24 14:00:19+00:00,CONTROL_PRE,,0,0.0,86.0,1.0,-3.5,-0.7333333333333366,-0.9151515151515217,0.0,-10.0
0B10,P1,2025-07-24 14:00:24+00:00,CONTROL_PRE,,0,0.0,86.0,1.0,-4.299999999999997,0.18787878787878853,0.6242424242424225,0.0,-9.0
0B10,P1,2025-07-24 14:00:34+00:00,CONTROL_PRE,,0,0.0,96.0,1.0,5.200000000000003,1.2666666666666675,1.078787878787879,0.0,2.0
0B10,P1,2025-07-24 14:00:39+00:00,CONTROL_PRE,,0,0.0,97.0,1.0,8.5,0.5454545454545474,0.21212121212121265,0.0,2.0
0B10,P1,2025-07-24 14:00:54+00:00,CONTROL_PRE,,0,0.0,94.0,1.0,-5.299999999999997,0.012121212121216555,-0.23636363636362603,0.0,-1.0
0B10,P1,2025-07-24 14:00:59+00:00,CONTROL_PRE,,0,0.0,92.0,1.0,-2.1999999999999886,0.2969696969696998,1.4060606060606087,0.0,-3.0
0B10,P1,2025-07-24 14:01:24+00:00,CONTROL_PRE,,0,0.0,89.0,1.0,-2.200000000000003,0.1878787878787898,0.24242424242424454,0.0,-5.0
0B10,P1,2025-07-24 14:01:34+00:00,CONTROL_PRE,,0,0.0,89.0,1.0,-1.2000000000000028,0.15151515151515274,-0.03636363636363707,0.0,-4.0
0B10,P1,2025-07-24 14:01:39+00:00,CONTROL_PRE,,0,0.0,89.0,1.0,-0.5,-0.12727272727272382,0.2606060606060654,0.0,-4.0
0B10,P1,2025-07-24 14:01:44+00:00,CONTROL_PRE,,0,0.0,89.0,1.0,0.30000000000001137,0.09696969696969625,-0.05454545454545649,0.0,-4.0
0B10,P1,2025-07-24 14:01:49+00:00,CONTROL_PRE,,0,0.0,88.0,1.0,-0.3999999999999915,-0.29696969696969383,-0.16969696969697,0.0,-5.0
0B10,P1,2025-07-24 14:01:54+00:00,CONTROL_PRE,,0,0.0,89.0,1.0,-1.0,0.14545454545454745,0.0484848484848512,0.0,-3.0
0B10,P1,2025-07-24 14:02:14+00:00,CONTROL_PRE,,0,0.0,98.0,1.0,2.700000000000003,0.6242424242424232,-0.23636363636364077,0.4,6.0
0B10,P1,2025-07-24 14:02:54+00:00,CONTROL_PRE,,0,0.0,96.0,1.0,-1.9000000000000057,0.9575757575757605,1.363636363636365,0.0,3.0
0B10,P1,2025-07-24 14:02:59+00:00,CONTROL_PRE,,0,0.0,89.0,1.0,1.5,-0.8121212121212119,-0.1999999999999985,0.0,-4.0
0B10,P1,2025-07-24 14:03:04+00:00,CONTROL_PRE,,0,0.0,91.0,1.0,-1.5999999999999943,-0.15757575757575587,-1.1151515151515163,0.0,-2.0
0B10,P1,2025-07-24 14:03:39+00:00,CONTROL_PRE,,0,0.0,99.0,1.0,1.0999999999999943,0.5030303030303062,0.2969696969697001,0.3,6.0
0B10,P1,2025-07-24 14:03:44+00:00,CONTROL_PRE,,0,0.0,95.0,1.0,2.5,0.07272727272727265,0.22424242424241947,0.7,2.0
0B10,P2,2025-07-24 14:17:55+00:00,CONTROL_PRE,,0,0.0,83.0,1.0,-3.8999999999999915,0.024242424242425505,0.2848484848484842,0.0,-4.0
0B10,P2,2025-07-24 14:18:00+00:00,CONTROL_PRE,,0,0.0,84.0,1.0,-0.6999999999999886,0.38787878787878916,1.036363636363638,0.0,-3.0
0B10,P2,2025-07-24 14:18:10+00:00,CONTROL_PRE,,0,0.0,82.0,1.0,-0.6000000000000085,-0.2424242424242384,-0.6303030303030276,0.0,-3.0
0B10,P2,2025-07-24 14:18:15+00:00,CONTROL_PRE,,0,0.0,82.0,1.0,-1.9000000000000057,-0.09696969696969733,0.0666666666666599,0.0,-3.0
0B10,P2,2025-07-24 14:18:45+00:00,CONTROL_PRE,,0,0.0,82.0,1.0,-5.299999999999997,0.14545454545454461,0.2484848484848462,0.0,-3.0
0B10,P2,2025-07-24 14:18:50+00:00,CONTROL_PRE,,0,0.0,81.0,1.0,-1.7000000000000028,-1.4944863883129117e-15,1.0727272727272703,0.0,-3.0
0B10,P2,2025-07-24 14:19:50+00:00,CONTROL_PRE,,0,0.0,80.0,1.0,-1.6999999999999886,-0.33333333333332915,-0.18787878787878484,0.0,-4.0
0B10,P2,2025-07-24 14:19:55+00:00,CONTROL_PRE,,0,0.0,80.0,1.0,-3.3000000000000114,-0.6424242424242409,-0.4909090909090884,0.0,-4.0
0B10,P2,2025-07-24 14:21:00+00:00,CONTROL_PRE,,0,0.0,80.0,1.0,-4.900000000000006,-0.7272727272727256,-0.7090909090909097,0.0,-4.5
0B10,P2,2025-07-24 14:21:05+00:00,CONTROL_PRE,,0,0.0,86.0,1.0,-3.299999999999997,0.8,1.4363636363636312,0.0,2.0
0B10,P2,2025-07-24 14:21:45+00:00,CONTROL_PRE,,0,0.0,86.0,1.0,-2.8999999999999915,0.26666666666667077,1.048484848484852,0.0,1.0
0B10,P2,2025-07-24 14:21:55+00:00,CONTROL_PRE,,0,0.0,86.0,1.0,-0.4000000000000057,0.060606060606065194,-0.20606060606060558,0.0,1.0
0C10,P2,2025-07-24 15:31:28+00:00,CONTROL_PRE,,0,0.0,76.0,1.0,3.4000000000000057,-0.1999999999999996,-0.5818181818181815,1.0,8.0
0C10,P2,2025-07-24 15:31:38+00:00,CONTROL_PRE,,0,0.0,75.0,1.0,-1.2000000000000028,-0.22424242424242227,-0.024242424242422678,0.7,2.5
0C10,P2,2025-07-24 15:31:43+00:00,CONTROL_PRE,,0,0.0,72.0,1.0,-1.7000000000000028,-0.3090909090909065,-0.21212121212121143,0.2,-1.0
0C10,P2,2025-07-24 15:31:48+00:00,CONTROL_PRE,,0,0.0,73.0,1.0,-2.700000000000003,-0.29090909090909123,-0.06666666666666896,0.0,0.0
0C10,P2,2025-07-24 15:31:53+00:00,CONTROL_PRE,,0,0.0,74.0,1.0,-1.5,0.3393939393939414,0.6484848484848479,0.0,1.0
0C10,P2,2025-07-24 15:32:13+00:00,CONTROL_PRE,,0,0.0,71.0,1.0,-2.200000000000003,0.12121212121212244,0.3272727272727266,0.0,-2.0
0C10,P2,2025-07-24 15:32:18+00:00,CONTROL_PRE,,0,0.0,72.0,1.0,0.0,0.09090909090909316,0.48484848484848725,0.0,-1.0
0C10,P2,2025-07-24 15:32:23+00:00,CONTROL_PRE,,0,0.0,69.0,1.0,0.4000000000000057,-0.24242424242424163,-0.3636363636363641,0.0,-3.0
0C10,P1,2025-07-24 15:50:02+00:00,CONTROL_PRE,,1,5.0,71.0,1.0,0.09999999999999432,-0.5393939393939374,-1.0363636363636335,0.1,0.0
0C10,P1,2025-07-24 15:50:07+00:00,CONTROL_PRE,,1,5.0,70.0,1.0,-3.299999999999997,-0.05454545454545406,-0.15151515151515296,0.0,-1.0
0C10,P1,2025-07-24 15:50:17+00:00,CONTROL_PRE,,0,0.0,69.0,1.0,-0.29999999999999716,-0.21818181818181764,-0.16363636363636358,0.0,-1.0
0C10,P1,2025-07-24 15:50:22+00:00,CONTROL_PRE,,0,0.0,69.0,1.0,-1.2000000000000028,-0.09696969696969354,-0.13333333333332914,0.0,-1.0
0C10,P1,2025-07-24 15:50:27+00:00,CONTROL_PRE,,0,0.0,66.0,1.0,-2.0,-0.3757575757575764,-0.15757575757575876,0.0,-4.0
0C10,P1,2025-07-24 15:50:32+00:00,CONTROL_PRE,,0,0.0,68.0,1.0,-2.200000000000003,-0.024242424242423604,0.07272727272726993,0.0,-2.0
0C10,P1,2025-07-24 15:50:37+00:00,CONTROL_PRE,,0,0.0,63.0,1.0,-2.299999999999997,-0.44242424242424094,-0.06666666666666454,0.0,-7.0
0C10,P1,2025-07-24 15:50:47+00:00,CONTROL_PRE,,0,0.0,64.0,1.0,-1.4000000000000057,0.03030303030302795,0.4727272727272689,0.0,-6.0
0C10,P1,2025-07-24 15:50:57+00:00,R00_10,0.0,0,0.0,70.0,1.0,3.299999999999997,0.6303030303030301,0.6000000000000022,0.0,1.0
0C10,P1,2025-07-24 15:51:02+00:00,R00_10,5.0,0,0.0,71.0,1.0,4.599999999999994,0.24242424242424157,-0.08484848484848875,0.0,1.0
0C10,P1,2025-07-24 15:51:07+00:00,R00_10,10.0,0,0.0,71.0,1.0,2.8000000000000114,0.07272727272727424,-0.557575757575756,0.0,1.0
0C10,P1,2025-07-24 15:51:17+00:00,R10_20,20.0,0,0.0,69.0,1.0,-2.1000000000000085,-0.200000000000002,-0.27272727272727626,0.0,-1.0
0C10,P1,2025-07-24 15:51:22+00:00,R20_30,25.0,0,0.0,68.0,1.0,-1.2000000000000028,0.224242424242424,0.44848484848484493,0.0,-2.0
0C10,P1,2025-07-24 15:51:27+00:00,R20_30,30.0,0,0.0,72.0,1.0,1.7999999999999972,0.19999999999999976,0.4000000000000018,0.0,2.0
0C10,P1,2025-07-24 15:51:42+00:00,R30_60,45.0,0,0.0,68.0,1.0,-0.8999999999999915,-0.3515151515151512,-0.5030303030303047,0.0,-2.0
0C10,P1,2025-07-24 15:51:47+00:00,R30_60,50.0,0,0.0,65.0,1.0,-3.700000000000003,-0.7212121212121197,-0.5999999999999989,0.0,-5.0
0C10,P1,2025-07-24 15:51:57+00:00,R30_60,60.0,0,0.0,66.0,1.0,-1.0999999999999943,0.16969696969697046,0.8909090909090902,0.0,-3.0
0C10,P1,2025-07-24 15:52:02+00:00,CONTROL_GT60,65.0,0,0.0,65.0,1.0,0.7000000000000028,-0.151515151515153,-0.22424242424242707,0.0,-4.0
0C10,P1,2025-07-24 15:52:27+00:00,CONTROL_GT60,90.0,0,0.0,66.0,1.0,3.999999999999993,0.09696969696969822,0.5333333333333335,0.0,-3.0
0C10,P1,2025-07-24 15:53:02+00:00,CONTROL_GT60,125.0,0,0.0,71.0,1.0,2.0999999999999943,0.060606060606061024,-0.054545454545455174,0.0,3.0
0C10,P1,2025-07-24 15:53:27+00:00,CONTROL_GT60,150.0,0,0.0,67.0,1.0,-1.0999999999999943,0.24242424242424426,0.24848484848484625,0.0,-1.0
0C10,P1,2025-07-24 15:53:32+00:00,CONTROL_GT60,155.0,0,0.0,72.0,1.0,1.8000000000000114,0.6303030303030311,1.0545454545454558,0.1,4.0
0C10,P1,2025-07-24 15:53:37+00:00,CONTROL_GT60,160.0,0,0.0,71.0,1.0,4.299999999999997,0.236363636363639,-0.006060606060605267,0.2,3.0
0C10,P1,2025-07-24 15:53:42+00:00,CONTROL_GT60,165.0,0,0.0,68.0,1.0,2.1999999999999886,-0.24242424242424046,-0.8727272727272716,0.1,0.0
0C10,P1,2025-07-24 15:53:47+00:00,CONTROL_GT60,170.0,0,0.0,69.0,1.0,-1.4000000000000057,-0.3454545454545473,-0.5818181818181862,0.0,1.0
0C10,P1,2025-07-24 15:53:52+00:00,CONTROL_GT60,175.0,0,0.0,68.0,1.0,-2.5,0.07878787878787945,0.3212121212121199,0.0,0.0
0C10,P1,2025-07-24 15:53:57+00:00,CONTROL_GT60,180.0,0,0.0,73.0,1.0,0.5,0.5212121212121227,0.86666666666667,0.2,5.0
0C10,P1,2025-07-24 15:54:02+00:00,CONTROL_GT60,185.0,0,0.0,75.0,1.0,5.200000000000003,0.818181818181822,0.7393939393939426,0.7,7.0
0C10,P1,2025-07-24 15:54:52+00:00,CONTROL_GT60,235.0,0,0.0,73.0,1.0,2.1999999999999886,0.14545454545454625,-0.03636363636363768,0.6,4.0
0C10,P1,2025-07-24 15:54:57+00:00,CONTROL_GT60,240.0,0,0.0,75.0,1.0,1.9000000000000057,0.18181818181818374,-0.11515151515151492,1.0,6.0
0C10,P1,2025-07-24 15:55:12+00:00,CONTROL_GT60,255.0,0,0.0,71.0,1.0,-3.200000000000003,-0.1515151515151497,-0.2909090909090891,0.1,2.0
0D10,P2,2025-07-25 10:26:05+00:00,CONTROL_PRE,,0,0.0,58.0,1.0,2.1999999999999957,0.09696969696969852,-0.10909090909091028,0.0,1.0
0D10,P2,2025-07-25 10:26:10+00:00,CONTROL_PRE,,1,3.0,56.0,1.0,0.6000000000000014,-0.22424242424242471,-0.4969696969696994,0.0,-1.0
0D10,P2,2025-07-25 10:26:15+00:00,CONTROL_PRE,,1,3.0,54.0,1.0,-1.6999999999999957,-0.40606060606060757,-0.503030303030306,0.0,-3.0
0D10,P2,2025-07-25 10:26:20+00:00,CONTROL_PRE,,0,0.0,53.0,1.0,-3.3999999999999986,-0.41818181818181716,-0.19393939393939244,0.0,-4.0
0D10,P2,2025-07-25 10:26:25+00:00,CONTROL_PRE,,0,0.0,57.0,1.0,-1.3999999999999986,0.5515151515151525,0.9575757575757601,0.0,0.0
0D10,P2,2025-07-25 10:26:30+00:00,CONTROL_PRE,,0,0.0,55.0,1.0,2.1000000000000014,-0.04848484848484775,0.3696969696969694,0.0,-2.0
0D10,P2,2025-07-25 10:26:35+00:00,CONTROL_PRE,,0,0.0,57.0,1.0,0.8999999999999986,-0.09696969696969233,-0.6484848484848449,0.0,0.0
0D10,P2,2025-07-25 10:26:40+00:00,CONTROL_PRE,,0,0.0,58.0,1.0,0.19999999999999574,0.47272727272727283,0.5212121212121206,0.0,1.0
0D10,P2,2025-07-25 10:26:45+00:00,CONTROL_PRE,,0,0.0,59.0,1.0,2.6999999999999957,0.24848484848484778,0.34545454545454013,0.0,2.0
0D10,P2,2025-07-25 10:26:50+00:00,CONTROL_PRE,,0,0.0,57.0,1.0,2.1000000000000014,-0.22424242424242355,-0.6969696969696964,0.0,0.0
0D10,P2,2025-07-25 10:26:55+00:00,CONTROL_PRE,,0,0.0,59.0,1.0,-0.29999999999999716,-0.024242424242422584,-0.2727272727272704,0.0,2.0
0D10,P2,2025-07-25 10:27:00+00:00,CONTROL_PRE,,0,0.0,58.0,1.0,-0.20000000000000284,0.10303030303030235,0.3272727272727259,0.0,1.0
0D10,P2,2025-07-25 10:27:05+00:00,CONTROL_PRE,,0,0.0,55.0,1.0,-0.3999999999999986,-0.41212121212120706,-0.3878787878787845,0.0,-2.0
0D10,P2,2025-07-25 10:27:25+00:00,CONTROL_PRE,,0,0.0,58.0,1.0,1.0,0.22424242424242433,0.07272727272727197,0.0,1.0
0D10,P2,2025-07-25 10:27:30+00:00,CONTROL_PRE,,0,0.0,60.0,1.0,2.200000000000003,0.47272727272727433,0.4727272727272732,0.0,3.0
0D10,P2,2025-07-25 10:27:35+00:00,CONTROL_PRE,,0,0.0,61.0,1.0,3.700000000000003,0.2787878787878825,0.0545454545454582,0.5,4.0
0D10,P2,2025-07-25 10:27:40+00:00,CONTROL_PRE,,0,0.0,60.0,1.0,2.5,-0.12727272727272734,-0.6000000000000016,0.7,3.0
0D10,P2,2025-07-25 10:27:45+00:00,CONTROL_PRE,,0,0.0,59.0,1.0,-0.5,-0.24848484848484553,-0.527272727272728,0.2,2.0
0D10,P2,2025-07-25 10:27:50+00:00,CONTROL_PRE,,0,0.0,59.0,1.0,-1.8000000000000043,-0.018181818181817654,0.10909090909090968,0.0,2.0
0D10,P2,2025-07-25 10:27:55+00:00,CONTROL_PRE,,0,0.0,59.0,1.0,-0.8000000000000043,0.042424242424246396,0.29090909090909195,0.0,2.0
0D10,P2,2025-07-25 10:28:15+00:00,CONTROL_PRE,,0,0.0,63.0,1.0,2.3999999999999986,0.15151515151515277,-0.12121212121211877,0.9,5.0
0D10,P2,2025-07-25 10:28:20+00:00,CONTROL_PRE,,0,0.0,64.0,1.0,1.6999999999999957,0.18181818181818218,-0.11515151515151492,1.0,6.0
0D10,P2,2025-07-25 10:28:25+00:00,CONTROL_PRE,,0,0.0,63.0,1.0,1.1999999999999957,0.018181818181818132,-0.13333333333333464,1.0,5.0
0D10,P2,2025-07-25 10:28:40+00:00,CONTROL_PRE,,0,0.0,61.0,1.0,-2.6000000000000014,0.2969696969696967,0.824242424242422,0.0,3.0
0D10,P2,2025-07-25 10:28:45+00:00,CONTROL_PRE,,0,0.0,63.0,1.0,1.5,0.4545454545454551,0.8303030303030274,0.4,5.0
0D10,P2,2025-07-25 10:28:50+00:00,CONTROL_PRE,,0,0.0,59.0,1.0,2.200000000000003,-0.2727272727272695,-0.5696969696969663,0.6,1.0
0D10,P2,2025-07-25 10:28:55+00:00,CONTROL_PRE,,0,0.0,60.0,1.0,-1.0999999999999943,-0.3272727272727281,-0.7818181818181832,0.2,2.0
0D10,P2,2025-07-25 10:29:00+00:00,CONTROL_PRE,,0,0.0,60.0,1.0,-2.1000000000000014,0.12121212121212091,0.39393939393939037,0.0,2.0
0D10,P2,2025-07-25 10:29:05+00:00,CONTROL_PRE,,1,3.0,61.0,1.0,0.0,0.18181818181818069,0.5090909090909088,0.0,2.0
0D10,P2,2025-07-25 10:29:25+00:00,CONTROL_PRE,,0,0.0,58.0,1.0,-2.799999999999997,-0.18181818181818205,-0.06060606060606061,0.0,-1.0
0D10,P2,2025-07-25 10:29:30+00:00,CONTROL_PRE,,0,0.0,59.0,1.0,-0.8000000000000043,0.4666666666666701,0.7636363636363646,0.0,0.0
0D10,P2,2025-07-25 10:29:35+00:00,CONTROL_PRE,,0,0.0,58.0,1.0,1.6999999999999957,-0.11515151515151362,0.06666666666666843,0.0,-1.0
0D10,P2,2025-07-25 10:29:40+00:00,CONTROL_PRE,,0,0.0,54.0,1.0,-1.1000000000000014,-0.6303030303030277,-1.0969696969696978,0.0,-5.0
0D10,P2,2025-07-25 10:29:45+00:00,CONTROL_PRE,,0,0.0,56.0,1.0,-3.6999999999999957,0.07272727272727368,0.1878787878787873,0.0,-3.0
0D10,P2,2025-07-25 10:29:50+00:00,CONTROL_PRE,,0,0.0,56.0,1.0,-1.3999999999999986,0.09696969696970066,0.7272727272727284,0.0,-2.0
0D10,P2,2025-07-25 10:29:55+00:00,CONTROL_PRE,,0,0.0,56.0,1.0,0.5,0.12727272727272557,0.054545454545451885,0.0,-2.0
0D10,P2,2025-07-25 10:30:15+00:00,CONTROL_PRE,,0,0.0,56.0,1.0,-1.8999999999999986,-0.12727272727272992,-0.4545454545454588,0.0,-2.0
0D10,P2,2025-07-25 10:30:20+00:00,CONTROL_PRE,,0,0.0,59.0,1.0,-0.5,0.40000000000000047,0.8666666666666654,0.0,1.0
0D10,P2,2025-07-25 10:30:25+00:00,CONTROL_PRE,,0,0.0,56.0,1.0,1.1000000000000014,-0.21818181818181961,-0.09090909090908969,0.0,-2.0
0D10,P2,2025-07-25 10:30:30+00:00,CONTROL_PRE,,0,0.0,60.0,1.0,0.7000000000000028,0.4060606060606061,0.0060606060606056555,0.0,2.0
0D10,P2,2025-07-25 10:30:50+00:00,CONTROL_PRE,,0,0.0,59.0,1.0,0.7000000000000028,0.20000000000000145,0.5272727272727278,0.0,1.0
0D10,P2,2025-07-25 10:30:55+00:00,CONTROL_PRE,,0,0.0,59.0,1.0,1.5,-7.209489410672719e-16,-0.1515151515151537,0.0,1.0
0D10,P2,2025-07-25 10:31:15+00:00,CONTROL_PRE,,0,0.0,57.0,1.0,0.10000000000000142,0.030303030303032233,0.27272727272727193,0.0,-1.0
0D10,P2,2025-07-25 10:31:20+00:00,CONTROL_PRE,,0,0.0,57.0,1.0,-0.19999999999999574,-0.27272727272727565,-0.42424242424242936,0.0,-1.0
0D10,P2,2025-07-25 10:31:25+00:00,CONTROL_PRE,,0,0.0,60.0,1.0,-0.4000000000000057,0.36969696969696925,0.339393939393937,0.0,2.0
0D10,P2,2025-07-25 10:31:30+00:00,CONTROL_PRE,,0,0.0,60.0,1.0,2.1999999999999957,0.3939393939393959,0.6666666666666716,0.0,2.0
0D10,P2,2025-07-25 10:31:35+00:00,CONTROL_PRE,,0,0.0,63.0,1.0,3.8000000000000043,0.2727272727272729,-0.09696969696969637,0.3,5.0
0D10,P2,2025-07-25 10:32:00+00:00,CONTROL_PRE,,0,0.0,55.0,1.0,-5.0,-0.8484848484848477,-0.7030303030303038,0.1,-3.0
0D10,P2,2025-07-25 10:32:05+00:00,CONTROL_PRE,,0,0.0,56.0,1.0,-5.899999999999999,-0.09696969696969752,0.34545454545454596,0.0,-2.0
0D10,P2,2025-07-25 10:32:10+00:00,CONTROL_PRE,,0,0.0,61.0,1.0,-1.0,0.6666666666666673,1.5151515151515151,0.0,3.0
0D10,P2,2025-07-25 10:32:15+00:00,CONTROL_PRE,,0,0.0,60.0,1.0,4.300000000000004,0.5030303030303025,0.6,0.1,2.0
0D10,P2,2025-07-25 10:32:20+00:00,CONTROL_PRE,,0,0.0,58.0,1.0,2.8000000000000043,-0.49696969696969673,-1.163636363636364,0.1,0.0
0D10,P2,2025-07-25 10:32:25+00:00,CONTROL_PRE,,0,0.0,55.0,1.0,-2.4000000000000057,-0.38181818181818195,-0.8848484848484844,0.0,-3.0
0D10,P2,2025-07-25 10:32:30+00:00,CONTROL_PRE,,0,0.0,59.0,1.0,-2.6000000000000014,0.21818181818181634,0.7151515151515131,0.0,1.0
0D10,P2,2025-07-25 10:32:35+00:00,CONTROL_PRE,,0,0.0,58.0,1.0,0.9000000000000057,0.27878787878788036,0.6606060606060623,0.0,0.0
0D10,P2,2025-07-25 10:32:45+00:00,CONTROL_PRE,,0,0.0,58.0,1.0,-0.6000000000000014,0.1696969696969706,-0.10909090909090977,0.0,0.0
0D10,P1,2025-07-25 10:40:37+00:00,CONTROL_PRE,,0,0.0,58.0,1.0,2.0,0.0727272727272747,-0.35151515151514967,0.0,2.0
0D10,P1,2025-07-25 10:40:42+00:00,CONTROL_PRE,,0,0.0,59.0,1.0,1.2999999999999972,0.1939393939393919,0.042424242424240144,0.3,3.0
0D10,P1,2025-07-25 10:40:47+00:00,CONTROL_PRE,,0,0.0,59.0,1.0,0.7999999999999972,-0.14545454545454195,-0.21818181818181664,0.3,3.0
0D10,P1,2025-07-25 10:40:52+00:00,CONTROL_PRE,,0,0.0,64.0,1.0,1.0,0.6787878787878802,0.48484848484848825,0.4,8.0
0D10,P1,2025-07-25 10:40:57+00:00,CONTROL_PRE,,0,0.0,61.0,1.0,2.799999999999997,0.12121212121212199,0.26666666666666394,0.9,5.0
0D10,P1,2025-07-25 10:41:02+00:00,CONTROL_PRE,,0,0.0,60.0,1.0,1.1000000000000014,-0.3939393939393916,-1.0727272727272719,0.8,3.0
0D10,P1,2025-07-25 10:41:07+00:00,CONTROL_PRE,,0,0.0,56.0,1.0,-2.6999999999999957,-0.4787878787878765,-0.5999999999999985,0.3,-1.0
0D10,P1,2025-07-25 10:41:12+00:00,CONTROL_PRE,,0,0.0,55.0,1.0,-4.399999999999999,-0.5515151515151511,-0.15757575757575948,0.0,-2.0
0D10,P1,2025-07-25 10:41:37+00:00,CONTROL_PRE,,0,0.0,57.0,1.0,0.10000000000000142,0.2909090909090934,0.5878787878787908,0.0,0.0
0D10,P1,2025-07-25 10:41:42+00:00,CONTROL_PRE,,0,0.0,58.0,1.0,1.1000000000000014,-0.04848484848484826,-0.15151515151515363,0.0,1.0
0D10,P1,2025-07-25 10:41:47+00:00,CONTROL_PRE,,0,0.0,58.0,1.0,0.5,0.12727272727272818,-0.16363636363636522,0.0,1.0
0D10,P1,2025-07-25 10:41:52+00:00,CONTROL_PRE,,0,0.0,56.0,1.0,-0.5,-0.3212121212121213,-0.27272727272727304,0.0,-1.0
0D10,P1,2025-07-25 10:41:57+00:00,CONTROL_PRE,,0,0.0,58.0,1.0,-1.1000000000000014,0.14545454545454528,0.018181818181817105,0.0,1.0
0D10,P1,2025-07-25 10:42:12+00:00,CONTROL_PRE,,0,0.0,59.0,1.0,2.1000000000000014,0.09696969696969515,-0.12727272727273006,0.0,2.0
0D10,P1,2025-07-25 10:42:17+00:00,CONTROL_PRE,,0,0.0,61.0,1.0,1.5,0.16969696969696743,-0.10303030303030772,0.3,4.0
0D10,P1,2025-07-25 10:42:22+00:00,CONTROL_PRE,,0,0.0,57.0,1.0,0.10000000000000142,-0.2969696969696975,-0.39393939393939265,0.3,0.0
0D10,P1,2025-07-25 10:42:27+00:00,CONTROL_PRE,,0,0.0,58.0,1.0,-2.200000000000003,-0.27878787878787636,-0.4484848484848438,0.0,1.0
0D10,P1,2025-07-25 10:42:32+00:00,CONTROL_PRE,,0,0.0,61.0,1.0,-1.2000000000000028,0.5151515151515162,0.8121212121212138,0.1,4.0
0D10,P1,2025-07-25 10:42:52+00:00,CONTROL_PRE,,0,0.0,59.0,1.0,-2.0,-0.12727272727272676,-0.23030303030303104,0.0,1.0
0D10,P1,2025-07-25 10:43:02+00:00,CONTROL_PRE,,0,0.0,54.0,1.0,-2.8999999999999986,-0.5696969696969697,-0.44242424242424294,0.0,-4.0
0D10,P1,2025-07-25 10:43:07+00:00,CONTROL_PRE,,0,0.0,54.0,1.0,-3.700000000000003,-0.10303030303030443,0.13939393939393524,0.0,-3.0
0D10,P1,2025-07-25 10:43:12+00:00,CONTROL_PRE,,0,0.0,55.0,1.0,-1.3999999999999986,0.21818181818181656,0.7878787878787863,0.0,-2.0
0D10,P1,2025-07-25 10:43:17+00:00,CONTROL_PRE,,0,0.0,57.0,1.0,0.8999999999999986,0.10909090909090809,0.21212121212121252,0.0,0.0
0D10,P1,2025-07-25 10:43:32+00:00,CONTROL_PRE,,0,0.0,59.0,1.0,1.5,-0.036363636363634905,-1.2181818181818174,0.1,1.5
0D10,P1,2025-07-25 10:43:37+00:00,CONTROL_PRE,,0,0.0,57.0,1.0,-1.6999999999999957,-0.4181818181818174,-0.13939393939393885,0.0,-1.0
0D10,P1,2025-07-25 10:43:57+00:00,CONTROL_PRE,,0,0.0,53.0,1.0,-2.5,-0.1030303030303025,0.4545454545454528,0.0,-4.0
0D10,P1,2025-07-25 10:44:02+00:00,CONTROL_PRE,,0,0.0,54.0,1.0,-0.7000000000000028,0.07272727272727451,0.22424242424242669,0.0,-3.0
0D10,P1,2025-07-25 10:44:32+00:00,CONTROL_PRE,,0,0.0,58.0,1.0,-1.6000000000000014,-0.036363636363634766,-0.012121212121209868,0.0,1.0
0D10,P1,2025-07-25 10:44:37+00:00,CONTROL_PRE,,0,0.0,59.0,1.0,-0.6000000000000014,0.12727272727273065,0.49696969696970095,0.0,1.0
0D10,P1,2025-07-25 10:44:42+00:00,CONTROL_PRE,,0,0.0,56.0,1.0,0.0,-0.2060606060606045,-0.16969696969696973,0.0,-2.0
0D10,P1,2025-07-25 10:44:47+00:00,CONTROL_PRE,,0,0.0,56.0,1.0,-1.5,-0.2666666666666654,-0.39393939393939603,0.0,-1.0
0D10,P1,2025-07-25 10:44:52+00:00,CONTROL_PRE,,0,0.0,56.0,1.0,-2.200000000000003,-0.14545454545454767,0.06060606060605683,0.0,-1.0
0D10,P1,2025-07-25 10:44:57+00:00,CONTROL_PRE,,0,0.0,57.0,1.0,-0.5999999999999943,0.24242424242424276,0.5090909090909082,0.0,0.0
0D10,P1,2025-07-25 10:45:02+00:00,CONTROL_PRE,,0,0.0,58.0,1.0,1.4000000000000057,0.09696969696969644,0.2424242424242441,0.0,1.0
0A11,P1,2025-07-25 12:17:25+00:00,CONTROL_PRE,,0,0.0,85.0,1.0,-1.9000000000000057,-0.9636363636363647,-2.090909090909089,0.3,-1.0
0A11,P1,2025-07-25 12:17:30+00:00,CONTROL_PRE,,0,0.0,80.0,1.0,-7.5,-0.5575757575757593,-0.06666666666667054,0.0,-6.0
0A11,P1,2025-07-25 12:17:35+00:00,CONTROL_PRE,,0,0.0,86.0,1.0,-4.5,0.20606060606060697,1.1696969696969717,0.0,0.0
0A11,P1,2025-07-25 12:17:40+00:00,CONTROL_PRE,,0,0.0,82.0,1.0,-0.5,0.11515151515151183,0.6727272727272711,0.0,-4.0
0A11,P1,2025-07-25 12:17:45+00:00,CONTROL_PRE,,0,0.0,83.0,1.0,0.20000000000000284,-0.060606060606059574,-0.26666666666666655,0.0,-2.0
0A11,P1,2025-07-25 12:17:50+00:00,CONTROL_PRE,,0,0.0,83.0,1.0,-0.3999999999999915,-0.042424242424242906,-0.15757575757575473,0.0,-2.0
0A11,P1,2025-07-25 12:18:10+00:00,CONTROL_PRE,,0,0.0,87.0,1.0,0.7999999999999972,0.26666666666666766,0.15757575757575767,0.0,2.0
0A11,P1,2025-07-25 12:18:20+00:00,CONTROL_PRE,,0,0.0,81.0,1.0,-1.0,-0.7878787878787883,-1.054545454545456,0.0,-4.0
0A11,P1,2025-07-25 12:18:25+00:00,CONTROL_PRE,,0,0.0,81.0,1.0,-4.5,-0.12727272727272787,-0.19999999999999954,0.0,-4.0
0A11,P1,2025-07-25 12:18:30+00:00,CONTROL_PRE,,0,0.0,80.0,1.0,-3.299999999999997,-0.1515151515151506,0.6363636363636377,0.0,-4.0
0A11,P1,2025-07-25 12:18:35+00:00,CONTROL_PRE,,0,0.0,83.0,1.0,-1.0,0.18787878787878834,0.3151515151515162,0.0,-1.0
0A11,P1,2025-07-25 12:18:40+00:00,CONTROL_PRE,,0,0.0,79.0,1.0,0.29999999999999716,2.7542478195895972e-15,0.15151515151515335,0.0,-5.0
0A11,P1,2025-07-25 12:18:45+00:00,CONTROL_PRE,,0,0.0,78.0,1.0,-0.5,-0.5575757575757578,-0.7454545454545461,0.0,-6.0
0A11,P1,2025-07-25 12:18:55+00:00,CONTROL_PRE,,0,0.0,81.0,1.0,-4.0,-0.012121212121211382,0.5454545454545464,0.0,-3.0
0A11,P1,2025-07-25 12:19:00+00:00,CONTROL_PRE,,0,0.0,81.0,1.0,0.8999999999999915,1.1212121212121227,1.6787878787878765,0.0,-3.0
0A11,P1,2025-07-25 12:19:05+00:00,CONTROL_PRE,,0,0.0,79.0,1.0,4.799999999999997,-0.25454545454545235,-0.24242424242424096,0.0,-5.0
0A11,P1,2025-07-25 12:19:10+00:00,CONTROL_PRE,,0,0.0,81.0,1.0,1.7999999999999972,0.04242424242424779,-1.0787878787878749,0.0,-2.0
0A11,P1,2025-07-25 12:19:15+00:00,CONTROL_PRE,,0,0.0,81.0,1.0,0.5,0.28484848484848546,0.5393939393939378,0.0,-2.0
0A11,P1,2025-07-25 12:19:30+00:00,CONTROL_PRE,,0,0.0,81.0,1.0,-0.9000000000000057,-0.139393939393941,-0.18787878787879203,0.0,-2.0
0A11,P1,2025-07-25 12:19:35+00:00,CONTROL_PRE,,0,0.0,79.0,1.0,-1.5,-0.2969696969696975,-0.163636363636368,0.0,-4.0
0A11,P1,2025-07-25 12:19:40+00:00,CONTROL_PRE,,0,0.0,82.0,1.0,-0.3999999999999915,0.47878787878787904,0.61818181818182,0.0,0.0
0A11,P1,2025-07-25 12:19:45+00:00,CONTROL_PRE,,0,0.0,81.0,1.0,1.2000000000000028,-0.2363636363636352,0.0606060606060623,0.0,-1.0
0A11,P1,2025-07-25 12:20:00+00:00,CONTROL_PRE,,0,0.0,79.0,1.0,-1.5,0.030303030303032306,-0.4787878787878767,0.0,-3.0
0A11,P1,2025-07-25 12:20:05+00:00,CONTROL_PRE,,0,0.0,84.0,1.0,-0.7000000000000028,0.24242424242424357,0.7454545454545457,0.0,2.0
0A11,P1,2025-07-25 12:20:10+00:00,CONTROL_PRE,,0,0.0,78.0,1.0,0.5,-0.1696969696969653,-0.1999999999999976,0.0,-4.0
0A11,P1,2025-07-25 12:20:15+00:00,CONTROL_PRE,,0,0.0,84.0,1.0,-0.4000000000000057,0.14545454545454484,-0.09696969696969873,0.0,2.0
0A11,P1,2025-07-25 12:20:20+00:00,CONTROL_PRE,,0,0.0,78.0,1.0,-0.20000000000000284,-0.09696969696969575,0.07272727272726955,0.0,-4.0
0A11,P1,2025-07-25 12:20:25+00:00,CONTROL_PRE,,0,0.0,81.0,1.0,-0.8999999999999915,-0.2121212121212107,-0.35757575757575555,0.0,-1.0
0A11,P1,2025-07-25 12:20:35+00:00,CONTROL_PRE,,0,0.0,83.0,1.0,2.1999999999999886,0.3212121212121216,0.5333333333333323,0.0,1.0
0A11,P1,2025-07-25 12:20:50+00:00,CONTROL_PRE,,0,0.0,81.0,1.0,-0.8999999999999915,-0.09090909090909285,0.030303030303026113,0.0,-1.0
0A11,P1,2025-07-25 12:20:55+00:00,CONTROL_PRE,,0,0.0,81.0,1.0,-0.5,-0.012121212121207916,-0.03030303030302671,0.0,-1.0
0A11,P1,2025-07-25 12:21:15+00:00,CONTROL_PRE,,0,0.0,84.0,1.0,0.20000000000000284,0.321212121212121,0.0363636363636346,0.0,2.0
0A11,P1,2025-07-25 12:21:20+00:00,CONTROL_PRE,,0,0.0,77.0,1.0,-1.3999999999999915,-0.8181818181818187,-0.5454545454545456,0.0,-5.0
0A11,P1,2025-07-25 12:21:25+00:00,CONTROL_PRE,,0,0.0,80.0,1.0,-3.9000000000000057,0.03636363636363995,-0.2848484848484811,0.0,-2.0
0A11,P1,2025-07-25 12:21:35+00:00,CONTROL_PRE,,0,0.0,82.0,1.0,2.9000000000000057,0.3939393939394012,0.35757575757576127,0.0,0.0
0A11,P1,2025-07-25 12:21:40+00:00,CONTROL_PRE,,0,0.0,85.0,1.0,3.299999999999997,0.08484848484848344,-0.24848484848485347,0.0,3.0
0A11,P1,2025-07-25 12:21:50+00:00,CONTROL_PRE,,0,0.0,87.0,1.0,6.6000000000000085,-0.37575757575757396,-0.4606060606060574,1.0,5.0
0A11,P1,2025-07-25 12:21:55+00:00,CONTROL_PRE,,0,0.0,86.0,1.0,-0.29999999999999716,-0.4545454545454559,-1.8969696969696974,0.7,4.0
0A11,P1,2025-07-25 12:22:00+00:00,CONTROL_PRE,,0,0.0,80.0,1.0,-4.400000000000006,-0.19393939393939202,0.18181818181818193,0.5,-2.0
0A11,P1,2025-07-25 12:22:05+00:00,CONTROL_PRE,,0,0.0,79.0,1.0,-4.5,-1.1757575757575773,-0.7212121212121214,0.3,-3.0
0A11,P1,2025-07-25 12:22:10+00:00,CONTROL_PRE,,0,0.0,81.0,1.0,-5.5,0.22424242424242982,0.4181818181818219,0.0,-1.0
0A11,P1,2025-07-25 12:22:25+00:00,CONTROL_PRE,,0,0.0,76.0,1.0,1.0,-2.5090909090909066,-3.3696969696969696,0.4,-6.0
0A11,P1,2025-07-25 12:22:30+00:00,CONTROL_PRE,,0,0.0,77.0,1.0,-9.900000000000006,0.18181818181817988,-0.6606060606060646,0.0,-5.0
0A11,P2,2025-07-25 12:33:39+00:00,CONTROL_PRE,,0,0.0,83.0,1.0,-2.5,0.509090909090909,-0.1999999999999994,0.2,5.0
0A11,P2,2025-07-25 12:33:44+00:00,CONTROL_PRE,,0,0.0,78.0,1.0,0.7000000000000028,0.39393939393939575,1.4121212121212128,0.4,0.0
0A11,P2,2025-07-25 12:33:49+00:00,CONTROL_PRE,,0,0.0,83.0,1.0,2.700000000000003,-0.13939393939394107,-0.6484848484848501,0.3,5.0
0A11,P2,2025-07-25 12:33:59+00:00,CONTROL_PRE,,0,0.0,80.0,1.0,-1.0,-0.41818181818181677,-0.2787878787878757,0.2,1.5
0A11,P2,2025-07-25 12:34:04+00:00,CONTROL_PRE,,0,0.0,75.0,1.0,-2.0,-0.12727272727272929,-0.1939393939393978,0.0,-4.0
0A11,P2,2025-07-25 12:34:09+00:00,CONTROL_PRE,,0,0.0,83.0,1.0,-1.0,0.15151515151515363,0.5696969696969704,0.1,5.0
0A11,P2,2025-07-25 12:34:14+00:00,CONTROL_PRE,,0,0.0,76.0,1.0,1.0,0.21212121212121163,0.3393939393939409,0.3,-3.0
0A11,P2,2025-07-25 12:34:19+00:00,CONTROL_PRE,,0,0.0,80.0,1.0,0.0,-0.39393939393939464,-0.5454545454545483,0.2,2.0
0A11,P2,2025-07-25 12:34:24+00:00,CONTROL_PRE,,0,0.0,77.0,1.0,-1.5999999999999943,0.21212121212121174,1.1102230246251565e-16,0.0,-1.0
0A11,P2,2025-07-25 12:34:29+00:00,CONTROL_PRE,,0,0.0,81.0,1.0,0.4000000000000057,0.2121212121212117,0.6060606060606064,0.0,3.0
0A11,P2,2025-07-25 12:34:34+00:00,CONTROL_PRE,,0,0.0,81.0,1.0,2.4000000000000057,0.28484848484848735,0.07272727272727561,0.0,2.0
0A11,P2,2025-07-25 12:34:39+00:00,CONTROL_PRE,,0,0.0,83.0,1.0,2.700000000000003,0.3636363636363604,0.15151515151514872,0.3,4.0
0A11,P2,2025-07-25 12:34:44+00:00,CONTROL_PRE,,0,0.0,84.0,1.0,2.6999999999999886,0.15757575757575637,-0.12727272727273098,0.6,5.0
0A11,P2,2025-07-25 12:34:49+00:00,CONTROL_PRE,,0,0.0,86.0,1.0,3.0999999999999943,0.5878787878787903,0.2242424242424299,0.8,7.0
0A11,P2,2025-07-25 12:34:59+00:00,CONTROL_PRE,,0,0.0,83.0,1.0,-2.4000000000000057,-0.1636363636363643,-0.7515151515151546,0.3,3.0
0A11,P2,2025-07-25 12:35:04+00:00,CONTROL_PRE,,0,0.0,77.0,1.0,-4.0,-0.5151515151515087,0.19393939393940118,0.0,-3.0
0A11,P2,2025-07-25 12:35:09+00:00,CONTROL_PRE,,0,0.0,81.0,1.0,-2.3999999999999915,0.21212121212121252,0.37575757575757684,0.0,1.0
0A11,P2,2025-07-25 12:35:14+00:00,CONTROL_PRE,,0,0.0,77.0,1.0,-0.8999999999999915,-0.36363636363636287,0.15151515151514583,0.0,-3.0
0A11,P2,2025-07-25 12:35:19+00:00,CONTROL_PRE,,0,0.0,81.0,1.0,-0.7999999999999972,0.22424242424242893,0.012121212121216418,0.0,1.0
0A11,P2,2025-07-25 12:35:49+00:00,CONTROL_PRE,,0,0.0,82.0,1.0,1.2999999999999972,8.535169797918595e-16,-0.29696969696969494,0.0,2.0
0A11,P2,2025-07-25 12:35:54+00:00,CONTROL_PRE,,0,0.0,78.0,1.0,-0.5,-0.1272727272727277,-0.2727272727272714,0.0,-2.0
0A11,P2,2025-07-25 12:35:59+00:00,CONTROL_PRE,,0,0.0,80.0,1.0,-1.0999999999999943,-0.2484848484848493,-0.24848484848485017,0.0,0.0
0A11,P2,2025-07-25 12:36:04+00:00,CONTROL_PRE,,0,0.0,79.0,1.0,-1.7000000000000028,-0.1212121212121191,0.006060606060608598,0.0,-1.0
0A11,P2,2025-07-25 12:36:24+00:00,CONTROL_PRE,,0,0.0,79.0,1.0,2.6999999999999886,-0.606060606060607,-0.53939393939394,0.5,-1.0
0A11,P2,2025-07-25 12:36:29+00:00,CONTROL_PRE,,0,0.0,82.0,1.0,-0.7999999999999972,0.012121212121212038,-0.7878787878787883,0.1,2.0
0A11,P2,2025-07-25 12:36:34+00:00,CONTROL_PRE,,0,0.0,81.0,1.0,-1.5,-0.11515151515151359,0.4909090909090934,0.0,1.0
0A11,P2,2025-07-25 12:36:39+00:00,CONTROL_PRE,,0,0.0,81.0,1.0,0.29999999999999716,0.23636363636363728,0.22424242424242524,0.0,1.0
0A11,P2,2025-07-25 12:36:49+00:00,CONTROL_PRE,,0,0.0,77.0,1.0,-3.5999999999999943,-0.2242424242424195,-0.4606060606060568,0.0,-3.0
0A11,P2,2025-07-25 12:36:54+00:00,CONTROL_PRE,,0,0.0,81.0,1.0,-2.200000000000003,0.2484848484848479,1.0060606060606025,0.0,1.0
0A11,P2,2025-07-25 12:37:24+00:00,CONTROL_PRE,,0,0.0,75.0,1.0,-1.0,-0.16969696969696868,-0.6303030303030317,0.0,-5.0
0A11,P2,2025-07-25 12:37:44+00:00,CONTROL_PRE,,0,0.0,80.0,1.0,3.5,-0.03636363636363128,0.05454545454545698,0.3,0.0
0A11,P2,2025-07-25 12:37:59+00:00,CONTROL_PRE,,0,0.0,81.0,1.0,-1.0999999999999943,0.7090909090909083,0.9030303030303037,0.0,1.0
0A11,P2,2025-07-25 12:38:09+00:00,CONTROL_PRE,,0,0.0,81.0,1.0,-0.6000000000000085,0.4181818181818181,-0.29090909090909023,0.0,1.0
0A11,P2,2025-07-25 12:38:14+00:00,CONTROL_PRE,,0,0.0,81.0,1.0,0.3999999999999915,0.030303030303032174,0.7151515151515124,0.0,1.0
0A11,P2,2025-07-25 12:38:39+00:00,CONTROL_PRE,,0,0.0,80.0,1.0,-3.299999999999997,-0.012121212121210784,-0.3818181818181804,0.0,0.0
0B11,P1,2025-07-25 13:22:42+00:00,CONTROL_PRE,,0,0.0,64.0,1.0,1.4000000000000057,-0.27272727272727193,-0.654545454545452,0.3,1.0
0B11,P1,2025-07-25 13:22:47+00:00,CONTROL_PRE,,0,0.0,63.0,1.0,-1.4000000000000057,-0.06060606060605894,-0.20606060606060606,0.0,-1.0
0B11,P1,2025-07-25 13:22:52+00:00,CONTROL_PRE,,0,0.0,62.0,1.0,-1.9000000000000057,-0.21818181818181615,0.054545454545455785,0.0,-1.0
0B11,P1,2025-07-25 13:22:57+00:00,CONTROL_PRE,,0,0.0,62.0,1.0,-1.0999999999999943,0.04242424242424518,0.10303030303030412,0.0,-1.0
0B11,P1,2025-07-25 13:23:02+00:00,CONTROL_PRE,,0,0.0,56.0,1.0,-2.0,-0.7757575757575738,-0.5575757575757576,0.0,-7.0
0B11,P1,2025-07-25 13:23:07+00:00,CONTROL_PRE,,0,0.0,60.0,1.0,-4.100000000000001,-0.18181818181818174,-0.2242424242424269,0.0,-2.0
0B11,P1,2025-07-25 13:23:12+00:00,CONTROL_PRE,,0,0.0,60.0,1.0,-1.8999999999999986,0.3696969696969675,1.1454545454545413,0.0,-2.0
0B11,P1,2025-07-25 13:23:17+00:00,CONTROL_PRE,,0,0.0,62.0,1.0,2.3999999999999986,0.30303030303030754,0.4848484848484893,0.0,0.0
0B11,P1,2025-07-25 13:23:22+00:00,CONTROL_PRE,,0,0.0,63.0,1.0,3.299999999999997,0.15757575757576017,-0.21212121212120735,0.0,1.0
0B11,P1,2025-07-25 13:23:27+00:00,CONTROL_PRE,,0,0.0,66.0,1.0,2.799999999999997,0.4363636363636395,0.13333333333333197,0.2,4.0
0B11,P1,2025-07-25 13:23:32+00:00,CONTROL_PRE,,0,0.0,61.0,1.0,2.000000000000007,-0.19393939393939064,-0.3515151515151508,0.4,-1.0
0B11,P1,2025-07-25 13:23:37+00:00,CONTROL_PRE,,0,0.0,60.0,1.0,-2.0999999999999943,-0.8303030303030303,-1.2666666666666697,0.2,-2.0
0B11,P1,2025-07-25 13:23:42+00:00,CONTROL_PRE,,0,0.0,58.0,1.0,-5.500000000000007,-0.17575757575757683,0.018181818181813802,0.0,-4.0
0B11,P1,2025-07-25 13:23:47+00:00,CONTROL_PRE,,0,0.0,59.0,1.0,-3.4000000000000057,-0.06666666666666536,0.763636363636365,0.0,-3.0
0B11,P1,2025-07-25 13:23:52+00:00,CONTROL_PRE,,0,0.0,57.0,1.0,-0.8999999999999986,-0.06060606060606004,0.1151515151515168,0.0,-5.0
0B11,P1,2025-07-25 13:23:57+00:00,CONTROL_PRE,,0,0.0,57.0,1.0,-0.8999999999999986,-0.14545454545454434,-0.07878787878787898,0.0,-5.0
0B11,P1,2025-07-25 13:24:02+00:00,CONTROL_PRE,,0,0.0,58.0,1.0,-0.7000000000000028,0.12727272727272745,0.18787878787878748,0.0,-3.5
0B11,P1,2025-07-25 13:24:07+00:00,CONTROL_PRE,,0,0.0,59.0,1.0,0.5,0.15151515151515443,0.29696969696969877,0.0,-2.0
0B11,P1,2025-07-25 13:24:12+00:00,CONTROL_PRE,,1,5.0,58.0,1.0,1.5,0.14545454545454492,0.018181818181817466,0.0,-3.0
0B11,P1,2025-07-25 13:24:17+00:00,CONTROL_PRE,,1,5.0,61.0,1.0,1.2000000000000028,-0.06666666666666449,-0.21818181818181892,0.0,1.0
0B11,P1,2025-07-25 13:24:22+00:00,CONTROL_PRE,,0,0.0,61.0,1.0,1.3000000000000043,0.4424242424242451,0.2969696969697002,0.0,0.0
0B11,P1,2025-07-25 13:24:27+00:00,CONTROL_PRE,,0,0.0,60.0,1.0,1.8999999999999986,-0.19393939393939422,-0.12727272727272973,0.0,-1.0
0B11,P1,2025-07-25 13:24:32+00:00,CONTROL_PRE,,0,0.0,62.0,1.0,0.8999999999999986,0.12121212121212062,-0.3212121212121245,0.0,1.0
0B11,P1,2025-07-25 13:24:37+00:00,CONTROL_PRE,,0,0.0,61.0,1.0,0.20000000000000284,-0.024242424242423354,0.16969696969697087,0.0,0.0
0B11,P1,2025-07-25 13:24:42+00:00,CONTROL_PRE,,0,0.0,57.0,1.0,-1.1000000000000014,-0.4303030303030312,-0.5515151515151518,0.0,-4.0
0B11,P1,2025-07-25 13:24:47+00:00,CONTROL_PRE,,0,0.0,59.0,1.0,-2.9000000000000057,-0.15151515151515266,-0.1272727272727293,0.0,-2.0
0B11,P1,2025-07-25 13:24:52+00:00,CONTROL_PRE,,0,0.0,57.0,1.0,-1.7999999999999972,0.12727272727272726,0.5575757575757585,0.0,-4.0
0B11,P1,2025-07-25 13:24:57+00:00,CONTROL_PRE,,0,0.0,57.0,1.0,-1.0,-0.36969696969696897,-0.2181818181818163,0.0,-3.0
0B11,P1,2025-07-25 13:25:02+00:00,CONTROL_PRE,,0,0.0,58.0,1.0,-1.0,0.2969696969696997,0.16969696969697246,0.0,-2.0
0B11,P1,2025-07-25 13:25:07+00:00,CONTROL_PRE,,0,0.0,59.0,1.0,0.5,-1.1612846296918634e-15,0.3696969696969678,0.0,-1.0
0B11,P1,2025-07-25 13:25:12+00:00,CONTROL_PRE,,0,0.0,58.0,1.0,0.8999999999999986,0.14545454545454847,-0.15151515151515124,0.0,-2.0
0B11,P1,2025-07-25 13:25:17+00:00,CONTROL_PRE,,0,0.0,58.0,1.0,0.4000000000000057,-0.09696969696969518,-0.09696969696969401,0.0,-2.0
0B11,P1,2025-07-25 13:25:22+00:00,CONTROL_PRE,,0,0.0,57.0,1.0,-0.10000000000000142,-0.054545454545453585,-0.20000000000000207,0.0,-3.0
0B11,P1,2025-07-25 13:25:27+00:00,CONTROL_PRE,,0,0.0,61.0,1.0,0.3999999999999986,0.3515151515151511,0.44848484848484627,0.0,1.0
0B11,P1,2025-07-25 13:25:32+00:00,CONTROL_PRE,,0,0.0,59.0,1.0,2.0,0.22424242424242813,0.2787878787878817,0.0,-1.0
0B11,P1,2025-07-25 13:25:37+00:00,CONTROL_PRE,,0,0.0,60.0,1.0,1.0,-0.23030303030303173,-0.5818181818181829,0.0,0.0
0B11,P1,2025-07-25 13:25:42+00:00,CONTROL_PRE,,0,0.0,60.0,1.0,-0.29999999999999716,0.32727272727272855,0.10303030303030042,0.0,0.0
0B11,P1,2025-07-25 13:25:47+00:00,CONTROL_PRE,,0,0.0,60.0,1.0,0.6000000000000014,-0.024242424242424506,0.20606060606060722,0.0,0.0
0B11,P1,2025-07-25 13:25:52+00:00,CONTROL_PRE,,0,0.0,60.0,1.0,0.6000000000000014,0.04848484848485159,-0.278787878787877,0.0,0.0
0B11,P1,2025-07-25 13:25:57+00:00,CONTROL_PRE,,0,0.0,61.0,1.0,0.29999999999999716,0.03030303030303155,0.054545454545456055,0.0,1.0
0B11,P1,2025-07-25 13:26:02+00:00,CONTROL_PRE,,0,0.0,60.0,1.0,0.29999999999999716,-0.03030303030302731,-0.0787878787878789,0.0,0.0
0B11,P1,2025-07-25 13:26:07+00:00,CONTROL_PRE,,0,0.0,62.0,1.0,0.3999999999999986,0.15151515151515355,0.12121212121212199,0.0,2.0
0B11,P1,2025-07-25 13:26:12+00:00,CONTROL_PRE,,0,0.0,62.0,1.0,1.6000000000000014,0.22424242424242505,0.25454545454545235,0.0,2.0
0B11,P1,2025-07-25 13:26:17+00:00,CONTROL_PRE,,0,0.0,61.0,1.0,0.7000000000000028,-0.38787878787878743,-0.539393939393941,0.0,1.0
0B11,P1,2025-07-25 13:26:37+00:00,CONTROL_PRE,,0,0.0,66.0,1.0,5.1000000000000085,0.3696969696969678,0.44242424242423734,0.8,6.0
0B11,P1,2025-07-25 13:26:42+00:00,CONTROL_PRE,,0,0.0,64.0,1.0,3.700000000000003,-0.12727272727272487,-0.9272727272727245,1.0,4.0
0B11,P1,2025-07-25 13:26:47+00:00,CONTROL_PRE,,0,0.0,62.0,1.0,-1.000000000000007,-0.4909090909090903,-0.8606060606060582,0.5,2.0
0B11,P1,2025-07-25 13:26:57+00:00,CONTROL_PRE,,0,0.0,61.0,1.0,-2.3999999999999986,-0.17575757575757545,0.31515151515151485,0.0,1.0
0B11,P2,2025-07-25 13:35:41+00:00,CONTROL_PRE,,0,0.0,55.0,1.0,2.6000000000000014,0.11515151515151556,-0.18181818181818316,0.0,1.0
0B11,P2,2025-07-25 13:35:46+00:00,CONTROL_PRE,,0,0.0,56.0,1.0,1.3999999999999986,0.0060606060606053945,-0.27878787878787975,0.0,2.0
0B11,P2,2025-07-25 13:35:51+00:00,CONTROL_PRE,,0,0.0,56.0,1.0,0.6000000000000014,0.03030303030303237,-0.08484848484848319,0.0,1.0
0B11,P2,2025-07-25 13:35:56+00:00,CONTROL_PRE,,0,0.0,56.0,1.0,0.30000000000000426,0.012121212121212699,0.006060606060607304,0.0,1.0
0B11,P2,2025-07-25 13:36:01+00:00,CONTROL_PRE,,0,0.0,56.0,1.0,-0.10000000000000142,-0.036363636363636674,-0.06666666666666904,0.0,1.0
0B11,P2,2025-07-25 13:36:11+00:00,CONTROL_PRE,,0,0.0,59.0,1.0,1.1000000000000014,0.45454545454545436,0.490909090909091,0.0,3.0
0B11,P2,2025-07-25 13:36:16+00:00,CONTROL_PRE,,0,0.0,55.0,1.0,1.6000000000000014,-0.32727272727272405,-0.3393939393939384,0.0,-1.0
0B11,P2,2025-07-25 13:36:26+00:00,CONTROL_PRE,,0,0.0,53.0,1.0,-3.299999999999997,-0.15151515151515219,0.17575757575757187,0.0,-3.0
0B11,P2,2025-07-25 13:36:31+00:00,CONTROL_PRE,,0,0.0,57.0,1.0,-0.6999999999999957,0.3333333333333348,0.7575757575757589,0.0,1.5
0B11,P2,2025-07-25 13:36:36+00:00,CONTROL_PRE,,0,0.0,60.0,1.0,3.3999999999999986,0.7212121212121221,0.8727272727272742,0.3,4.0
0B11,P2,2025-07-25 13:36:41+00:00,CONTROL_PRE,,0,0.0,60.0,1.0,5.699999999999996,0.3393939393939391,0.006060606060604268,0.8,4.0
0B11,P2,2025-07-25 13:36:46+00:00,CONTROL_PRE,,0,0.0,59.0,1.0,3.1000000000000014,-0.2909090909090896,-1.0121212121212118,0.9,3.0
0B11,P2,2025-07-25 13:36:51+00:00,CONTROL_PRE,,0,0.0,58.0,1.0,-1.2999999999999972,-0.2727272727272705,-0.6121212121212096,0.4,2.0
0B11,P2,2025-07-25 13:36:56+00:00,CONTROL_PRE,,0,0.0,59.0,1.0,-2.0,0.04848484848485173,0.33939393939394136,0.0,3.0
0B11,P2,2025-07-25 13:37:01+00:00,CONTROL_PRE,,0,0.0,59.0,1.0,-0.5,-9.839528450324104e-16,0.2727272727272695,0.0,3.0
0B11,P2,2025-07-25 13:37:06+00:00,CONTROL_PRE,,0,0.0,57.0,1.0,-0.5,-0.10303030303030379,-0.15151515151515552,0.0,1.0
0B11,P2,2025-07-25 13:37:11+00:00,CONTROL_PRE,,0,0.0,58.0,1.0,-1.3000000000000043,-0.16363636363636272,-0.16363636363636175,0.0,2.0
0B11,P2,2025-07-25 13:37:16+00:00,CONTROL_PRE,,0,0.0,58.0,1.0,-0.7000000000000028,0.21818181818181964,0.32121212121212345,0.0,2.0
0B11,P2,2025-07-25 13:37:21+00:00,CONTROL_PRE,,0,0.0,59.0,1.0,1.1000000000000014,0.14545454545454672,0.3090909090909094,0.0,3.0
0B11,P2,2025-07-25 13:37:26+00:00,CONTROL_PRE,,0,0.0,59.0,1.0,1.3999999999999986,0.04848484848484562,-0.169696969696974,0.0,3.0
0B11,P2,2025-07-25 13:37:31+00:00,CONTROL_PRE,,0,0.0,58.0,1.0,0.20000000000000284,-0.048484848484845425,-0.19393939393939214,0.0,2.0
0B11,P2,2025-07-25 13:37:36+00:00,CONTROL_PRE,,0,0.0,58.0,1.0,-0.7999999999999972,-0.0969696969696953,-0.14545454545454092,0.0,2.0
0B11,P2,2025-07-25 13:37:41+00:00,CONTROL_PRE,,0,0.0,59.0,1.0,-0.3999999999999986,0.24242424242424426,0.2909090909090897,0.0,3.0
0B11,P2,2025-07-25 13:37:46+00:00,CONTROL_PRE,,0,0.0,61.0,1.0,1.3999999999999986,0.27878787878787825,0.37575757575757357,0.3,5.0
0B11,P2,2025-07-25 13:37:51+00:00,CONTROL_PRE,,0,0.0,60.0,1.0,2.0,0.09696969696969807,-0.1454545454545462,0.8,3.5
0B11,P2,2025-07-25 13:37:56+00:00,CONTROL_PRE,,1,5.0,57.0,1.0,-0.19999999999999574,-0.4727272727272726,-0.7515151515151508,0.5,0.0
0B11,P2,2025-07-25 13:38:01+00:00,CONTROL_PRE,,1,5.0,58.0,1.0,-2.700000000000003,-0.20000000000000015,-0.2969696969696982,0.0,1.0
0B11,P2,2025-07-25 13:38:06+00:00,CONTROL_PRE,,1,5.0,58.0,1.0,-1.7000000000000028,0.1757575757575779,0.6484848484848504,0.0,1.0
0B11,P2,2025-07-25 13:38:11+00:00,CONTROL_PRE,,0,0.0,57.0,1.0,0.20000000000000284,-0.12727272727272476,0.07272727272727539,0.0,0.0
0B11,P2,2025-07-25 13:38:16+00:00,CONTROL_PRE,,0,0.0,58.0,1.0,0.0,0.030303030303032105,-0.14545454545454578,0.0,1.0
0B11,P2,2025-07-25 13:38:21+00:00,CONTROL_PRE,,0,0.0,58.0,1.0,-0.20000000000000284,0.006060606060602978,0.13333333333332775,0.0,1.0
0B11,P2,2025-07-25 13:38:26+00:00,CONTROL_PRE,,0,0.0,62.0,1.0,1.3999999999999986,0.5393939393939419,0.5090909090909098,0.2,5.0
0B11,P2,2025-07-25 13:38:31+00:00,CONTROL_PRE,,0,0.0,64.0,1.0,4.299999999999997,0.5333333333333344,0.5272727272727314,0.7,7.0
0B11,P2,2025-07-25 13:38:46+00:00,CONTROL_PRE,,0,0.0,59.0,1.0,-2.4000000000000057,-0.7454545454545455,-0.9333333333333329,0.5,1.0
0B11,P2,2025-07-25 13:38:51+00:00,CONTROL_PRE,,0,0.0,59.0,1.0,-4.699999999999996,-0.05454545454545483,0.13939393939393618,0.0,1.0
0B11,P2,2025-07-25 13:38:56+00:00,CONTROL_PRE,,0,0.0,62.0,1.0,-1.6999999999999957,0.27878787878788003,1.0242424242424255,0.1,4.0
0B11,P2,2025-07-25 13:39:01+00:00,CONTROL_PRE,,1,5.0,63.0,1.0,2.799999999999997,0.6121212121212133,0.6666666666666681,0.6,5.0
0B11,P2,2025-07-25 13:39:16+00:00,CONTROL_PRE,,0,0.0,60.0,1.0,-1.8999999999999986,-0.24848484848484784,0.13939393939393688,0.2,2.0
0B11,P2,2025-07-25 13:39:21+00:00,CONTROL_PRE,,0,0.0,58.0,1.0,-1.8000000000000043,-0.16969696969697082,-0.08484848484848846,0.0,0.0
0B11,P2,2025-07-25 13:39:26+00:00,CONTROL_PRE,,0,0.0,61.0,1.0,-1.2000000000000028,0.07878787878787773,0.32727272727272555,0.0,3.0
0B11,P2,2025-07-25 13:39:31+00:00,CONTROL_PRE,,0,0.0,62.0,1.0,1.6000000000000014,0.4969696969696979,0.6666666666666687,0.5,4.0
0B11,P2,2025-07-25 13:39:36+00:00,CONTROL_PRE,,0,0.0,62.0,1.0,2.8000000000000043,-0.05454545454545706,-0.1333333333333348,0.9,4.0
0B11,P2,2025-07-25 13:39:41+00:00,CONTROL_PRE,,0,0.0,63.0,1.0,1.2000000000000028,0.18181818181818465,-0.31515151515151324,0.9,5.0
0B11,P2,2025-07-25 13:39:46+00:00,CONTROL_PRE,,0,0.0,63.0,1.0,0.7999999999999972,0.10303030303030299,0.15757575757576003,1.0,5.0
0B11,P2,2025-07-25 13:39:51+00:00,CONTROL_PRE,,0,0.0,59.0,1.0,-0.30000000000000426,-0.5030303030303049,-0.6848484848484896,0.6,1.0
0B11,P2,2025-07-25 13:39:56+00:00,CONTROL_PRE,,0,0.0,58.0,1.0,-3.1999999999999957,-0.3818181818181818,-0.48484848484848475,0.1,0.0
0B11,P2,2025-07-25 13:40:01+00:00,CONTROL_PRE,,0,0.0,59.0,1.0,-3.1000000000000014,-8.524508930498412e-16,0.503030303030304,0.0,1.0
0B11,P2,2025-07-25 13:40:06+00:00,CONTROL_PRE,,1,5.0,60.0,1.0,-0.5,0.18181818181818302,0.5636363636363648,0.0,2.0
0B11,P2,2025-07-25 13:40:11+00:00,CONTROL_PRE,,1,5.0,61.0,1.0,1.6000000000000014,0.3151515151515145,0.31515151515151535,0.2,2.5
0B11,P2,2025-07-25 13:40:16+00:00,CONTROL_PRE,,0,0.0,59.0,1.0,1.3999999999999986,-0.21818181818181687,-0.3999999999999999,0.2,0.0
0C11,P2,2025-07-25 14:05:54+00:00,CONTROL_PRE,,0,0.0,95.0,1.0,1.3999999999999915,0.12727272727272465,0.0969696969696945,0.0,2.5
0C11,P2,2025-07-25 14:05:59+00:00,CONTROL_PRE,,0,0.0,96.0,1.0,1.8999999999999915,0.24848484848485158,0.006060606060606072,0.0,3.0
0C11,P2,2025-07-25 14:06:09+00:00,CONTROL_PRE,,1,1.0,94.0,1.0,0.29999999999999716,-0.18181818181818332,-0.4303030303030349,0.0,1.0
0C11,P2,2025-07-25 14:06:14+00:00,CONTROL_PRE,,1,1.0,92.0,1.0,-2.799999999999997,-0.6666666666666655,-0.6666666666666671,0.0,-1.0
0C11,P2,2025-07-25 14:06:24+00:00,CONTROL_PRE,,0,0.0,97.0,1.0,1.7999999999999972,0.06060606060606009,0.7272727272727256,0.1,4.0
0C11,P2,2025-07-25 14:06:29+00:00,CONTROL_PRE,,0,0.0,99.0,1.0,3.700000000000003,0.7212121212121261,0.07878787878788152,0.6,5.0
0C11,P2,2025-07-25 14:06:54+00:00,CONTROL_PRE,,1,6.0,103.0,1.0,3.4000000000000057,-0.04242424242423503,-0.3878787878787803,1.0,8.5
0C11,P2,2025-07-25 14:07:04+00:00,CONTROL_PRE,,0,0.0,105.0,1.0,2.5999999999999943,0.2606060606060624,0.30303030303029743,1.0,10.0
0C11,P2,2025-07-25 14:07:09+00:00,CONTROL_PRE,,0,0.0,105.0,1.0,2.299999999999997,-0.04242424242423966,-0.4666666666666643,1.0,10.0
0C11,P2,2025-07-25 14:07:29+00:00,CONTROL_PRE,,0,0.0,100.0,1.0,-5.5,-1.0181818181818187,-1.181818181818187,0.7,4.0
0C11,P2,2025-07-25 14:07:54+00:00,CONTROL_PRE,,0,0.0,98.0,1.0,-0.7999999999999972,-0.3030303030303015,-0.3757575757575755,0.1,0.0
0C11,P2,2025-07-25 14:07:59+00:00,CONTROL_PRE,,0,0.0,97.0,1.0,-2.3999999999999915,-0.2727272727272687,-0.2545454545454449,0.0,-1.0
0C11,P2,2025-07-25 14:08:04+00:00,CONTROL_PRE,,0,0.0,97.0,1.0,-2.6000000000000085,-0.1454545454545424,0.1575757575757591,0.0,-0.5
0C11,P2,2025-07-25 14:08:09+00:00,CONTROL_PRE,,1,1.0,97.0,1.0,-1.2000000000000028,0.09090909090909602,0.36363636363636476,0.0,0.0
0C11,P2,2025-07-25 14:08:14+00:00,CONTROL_PRE,,1,1.0,101.0,1.0,1.2999999999999972,0.4545454545454597,0.6000000000000021,0.1,4.0
0C11,P2,2025-07-25 14:08:19+00:00,CONTROL_PRE,,0,0.0,105.0,1.0,5.0,0.9393939393939401,0.8484848484848441,0.6,7.0
0C11,P2,2025-07-25 14:08:24+00:00,CONTROL_PRE,,0,0.0,107.0,1.0,7.1000000000000085,0.4242424242424289,-0.030303030303030776,1.0,9.0
0C11,P2,2025-07-25 14:08:29+00:00,CONTROL_PRE,,0,0.0,105.0,1.0,4.799999999999997,0.05454545454545821,-0.8848484848484819,1.0,7.0
0C11,P2,2025-07-25 14:08:34+00:00,CONTROL_PRE,,0,0.0,102.0,1.0,-0.29999999999999716,-0.7454545454545443,-1.1696969696969732,0.8,3.0
0C11,P2,2025-07-25 14:08:54+00:00,CONTROL_PRE,,0,0.0,95.0,1.0,-2.4000000000000057,-1.0424242424242416,-1.0424242424242476,0.2,-4.0
0C11,P2,2025-07-25 14:09:19+00:00,CONTROL_PRE,,0,0.0,87.0,1.0,-3.1000000000000085,0.3939393939393931,1.496969696969696,0.0,-11.0
0C11,P2,2025-07-25 14:09:24+00:00,CONTROL_PRE,,0,0.0,86.0,1.0,2.3999999999999915,0.27272727272727687,0.5696969696969724,0.0,-12.0
0C11,P2,2025-07-25 14:09:29+00:00,CONTROL_PRE,,0,0.0,85.0,1.0,0.8000000000000114,-0.6848484848484814,-1.0787878787878744,0.0,-12.0
0C11,P2,2025-07-25 14:09:49+00:00,CONTROL_PRE,,0,0.0,92.0,1.0,3.9000000000000057,0.5757575757575756,0.5757575757575744,0.0,-5.0
0C11,P2,2025-07-25 14:09:54+00:00,CONTROL_PRE,,0,0.0,92.0,1.0,4.700000000000003,-0.030303030303030873,-0.5272727272727278,0.0,-5.0
0C11,P2,2025-07-25 14:09:59+00:00,CONTROL_PRE,,0,0.0,93.0,1.0,1.1999999999999886,-0.1636363636363596,-0.7393939393939352,0.0,-4.0
0C11,P2,2025-07-25 14:10:24+00:00,CONTROL_PRE,,1,3.0,104.0,1.0,1.5,-0.2727272727272735,-0.7818181818181865,1.0,7.0
0C11,P2,2025-07-25 14:10:29+00:00,CONTROL_PRE,,0,0.0,102.0,1.0,-1.2000000000000028,-0.006060606060607419,-0.21818181818182641,1.0,5.0
0C11,P2,2025-07-25 14:10:54+00:00,CONTROL_PRE,,0,0.0,95.0,1.0,-1.3999999999999915,-0.44242424242424244,0.06060606060605872,0.0,-2.0
0C11,P2,2025-07-25 14:11:09+00:00,CONTROL_PRE,,1,1.0,101.0,1.0,4.200000000000003,0.10303030303030242,-0.3636363636363658,0.7,4.0
0C11,P2,2025-07-25 14:11:14+00:00,CONTROL_PRE,,0,0.0,95.0,1.0,0.5,-0.6060606060606033,-1.1090909090909085,0.6,-3.0
0C11,P2,2025-07-25 14:11:19+00:00,CONTROL_PRE,,0,0.0,96.0,1.0,-4.200000000000003,-0.6363636363636352,-0.7393939393939377,0.1,-1.0
0C11,P2,2025-07-25 14:11:24+00:00,CONTROL_PRE,,0,0.0,97.0,1.0,-3.6999999999999886,0.3939393939393949,0.9999999999999982,0.0,0.0
0C11,P1,2025-07-25 14:20:00+00:00,R00_10,4.0,0,0.0,105.0,1.0,10.700000000000003,0.6606060606060641,-0.4424242424242374,1.0,16.0
0C11,P1,2025-07-25 14:20:25+00:00,R20_30,29.0,0,0.0,103.0,1.0,1.5,0.10909090909090843,0.2727272727272661,1.0,5.0
0C11,P1,2025-07-25 14:20:35+00:00,R30_60,39.0,0,0.0,98.0,1.0,-1.5999999999999943,-0.6424242424242436,-0.751515151515152,0.3,-1.0
0C11,P1,2025-07-25 14:20:40+00:00,R30_60,44.0,0,0.0,98.0,1.0,-4.299999999999997,-0.248484848484848,-0.23636363636363872,0.0,-0.5
0C11,P1,2025-07-25 14:20:55+00:00,R30_60,59.0,0,0.0,95.0,1.0,-2.1999999999999886,-0.5939393939393919,-1.0666666666666678,0.0,-3.0
0C11,P1,2025-07-25 14:21:00+00:00,CONTROL_GT60,64.0,0,0.0,96.0,1.0,-3.3000000000000114,0.21818181818181917,0.6969696969696986,0.0,-2.0
0C11,P1,2025-07-25 14:21:05+00:00,CONTROL_GT60,69.0,0,0.0,95.0,1.0,-0.7000000000000028,-0.163636363636363,0.43030303030302886,0.0,-3.0
0C11,P1,2025-07-25 14:21:15+00:00,CONTROL_GT60,79.0,1,3.0,99.0,1.0,1.0999999999999943,0.3999999999999973,0.5636363636363603,0.0,2.0
0C11,P1,2025-07-25 14:21:25+00:00,CONTROL_GT60,89.0,0,0.0,102.0,1.0,4.299999999999997,0.07878787878788532,-0.32121212121211196,0.5,4.0
0C11,P1,2025-07-25 14:21:30+00:00,CONTROL_GT60,94.0,0,0.0,105.0,1.0,3.700000000000003,0.6424242424242431,0.09090909090909138,0.6,7.0
0C11,P1,2025-07-25 14:21:50+00:00,CONTROL_GT60,114.0,0,0.0,95.0,1.0,-3.799999999999997,-0.7454545454545423,-0.6060606060606061,0.0,-4.0
0C11,P1,2025-07-25 14:22:15+00:00,CONTROL_GT60,139.0,0,0.0,92.0,1.0,-1.5,0.2545454545454539,0.7090909090909066,0.0,-5.0
0C11,P1,2025-07-25 14:22:20+00:00,CONTROL_GT60,144.0,0,0.0,94.0,1.0,1.7000000000000028,0.4242424242424216,0.6727272727272682,0.0,-3.0
0C11,P1,2025-07-25 14:22:25+00:00,CONTROL_GT60,149.0,0,0.0,93.0,1.0,2.6999999999999886,0.07878787878787857,-0.17575757575757534,0.0,-4.0
0C11,P1,2025-07-25 14:22:40+00:00,CONTROL_GT60,164.0,0,0.0,102.0,1.0,3.700000000000003,0.612121212121213,0.5393939393939358,0.2,6.0
0C11,P1,2025-07-25 14:22:45+00:00,CONTROL_GT60,169.0,0,0.0,99.0,1.0,5.700000000000003,0.5818181818181845,0.21212121212120788,0.6,2.0
0C11,P1,2025-07-25 14:22:50+00:00,CONTROL_GT60,174.0,0,0.0,101.0,1.0,3.1999999999999886,-0.4424242424242412,-1.0545454545454542,0.5,4.0
0C11,P1,2025-07-25 14:23:05+00:00,CONTROL_GT60,189.0,0,0.0,104.0,1.0,1.2000000000000028,0.9393939393939436,0.5939393939393951,0.6,7.0
0C11,P1,2025-07-25 14:23:10+00:00,CONTROL_GT60,194.0,0,0.0,104.0,1.0,3.9000000000000057,0.04848484848485205,0.2848484848484912,1.0,7.0
0C11,P1,2025-07-25 14:23:15+00:00,CONTROL_GT60,199.0,0,0.0,109.0,1.0,4.200000000000003,0.6969696969697013,-0.2424242424242422,1.0,11.0
0C11,P1,2025-07-25 14:23:20+00:00,CONTROL_GT60,204.0,0,0.0,105.0,1.0,3.5,0.06666666666667256,0.018181818181820512,1.0,7.0
0C11,P1,2025-07-25 14:23:25+00:00,CONTROL_GT60,209.0,1,3.0,104.0,1.0,0.7999999999999972,-0.4909090909090896,-1.1878787878787909,1.0,6.0
0C11,P1,2025-07-25 14:23:30+00:00,CONTROL_GT60,214.0,1,3.0,99.0,1.0,-4.1000000000000085,-0.7757575757575809,-0.8424242424242534,0.7,1.0
0C11,P1,2025-07-25 14:23:40+00:00,CONTROL_GT60,224.0,0,0.0,97.0,1.0,-6.299999999999997,-0.030303030303026328,0.7454545454545546,0.0,-1.0
0C11,P1,2025-07-25 14:23:45+00:00,CONTROL_GT60,229.0,0,0.0,95.0,1.0,-2.200000000000003,-0.09696969696969815,0.7999999999999994,0.0,-3.0
0C11,P1,2025-07-25 14:23:50+00:00,CONTROL_GT60,234.0,0,0.0,94.0,1.0,-0.7000000000000028,-0.23030303030303076,-0.20000000000000442,0.0,-3.5
0C11,P1,2025-07-25 14:23:55+00:00,CONTROL_GT60,239.0,0,0.0,92.0,1.0,-2.5,-0.5151515151515157,-0.41818181818181754,0.0,-5.0
0C11,P1,2025-07-25 14:24:00+00:00,CONTROL_GT60,244.0,1,3.0,92.0,1.0,-3.5,-0.05454545454544875,0.175757575757582,0.0,-5.0
0C11,P1,2025-07-25 14:24:05+00:00,CONTROL_GT60,249.0,1,3.0,96.0,1.0,-0.6000000000000085,0.46666666666667156,0.9818181818181873,0.0,-1.0
0C11,P1,2025-07-25 14:24:10+00:00,CONTROL_GT60,254.0,0,0.0,95.0,1.0,2.700000000000003,0.2787878787878795,0.3333333333333282,0.0,-2.0
0C11,P1,2025-07-25 14:24:15+00:00,CONTROL_GT60,259.0,0,0.0,97.0,1.0,2.4000000000000057,0.05454545454545608,-0.4121212121212155,0.0,0.0
0C11,P1,2025-07-25 14:24:35+00:00,CONTROL_GT60,279.0,0,0.0,99.0,1.0,0.5,-0.2666666666666665,-0.7090909090909114,0.3,2.0
0C11,P1,2025-07-25 14:24:40+00:00,CONTROL_GT60,284.0,0,0.0,100.0,1.0,-1.7999999999999972,-0.03636363636363526,-0.06060606060606138,0.0,3.0
0C11,P1,2025-07-25 14:24:50+00:00,CONTROL_GT60,294.0,0,0.0,100.0,1.0,0.9000000000000057,0.09090909090908635,0.1272727272727216,0.0,2.0
0C11,P1,2025-07-25 14:24:55+00:00,CONTROL_GT60,299.0,0,0.0,99.0,1.0,0.5999999999999943,-0.14545454545454323,-0.29090909090909084,0.0,1.0
0D11,P2,2025-07-25 15:25:03+00:00,CONTROL_PRE,,0,0.0,67.0,1.0,-0.09999999999999432,-0.27878787878787864,-0.6484848484848489,0.0,-2.0
0D11,P2,2025-07-25 15:25:18+00:00,CONTROL_PRE,,0,0.0,67.0,1.0,1.0,-0.2787878787878753,-0.3272727272727254,0.0,-2.0
0D11,P2,2025-07-25 15:25:23+00:00,CONTROL_PRE,,0,0.0,67.0,1.0,-1.5,-0.39393939393939387,-0.7454545454545477,0.0,-2.0
0D11,P2,2025-07-25 15:25:28+00:00,CONTROL_PRE,,0,0.0,68.0,1.0,-2.1000000000000085,0.248484848484853,0.5272727272727283,0.0,-1.0
0D11,P2,2025-07-25 15:25:38+00:00,CONTROL_PRE,,0,0.0,66.0,1.0,0.29999999999999716,-0.3999999999999991,-0.6484848484848521,0.0,-3.0
0D11,P2,2025-07-25 15:25:53+00:00,CONTROL_PRE,,0,0.0,66.0,1.0,-0.3999999999999915,-0.14545454545454486,-0.14545454545454772,0.0,-2.0
0D11,P2,2025-07-25 15:25:58+00:00,CONTROL_PRE,,0,0.0,63.0,1.0,-1.5,-0.2787878787878768,-0.22424242424242424,0.0,-5.0
0D11,P2,2025-07-25 15:26:03+00:00,CONTROL_PRE,,0,0.0,63.0,1.0,-2.8000000000000043,-0.46060606060606074,-0.31515151515151585,0.0,-5.0
0D11,P2,2025-07-25 15:26:08+00:00,CONTROL_PRE,,0,0.0,64.0,1.0,-2.200000000000003,0.24242424242424176,0.5212121212121186,0.0,-4.0
0D11,P2,2025-07-25 15:26:13+00:00,CONTROL_PRE,,0,0.0,67.0,1.0,1.3999999999999986,0.3515151515151543,0.812121212121215,0.0,-1.0
0D11,P2,2025-07-25 15:26:23+00:00,CONTROL_PRE,,0,0.0,69.0,1.0,3.799999999999997,0.30303030303030287,-0.048484848484851406,0.0,1.0
0D11,P2,2025-07-25 15:26:38+00:00,CONTROL_PRE,,0,0.0,66.0,1.0,-2.8999999999999915,-0.21818181818181642,-0.05454545454545287,0.0,-2.0
0D11,P2,2025-07-25 15:26:43+00:00,CONTROL_PRE,,0,0.0,67.0,1.0,-1.7000000000000028,0.13939393939394096,0.4787878787878779,0.0,-1.0
0D11,P2,2025-07-25 15:26:48+00:00,CONTROL_PRE,,0,0.0,68.0,1.0,1.0,0.2060606060606059,0.4242424242424223,0.0,0.0
0D11,P2,2025-07-25 15:26:58+00:00,CONTROL_PRE,,0,0.0,64.0,1.0,-1.0,-0.5696969696969694,-0.7757575757575752,0.0,-4.0
0D11,P2,2025-07-25 15:27:03+00:00,CONTROL_PRE,,0,0.0,64.0,1.0,-3.5999999999999943,-0.2060606060606027,-0.20606060606060467,0.0,-4.0
0D11,P2,2025-07-25 15:27:08+00:00,CONTROL_PRE,,0,0.0,66.0,1.0,-1.6000000000000085,0.27878787878788025,0.8484848484848496,0.0,-2.0
0D11,P2,2025-07-25 15:27:13+00:00,CONTROL_PRE,,0,0.0,68.0,1.0,1.8999999999999915,0.32121212121212184,0.5272727272727246,0.0,1.0
0D11,P2,2025-07-25 15:27:18+00:00,CONTROL_PRE,,0,0.0,68.0,1.0,2.700000000000003,0.22424242424242366,-0.05454545454545659,0.0,0.0
0D11,P2,2025-07-25 15:27:23+00:00,CONTROL_PRE,,0,0.0,66.0,1.0,1.1000000000000085,-0.2424242424242402,-0.563636363636362,0.0,-2.0
0D11,P2,2025-07-25 15:27:28+00:00,CONTROL_PRE,,0,0.0,67.0,1.0,-1.0,-0.09090909090908895,-0.31515151515151263,0.0,0.0
0D11,P2,2025-07-25 15:27:33+00:00,CONTROL_PRE,,1,5.0,67.0,1.0,-0.20000000000000284,0.32727272727272827,0.5696969696969685,0.0,-0.5
0D11,P2,2025-07-25 15:27:38+00:00,CONTROL_PRE,,1,5.0,64.0,1.0,0.20000000000000284,-0.5515151515151545,-0.46060606060606557,0.0,-3.0
0D11,P2,2025-07-25 15:27:43+00:00,CONTROL_PRE,,0,0.0,65.0,1.0,-2.4000000000000057,-0.1454545454545434,-0.47272727272727166,0.0,-2.0
0D11,P2,2025-07-25 15:27:48+00:00,CONTROL_PRE,,0,0.0,64.0,1.0,-2.200000000000003,0.030303030303029273,0.5818181818181838,0.0,-3.0
0D11,P2,2025-07-25 15:27:58+00:00,CONTROL_PRE,,0,0.0,64.0,1.0,0.09999999999999432,-0.04848484848484807,-0.07878787878787734,0.0,-3.0
0D11,P2,2025-07-25 15:28:03+00:00,CONTROL_PRE,,0,0.0,64.0,1.0,-0.29999999999999716,-0.06060606060605939,-0.11515151515151421,0.0,-3.0
0D11,P2,2025-07-25 15:28:08+00:00,CONTROL_PRE,,0,0.0,64.0,1.0,-0.5999999999999943,-0.14545454545454528,-0.0969696969696972,0.0,-3.0
0D11,P2,2025-07-25 15:28:13+00:00,CONTROL_PRE,,0,0.0,64.0,1.0,-0.8000000000000043,0.02424242424242772,0.08484848484848712,0.0,-3.0
0D11,P2,2025-07-25 15:28:18+00:00,CONTROL_PRE,,0,0.0,65.0,1.0,0.29999999999999716,0.2484848484848502,0.3939393939393955,0.0,-2.0
0D11,P2,2025-07-25 15:28:23+00:00,CONTROL_PRE,,0,0.0,66.0,1.0,1.6000000000000014,0.09696969696969862,0.0727272727272709,0.0,-1.0
0D11,P2,2025-07-25 15:28:28+00:00,CONTROL_PRE,,0,0.0,64.0,1.0,0.9000000000000057,-0.09696969696969583,-0.345454545454546,0.0,-3.0
0D11,P2,2025-07-25 15:28:33+00:00,CONTROL_PRE,,0,0.0,65.0,1.0,-0.20000000000000284,-0.07272727272727153,-0.16969696969697015,0.0,-2.0
0D11,P2,2025-07-25 15:28:38+00:00,CONTROL_PRE,,0,0.0,63.0,1.0,-1.0,-0.27878787878787975,-0.18181818181818393,0.0,-4.0
0D11,P2,2025-07-25 15:28:43+00:00,CONTROL_PRE,,0,0.0,63.0,1.0,-1.7999999999999972,-0.09696969696969426,-0.024242424242422733,0.0,-4.0
0D11,P2,2025-07-25 15:28:48+00:00,CONTROL_PRE,,0,0.0,66.0,1.0,-0.6000000000000014,0.2787878787878827,0.5575757575757625,0.0,-1.0
0D11,P2,2025-07-25 15:28:53+00:00,CONTROL_PRE,,0,0.0,67.0,1.0,2.3999999999999915,0.5212121212121229,0.6181818181818172,0.0,0.0
0D11,P2,2025-07-25 15:28:58+00:00,CONTROL_PRE,,0,0.0,66.0,1.0,3.3000000000000043,-0.05454545454545258,-0.33333333333333526,0.0,-1.0
0D11,P2,2025-07-25 15:29:03+00:00,CONTROL_PRE,,0,0.0,66.0,1.0,0.8000000000000114,-0.14545454545454486,-0.6666666666666677,0.0,-1.0
0D11,P2,2025-07-25 15:29:08+00:00,CONTROL_PRE,,0,0.0,65.0,1.0,-1.2000000000000028,-0.10303030303030321,-0.04848484848485063,0.0,-2.0
0D11,P2,2025-07-25 15:29:13+00:00,CONTROL_PRE,,0,0.0,66.0,1.0,-0.7000000000000028,0.07878787878787752,0.22424242424242238,0.0,-1.0
0D11,P2,2025-07-25 15:29:18+00:00,CONTROL_PRE,,0,0.0,68.0,1.0,1.2000000000000028,0.32121212121212206,0.42424242424242525,0.0,1.0
0D11,P2,2025-07-25 15:29:23+00:00,CONTROL_PRE,,0,0.0,67.0,1.0,1.8999999999999915,3.3945045633868175e-15,-0.07878787878787412,0.0,0.0
0D11,P2,2025-07-25 15:29:58+00:00,CONTROL_PRE,,0,0.0,65.0,1.0,-2.5,-0.5030303030303013,-0.18787878787878504,0.0,-2.0
0D11,P2,2025-07-25 15:30:08+00:00,CONTROL_PRE,,1,5.0,65.0,1.0,-1.5,-0.09696969696969662,0.4060606060606047,0.0,-2.0
0D11,P2,2025-07-25 15:30:13+00:00,CONTROL_PRE,,1,5.0,64.0,1.0,-1.2000000000000028,-0.27878787878787886,-0.20606060606060644,0.0,-3.0
0D11,P2,2025-07-25 15:30:18+00:00,CONTROL_PRE,,0,0.0,69.0,1.0,0.10000000000000853,0.6969696969696987,0.7939393939393953,0.0,2.0
0D11,P2,2025-07-25 15:30:23+00:00,CONTROL_PRE,,0,0.0,64.0,1.0,1.7999999999999972,-0.36363636363636115,-0.08484848484848229,0.0,-3.0
0D11,P2,2025-07-25 15:30:38+00:00,CONTROL_PRE,,0,0.0,64.0,1.0,-0.5,-0.15151515151515138,-0.11515151515151398,0.0,-3.0
0D11,P2,2025-07-25 15:30:43+00:00,CONTROL_PRE,,0,0.0,66.0,1.0,-0.8999999999999915,0.006060606060608697,0.07878787878788018,0.0,-1.0
0D11,P1,2025-07-25 15:39:12+00:00,CONTROL_PRE,,0,0.0,63.0,1.0,0.7000000000000028,0.09696969696969877,0.15151515151515144,0.0,-0.5
0D11,P1,2025-07-25 15:39:17+00:00,CONTROL_PRE,,0,0.0,63.0,1.0,0.29999999999999716,-0.145454545454546,-0.2727272727272779,0.0,0.0
0D11,P1,2025-07-25 15:39:22+00:00,CONTROL_PRE,,0,0.0,64.0,1.0,0.0,0.19393939393939508,0.0969696969696963,0.0,1.0
0D11,P1,2025-07-25 15:39:27+00:00,CONTROL_PRE,,0,0.0,64.0,1.0,0.8999999999999986,0.05454545454545575,0.20000000000000176,0.0,0.0
0D11,P1,2025-07-25 15:39:32+00:00,CONTROL_PRE,,0,0.0,65.0,1.0,0.8999999999999986,0.07878787878787792,-0.11515151515151716,0.0,1.0
0D11,P1,2025-07-25 15:39:37+00:00,CONTROL_PRE,,0,0.0,65.0,1.0,0.5,0.09696969696969583,0.04242424242424008,0.0,1.0
0D11,P1,2025-07-25 15:39:42+00:00,CONTROL_PRE,,0,0.0,68.0,1.0,1.4000000000000057,0.3696969696969718,0.2909090909090939,0.2,4.0
0D11,P1,2025-07-25 15:39:47+00:00,CONTROL_PRE,,0,0.0,65.0,1.0,1.6000000000000085,-0.09696969696969673,-0.19393939393939258,0.2,1.0
0D11,P1,2025-07-25 15:39:52+00:00,CONTROL_PRE,,0,0.0,66.0,1.0,0.09999999999999432,-0.07272727272727242,-0.4424242424242442,0.0,2.0
0D11,P1,2025-07-25 15:39:57+00:00,CONTROL_PRE,,0,0.0,67.0,1.0,-0.30000000000001137,0.05454545454545589,0.15151515151515263,0.0,3.0
0D11,P1,2025-07-25 15:40:02+00:00,CONTROL_PRE,,0,0.0,65.0,1.0,-0.09999999999999432,-0.1030303030303014,-0.030303030303028985,0.0,0.5
0D11,P1,2025-07-25 15:40:07+00:00,CONTROL_PRE,,0,0.0,64.0,1.0,-1.0999999999999943,-0.23030303030303143,-0.2848484848484873,0.0,-1.0
0D11,P1,2025-07-25 15:40:12+00:00,CONTROL_PRE,,0,0.0,65.0,1.0,-1.2000000000000028,0.07878787878787974,0.18181818181818116,0.0,0.0
0D11,P1,2025-07-25 15:40:17+00:00,CONTROL_PRE,,0,0.0,66.0,1.0,0.0,0.024242424242424922,0.25454545454545635,0.0,1.0
0D11,P1,2025-07-25 15:40:22+00:00,CONTROL_PRE,,0,0.0,66.0,1.0,1.0,0.24848484848484859,0.16969696969696885,0.0,1.0
0D11,P1,2025-07-25 15:40:27+00:00,CONTROL_PRE,,0,0.0,65.0,1.0,0.4000000000000057,-0.2909090909090918,-0.3151515151515167,0.0,0.0
0D11,P1,2025-07-25 15:40:32+00:00,CONTROL_PRE,,0,0.0,67.0,1.0,0.0,0.43030303030303096,0.18181818181818238,0.0,2.0
0D11,P1,2025-07-25 15:40:37+00:00,CONTROL_PRE,,0,0.0,66.0,1.0,1.5,0.006060606060605238,0.296969696969697,0.0,1.0
0D11,P1,2025-07-25 15:40:42+00:00,CONTROL_PRE,,0,0.0,65.0,1.0,0.29999999999999716,-0.26666666666666816,-0.6969696969696991,0.0,0.0
0D11,P1,2025-07-25 15:40:47+00:00,CONTROL_PRE,,0,0.0,69.0,1.0,-1.0,0.32121212121212106,0.31515151515151585,0.1,4.0
0D11,P1,2025-07-25 15:40:52+00:00,CONTROL_PRE,,0,0.0,66.0,1.0,1.2000000000000028,0.21818181818181914,0.4848484848484873,0.3,1.0
0D11,P1,2025-07-25 15:40:57+00:00,CONTROL_PRE,,0,0.0,66.0,1.0,1.1999999999999886,-0.29696969696969794,-0.618181818181819,0.2,1.0
0D11,P1,2025-07-25 15:41:02+00:00,CONTROL_PRE,,0,0.0,66.0,1.0,-0.7000000000000028,0.006060606060608691,-0.21212121212121046,0.0,1.0
0D11,P1,2025-07-25 15:41:07+00:00,CONTROL_PRE,,0,0.0,67.0,1.0,0.0,0.11515151515151624,0.41212121212121416,0.0,2.0
0D11,P1,2025-07-25 15:41:12+00:00,CONTROL_PRE,,0,0.0,65.0,1.0,-0.09999999999999432,-0.38787878787878705,-0.39393939393939575,0.0,0.0
0D11,P1,2025-07-25 15:41:22+00:00,CONTROL_PRE,,0,0.0,65.0,1.0,-1.1000000000000085,-0.05454545454545363,0.3333333333333334,0.0,0.0
0D11,P1,2025-07-25 15:41:27+00:00,CONTROL_PRE,,0,0.0,65.0,1.0,-0.7000000000000028,-0.07878787878788061,-0.1757575757575794,0.0,0.0
0D11,P1,2025-07-25 15:41:32+00:00,CONTROL_PRE,,0,0.0,65.0,1.0,-0.7999999999999972,0.07878787878787792,0.13333333333333156,0.0,0.0
0D11,P1,2025-07-25 15:41:37+00:00,CONTROL_PRE,,0,0.0,66.0,1.0,0.29999999999999716,0.1696969696969707,0.2484848484848513,0.0,1.0
0D11,P1,2025-07-25 15:41:42+00:00,CONTROL_PRE,,0,0.0,60.0,1.0,-0.7999999999999972,-0.5999999999999975,-0.6787878787878755,0.0,-5.0
0D11,P1,2025-07-25 15:41:47+00:00,CONTROL_PRE,,0,0.0,64.0,1.0,-2.799999999999997,0.02424242424242546,-0.14545454545454525,0.0,-1.0
0D11,P1,2025-07-25 15:41:52+00:00,CONTROL_PRE,,0,0.0,63.0,1.0,-0.8000000000000043,0.20000000000000062,0.7999999999999982,0.0,-2.0
0D11,P1,2025-07-25 15:41:57+00:00,CONTROL_PRE,,0,0.0,65.0,1.0,1.5,0.12727272727272673,0.10303030303030128,0.0,0.0
0D11,P1,2025-07-25 15:42:02+00:00,CONTROL_PRE,,0,0.0,63.0,1.0,1.0,0.006060606060607823,-0.1939393939393928,0.0,-2.0
0D11,P1,2025-07-25 15:42:07+00:00,CONTROL_PRE,,0,0.0,64.0,1.0,0.09999999999999432,-0.012121212121212477,-0.1393939393939392,0.0,-1.0
0D11,P1,2025-07-25 15:42:12+00:00,CONTROL_PRE,,0,0.0,68.0,1.0,1.3000000000000043,0.5333333333333327,0.5272727272727248,0.0,3.0
0D11,P1,2025-07-25 15:42:17+00:00,CONTROL_PRE,,0,0.0,68.0,1.0,3.5,0.29696969696969694,0.3090909090909094,0.0,3.0
0D11,P1,2025-07-25 15:42:22+00:00,CONTROL_PRE,,0,0.0,64.0,1.0,1.2999999999999972,-0.5030303030303027,-1.0363636363636353,0.0,-1.0
0D11,P1,2025-07-25 15:42:27+00:00,CONTROL_PRE,,0,0.0,61.0,1.0,-3.799999999999997,-0.5757575757575758,-0.8727272727272728,0.0,-4.0
0D11,P1,2025-07-25 15:42:37+00:00,CONTROL_PRE,,0,0.0,61.0,1.0,-3.799999999999997,-0.030303030303031695,0.5454545454545441,0.0,-4.0
0D11,P1,2025-07-25 15:42:42+00:00,CONTROL_PRE,,0,0.0,63.0,1.0,0.0,0.5030303030303049,0.9696969696969694,0.0,-2.0
0D11,P1,2025-07-25 15:42:47+00:00,CONTROL_PRE,,0,0.0,63.0,1.0,3.1999999999999957,0.22424242424242807,0.2545454545454598,0.0,-2.0
0D11,P1,2025-07-25 15:42:52+00:00,CONTROL_PRE,,0,0.0,63.0,1.0,2.3999999999999986,-0.12727272727272598,-0.6303030303030309,0.0,-2.0
0D11,P1,2025-07-25 15:42:57+00:00,CONTROL_PRE,,0,0.0,63.0,1.0,0.0,-0.0181818181818179,-0.24242424242424598,0.0,-2.0
0D11,P1,2025-07-25 15:43:02+00:00,CONTROL_PRE,,0,0.0,62.0,1.0,-0.7999999999999972,-0.1030303030303016,0.024242424242424385,0.0,-3.0
0D11,P1,2025-07-25 15:43:07+00:00,CONTROL_PRE,,0,0.0,64.0,1.0,0.10000000000000142,0.24242424242424368,0.26060606060606156,0.0,-1.0
0D11,P1,2025-07-25 15:43:12+00:00,CONTROL_PRE,,0,0.0,62.0,1.0,0.5,-0.2424242424242414,-0.1393939393939398,0.0,-3.0
0D11,P1,2025-07-25 15:43:17+00:00,CONTROL_PRE,,0,0.0,63.0,1.0,-0.7000000000000028,0.04242424242424155,-0.20000000000000212,0.0,-2.0
0D11,P1,2025-07-25 15:43:22+00:00,CONTROL_PRE,,0,0.0,64.0,1.0,-0.20000000000000284,0.18181818181818218,0.4242424242424236,0.0,-0.5
0D11,P1,2025-07-25 15:43:27+00:00,CONTROL_PRE,,0,0.0,67.0,1.0,2.299999999999997,0.49696969696969906,0.45454545454545753,0.0,2.0
0D11,P1,2025-07-25 15:43:32+00:00,CONTROL_PRE,,0,0.0,66.0,1.0,3.299999999999997,0.05454545454545589,-0.1272727272727263,0.0,1.0
0D11,P1,2025-07-25 15:43:37+00:00,CONTROL_PRE,,0,0.0,61.0,1.0,-0.19999999999998863,-0.6787878787878775,-1.1757575757575767,0.0,-4.0
0D11,P1,2025-07-25 15:43:52+00:00,CONTROL_PRE,,0,0.0,66.0,1.0,3.0,0.17575757575757622,0.18181818181818268,0.0,1.0
0D11,P1,2025-07-25 15:43:57+00:00,CONTROL_PRE,,0,0.0,65.0,1.0,2.299999999999997,-0.012121212121212716,-0.5393939393939425,0.0,0.0
0D11,P1,2025-07-25 15:44:02+00:00,CONTROL_PRE,,0,0.0,64.0,1.0,-0.4000000000000057,-0.3333333333333325,-0.5090909090909087,0.0,-1.0
0D11,P1,2025-07-25 15:44:07+00:00,CONTROL_PRE,,0,0.0,63.0,1.0,-1.7999999999999972,-0.08484848484848193,-0.07272727272726921,0.0,-2.0
0D11,P1,2025-07-25 15:44:12+00:00,CONTROL_PRE,,0,0.0,63.0,1.0,-1.1999999999999957,-0.18787878787878629,0.1454545454545462,0.0,-2.0
0D11,P1,2025-07-25 15:44:17+00:00,CONTROL_PRE,,0,0.0,62.0,1.0,-1.1000000000000014,-0.2242424242424241,-0.13939393939394218,0.0,-3.0
0D11,P1,2025-07-25 15:44:22+00:00,CONTROL_PRE,,0,0.0,63.0,1.0,-1.2999999999999972,-3.74705738905077e-17,0.18787878787878626,0.0,-1.0
