MAE_raw,RMSE_raw,MAE_cal,RMSE_cal,p_bin0,p_baseline
0.08222527449802776,0.20194874524550166,0.014270431989948125,0.02234550593497521,0.07505598193338253,0.015108897677429317
