MAE_raw,RMSE_raw,MAE_cal,RMSE_cal,p_bin0,p_baseline
0.09022122701576822,0.20802272039823805,0.00757351287902833,0.014031434862798474,0.07505598193338253,0.015108897677429317
