MAE_raw,RMSE_raw,MAE_cal,RMSE_cal,p_bin0,p_baseline
0.10453664303319297,0.22949066926105588,0.010710343970305064,0.018630167297763126,0.07505598193338253,0.015108897677429317
