MAE_raw,RMSE_raw,MAE_cal,RMSE_cal,p_bin0,p_baseline
0.07184920815754019,0.18490952041940698,0.005204939210256927,0.017198480855200652,0.07505598193338253,0.015108897677429317
