bin,gt_rate_per_sec,raw_model_mean,calibrated_model_mean,n_errors,exposure
0,0.07505598193338253,0.16258569061756134,0.05610175430774689,0,0.0
1,0.12121212121212122,0.2773037850856781,0.06069688871502876,200,1650.0
2,0.07878787878787878,0.20639324188232422,0.05532853677868843,130,1650.0
3,0.055757575757575756,0.16465801000595093,0.051682017743587494,92,1650.0
4,0.061452513966480445,0.14558149874210358,0.04607252776622772,99,1611.0
5,0.04589528118939883,0.14857909083366394,0.04918619617819786,71,1547.0
6,0.04938271604938271,0.12756584584712982,0.044585227966308594,60,1215.0
7,0.032403240324032405,0.13550157845020294,0.04540516063570976,36,1111.0
