bin,gt_rate_per_sec,raw_model_mean,calibrated_model_mean,n_errors,exposure
0,0.07505598193338253,0.34418153762817383,0.07050637900829315,0,0.0
1,0.12121212121212122,0.1943473368883133,0.0695294663310051,200,1650.0
2,0.07878787878787878,0.15739652514457703,0.06802921742200851,130,1650.0
3,0.055757575757575756,0.15774168074131012,0.06834954023361206,92,1650.0
4,0.061452513966480445,0.13999703526496887,0.06662821769714355,99,1611.0
5,0.04589528118939883,0.13216102123260498,0.06668779253959656,71,1547.0
6,0.04938271604938271,0.11996115744113922,0.06620515882968903,60,1215.0
