H,grid_AUC_PR,nested_AUC_PR,nested_AUC_ROC
7,0.6046552508286835,0.39983687070510665,0.9446717124046293
6,0.5666731229422066,0.3675880642613333,0.9435057536229357
11,0.5640112796454914,0.40230762698032463,0.9455037071318045
8,0.5564667127341197,0.3772299012036331,0.9447174291714355
5,0.5531244358737365,0.40781670873329584,0.9440753300113114
