H,grid_AUC_PR,nested_AUC_PR,nested_AUC_ROC,ECE_label,nested_Cal_MAE,nested_Cal_RMSE,selection_score
9,0.9545801718639421,0.9481634747773984,0.9972746704880568,0.01974368016727513,0.005204939210256927,0.017198480855200652,0.9402660027104883
