H,grid_AUC_PR,nested_AUC_PR,nested_AUC_ROC
13,0.8296841656940785,0.8297894596655115,0.9876192187614425
14,0.8254460498006394,0.8254415947501993,0.9866470952888547
