MAE_raw,RMSE_raw,MAE_cal,RMSE_cal,p_bin0,p_baseline
0.07367448783320785,0.19015777588271593,0.009556077307330945,0.017596598658177236,0.07505598193338253,0.015108897677429317
