user_id,run_id,weather,map_name,error_type,speed_kmh,steer_angle_deg,timestamp,x,y,z,details
participant_01,7.0,day,Town10HD_Opt,Red light violation,14.295,-18.304,2026-03-05 10:30:38.352822,45.06968307495117,57.49991607666016,0.0019024276407435,Red light violation
participant_01,7.0,day,Town10HD_Opt,Stop sign violation,8.606,-0.674,2026-03-05 10:30:55.509632,74.147705078125,25.35002899169922,0.0021814336068928,stop_sign_id=900
participant_01,7.0,day,Town10HD_Opt,Stop sign violation,21.575,-8.213,2026-03-05 10:31:20.650679,101.86153411865234,17.14677619934082,0.0022545233368873,stop_sign_id=946
participant_01,7.0,day,Town10HD_Opt,Harsh braking,24.804,-7.824,2026-03-05 10:31:35.776377,98.0140151977539,-54.408329010009766,0.0021700281649827,decel_mps2=4.9
participant_01,7.0,day,Town10HD_Opt,Solid line crossing,42.463,-3.978,2026-03-05 10:31:42.165828,65.8530502319336,-67.56169128417969,0.0019638827070593,Solid line crossing
participant_01,7.0,day,Town10HD_Opt,Solid line crossing,27.563,0.51,2026-03-05 10:31:49.550177,24.58888053894043,-67.32304382324219,0.0020102693233639,Solid line crossing
participant_01,7.0,day,Town10HD_Opt,Vehicle-pedestrian collision,3.228,-0.526,2026-03-05 10:32:00.605473,-3.6393051147460938,-67.45193481445312,0.0017590719508007,Vehicle-pedestrian collision
participant_01,7.0,day,Town10HD_Opt,Stop sign violation,50.349,-6.563,2026-03-05 10:32:14.740760,-107.43569946289062,-38.628395080566406,0.0019295887323096,stop_sign_id=900
participant_01,7.0,day,Town10HD_Opt,Stop sign violation,1.081,-7.736,2026-03-05 10:32:25.155812,-111.05719757080078,-12.265027046203612,0.0018697739578783,stop_sign_id=1050
participant_01,7.0,day,Town10HD_Opt,Vehicle collision,11.721,-4.487,2026-03-05 10:32:48.940504,-93.1821746826172,30.4665756225586,0.0019328307826071,Vehicle collision
participant_01,7.0,day,Town10HD_Opt,Stop sign violation,19.593,-0.712,2026-03-05 10:33:00.408227,-66.3187484741211,27.74918365478516,0.0016860978212207,stop_sign_id=946
participant_01,7.0,day,Town10HD_Opt,Solid line crossing,24.664,10.713,2026-03-05 10:33:15.002260,31.90493392944336,29.4897518157959,0.0020431517623364,Solid line crossing
participant_01,7.0,day,Town10HD_Opt,Harsh braking,34.205,-10.134,2026-03-05 10:33:26.311402,40.87753677368164,57.331809997558594,0.0015132541302591,decel_mps2=5.7
participant_01,7.0,day,Town10HD_Opt,Solid line crossing,8.142,-2.141,2026-03-05 10:33:38.424810,79.2161865234375,70.5916519165039,0.00199710810557,Solid line crossing
participant_01,7.0,day,Town10HD_Opt,Solid line crossing,28.044,19.401,2026-03-05 10:33:49.350007,98.80941009521484,77.52788543701172,0.0021276089828461,Solid line crossing
participant_01,7.0,day,Town10HD_Opt,Harsh braking,48.145,-2.141,2026-03-05 10:34:03.906024,32.32612991333008,132.5763397216797,0.002152289962396,decel_mps2=6.1
participant_01,7.0,day,Town10HD_Opt,Solid line crossing,8.375,4.634,2026-03-05 10:34:15.192684,-19.761823654174805,135.56402587890625,0.0018775177886709,Solid line crossing
participant_01,7.0,day,Town10HD_Opt,Harsh braking,37.714,3.716,2026-03-05 10:34:26.703897,-42.77057647705078,99.08995056152344,0.0015572756528854,decel_mps2=5.2
participant_01,7.0,day,Town10HD_Opt,Solid line crossing,23.149,-0.446,2026-03-05 10:34:36.309256,-21.4675407409668,68.97643280029297,0.0017958842217922,Solid line crossing
participant_01,7.0,day,Town10HD_Opt,Vehicle-pedestrian collision,10.456,1.725,2026-03-05 10:34:48.014574,24.90488052368164,70.13459014892578,0.001468316768296,Vehicle-pedestrian collision
participant_01,8.0,day,Town10HD_Opt,Solid line crossing,17.726,-9.279,2026-03-05 10:45:35.681203,31.12728881835937,68.90680694580078,0.0020619581919163,Solid line crossing
participant_01,8.0,day,Town10HD_Opt,Vehicle-pedestrian collision,23.42,11.11,2026-03-05 10:45:47.425247,45.61532974243164,34.64656066894531,0.0019293212099,Vehicle-pedestrian collision
participant_01,8.0,day,Town10HD_Opt,Stop sign violation,35.471,-4.539,2026-03-05 10:46:29.388166,107.28509521484376,-27.5528564453125,0.0018299483926966,stop_sign_id=1120
participant_01,8.0,day,Town10HD_Opt,Solid line crossing,38.167,0.031,2026-03-05 10:46:43.882968,37.67386245727539,-66.79371643066406,0.0018868255428969,Solid line crossing
participant_01,8.0,day,Town10HD_Opt,Stop sign violation,29.028,1.034,2026-03-05 10:46:49.196093,5.021904945373535,-66.41378021240234,0.0020708465017378,stop_sign_id=1050
participant_01,8.0,day,Town10HD_Opt,Solid line crossing,46.153,-2.235,2026-03-05 10:47:04.068618,-57.48050308227539,-65.95083618164062,0.0021434021182358,Solid line crossing
participant_01,8.0,day,Town10HD_Opt,Solid line crossing,0.0,-0.949,2026-03-05 10:47:24.118429,-110.9852523803711,-4.970561504364014,0.0019190596649423,Solid line crossing
participant_01,8.0,day,Town10HD_Opt,Solid line crossing,31.86,-12.318,2026-03-05 10:47:49.618933,-100.10467529296876,23.70783805847168,0.0021765900310128,Solid line crossing
participant_01,8.0,day,Town10HD_Opt,Harsh braking,32.76,0.895,2026-03-05 10:48:04.752146,-62.98307037353516,24.66115379333496,0.0015896987169981,decel_mps2=6.7
participant_01,8.0,day,Town10HD_Opt,Solid line crossing,34.583,4.301,2026-03-05 10:48:16.567243,24.45703315734864,28.05189323425293,0.0023180006537586,Solid line crossing
participant_01,8.0,day,Town10HD_Opt,Stop sign violation,17.452,-5.69,2026-03-05 10:48:36.973527,69.40011596679688,70.81471252441406,0.001851386972703,stop_sign_id=946
participant_01,8.0,day,Town10HD_Opt,Vehicle-pedestrian collision,22.938,0.627,2026-03-05 10:48:43.487727,84.46614074707031,70.00360107421875,0.0018811797490343,Vehicle-pedestrian collision
participant_01,8.0,day,Town10HD_Opt,Stop sign violation,38.971,0.649,2026-03-05 10:48:51.741405,101.13484191894533,91.89505767822266,0.0017521666595712,stop_sign_id=754
participant_01,8.0,day,Town10HD_Opt,Solid line crossing,31.548,0.007,2026-03-05 10:49:08.164652,26.91227912902832,131.7554168701172,0.0020229720976203,Solid line crossing
participant_01,8.0,day,Town10HD_Opt,Solid line crossing,26.686,0.092,2026-03-05 10:49:13.992811,1.18245530128479,131.31646728515625,0.0020270156674087,Solid line crossing
participant_01,8.0,day,Town10HD_Opt,Vehicle-pedestrian collision,26.529,1.603,2026-03-05 10:49:39.836503,-42.28582000732422,84.9862289428711,0.0020801925566047,Vehicle-pedestrian collision
participant_01,8.0,day,Town10HD_Opt,Solid line crossing,19.246,0.035,2026-03-05 10:49:50.599555,-10.739911079406738,69.8642807006836,0.0020138167310506,Solid line crossing
participant_01,9.0,day,Town10HD_Opt,Solid line crossing,44.772,-3.95,2026-03-05 11:01:01.357807,106.16222381591795,-17.700218200683594,0.0019020843319594,Solid line crossing
participant_01,9.0,day,Town10HD_Opt,Solid line crossing,17.4,-0.552,2026-03-05 11:01:10.937914,66.08401489257812,-64.69892120361328,0.0022391127422451,Solid line crossing
participant_01,9.0,day,Town10HD_Opt,Solid line crossing,36.159,0.315,2026-03-05 11:01:20.510851,18.27782821655273,-64.48500061035156,0.0021123122423887,Solid line crossing
participant_01,9.0,day,Town10HD_Opt,Solid line crossing,50.025,-2.991,2026-03-05 11:01:33.353493,-83.00856018066406,-63.47858428955078,0.0019884491339325,Solid line crossing
participant_01,9.0,day,Town10HD_Opt,Solid line crossing,0.0,-0.642,2026-03-05 11:01:43.980680,-110.76128387451172,-6.831332683563232,0.0019191741012036,Solid line crossing
participant_01,9.0,day,Town10HD_Opt,Solid line crossing,49.074,-11.655,2026-03-05 11:02:08.074047,-101.34172821044922,27.51283073425293,0.0020456695929169,Solid line crossing
participant_01,9.0,day,Town10HD_Opt,Solid line crossing,36.92,-1.648,2026-03-05 11:02:29.332344,39.329345703125,42.37484359741211,0.0021315382327884,Solid line crossing
participant_01,9.0,day,Town10HD_Opt,Stop sign violation,14.66,-0.778,2026-03-05 11:02:44.759649,84.12818145751953,69.69679260253906,0.0020462416578084,stop_sign_id=1062
participant_01,9.0,day,Town10HD_Opt,Solid line crossing,18.471,13.828,2026-03-05 11:02:46.164662,88.01530456542969,69.78224182128906,0.002086334163323,Solid line crossing
participant_01,9.0,day,Town10HD_Opt,Harsh braking,42.129,-0.327,2026-03-05 11:03:03.749557,-16.61707305908203,132.25009155273438,0.0023258971050381,decel_mps2=6.7
participant_01,9.0,day,Town10HD_Opt,Solid line crossing,33.24,4.221,2026-03-05 11:03:35.324951,43.68606185913086,40.6252326965332,0.0018308258149772,Solid line crossing
participant_01,9.0,day,Town10HD_Opt,Harsh braking,32.499,3.41,2026-03-05 11:03:38.748089,63.18022155761719,27.677474975585938,0.0022790145594626,decel_mps2=6.7
participant_01,9.0,day,Town10HD_Opt,Solid line crossing,49.485,-6.248,2026-03-05 11:03:45.639291,105.70437622070312,9.025368690490724,0.0021090698428452,Solid line crossing
participant_01,9.0,day,Town10HD_Opt,Solid line crossing,33.136,0.55,2026-03-05 11:04:02.047132,2.6391255855560303,-64.94081115722656,0.0023744201753288,Solid line crossing
participant_01,9.0,day,Town10HD_Opt,Solid line crossing,20.836,0.146,2026-03-05 11:04:06.024910,-17.254316329956055,-64.71632385253906,0.0021107101347297,Solid line crossing
participant_01,9.0,day,Town10HD_Opt,Harsh braking,34.522,0.055,2026-03-05 11:04:36.891944,-48.7491340637207,20.207618713378903,0.0020705794449895,decel_mps2=6.7
participant_01,9.0,day,Town10HD_Opt,Solid line crossing,34.783,-0.859,2026-03-05 11:04:45.153538,-51.95194625854492,76.6943130493164,0.0020429992582648,Solid line crossing
participant_01,9.0,day,Town10HD_Opt,Solid line crossing,0.0,-1.554,2026-03-05 11:04:53.976338,-51.96696472167969,96.95015716552734,0.0019190596649423,Solid line crossing
participant_01,10.0,day,Town10HD_Opt,Solid line crossing,18.908,-1.09,2026-03-05 11:15:13.743396,-9.206989288330078,68.86451721191406,0.0022445670329034,Solid line crossing
participant_01,10.0,day,Town10HD_Opt,Solid line crossing,0.022,-0.148,2026-03-05 11:15:23.456743,22.53211212158203,69.37120819091797,0.0020088192541152,Solid line crossing
participant_01,10.0,day,Town10HD_Opt,Solid line crossing,13.41,-26.646,2026-03-05 11:15:36.619166,44.40972518920898,59.78646469116211,0.0019951625727117,Solid line crossing
participant_01,10.0,day,Town10HD_Opt,Stop sign violation,23.085,-1.765,2026-03-05 11:15:50.766542,59.75054931640625,27.183258056640625,0.0019651416223496,stop_sign_id=1050
participant_01,10.0,day,Town10HD_Opt,Vehicle-pedestrian collision,0.0,2.402,2026-03-05 11:16:03.477213,74.59008026123047,25.32138633728028,0.0019199752714484,Vehicle-pedestrian collision
participant_01,10.0,day,Town10HD_Opt,Stop sign violation,27.852,2.195,2026-03-05 11:16:17.519219,79.45319366455078,25.2200870513916,0.0015990465180948,stop_sign_id=754
participant_01,10.0,day,Town10HD_Opt,Harsh braking,19.781,-2.346,2026-03-05 11:16:29.816311,108.47014617919922,-24.00960922241211,0.0019747926853597,decel_mps2=5.5
participant_01,10.0,day,Town10HD_Opt,Solid line crossing,23.502,-5.687,2026-03-05 11:16:36.990215,94.96868133544922,-57.27192306518555,0.002076911740005,Solid line crossing
participant_01,10.0,day,Town10HD_Opt,Harsh braking,28.46,0.663,2026-03-05 11:16:49.902514,19.69507598876953,-67.17296600341797,0.00201416015625,decel_mps2=6.1
participant_01,10.0,day,Town10HD_Opt,Solid line crossing,50.12,-0.902,2026-03-05 11:17:04.177205,-26.17911720275879,-68.11756134033203,0.0018297584028914,Solid line crossing
participant_01,10.0,day,Town10HD_Opt,Vehicle-pedestrian collision,35.227,2.873,2026-03-05 11:17:11.216316,-86.26783752441406,-57.89751434326172,0.0020979307591915,Vehicle-pedestrian collision
participant_01,10.0,day,Town10HD_Opt,Solid line crossing,0.0,2.205,2026-03-05 11:17:22.069288,-111.05377960205078,-12.31208610534668,0.0019225692376494,Solid line crossing
participant_01,10.0,day,Town10HD_Opt,Harsh braking,0.0,-0.515,2026-03-05 11:17:34.281161,-111.37747955322266,-7.465325832366943,0.001919784466736,decel_mps2=5.7
participant_01,10.0,day,Town10HD_Opt,Solid line crossing,11.721,-4.487,2026-03-05 11:17:48.676668,-93.1821746826172,30.4665756225586,0.0019328307826071,Solid line crossing
participant_01,10.0,day,Town10HD_Opt,Stop sign violation,44.478,0.794,2026-03-05 11:18:02.483702,-53.64583969116211,27.31966781616211,0.0016912473365664,stop_sign_id=1200
participant_01,10.0,day,Town10HD_Opt,Solid line crossing,25.168,-1.937,2026-03-05 11:18:12.276499,17.73015594482422,28.94457054138184,0.0020553970243781,Solid line crossing
participant_01,10.0,day,Town10HD_Opt,Stop sign violation,40.294,-11.552,2026-03-05 11:18:28.096236,50.526458740234375,69.40907287597656,0.0022335045505315,stop_sign_id=1062
participant_01,10.0,day,Town10HD_Opt,Solid line crossing,3.424,0.486,2026-03-05 11:18:40.957463,82.41127014160156,70.46484375,0.0019512937869876,Solid line crossing
participant_01,10.0,day,Town10HD_Opt,Solid line crossing,36.511,5.165,2026-03-05 11:18:55.069003,90.616455078125,119.3952865600586,0.0021341319661587,Solid line crossing
participant_01,10.0,day,Town10HD_Opt,Solid line crossing,38.036,-3.257,2026-03-05 11:19:01.037062,61.21383285522461,130.8643035888672,0.0018575675785541,Solid line crossing
participant_01,10.0,day,Town10HD_Opt,Solid line crossing,8.375,4.634,2026-03-05 11:19:15.557202,-19.761823654174805,135.56402587890625,0.0018775177886709,Solid line crossing
participant_01,10.0,day,Town10HD_Opt,Solid line crossing,37.714,3.716,2026-03-05 11:19:26.963375,-42.77057647705078,99.08995056152344,0.0015572756528854,Solid line crossing
participant_01,10.0,day,Town10HD_Opt,Vehicle-pedestrian collision,37.714,3.716,2026-03-05 11:19:27.128647,-42.77057647705078,99.08995056152344,0.0015572756528854,Vehicle-pedestrian collision
participant_01,10.0,day,Town10HD_Opt,Solid line crossing,16.981,-0.736,2026-03-05 11:19:41.848089,18.191335678100582,70.03173828125,0.0020465462002903,Solid line crossing
participant_01,10.0,day,Town10HD_Opt,Red light violation,9.739,12.34,2026-03-05 11:19:58.271278,51.85845947265625,31.047592163085938,0.0019776532426476,Red light violation
participant_01,1.0,day,Town10HD_Opt,Solid line crossing,0.004,0.503,2026-03-05 11:24:35.728339,39.35259628295898,62.50637435913086,0.0019303893204778,Solid line crossing
participant_01,1.0,day,Town10HD_Opt,Vehicle-pedestrian collision,19.72,12.374,2026-03-05 11:24:57.105572,55.739540100097656,26.481969833374023,0.0019721984863281,Vehicle-pedestrian collision
participant_01,1.0,day,Town10HD_Opt,Solid line crossing,0.0,1.351,2026-03-05 11:25:05.864815,69.01659393310547,24.13434600830078,0.0019194030901417,Solid line crossing
participant_01,1.0,day,Town10HD_Opt,Solid line crossing,0.0,0.411,2026-03-05 11:25:13.988255,69.01659393310547,24.13434600830078,0.0019194030901417,Solid line crossing
participant_01,1.0,day,Town10HD_Opt,Stop sign violation,34.468,-5.096,2026-03-05 11:25:47.674904,83.41547393798828,-61.11534118652344,0.0020449829753488,stop_sign_id=1300
participant_01,1.0,day,Town10HD_Opt,Vehicle-pedestrian collision,48.341,-16.25,2026-03-05 11:25:52.643012,44.54828643798828,-68.75165557861328,0.0020050811581313,Vehicle-pedestrian collision
participant_01,1.0,day,Town10HD_Opt,Solid line crossing,24.187,-3.215,2026-03-05 11:26:41.870968,-110.1943359375,-25.72076797485352,0.0021067047491669,Solid line crossing
participant_01,1.0,day,Town10HD_Opt,Solid line crossing,18.638,-1.603,2026-03-05 11:27:17.727463,-71.58086395263672,25.995933532714844,0.0023387526161968,Solid line crossing
participant_01,1.0,day,Town10HD_Opt,Solid line crossing,0.0,0.167,2026-03-05 11:27:33.476442,-67.49921417236328,26.01396942138672,0.0019195555942133,Solid line crossing
participant_01,1.0,day,Town10HD_Opt,Solid line crossing,33.243,-0.768,2026-03-05 11:27:45.917998,-21.554399490356445,27.96698760986328,0.0020777892787009,Solid line crossing
participant_01,1.0,day,Town10HD_Opt,Solid line crossing,9.784,3.071,2026-03-05 11:27:55.074108,28.14783096313477,27.56985855102539,0.0020214461255818,Solid line crossing
participant_01,1.0,day,Town10HD_Opt,Vehicle collision,11.738,10.022,2026-03-05 11:28:06.071200,40.25876235961914,38.59782791137695,0.0020324324723333,Vehicle collision
participant_01,1.0,day,Town10HD_Opt,Harsh braking,20.667,-2.287,2026-03-05 11:28:21.319699,65.82025909423828,70.7989501953125,0.0020904541015625,decel_mps2=5.5
participant_01,1.0,day,Town10HD_Opt,Stop sign violation,19.44,4.832,2026-03-05 11:28:32.128354,85.65724182128906,69.7945327758789,0.0016649627359583,stop_sign_id=678
participant_01,1.0,day,Town10HD_Opt,Vehicle-pedestrian collision,33.077,1.974,2026-03-05 11:28:45.559749,64.828125,132.35784912109375,0.0017448425060138,Vehicle-pedestrian collision
participant_01,1.0,day,Town10HD_Opt,Harsh braking,26.986,13.56,2026-03-05 11:28:58.673777,-30.23604965209961,131.32264709472656,0.0021597289014607,decel_mps2=5.5
participant_01,2.0,day,Town10HD_Opt,Red light violation,18.243,-7.059,2026-03-05 11:47:08.367145,27.56494903564453,69.76162719726562,0.001772308954969,Red light violation
participant_01,2.0,day,Town10HD_Opt,Solid line crossing,29.422,17.042,2026-03-05 11:47:20.407040,45.9767951965332,34.98228073120117,0.0021121213212609,Solid line crossing
participant_01,2.0,day,Town10HD_Opt,Vehicle-pedestrian collision,20.711,-0.007,2026-03-05 11:47:30.967068,72.06695556640625,25.302152633666992,0.0021162030752748,Vehicle-pedestrian collision
participant_01,2.0,day,Town10HD_Opt,Solid line crossing,36.893,-9.571,2026-03-05 11:48:01.729608,102.03443908691406,18.485145568847656,0.0021403499413281,Solid line crossing
participant_01,2.0,day,Town10HD_Opt,Collision,45.379,-6.696,2026-03-05 11:48:11.935162,83.03478240966797,-61.0913200378418,0.0021020886488258,Collision
participant_01,2.0,day,Town10HD_Opt,Solid line crossing,0.0,-1.394,2026-03-05 11:49:03.671792,-110.26840209960938,-7.842800617218018,0.001919288537465,Solid line crossing
participant_01,2.0,day,Town10HD_Opt,Stop sign violation,0.081,-0.519,2026-03-05 11:49:12.016645,-110.26856994628906,-7.800130367279053,0.0019197463989257,stop_sign_id=754
participant_01,2.0,day,Town10HD_Opt,Stop sign violation,22.358,-0.096,2026-03-05 11:49:37.788216,-74.56023406982422,26.20238494873047,0.0020025635603815,stop_sign_id=1200
participant_01,2.0,day,Town10HD_Opt,Solid line crossing,36.061,-0.376,2026-03-05 11:49:41.843733,-46.77382659912109,25.80006217956543,0.0020481490064412,Solid line crossing
participant_01,2.0,day,Town10HD_Opt,Vehicle-pedestrian collision,12.763,7.107,2026-03-05 11:49:54.442590,28.46137809753418,27.66852188110352,0.0020008846186101,Vehicle-pedestrian collision
participant_01,2.0,day,Town10HD_Opt,Solid line crossing,23.48,-11.747,2026-03-05 11:50:06.751662,40.7987060546875,56.98126983642578,0.0018769841408357,Solid line crossing
participant_01,2.0,day,Town10HD_Opt,Solid line crossing,21.258,-0.028,2026-03-05 11:50:35.118246,-9.234994888305664,131.56517028808594,0.0022592917084693,Solid line crossing
participant_01,2.0,day,Town10HD_Opt,Solid line crossing,0.0,0.63,2026-03-05 11:50:47.826619,-21.629512786865234,131.3065643310547,0.001919517526403,Solid line crossing
participant_01,2.0,day,Town10HD_Opt,Harsh braking,33.304,16.109,2026-03-05 11:50:58.647381,-40.72920227050781,74.56285858154297,0.0025088500697165,decel_mps2=6.1
participant_01,2.0,day,Town10HD_Opt,Solid line crossing,0.0,-0.115,2026-03-05 11:51:41.456290,81.6986083984375,25.33742332458496,0.001919517526403,Solid line crossing
participant_02,1.0,day,Town10HD_Opt,Solid line crossing,0.0,2.751,2026-03-06 07:10:04.583439,43.75282287597656,41.35817337036133,0.0019932172726839,Solid line crossing
participant_02,1.0,day,Town10HD_Opt,Red light violation,11.477,3.721,2026-03-06 07:10:14.734136,62.44254302978516,26.777448654174805,0.0020291516557335,Red light violation
participant_02,1.0,day,Town10HD_Opt,Harsh braking,32.7,-2.424,2026-03-06 07:10:23.272446,101.41173553466795,23.443647384643555,0.0023061365354806,decel_mps2=6.1
participant_02,1.0,day,Town10HD_Opt,Vehicle collision,19.07,-7.717,2026-03-06 07:10:35.602629,104.82292938232422,-37.5391960144043,0.0022528071422129,Vehicle collision
participant_02,1.0,day,Town10HD_Opt,Harsh braking,27.656,-4.141,2026-03-06 07:10:47.994919,59.022586822509766,-65.3162841796875,0.0020150374621152,decel_mps2=6.7
participant_02,1.0,day,Town10HD_Opt,Solid line crossing,46.703,-0.703,2026-03-06 07:11:03.607891,-56.48115921020508,-68.23307800292969,0.0018491366645321,Solid line crossing
participant_02,1.0,day,Town10HD_Opt,Solid line crossing,39.892,-5.155,2026-03-06 07:11:10.390735,-106.81391143798828,-44.998779296875,0.0021403883583843,Solid line crossing
participant_02,1.0,day,Town10HD_Opt,Solid line crossing,0.007,5.316,2026-03-06 07:11:27.308732,-110.81301879882812,-13.687642097473145,0.0019187927246093,Solid line crossing
participant_02,1.0,day,Town10HD_Opt,Stop sign violation,22.774,-5.089,2026-03-06 07:11:37.521506,-107.07020568847656,16.449180603027344,0.0022762676235288,stop_sign_id=1062
participant_02,1.0,day,Town10HD_Opt,Solid line crossing,22.348,-15.795,2026-03-06 07:11:40.231570,-103.00983428955078,22.951557159423828,0.0018923571333289,Solid line crossing
participant_02,1.0,day,Town10HD_Opt,Solid line crossing,5.701,0.881,2026-03-06 07:11:49.490661,-69.74347686767578,28.046775817871094,0.0019738767296075,Solid line crossing
participant_02,1.0,day,Town10HD_Opt,Solid line crossing,0.001,-0.602,2026-03-06 07:11:59.240033,-69.17359924316406,28.036285400390625,0.0019189452286809,Solid line crossing
participant_02,1.0,day,Town10HD_Opt,Solid line crossing,16.874,0.157,2026-03-06 07:12:12.984190,5.253315448760986,28.55928421020508,0.0019580838270485,Solid line crossing
participant_02,1.0,day,Town10HD_Opt,Stop sign violation,0.604,-3.04,2026-03-06 07:12:26.947664,40.66997528076172,45.03912353515625,0.0019500731723383,stop_sign_id=754
participant_02,1.0,day,Town10HD_Opt,Stop sign violation,29.933,-17.428,2026-03-06 07:12:39.060896,48.03554153442383,68.87396240234375,0.0022245785221457,stop_sign_id=1200
participant_02,1.0,day,Town10HD_Opt,Red light violation,20.895,-4.867,2026-03-06 07:12:45.794840,67.22867584228516,70.76773834228516,0.0018204504158347,Red light violation
participant_02,1.0,day,Town10HD_Opt,Solid line crossing,34.131,0.376,2026-03-06 07:12:50.050883,82.24083709716797,69.8579330444336,0.0015194710576906,Solid line crossing
participant_02,1.0,day,Town10HD_Opt,Harsh braking,21.383,2.875,2026-03-06 07:13:07.368277,53.10690307617188,131.1942596435547,0.0020900343079119,decel_mps2=6.1
participant_02,1.0,day,Town10HD_Opt,Solid line crossing,1.41,18.332,2026-03-06 07:13:26.137932,-41.00375747680664,122.5599594116211,0.0018856429960578,Solid line crossing
participant_02,1.0,day,Town10HD_Opt,Vehicle-pedestrian collision,18.196,8.379,2026-03-06 07:13:37.201556,-38.79286956787109,74.6173095703125,0.0020384979434311,Vehicle-pedestrian collision
participant_02,1.0,day,Town10HD_Opt,Solid line crossing,12.916,0.08,2026-03-06 07:13:50.056754,13.37120532989502,69.69709777832031,0.0020403668750077,Solid line crossing
participant_02,2.0,day,Town10HD_Opt,Solid line crossing,0.224,-18.475,2026-03-06 07:17:59.656724,42.60816192626953,63.2950553894043,0.0019644163548946,Solid line crossing
participant_02,2.0,day,Town10HD_Opt,Stop sign violation,9.917,1.391,2026-03-06 07:18:16.890269,64.43141174316406,25.52408599853516,0.0017798998160287,stop_sign_id=1120
participant_02,2.0,day,Town10HD_Opt,Stop sign violation,1.941,6.388,2026-03-06 07:18:24.264630,69.28359985351562,25.269655227661133,0.0019378280267119,stop_sign_id=900
participant_02,2.0,day,Town10HD_Opt,Solid line crossing,11.088,11.115,2026-03-06 07:18:36.157892,78.16185760498047,26.743242263793945,0.0020245739724487,Solid line crossing
participant_02,2.0,day,Town10HD_Opt,Solid line crossing,49.923,0.028,2026-03-06 07:18:46.467394,106.76924896240234,3.40554428100586,0.0017063909908756,Solid line crossing
participant_02,2.0,day,Town10HD_Opt,Solid line crossing,42.373,-4.922,2026-03-06 07:18:58.065678,77.40576171875,-62.2506103515625,0.0017796329921111,Solid line crossing
participant_02,2.0,day,Town10HD_Opt,Harsh braking,20.343,0.357,2026-03-06 07:19:10.384811,1.4286431074142456,-67.84304809570312,0.0021702190861105,decel_mps2=7.9
participant_02,2.0,day,Town10HD_Opt,Solid line crossing,40.372,0.193,2026-03-06 07:19:19.789153,-32.24114990234375,-68.12151336669922,0.0019173052860423,Solid line crossing
participant_02,2.0,day,Town10HD_Opt,Solid line crossing,45.849,-2.635,2026-03-06 07:19:28.537758,-107.8691177368164,-42.91252899169922,0.0021110533270984,Solid line crossing
participant_02,2.0,day,Town10HD_Opt,Collision,2.441,2.2,2026-03-06 07:19:40.941566,-111.0685043334961,-7.040351390838623,0.0019426726503297,Collision
participant_02,2.0,day,Town10HD_Opt,Solid line crossing,0.039,1.093,2026-03-06 07:19:54.414088,-110.89127349853516,-5.440486431121826,0.0019196319626644,Solid line crossing
participant_02,2.0,day,Town10HD_Opt,Solid line crossing,24.907,3.047,2026-03-06 07:21:49.828763,-41.22124481201172,109.23099517822266,0.0019140627700835,Solid line crossing
participant_02,3.0,day,Town10HD_Opt,Solid line crossing,26.001,0.465,2026-03-06 07:24:38.372632,13.248079299926758,69.74640655517578,0.0022376631386578,Solid line crossing
participant_02,3.0,day,Town10HD_Opt,Solid line crossing,0.005,1.288,2026-03-06 07:25:26.295954,81.41046905517578,25.181486129760746,0.0019193649059161,Solid line crossing
participant_02,3.0,day,Town10HD_Opt,Solid line crossing,22.174,-15.943,2026-03-06 07:25:37.858447,96.02794647216795,23.138961791992188,0.0020755766890943,Solid line crossing
participant_02,3.0,day,Town10HD_Opt,Red light violation,42.116,-3.558,2026-03-06 07:25:50.715182,101.92310333251952,-46.07426834106445,0.0021831130143254,Red light violation
participant_02,3.0,day,Town10HD_Opt,Solid line crossing,0.026,-0.569,2026-03-06 07:26:01.376592,44.99571990966797,-69.62857055664062,0.0004953765892423,Solid line crossing
participant_02,3.0,day,Town10HD_Opt,Red light violation,51.682,0.637,2026-03-06 07:26:17.718417,-17.757564544677734,-65.27537536621094,0.0018878172850236,Red light violation
participant_02,3.0,day,Town10HD_Opt,Solid line crossing,48.979,-5.139,2026-03-06 07:26:28.856729,-97.76719665527344,-56.65282440185547,0.0016069030389189,Solid line crossing
participant_02,3.0,day,Town10HD_Opt,Solid line crossing,4.466,-0.099,2026-03-06 07:26:40.736685,-110.11842346191406,-8.136541366577148,0.0019620512612164,Solid line crossing
participant_02,3.0,day,Town10HD_Opt,Solid line crossing,0.076,-0.522,2026-03-06 07:26:54.966799,-110.18022918701172,-5.27840518951416,0.0019198989029973,Solid line crossing
participant_02,4.0,day,Town10HD_Opt,Solid line crossing,3.875,5.387,2026-03-06 07:30:45.698181,63.90489196777344,25.280092239379883,0.0019563292153179,Solid line crossing
participant_02,4.0,day,Town10HD_Opt,Solid line crossing,24.218,-0.907,2026-03-06 07:30:56.069527,73.61448669433594,28.369718551635746,0.001763000502251,Solid line crossing
participant_02,4.0,day,Town10HD_Opt,Solid line crossing,44.951,0.592,2026-03-06 07:31:04.836161,106.8833465576172,-1.062071681022644,0.0016911315033212,Solid line crossing
participant_02,4.0,day,Town10HD_Opt,Solid line crossing,48.286,0.348,2026-03-06 07:31:17.434931,48.699989318847656,-65.4615249633789,0.0020836256444454,Solid line crossing
participant_02,4.0,day,Town10HD_Opt,Red light violation,13.431,-2.315,2026-03-06 07:31:29.694415,-9.202635765075684,-66.48339080810547,0.0020417021587491,Red light violation
participant_02,4.0,day,Town10HD_Opt,Solid line crossing,30.384,-5.054,2026-03-06 07:31:47.508162,-98.7020492553711,-50.61104202270508,0.0017967604799196,Solid line crossing
participant_02,4.0,day,Town10HD_Opt,Vehicle-pedestrian collision,2.388,-1.391,2026-03-06 07:32:00.855833,-110.79398345947266,-7.93516206741333,0.0019420622847974,Vehicle-pedestrian collision
participant_02,4.0,day,Town10HD_Opt,Solid line crossing,18.326,-17.811,2026-03-06 07:32:21.323431,-102.78025817871094,23.422712326049805,0.002231559716165,Solid line crossing
participant_02,4.0,day,Town10HD_Opt,Solid line crossing,0.286,0.094,2026-03-06 07:32:31.798443,-70.8147964477539,27.89716911315918,0.0019438933813944,Solid line crossing
participant_02,4.0,day,Town10HD_Opt,Solid line crossing,35.478,0.71,2026-03-06 07:32:43.771735,-23.83114242553711,28.56842041015625,0.0023580931592732,Solid line crossing
participant_02,4.0,day,Town10HD_Opt,Solid line crossing,30.494,0.07,2026-03-06 07:32:52.567909,10.615973472595217,28.498056411743164,0.0020683668553829,Solid line crossing
participant_02,4.0,day,Town10HD_Opt,Solid line crossing,10.844,24.988,2026-03-06 07:33:02.184714,41.95906829833984,38.60721206665039,0.0019766998011618,Solid line crossing
participant_02,4.0,day,Town10HD_Opt,Solid line crossing,17.317,9.177,2026-03-06 07:33:04.346930,41.90688705444336,43.15657806396485,0.0016291808569803,Solid line crossing
participant_02,4.0,day,Town10HD_Opt,Vehicle collision,39.801,2.558,2026-03-06 07:33:32.475035,99.3557586669922,85.21658325195312,0.0016685867449268,Vehicle collision
participant_02,4.0,day,Town10HD_Opt,Solid line crossing,34.896,-1.13,2026-03-06 07:33:44.257900,44.34925842285156,131.13096618652344,0.0021309279836714,Solid line crossing
participant_02,4.0,day,Town10HD_Opt,Solid line crossing,21.545,2.393,2026-03-06 07:34:23.943270,-5.616032600402832,69.9331283569336,0.0019041823688894,Solid line crossing
participant_02,4.0,day,Town10HD_Opt,Stop sign violation,0.123,2.264,2026-03-06 07:34:39.944152,26.029409408569336,70.17603302001953,0.0019327925983816,stop_sign_id=946
participant_02,8.0,day,Town10HD_Opt,Solid line crossing,6.569,6.334,2026-03-06 08:45:53.472201,62.10002136230469,25.395959854125977,0.001982154790312,Solid line crossing
participant_02,8.0,day,Town10HD_Opt,Solid line crossing,24.218,-0.907,2026-03-06 08:46:05.560385,73.61448669433594,28.369718551635746,0.001763000502251,Solid line crossing
participant_02,8.0,day,Town10HD_Opt,Stop sign violation,38.559,-5.366,2026-03-06 08:46:19.685483,99.72130584716795,-45.46355819702149,0.0021504210308194,stop_sign_id=678
participant_02,8.0,day,Town10HD_Opt,Solid line crossing,18.524,5.075,2026-03-06 08:46:32.820764,16.65265655517578,-64.51478576660156,0.0017688750522211,Solid line crossing
participant_02,8.0,day,Town10HD_Opt,Stop sign violation,7.255,-1.45,2026-03-06 08:46:41.439111,-13.347447395324709,-66.6619644165039,0.0019885634537786,stop_sign_id=1120
participant_02,8.0,day,Town10HD_Opt,Stop sign violation,26.417,-4.966,2026-03-06 08:46:55.976345,-95.50725555419922,-54.43708801269531,0.0020125198643654,stop_sign_id=946
participant_02,8.0,day,Town10HD_Opt,Vehicle-pedestrian collision,16.578,-2.539,2026-03-06 08:47:03.520789,-110.5886001586914,-17.454660415649414,0.0019654082134366,Vehicle-pedestrian collision
participant_02,8.0,day,Town10HD_Opt,Solid line crossing,18.276,-16.414,2026-03-06 08:47:31.215489,-100.16475677490234,25.21548080444336,0.0020645142067223,Solid line crossing
participant_02,8.0,day,Town10HD_Opt,Collision,5.1,-0.188,2026-03-06 08:47:40.300791,-70.94229125976562,27.89681625366211,0.0019601820968091,Collision
participant_02,8.0,day,Town10HD_Opt,Solid line crossing,0.155,0.125,2026-03-06 08:47:42.204765,-70.75797271728516,27.89780235290528,0.0019212722545489,Solid line crossing
participant_02,8.0,day,Town10HD_Opt,Solid line crossing,0.238,3.113,2026-03-06 08:47:46.696533,-70.65605163574219,27.899547576904297,0.0019180297385901,Solid line crossing
participant_02,8.0,day,Town10HD_Opt,Solid line crossing,21.298,-0.679,2026-03-06 08:48:03.812136,21.845121383666992,28.61625862121582,0.0022488783579319,Solid line crossing
participant_02,5.0,day,Town10HD_Opt,Solid line crossing,10.066,-13.536,2026-03-06 08:48:11.148329,45.02210235595703,47.36772918701172,0.0019475554581731,Solid line crossing
participant_02,8.0,day,Town10HD_Opt,Solid line crossing,10.844,24.988,2026-03-06 08:48:11.462445,41.95906829833984,38.60721206665039,0.0019766998011618,Solid line crossing
participant_02,8.0,day,Town10HD_Opt,Solid line crossing,15.964,-9.621,2026-03-06 08:48:23.270637,45.44937515258789,68.10829162597656,0.0019913101568818,Solid line crossing
participant_02,5.0,day,Town10HD_Opt,Solid line crossing,14.566,2.419,2026-03-06 08:48:23.750028,63.76922225952149,25.44995880126953,0.0020355987362563,Solid line crossing
participant_02,8.0,day,Town10HD_Opt,Stop sign violation,29.864,50.012,2026-03-06 08:48:38.071693,97.1170654296875,70.50611114501953,0.0026236723642796,stop_sign_id=1050
participant_02,5.0,day,Town10HD_Opt,Solid line crossing,34.545,-11.289,2026-03-06 08:48:41.798459,87.05238342285156,27.42276382446289,0.0016610717866569,Solid line crossing
participant_02,8.0,day,Town10HD_Opt,Stop sign violation,31.634,-0.698,2026-03-06 08:48:54.114425,38.50763702392578,130.8939666748047,0.0021492002997547,stop_sign_id=1300
participant_02,5.0,day,Town10HD_Opt,Stop sign violation,15.161,-3.535,2026-03-06 08:48:54.166269,106.24177551269533,-35.828914642333984,0.0019328689668327,stop_sign_id=1200
participant_02,5.0,day,Town10HD_Opt,Collision,34.511,-1.441,2026-03-06 08:49:06.963793,48.09883117675781,-67.68097686767578,0.0016846847720444,Collision
participant_02,5.0,day,Town10HD_Opt,Solid line crossing,49.829,0.068,2026-03-06 08:49:09.199085,25.174728393554688,-66.8028564453125,0.0019731521606445,Solid line crossing
participant_02,8.0,day,Town10HD_Opt,Solid line crossing,22.232,1.883,2026-03-06 08:49:12.531325,-41.88739776611328,111.12765502929688,0.0022667311131954,Solid line crossing
participant_02,8.0,day,Town10HD_Opt,Harsh braking,16.955,2.238,2026-03-06 08:49:13.210845,-41.97621536254883,107.6987075805664,0.0019593047909438,decel_mps2=7.3
participant_02,5.0,day,Town10HD_Opt,Vehicle collision,13.567,0.82,2026-03-06 08:49:18.611355,-9.293120384216309,-65.32120513916016,0.0018150710966438,Vehicle collision
participant_02,5.0,day,Town10HD_Opt,Solid line crossing,21.919,-1.899,2026-03-06 08:49:37.190435,-109.06378936767578,-29.446516036987305,0.0022658538073301,Solid line crossing
participant_02,5.0,day,Town10HD_Opt,Stop sign violation,12.325,0.179,2026-03-06 08:49:40.984303,-109.86534118652344,-20.83818817138672,0.0018496703123673,stop_sign_id=1200
participant_02,8.0,day,Town10HD_Opt,Harsh braking,8.269,1.189,2026-03-06 08:49:41.945587,18.69059944152832,70.28022003173828,0.0019466781523078,decel_mps2=7.3
participant_02,5.0,day,Town10HD_Opt,Solid line crossing,5.11,-0.498,2026-03-06 08:49:46.904746,-110.34115600585938,-6.589216709136963,0.0019679642282426,Solid line crossing
participant_02,5.0,day,Town10HD_Opt,Stop sign violation,25.562,-5.498,2026-03-06 08:50:03.780313,-109.69369506835938,16.112674713134766,0.0022834776900708,stop_sign_id=946
participant_02,5.0,day,Town10HD_Opt,Harsh braking,13.214,0.418,2026-03-06 08:50:12.526376,-74.96613311767578,27.90546417236328,0.0020240400917828,decel_mps2=6.1
participant_02,5.0,day,Town10HD_Opt,Solid line crossing,39.483,-0.038,2026-03-06 08:50:22.420945,-60.86910629272461,27.987836837768555,0.0015428924234583,Solid line crossing
participant_02,5.0,day,Town10HD_Opt,Solid line crossing,36.494,-0.627,2026-03-06 08:50:33.715460,6.924838066101074,28.06393241882324,0.0018978499574586,Solid line crossing
participant_02,5.0,day,Town10HD_Opt,Harsh braking,22.016,12.961,2026-03-06 08:50:44.108863,41.79751205444336,43.80684661865234,0.0022050857078284,decel_mps2=7.3
participant_02,5.0,day,Town10HD_Opt,Solid line crossing,4.115,-1.499,2026-03-06 08:51:01.982629,57.96308135986328,72.45894622802734,0.0019511032151058,Solid line crossing
participant_02,5.0,day,Town10HD_Opt,Solid line crossing,24.518,-1.857,2026-03-06 08:51:32.706107,6.830523490905762,130.87384033203125,0.0020677947904914,Solid line crossing
participant_02,5.0,day,Town10HD_Opt,Solid line crossing,30.314,15.243,2026-03-06 08:51:46.494592,-34.80679702758789,127.95333099365234,0.002116241492331,Solid line crossing
participant_02,5.0,day,Town10HD_Opt,Solid line crossing,14.558,0.733,2026-03-06 08:51:57.157418,-41.77894592285156,85.68315124511719,0.0016742706065997,Solid line crossing
participant_02,5.0,day,Town10HD_Opt,Solid line crossing,14.459,0.416,2026-03-06 08:52:06.582822,-12.331439018249512,69.87438201904297,0.0020392227452248,Solid line crossing
participant_02,5.0,day,Town10HD_Opt,Solid line crossing,11.284,0.122,2026-03-06 08:52:17.070228,21.49000358581543,69.93206024169922,0.0020263290498405,Solid line crossing
participant_02,6.0,day,Town10HD_Opt,Solid line crossing,20.472,9.184,2026-03-06 08:57:43.604495,-21.98528480529785,68.23786163330078,0.001996879465878,Solid line crossing
participant_02,6.0,day,Town10HD_Opt,Solid line crossing,20.306,-19.56,2026-03-06 08:58:05.410325,42.98488235473633,63.82644271850586,0.0022753905504941,Solid line crossing
participant_02,6.0,day,Town10HD_Opt,Solid line crossing,24.748,1.941,2026-03-06 08:58:18.774642,68.99993133544922,25.24926948547364,0.0022774504031986,Solid line crossing
participant_02,6.0,day,Town10HD_Opt,Solid line crossing,0.006,0.454,2026-03-06 08:58:24.981988,80.01805114746094,25.17521476745605,0.0019194793421775,Solid line crossing
participant_02,6.0,day,Town10HD_Opt,Harsh braking,37.347,-1.92,2026-03-06 08:58:36.145402,107.45549774169922,0.6492637395858765,0.0020573807414621,decel_mps2=8.1
participant_02,6.0,day,Town10HD_Opt,Solid line crossing,47.363,-5.645,2026-03-06 08:58:44.756802,92.2947998046875,-55.88995361328125,0.0020268631633371,Solid line crossing
participant_02,6.0,day,Town10HD_Opt,Solid line crossing,34.567,-0.012,2026-03-06 08:58:56.859606,12.046467781066896,-67.74079895019531,0.002355117816478,Solid line crossing
participant_02,6.0,day,Town10HD_Opt,Solid line crossing,43.59,-0.129,2026-03-06 08:59:06.645846,-28.701040267944336,-67.93917083740234,0.0016423416091129,Solid line crossing
participant_02,6.0,day,Town10HD_Opt,Solid line crossing,46.036,-6.592,2026-03-06 08:59:18.302797,-107.70337677001952,-42.85295486450195,0.0022286223247647,Solid line crossing
participant_02,6.0,day,Town10HD_Opt,Solid line crossing,20.504,-2.341,2026-03-06 08:59:32.354019,-89.81268310546875,26.616079330444336,0.0032536315266042,Solid line crossing
participant_02,6.0,day,Town10HD_Opt,Solid line crossing,0.122,-0.313,2026-03-06 08:59:54.797780,-67.50735473632812,27.989477157592773,0.00192012777552,Solid line crossing
participant_02,6.0,day,Town10HD_Opt,Solid line crossing,0.094,-0.317,2026-03-06 08:59:56.244051,-67.48835754394531,27.98966407775879,0.0019198989029973,Solid line crossing
participant_02,9.0,day,Town10HD_Opt,Harsh braking,0.018,0.364,2026-03-06 09:00:33.166010,22.42511940002441,69.99848175048828,0.0019368361681699,decel_mps2=6.4
participant_02,6.0,day,Town10HD_Opt,Solid line crossing,8.79,2.407,2026-03-06 09:00:48.934723,74.44973754882812,69.95291137695312,0.0020098113454878,Solid line crossing
participant_02,9.0,day,Town10HD_Opt,Solid line crossing,18.231,-7.832,2026-03-06 09:00:49.954482,44.25237274169922,55.5311164855957,0.002043800195679,Solid line crossing
participant_02,9.0,day,Town10HD_Opt,Solid line crossing,9.443,-4.122,2026-03-06 09:01:20.096000,64.85148620605469,25.64598655700684,0.0020096588414162,Solid line crossing
participant_02,9.0,day,Town10HD_Opt,Harsh braking,2.271,0.228,2026-03-06 09:01:32.918712,81.37968444824219,24.71223831176757,0.001940841670148,decel_mps2=5.5
participant_02,9.0,day,Town10HD_Opt,Solid line crossing,4.835,6.054,2026-03-06 09:01:44.072901,82.26438903808594,24.782379150390625,0.0018460082355886,Solid line crossing
participant_02,9.0,day,Town10HD_Opt,Vehicle-pedestrian collision,9.112,-26.294,2026-03-06 09:01:56.149380,108.58379364013672,14.894183158874512,0.001829566899687,Vehicle-pedestrian collision
participant_02,9.0,day,Town10HD_Opt,Vehicle collision,20.307,-1.055,2026-03-06 09:02:03.259905,107.62337493896484,-8.510176658630371,0.0020240400917828,Vehicle collision
participant_02,9.0,day,Town10HD_Opt,Solid line crossing,14.652,-2.694,2026-03-06 09:02:14.293593,95.06163787841795,-55.97128677368164,0.001992683392018,Solid line crossing
participant_02,9.0,day,Town10HD_Opt,Solid line crossing,23.026,-5.285,2026-03-06 09:02:21.241168,71.40567016601562,-67.96388244628906,0.0020174025557935,Solid line crossing
participant_02,9.0,day,Town10HD_Opt,Collision,27.547,-0.125,2026-03-06 09:02:33.626634,2.3388400077819824,-68.03445434570312,0.0021406935993582,Collision
participant_02,9.0,day,Town10HD_Opt,Solid line crossing,0.001,0.16,2026-03-06 09:02:43.412968,-21.46216583251953,-68.23546600341797,0.0023232267703861,Solid line crossing
participant_02,9.0,day,Town10HD_Opt,Vehicle-pedestrian collision,29.3,0.31,2026-03-06 09:02:52.149680,-35.22651672363281,-68.28655242919922,0.0019224166171625,Vehicle-pedestrian collision
participant_02,9.0,day,Town10HD_Opt,Solid line crossing,31.359,-4.818,2026-03-06 09:03:06.786148,-108.59236145019533,-44.57134628295898,0.0020393370650708,Solid line crossing
participant_02,9.0,day,Town10HD_Opt,Solid line crossing,5.548,-0.054,2026-03-06 09:03:15.712453,-110.813232421875,-7.035234451293945,0.0019722746219486,Solid line crossing
participant_02,9.0,day,Town10HD_Opt,Solid line crossing,26.984,-0.106,2026-03-06 09:04:08.292944,-61.55647277832031,28.031673431396484,0.0016424941131845,Solid line crossing
participant_02,7.0,day,Town10HD_Opt,Solid line crossing,9.954,0.832,2026-03-06 09:05:05.225551,22.94252586364746,70.01753234863281,0.0020167541224509,Solid line crossing
participant_02,7.0,day,Town10HD_Opt,Solid line crossing,27.079,-14.156,2026-03-06 09:05:17.852224,44.51626968383789,56.97602081298828,0.0020898056682199,Solid line crossing
participant_02,7.0,day,Town10HD_Opt,Solid line crossing,7.206,0.752,2026-03-06 09:05:37.065634,72.91328430175781,28.704757690429688,0.0020667647477239,Solid line crossing
participant_02,7.0,day,Town10HD_Opt,Red light violation,0.001,0.968,2026-03-06 09:05:45.397950,68.19645690917969,28.188995361328125,0.0019179534865543,Red light violation
participant_02,7.0,day,Town10HD_Opt,Solid line crossing,12.783,-4.388,2026-03-06 09:06:01.421505,78.86569213867188,28.71200180053711,0.0020032501779496,Solid line crossing
participant_02,7.0,day,Town10HD_Opt,Stop sign violation,23.47,-0.933,2026-03-06 09:06:16.078182,105.13445281982422,-31.29162979125977,0.0019196319626644,stop_sign_id=833
participant_02,7.0,day,Town10HD_Opt,Red light violation,37.676,-4.792,2026-03-06 09:06:22.232644,75.49897003173828,-63.84690856933594,0.0020577621180564,Red light violation
participant_02,7.0,day,Town10HD_Opt,Harsh braking,14.765,-0.115,2026-03-06 09:06:33.430730,6.171143054962158,-67.06310272216797,0.0020357130561023,decel_mps2=6.4
participant_02,7.0,day,Town10HD_Opt,Stop sign violation,38.861,-2.824,2026-03-06 09:06:48.207391,-73.27417755126953,-64.4454345703125,0.0022302626166492,stop_sign_id=946
participant_02,7.0,day,Town10HD_Opt,Harsh braking,17.94,-1.556,2026-03-06 09:06:56.458903,-108.77474975585938,-34.89955139160156,0.0022391891106963,decel_mps2=8.1
participant_02,7.0,day,Town10HD_Opt,Solid line crossing,6.951,-0.36,2026-03-06 09:07:07.851652,-110.44878387451172,-6.046403884887695,0.0019857024308294,Solid line crossing
participant_02,7.0,day,Town10HD_Opt,Collision,0.002,-0.073,2026-03-06 09:07:10.252963,-110.4499282836914,-5.052239418029785,0.0019193267216905,Collision
participant_02,7.0,day,Town10HD_Opt,Stop sign violation,16.398,0.414,2026-03-06 09:07:23.924433,-110.45803833007812,-3.848723888397217,0.0014043045230209,stop_sign_id=946
participant_02,7.0,day,Town10HD_Opt,Solid line crossing,6.552,-0.28,2026-03-06 09:07:37.587196,-70.2841567993164,27.95035743713379,0.0019817352294921,Solid line crossing
participant_02,7.0,day,Town10HD_Opt,Stop sign violation,39.443,-0.026,2026-03-06 09:07:47.313910,-58.86018753051758,27.86996078491211,0.0015530013479292,stop_sign_id=900
participant_02,7.0,day,Town10HD_Opt,Solid line crossing,18.06,8.129,2026-03-06 09:08:00.935671,29.66939926147461,28.94645118713379,0.0020236205309629,Solid line crossing
participant_02,7.0,day,Town10HD_Opt,Stop sign violation,0.0,-0.82,2026-03-06 09:08:09.777969,40.48569869995117,51.82033920288086,0.0020016860216856,stop_sign_id=833
participant_02,7.0,day,Town10HD_Opt,Solid line crossing,15.689,-0.261,2026-03-06 09:08:22.894954,73.70073699951172,70.06575775146484,0.0019623183179646,Solid line crossing
participant_02,7.0,day,Town10HD_Opt,Solid line crossing,46.255,7.47,2026-03-06 09:08:33.537173,100.11929321289062,87.16683197021484,0.0018798445817083,Solid line crossing
participant_02,10.0,day,Town10HD_Opt,Solid line crossing,10.047,4.223,2026-03-06 09:15:58.253214,68.40950775146484,25.48611831665039,0.0019203948322683,Solid line crossing
participant_02,10.0,day,Town10HD_Opt,Solid line crossing,0.459,0.916,2026-03-06 09:16:10.393036,79.35559844970703,25.647762298583984,0.00192344665993,Solid line crossing
participant_02,10.0,day,Town10HD_Opt,Vehicle-pedestrian collision,32.395,-1.704,2026-03-06 09:16:21.011413,109.88115692138672,2.440765857696533,0.001540679950267,Vehicle-pedestrian collision
participant_02,10.0,day,Town10HD_Opt,Harsh braking,42.665,-4.537,2026-03-06 09:16:33.149277,82.35845184326172,-62.082332611083984,0.0020790861453861,decel_mps2=8.1
participant_02,10.0,day,Town10HD_Opt,Stop sign violation,9.089,-0.407,2026-03-06 09:16:47.932027,-4.010372638702393,-65.48955535888672,0.0020058823283761,stop_sign_id=678
participant_02,10.0,day,Town10HD_Opt,Solid line crossing,50.539,-1.671,2026-03-06 09:16:57.196848,-34.95832824707031,-67.91725158691406,0.0016719435807317,Solid line crossing
participant_02,10.0,day,Town10HD_Opt,Solid line crossing,15.333,-2.753,2026-03-06 09:17:11.040209,-109.61195373535156,-25.15572929382324,0.0020215606782585,Solid line crossing
participant_02,10.0,day,Town10HD_Opt,Solid line crossing,0.0,-0.498,2026-03-06 09:17:21.666289,-110.35845184326172,-4.681273937225342,0.0020686339121311,Solid line crossing
participant_02,10.0,day,Town10HD_Opt,Solid line crossing,34.697,-1.481,2026-03-06 09:17:34.694299,-110.26731872558594,8.95225715637207,0.0019554519094526,Solid line crossing
participant_02,10.0,day,Town10HD_Opt,Harsh braking,16.924,-0.242,2026-03-06 09:17:43.353950,-80.47384643554688,27.95828628540039,0.0019435500726103,decel_mps2=5.2
participant_02,10.0,day,Town10HD_Opt,Stop sign violation,26.151,13.843,2026-03-06 09:18:12.241135,33.733009338378906,30.20411872863769,0.0019977188203483,stop_sign_id=1120
participant_02,10.0,day,Town10HD_Opt,Solid line crossing,19.684,-4.027,2026-03-06 09:18:25.309282,44.36507415771485,66.28742980957031,0.002230949467048,Solid line crossing
participant_02,10.0,day,Town10HD_Opt,Solid line crossing,24.213,0.054,2026-03-06 09:19:07.238879,-4.634284973144531,130.74691772460938,0.0022602842655032,Solid line crossing
participant_02,10.0,day,Town10HD_Opt,Solid line crossing,16.254,1.662,2026-03-06 09:19:17.187790,-24.11648368835449,130.30429077148438,0.001417274470441,Solid line crossing
participant_02,10.0,day,Town10HD_Opt,Vehicle-pedestrian collision,28.205,14.955,2026-03-06 09:19:19.825259,-38.61143112182617,124.56183624267578,0.0021396635565906,Vehicle-pedestrian collision
participant_02,10.0,day,Town10HD_Opt,Solid line crossing,9.074,0.533,2026-03-06 09:19:28.346428,-46.61534118652344,86.20557403564453,0.0019943618681281,Solid line crossing
participant_03,2.0,day,Town10HD_Opt,Solid line crossing,12.729,14.158,2026-03-10 07:16:07.281744,45.62194061279297,34.10475158691406,0.0020362853538244,Solid line crossing
participant_03,2.0,day,Town10HD_Opt,Solid line crossing,0.0,0.195,2026-03-10 07:16:33.888350,81.47502136230469,24.715368270874023,0.0019475173903629,Solid line crossing
participant_03,2.0,day,Town10HD_Opt,Solid line crossing,2.455,4.948,2026-03-10 07:16:42.932461,81.63545989990234,24.72455596923828,0.0018282699165865,Solid line crossing
participant_03,2.0,day,Town10HD_Opt,Red light violation,23.178,-7.157,2026-03-10 07:17:08.103041,108.11969757080078,-31.44870376586914,0.0020362853538244,Red light violation
participant_03,2.0,day,Town10HD_Opt,Harsh braking,18.168,-3.476,2026-03-10 07:17:17.337627,87.0491714477539,-62.05426025390625,0.0020621491130441,decel_mps2=6.7
participant_03,2.0,day,Town10HD_Opt,Stop sign violation,27.602,-1.669,2026-03-10 07:17:28.283208,35.843441009521484,-67.24588012695312,0.002026901114732,stop_sign_id=1062
participant_03,2.0,day,Town10HD_Opt,Stop sign violation,11.772,0.054,2026-03-10 07:17:41.555547,-18.222734451293945,-68.24251556396484,0.0019187927246093,stop_sign_id=946
participant_03,2.0,day,Town10HD_Opt,Solid line crossing,36.147,0.284,2026-03-10 07:17:54.199559,-48.60894393920898,-68.6021728515625,0.0019593429751694,Solid line crossing
participant_03,2.0,day,Town10HD_Opt,Vehicle collision,31.456,-7.009,2026-03-10 07:18:08.453300,-110.97808074951172,-37.65352630615234,0.0020486449357122,Vehicle collision
participant_03,2.0,day,Town10HD_Opt,Solid line crossing,7.226,0.289,2026-03-10 07:18:15.506131,-110.83562469482422,-8.160634994506836,0.0019881438929587,Solid line crossing
participant_03,2.0,day,Town10HD_Opt,Solid line crossing,6.812,-1.485,2026-03-10 07:18:51.419064,-76.08811950683594,27.41483497619629,0.0019842910114675,Solid line crossing
participant_03,1.0,day,Town10HD_Opt,Solid line crossing,16.435,-0.496,2026-03-10 07:24:56.214356,-17.831464767456055,69.97984313964844,0.0019611739553511,Solid line crossing
participant_03,1.0,day,Town10HD_Opt,Solid line crossing,25.825,0.115,2026-03-10 07:25:01.687195,3.077509641647339,70.16973114013672,0.0019210433820262,Solid line crossing
participant_03,1.0,day,Town10HD_Opt,Vehicle-pedestrian collision,19.83,-11.175,2026-03-10 07:25:15.692316,29.626258850097656,69.83724212646484,0.0017408751882612,Vehicle-pedestrian collision
participant_03,1.0,day,Town10HD_Opt,Solid line crossing,9.786,-13.828,2026-03-10 07:25:23.520108,44.31013488769531,55.65121078491211,0.0019859313033521,Solid line crossing
participant_03,1.0,day,Town10HD_Opt,Vehicle-pedestrian collision,15.539,6.741,2026-03-10 07:25:36.554552,60.94685363769531,25.394725799560547,0.0017464446136727,Vehicle-pedestrian collision
participant_03,1.0,day,Town10HD_Opt,Solid line crossing,29.555,-1.14,2026-03-10 07:25:47.681569,107.13790130615234,3.439168930053711,0.0020482253748923,Solid line crossing
participant_03,1.0,day,Town10HD_Opt,Collision,18.606,-13.933,2026-03-10 07:26:01.563319,66.83379364013672,-67.88423919677734,0.002058982849121,Collision
participant_03,1.0,day,Town10HD_Opt,Vehicle-pedestrian collision,18.606,-13.933,2026-03-10 07:26:01.950791,66.83379364013672,-67.88423919677734,0.002058982849121,Vehicle-pedestrian collision
participant_03,1.0,day,Town10HD_Opt,Red light violation,38.871,-1.706,2026-03-10 07:26:21.660018,-34.03854751586914,-67.43097686767578,0.0018549727974459,Red light violation
participant_03,1.0,day,Town10HD_Opt,Solid line crossing,28.445,-3.728,2026-03-10 07:26:34.174738,-106.55941772460938,-43.64514923095703,0.0018975448329001,Solid line crossing
participant_03,1.0,day,Town10HD_Opt,Solid line crossing,5.795,-1.314,2026-03-10 07:26:40.593261,-110.51074981689452,-14.773860931396484,0.0020896147470921,Solid line crossing
participant_03,1.0,day,Town10HD_Opt,Solid line crossing,0.001,1.269,2026-03-10 07:26:54.198903,-110.50615692138672,-14.659107208251951,0.0019189834129065,Solid line crossing
participant_03,1.0,day,Town10HD_Opt,Stop sign violation,0.0,-0.336,2026-03-10 07:27:06.954550,-111.32184600830078,-6.334666728973389,0.0019183348631486,stop_sign_id=833
participant_03,1.0,day,Town10HD_Opt,Solid line crossing,0.005,-1.022,2026-03-10 07:27:19.464665,-111.50493621826172,-3.886693239212036,0.0019191360333934,Solid line crossing
participant_03,1.0,day,Town10HD_Opt,Solid line crossing,24.548,-5.144,2026-03-10 07:27:32.509158,-111.6580810546875,0.2873659133911133,0.0017278289888054,Solid line crossing
participant_03,1.0,day,Town10HD_Opt,Solid line crossing,17.707,-0.101,2026-03-10 07:27:43.217925,-79.56527709960938,28.177574157714844,0.0018245314713567,Solid line crossing
participant_03,1.0,day,Town10HD_Opt,Solid line crossing,27.694,0.461,2026-03-10 07:28:05.902860,-64.13239288330078,28.24348831176757,0.0016105270478874,Solid line crossing
participant_03,1.0,day,Town10HD_Opt,Solid line crossing,32.838,16.305,2026-03-10 07:28:21.279281,36.96091079711914,32.26344299316406,0.0018885420868173,Solid line crossing
participant_03,1.0,day,Town10HD_Opt,Stop sign violation,7.777,-1.271,2026-03-10 07:28:29.789145,40.49552917480469,51.93309783935547,0.0019985197577625,stop_sign_id=833
participant_03,1.0,day,Town10HD_Opt,Vehicle-pedestrian collision,0.001,-1.253,2026-03-10 07:28:30.691304,40.50015640258789,52.65807342529297,0.0021817015949636,Vehicle-pedestrian collision
participant_03,1.0,day,Town10HD_Opt,Collision,22.038,1.156,2026-03-10 07:28:43.938901,60.622406005859375,70.63402557373047,0.0022317122202366,Collision
participant_03,1.0,day,Town10HD_Opt,Solid line crossing,47.081,4.754,2026-03-10 07:29:01.100692,65.00511932373047,131.7949981689453,0.0020147322211414,Solid line crossing
participant_03,1.0,day,Town10HD_Opt,Solid line crossing,43.679,0.016,2026-03-10 07:29:04.849515,30.43918228149414,131.4908905029297,0.0020678711589425,Solid line crossing
participant_03,1.0,day,Town10HD_Opt,Solid line crossing,0.006,0.973,2026-03-10 07:29:20.016875,-23.72940826416016,130.8881378173828,0.0019186401041224,Solid line crossing
participant_03,1.0,day,Town10HD_Opt,Harsh braking,21.049,-4.992,2026-03-10 07:29:33.238459,-41.57861709594727,106.8848876953125,0.0022006987128406,decel_mps2=5.5
participant_03,3.0,day,Town10HD_Opt,Stop sign violation,24.804,-7.824,2026-03-10 07:31:35.748441,98.0140151977539,-54.408329010009766,0.0021700281649827,stop_sign_id=1062
participant_03,3.0,day,Town10HD_Opt,Solid line crossing,29.962,0.573,2026-03-10 07:31:52.475153,7.727834701538086,-67.13939666748047,0.0020298385061323,Solid line crossing
participant_03,3.0,day,Town10HD_Opt,Solid line crossing,48.447,-1.923,2026-03-10 07:32:08.519263,-63.73600387573242,-64.89720916748047,0.0021033093798905,Solid line crossing
participant_03,3.0,day,Town10HD_Opt,Solid line crossing,4.559,0.804,2026-03-10 07:32:29.178197,-111.2379379272461,-9.22736930847168,0.0019465254154056,Solid line crossing
participant_03,3.0,day,Town10HD_Opt,Solid line crossing,0.027,-0.684,2026-03-10 07:32:36.812088,-111.3785629272461,-7.4494853019714355,0.0019109344575554,Solid line crossing
participant_03,3.0,day,Town10HD_Opt,Solid line crossing,11.721,-4.487,2026-03-10 07:32:49.395649,-93.1821746826172,30.4665756225586,0.0019328307826071,Solid line crossing
participant_03,3.0,day,Town10HD_Opt,Red light violation,32.783,3.41,2026-03-10 07:32:53.120367,-74.77032470703125,27.970287322998047,0.0022364035248756,Red light violation
participant_03,3.0,day,Town10HD_Opt,Red light violation,24.664,10.713,2026-03-10 07:33:15.392654,31.90493392944336,29.4897518157959,0.0020431517623364,Red light violation
participant_03,3.0,day,Town10HD_Opt,Solid line crossing,7.491,-2.824,2026-03-10 07:33:23.686680,41.48240280151367,50.803314208984375,0.0018164447974413,Solid line crossing
participant_03,3.0,day,Town10HD_Opt,Solid line crossing,3.424,0.486,2026-03-10 07:33:41.648000,82.41127014160156,70.46484375,0.0019512937869876,Solid line crossing
participant_03,3.0,day,Town10HD_Opt,Harsh braking,28.636,6.68,2026-03-10 07:33:47.358633,90.16519165039062,70.5380859375,0.0017289364477619,decel_mps2=7.9
participant_03,3.0,day,Town10HD_Opt,Solid line crossing,37.714,3.716,2026-03-10 07:34:27.142860,-42.77057647705078,99.08995056152344,0.0015572756528854,Solid line crossing
participant_03,3.0,day,Town10HD_Opt,Stop sign violation,18.754,15.127,2026-03-10 07:34:53.693807,44.11912536621094,40.24959945678711,0.0022848881781101,stop_sign_id=1062
participant_04,1.0,day,Town10HD_Opt,Solid line crossing,22.779,15.211,2026-03-10 07:41:12.943554,49.76118469238281,29.88296890258789,0.0021416472736746,Solid line crossing
participant_04,1.0,day,Town10HD_Opt,Solid line crossing,0.006,0.987,2026-03-10 07:41:37.443296,80.12789154052734,25.53915405273437,0.0019189452286809,Solid line crossing
participant_04,1.0,day,Town10HD_Opt,Stop sign violation,35.778,0.19,2026-03-10 07:42:26.767326,-50.35149002075195,-66.8254165649414,0.0018399810651317,stop_sign_id=1120
participant_04,1.0,day,Town10HD_Opt,Solid line crossing,40.395,-6.35,2026-03-10 07:42:32.594244,-92.62726593017578,-60.096946716308594,0.0020155715756118,Solid line crossing
participant_04,1.0,day,Town10HD_Opt,Stop sign violation,4.818,-1.459,2026-03-10 07:42:46.372486,-109.97725677490234,-8.494683265686035,0.0019517898326739,stop_sign_id=946
participant_04,1.0,day,Town10HD_Opt,Solid line crossing,29.397,-0.672,2026-03-10 07:43:02.346140,-110.22195434570312,0.9321351647377014,0.0017064666608348,Solid line crossing
participant_04,1.0,day,Town10HD_Opt,Solid line crossing,14.753,-4.372,2026-03-10 07:43:10.424796,-85.19866180419922,27.45439720153809,0.0020373915322124,Solid line crossing
participant_04,1.0,day,Town10HD_Opt,Solid line crossing,8.637,-0.726,2026-03-10 07:43:15.354820,-72.21703338623047,28.212448120117188,0.0019795990083366,Solid line crossing
participant_04,1.0,day,Town10HD_Opt,Solid line crossing,0.07,-0.378,2026-03-10 07:43:21.827432,-69.19608306884766,28.223861694335938,0.00192012777552,Solid line crossing
participant_04,1.0,day,Town10HD_Opt,Solid line crossing,0.051,0.099,2026-03-10 07:43:22.902764,-69.1827392578125,28.22386741638184,0.0019194411579519,Solid line crossing
participant_04,1.0,day,Town10HD_Opt,Solid line crossing,41.739,-0.089,2026-03-10 07:43:32.691069,-57.86604690551758,28.38434219360352,0.0016612242907285,Solid line crossing
participant_04,1.0,day,Town10HD_Opt,Harsh braking,21.756,18.767,2026-03-10 07:43:48.057214,39.99530029296875,37.455039978027344,0.002060470636934,decel_mps2=6.1
participant_04,1.0,day,Town10HD_Opt,Vehicle collision,23.399,-6.073,2026-03-10 07:44:00.070373,40.69096755981445,56.92135620117188,0.0018655776511877,Vehicle collision
participant_04,1.0,day,Town10HD_Opt,Stop sign violation,8.919,0.439,2026-03-10 07:44:10.817204,79.01319122314453,69.72720336914062,0.0019680785480886,stop_sign_id=1200
participant_04,1.0,day,Town10HD_Opt,Solid line crossing,27.671,22.72,2026-03-10 07:44:21.793794,96.06396484375,70.94702911376953,0.0022017669398337,Solid line crossing
participant_04,1.0,day,Town10HD_Opt,Solid line crossing,17.035,2.708,2026-03-10 07:44:26.784848,100.58000946044922,90.00450134277344,0.0019177626818418,Solid line crossing
participant_04,1.0,day,Town10HD_Opt,Stop sign violation,39.678,-0.794,2026-03-10 07:44:39.881779,31.3597469329834,130.55584716796875,0.0022765349131077,stop_sign_id=1050
participant_04,1.0,day,Town10HD_Opt,Harsh braking,13.05,13.819,2026-03-10 07:44:52.699735,-37.64166259765625,126.37104034423828,0.0020524978172034,decel_mps2=6.4
participant_04,2.0,day,Town10HD_Opt,Vehicle collision,19.55,13.753,2026-03-10 07:45:31.041493,51.18668365478516,28.525453567504883,0.0022530739661306,Vehicle collision
participant_04,2.0,day,Town10HD_Opt,Solid line crossing,9.074,-0.157,2026-03-10 07:45:42.884996,80.98118591308594,25.309755325317383,0.002069434383884,Solid line crossing
participant_04,2.0,day,Town10HD_Opt,Solid line crossing,0.0,-0.416,2026-03-10 07:45:44.951904,82.07105255126953,25.315126419067383,0.0019261550623923,Solid line crossing
participant_03,4.0,day,Town10HD_Opt,Solid line crossing,21.63,7.672,2026-03-10 07:46:03.020477,53.16502380371094,28.272401809692383,0.0020420455839484,Solid line crossing
participant_04,2.0,day,Town10HD_Opt,Vehicle-pedestrian collision,0.0,-1.394,2026-03-10 07:47:10.255546,-110.26840209960938,-7.842800617218018,0.001919288537465,Vehicle-pedestrian collision
participant_04,2.0,day,Town10HD_Opt,Solid line crossing,0.23,-0.78,2026-03-10 07:47:19.901283,-110.2684555053711,-7.841085433959961,0.0019112013978883,Solid line crossing
participant_03,4.0,day,Town10HD_Opt,Stop sign violation,37.725,-5.404,2026-03-10 07:47:24.891696,-107.16592407226562,-40.36091613769531,0.0020682907197624,stop_sign_id=1120
participant_03,4.0,day,Town10HD_Opt,Solid line crossing,5.167,1.224,2026-03-10 07:47:32.624575,-109.81780242919922,-11.143987655639648,0.0019686508458107,Solid line crossing
participant_03,4.0,day,Town10HD_Opt,Solid line crossing,0.447,0.035,2026-03-10 07:47:44.309493,-110.09466552734376,-5.564850807189941,0.0019233702914789,Solid line crossing
participant_04,2.0,day,Town10HD_Opt,Collision,35.73,-0.348,2026-03-10 07:47:52.015746,-40.48651885986328,25.63725852966309,0.0020530319306999,Collision
participant_03,4.0,day,Town10HD_Opt,Solid line crossing,30.202,-8.682,2026-03-10 07:47:57.603855,-96.7266082763672,24.65705108642578,0.001991081284359,Solid line crossing
participant_04,2.0,day,Town10HD_Opt,Solid line crossing,35.342,-6.673,2026-03-10 07:47:59.004417,6.911534786224365,26.13820075988769,0.0020061493851244,Solid line crossing
participant_03,4.0,day,Town10HD_Opt,Solid line crossing,0.051,0.099,2026-03-10 07:48:11.899660,-69.1827392578125,28.22386741638184,0.0019194411579519,Solid line crossing
participant_03,4.0,day,Town10HD_Opt,Solid line crossing,0.002,0.691,2026-03-10 07:48:15.710685,-69.16363525390625,28.22404289245605,0.0019192122854292,Solid line crossing
participant_03,4.0,day,Town10HD_Opt,Stop sign violation,29.127,-0.249,2026-03-10 07:48:21.386632,-64.06596374511719,28.301063537597656,0.0016073225997388,stop_sign_id=833
participant_04,2.0,day,Town10HD_Opt,Stop sign violation,45.653,8.348,2026-03-10 07:48:33.601475,81.6315689086914,125.53192901611328,0.0020896529313176,stop_sign_id=1050
participant_03,4.0,day,Town10HD_Opt,Stop sign violation,21.756,18.767,2026-03-10 07:48:38.366537,39.99530029296875,37.455039978027344,0.002060470636934,stop_sign_id=1062
participant_04,2.0,day,Town10HD_Opt,Stop sign violation,28.068,-0.028,2026-03-10 07:48:43.842721,-4.878909111022949,131.59800720214844,0.0022639839444309,stop_sign_id=1200
participant_03,4.0,day,Town10HD_Opt,Solid line crossing,31.261,-14.746,2026-03-10 07:48:53.414854,48.76880645751953,69.21576690673828,0.0019894407596439,Solid line crossing
participant_03,4.0,day,Town10HD_Opt,Solid line crossing,1.289,0.512,2026-03-10 07:49:05.579301,84.15047454833984,69.78759002685547,0.0019314574310556,Solid line crossing
participant_04,2.0,day,Town10HD_Opt,Solid line crossing,32.904,-0.463,2026-03-10 07:49:13.771928,2.468435049057007,70.4423599243164,0.0022544853854924,Solid line crossing
participant_03,4.0,day,Town10HD_Opt,Solid line crossing,17.035,2.708,2026-03-10 07:49:15.839752,100.58000946044922,90.00450134277344,0.0019177626818418,Solid line crossing
participant_03,4.0,day,Town10HD_Opt,Solid line crossing,39.678,-0.794,2026-03-10 07:49:28.654375,31.3597469329834,130.55584716796875,0.0022765349131077,Solid line crossing
participant_03,4.0,day,Town10HD_Opt,Solid line crossing,17.019,11.941,2026-03-10 07:49:40.830546,-35.45663070678711,127.85425567626952,0.0019720839336514,Solid line crossing
participant_03,4.0,day,Town10HD_Opt,Vehicle-pedestrian collision,34.421,0.176,2026-03-10 07:49:50.626720,-42.95351791381836,98.95010375976562,0.0015406417660415,Vehicle-pedestrian collision
participant_04,2.0,day,Town10HD_Opt,Solid line crossing,0.0,-0.106,2026-03-10 07:49:51.559693,81.6986083984375,25.33742332458496,0.001919517526403,Solid line crossing
participant_05,1.0,day,Town10HD_Opt,Stop sign violation,6.408,0.545,2026-03-10 07:55:13.279480,-41.66835403442383,89.54496002197266,0.0016077040927484,stop_sign_id=1050
participant_05,1.0,day,Town10HD_Opt,Solid line crossing,23.05,0.235,2026-03-10 07:55:26.685223,-3.768549919128418,71.60649871826172,0.0019655609503388,Solid line crossing
participant_05,1.0,day,Town10HD_Opt,Stop sign violation,27.085,8.203,2026-03-10 07:55:49.152846,56.08895492553711,26.80081558227539,0.0020690537057816,stop_sign_id=900
participant_05,1.0,day,Town10HD_Opt,Solid line crossing,0.001,0.096,2026-03-10 07:55:55.005908,81.48210144042969,25.69837760925293,0.0021833800710737,Solid line crossing
participant_05,1.0,day,Town10HD_Opt,Solid line crossing,0.002,0.061,2026-03-10 07:56:05.464015,81.48435974121094,25.698381423950195,0.0019191741012036,Solid line crossing
participant_05,1.0,day,Town10HD_Opt,Solid line crossing,46.664,-14.496,2026-03-10 07:56:20.523468,99.82557678222656,21.744230270385746,0.0019822693429887,Solid line crossing
participant_05,1.0,day,Town10HD_Opt,Stop sign violation,9.562,1.474,2026-03-10 07:57:55.119775,-80.6677474975586,24.924352645874023,0.0019704054575413,stop_sign_id=1120
participant_05,2.0,day,Town10HD_Opt,Red light violation,30.677,-0.214,2026-03-10 08:00:15.041302,-6.269445896148682,70.14122772216797,0.0019731139764189,Red light violation
participant_03,5.0,day,Town10HD_Opt,Solid line crossing,20.696,2.835,2026-03-10 08:00:16.304003,10.231999397277832,69.67935180664062,0.0021787642035633,Solid line crossing
participant_04,3.0,day,Town10HD_Opt,Solid line crossing,20.392,2.588,2026-03-10 08:00:16.492521,-24.97632026672364,69.34669494628906,0.0022508238907903,Solid line crossing
participant_05,2.0,day,Town10HD_Opt,Solid line crossing,16.181,-2.781,2026-03-10 08:00:29.674189,27.762508392333984,69.9793472290039,0.0015047836350277,Solid line crossing
participant_04,3.0,day,Town10HD_Opt,Vehicle-pedestrian collision,15.077,0.07,2026-03-10 08:00:37.289672,20.39598655700684,69.99604034423828,0.0021065138280391,Vehicle-pedestrian collision
participant_05,2.0,day,Town10HD_Opt,Harsh braking,21.172,-16.067,2026-03-10 08:00:38.850395,44.07563400268555,59.8668212890625,0.0020570755004882,decel_mps2=6.7
participant_05,2.0,day,Town10HD_Opt,Solid line crossing,9.794,-8.759,2026-03-10 08:00:44.536542,44.83270263671875,45.6509017944336,0.0019279861589893,Solid line crossing
participant_04,3.0,day,Town10HD_Opt,Solid line crossing,14.913,-6.604,2026-03-10 08:00:47.924093,30.78239250183105,69.51164245605469,0.0020287323277443,Solid line crossing
participant_05,2.0,day,Town10HD_Opt,Solid line crossing,11.237,4.093,2026-03-10 08:00:57.397791,66.03652954101562,25.40157127380371,0.0020250701345503,Solid line crossing
participant_03,5.0,day,Town10HD_Opt,Stop sign violation,48.864,-7.256,2026-03-10 08:01:03.429426,104.34657287597656,-34.40224075317383,0.0021163939964026,stop_sign_id=1120
participant_03,5.0,day,Town10HD_Opt,Solid line crossing,32.18,0.219,2026-03-10 08:01:22.468243,4.331894874572754,-64.39608001708984,0.0020936583168804,Solid line crossing
participant_04,3.0,day,Town10HD_Opt,Solid line crossing,0.0,0.0,2026-03-10 08:01:31.129305,44.37602996826172,50.00769805908203,0.0020349882543087,Solid line crossing
participant_04,3.0,day,Town10HD_Opt,Stop sign violation,0.0,0.0,2026-03-10 08:01:31.792274,44.37602996826172,50.00769805908203,0.0020349882543087,stop_sign_id=1050
participant_03,5.0,day,Town10HD_Opt,Solid line crossing,48.228,-0.895,2026-03-10 08:01:32.304068,-74.62016296386719,-65.35731506347656,0.001952972379513,Solid line crossing
participant_03,5.0,day,Town10HD_Opt,Stop sign violation,32.225,-21.122,2026-03-10 08:02:05.949003,-110.23951721191406,15.555931091308594,0.0020551681518554,stop_sign_id=1300
participant_04,3.0,day,Town10HD_Opt,Solid line crossing,0.0,0.0,2026-03-10 08:02:06.498947,44.37602996826172,50.00769805908203,0.0020349882543087,Solid line crossing
participant_03,5.0,day,Town10HD_Opt,Solid line crossing,25.766,0.928,2026-03-10 08:02:13.342612,-69.68488311767578,28.02777862548828,0.0017160414718091,Solid line crossing
participant_05,2.0,day,Town10HD_Opt,Solid line crossing,8.669,-0.498,2026-03-10 08:02:17.036654,-110.3049087524414,-8.976083755493164,0.0020019530784338,Solid line crossing
participant_04,3.0,day,Town10HD_Opt,Solid line crossing,0.0,0.0,2026-03-10 08:02:23.303037,44.37602996826172,50.00769805908203,0.0020349882543087,Solid line crossing
participant_05,2.0,day,Town10HD_Opt,Solid line crossing,0.006,-0.324,2026-03-10 08:02:29.049832,-110.35845184326172,-4.680781841278076,0.0019186019198969,Solid line crossing
participant_03,5.0,day,Town10HD_Opt,Solid line crossing,0.583,1.662,2026-03-10 08:02:31.623933,40.0794677734375,52.82296371459961,0.0028757476247847,Solid line crossing
participant_03,5.0,day,Town10HD_Opt,Solid line crossing,47.258,0.935,2026-03-10 08:02:41.075028,57.75436401367188,69.87682342529297,0.0019005202921107,Solid line crossing
participant_03,5.0,day,Town10HD_Opt,Solid line crossing,51.612,-2.268,2026-03-10 08:02:57.251033,52.63658905029297,132.541259765625,0.0019012450939044,Solid line crossing
participant_05,2.0,day,Town10HD_Opt,Stop sign violation,14.891,-0.496,2026-03-10 08:03:02.779298,-5.90870475769043,28.10545921325684,0.0020190810319036,stop_sign_id=900
participant_03,5.0,day,Town10HD_Opt,Solid line crossing,45.205,1.293,2026-03-10 08:03:11.140864,-42.975242614746094,102.71683502197266,0.0020715713035315,Solid line crossing
participant_05,2.0,day,Town10HD_Opt,Stop sign violation,18.624,13.029,2026-03-10 08:03:14.146230,39.15990447998047,35.08465576171875,0.0019038008758798,stop_sign_id=678
participant_03,5.0,day,Town10HD_Opt,Solid line crossing,48.688,-12.964,2026-03-10 08:03:18.133453,-15.536518096923828,70.41828155517578,0.0021280669607222,Solid line crossing
participant_05,2.0,day,Town10HD_Opt,Collision,15.599,-5.3,2026-03-10 08:03:25.676094,46.46893310546875,68.56892395019531,0.0020118332467973,Collision
participant_03,5.0,day,Town10HD_Opt,Solid line crossing,30.152,-11.854,2026-03-10 08:03:31.340766,42.067909240722656,59.67226409912109,0.0021723937243223,Solid line crossing
participant_05,2.0,day,Town10HD_Opt,Solid line crossing,46.026,10.646,2026-03-10 08:03:43.511125,98.88336944580078,78.692626953125,0.0019057464087381,Solid line crossing
participant_03,5.0,day,Town10HD_Opt,Vehicle-pedestrian collision,43.197,-3.137,2026-03-10 08:03:50.017502,105.23768615722656,-31.21427726745605,0.0021050262730568,Vehicle-pedestrian collision
participant_05,2.0,day,Town10HD_Opt,Solid line crossing,27.602,10.723,2026-03-10 08:03:50.949101,90.21208953857422,119.6916732788086,0.0021708298008888,Solid line crossing
participant_03,5.0,day,Town10HD_Opt,Solid line crossing,45.855,-0.11,2026-03-10 08:04:01.576831,12.06802749633789,-64.78419494628906,0.0020737457089126,Solid line crossing
participant_05,2.0,day,Town10HD_Opt,Solid line crossing,26.163,1.278,2026-03-10 08:04:03.331965,15.67772102355957,131.27569580078125,0.0020771026611328,Solid line crossing
participant_05,2.0,day,Town10HD_Opt,Solid line crossing,10.968,0.284,2026-03-10 08:04:10.492906,-16.923154830932617,130.56211853027344,0.001983756897971,Solid line crossing
participant_03,5.0,day,Town10HD_Opt,Solid line crossing,0.0,0.182,2026-03-10 08:04:11.165812,-24.189077377319336,-64.75942993164062,0.0019193267216905,Solid line crossing
participant_03,5.0,day,Town10HD_Opt,Stop sign violation,0.0,0.182,2026-03-10 08:04:14.432288,-24.189077377319336,-64.75942993164062,0.0019193267216905,stop_sign_id=1050
participant_05,2.0,day,Town10HD_Opt,Solid line crossing,32.065,-0.604,2026-03-10 08:04:21.948389,-41.60774230957031,113.80620574951172,0.0018551634857431,Solid line crossing
participant_05,2.0,day,Town10HD_Opt,Red light violation,16.05,-0.019,2026-03-10 08:04:48.135522,18.29384422302246,69.97280883789062,0.0019715118687599,Red light violation
participant_06,1.0,day,Town10HD_Opt,Solid line crossing,9.865,0.573,2026-03-10 08:13:01.052068,-9.61731243133545,69.3282470703125,0.0015364837599918,Solid line crossing
participant_06,1.0,day,Town10HD_Opt,Harsh braking,0.052,0.392,2026-03-10 08:13:12.282007,18.98731231689453,70.10511016845703,0.0019194030901417,decel_mps2=6.7
participant_06,1.0,day,Town10HD_Opt,Solid line crossing,11.26,-5.066,2026-03-10 08:14:20.089970,107.81739807128906,-29.76030540466309,0.0020151138305664,Solid line crossing
participant_06,1.0,day,Town10HD_Opt,Vehicle-pedestrian collision,0.005,0.179,2026-03-10 08:15:05.365544,-10.818012237548828,-68.0813980102539,0.0019191360333934,Vehicle-pedestrian collision
participant_04,4.0,day,Town10HD_Opt,Solid line crossing,38.059,-1.575,2026-03-10 08:15:17.499215,32.17832565307617,67.12618255615234,0.0018516158452257,Solid line crossing
participant_05,3.0,day,Town10HD_Opt,Solid line crossing,18.337,-0.298,2026-03-10 08:15:19.961956,-12.416890144348145,68.93098449707031,0.002021598862484,Solid line crossing
participant_05,3.0,day,Town10HD_Opt,Stop sign violation,17.789,-0.54,2026-03-10 08:15:28.229916,10.962268829345703,70.1705093383789,0.0018844222649931,stop_sign_id=1300
participant_06,1.0,day,Town10HD_Opt,Stop sign violation,9.244,-0.251,2026-03-10 08:15:29.225123,-57.51798248291016,-68.9499282836914,0.0019299697596579,stop_sign_id=946
participant_05,3.0,day,Town10HD_Opt,Collision,9.767,-8.229,2026-03-10 08:15:39.812814,32.75041961669922,69.57371520996094,0.0020148467738181,Collision
participant_03,6.0,day,Town10HD_Opt,Solid line crossing,22.979,-14.754,2026-03-10 08:15:40.309827,43.376556396484375,59.77787399291992,0.0021023557055741,Solid line crossing
participant_04,4.0,day,Town10HD_Opt,Solid line crossing,19.72,12.374,2026-03-10 08:15:42.045425,55.739540100097656,26.481969833374023,0.0019721984863281,Solid line crossing
participant_05,3.0,day,Town10HD_Opt,Harsh braking,12.649,-19.353,2026-03-10 08:15:46.588705,40.66867446899414,65.94512176513672,0.001843032776378,decel_mps2=5.2
participant_03,6.0,day,Town10HD_Opt,Harsh braking,26.693,17.02,2026-03-10 08:15:58.783481,46.057273864746094,33.03730392456055,0.0020431135781109,decel_mps2=7.9
participant_05,3.0,day,Town10HD_Opt,Solid line crossing,0.009,3.768,2026-03-10 08:16:03.540622,44.22557067871094,40.7873649597168,0.0019208525773137,Solid line crossing
participant_05,3.0,day,Town10HD_Opt,Solid line crossing,3.588,3.952,2026-03-10 08:16:03.961581,44.24878692626953,40.56644058227539,0.0017925262218341,Solid line crossing
participant_04,4.0,day,Town10HD_Opt,Solid line crossing,18.087,5.829,2026-03-10 08:16:09.572252,72.27474212646484,24.26030540466309,0.0015230941353365,Solid line crossing
participant_05,3.0,day,Town10HD_Opt,Solid line crossing,12.349,7.506,2026-03-10 08:16:16.495605,53.24803924560547,27.93854522705078,0.0017709350213408,Solid line crossing
participant_03,6.0,day,Town10HD_Opt,Stop sign violation,23.861,-1.191,2026-03-10 08:16:18.914707,107.10289764404295,3.0872435569763184,0.0017803197260946,stop_sign_id=1062
participant_05,3.0,day,Town10HD_Opt,Vehicle-pedestrian collision,6.08,11.769,2026-03-10 08:16:23.015121,68.5917739868164,24.727558135986328,0.0018954086117446,Vehicle-pedestrian collision
participant_03,6.0,day,Town10HD_Opt,Stop sign violation,35.9,-2.598,2026-03-10 08:16:42.560858,29.843324661254883,-66.8721923828125,0.0016390617238357,stop_sign_id=833
participant_03,6.0,day,Town10HD_Opt,Stop sign violation,41.213,-4.457,2026-03-10 08:16:56.803191,-89.75521087646484,-62.48507308959961,0.0019608689472079,stop_sign_id=1062
participant_03,6.0,day,Town10HD_Opt,Solid line crossing,0.154,1.645,2026-03-10 08:17:08.451241,-110.81783294677734,-13.774678230285645,0.0019197082147002,Solid line crossing
participant_03,6.0,day,Town10HD_Opt,Solid line crossing,22.489,-2.431,2026-03-10 08:17:32.252699,-89.274658203125,27.490373611450195,0.0022384258918464,Solid line crossing
participant_03,6.0,day,Town10HD_Opt,Stop sign violation,0.0,0.002,2026-03-10 08:17:43.350573,-69.17359924316406,28.03630256652832,0.001919021597132,stop_sign_id=946
participant_04,4.0,day,Town10HD_Opt,Harsh braking,40.862,-2.433,2026-03-10 08:17:57.824100,-103.89994049072266,20.14803695678711,0.0019100952195003,decel_mps2=8.1
participant_05,3.0,day,Town10HD_Opt,Solid line crossing,31.456,-7.009,2026-03-10 08:18:07.801734,-110.97808074951172,-37.65352630615234,0.0020486449357122,Solid line crossing
participant_04,4.0,day,Town10HD_Opt,Solid line crossing,0.0,0.129,2026-03-10 08:18:20.979446,-67.49921417236328,26.01396942138672,0.0019195555942133,Solid line crossing
participant_05,3.0,day,Town10HD_Opt,Solid line crossing,0.007,0.045,2026-03-10 08:18:21.098508,-110.77642059326172,-5.05595588684082,0.0019187927246093,Solid line crossing
participant_03,6.0,day,Town10HD_Opt,Solid line crossing,29.933,-17.428,2026-03-10 08:18:27.521460,48.03554153442383,68.87396240234375,0.0022245785221457,Solid line crossing
participant_04,4.0,day,Town10HD_Opt,Harsh braking,34.704,-0.757,2026-03-10 08:18:30.556993,-29.50016021728516,27.90151596069336,0.0020788954570889,decel_mps2=4.9
participant_05,3.0,day,Town10HD_Opt,Solid line crossing,16.329,-9.129,2026-03-10 08:18:32.927376,-108.66970825195312,14.97754192352295,0.0019397735595703,Solid line crossing
participant_05,3.0,day,Town10HD_Opt,Vehicle-pedestrian collision,19.171,1.483,2026-03-10 08:18:47.572677,-85.69979095458984,26.58876609802246,0.0020012664608657,Vehicle-pedestrian collision
participant_05,3.0,day,Town10HD_Opt,Harsh braking,11.032,-0.303,2026-03-10 08:18:54.895671,-69.53886413574219,27.72199440002441,0.0019581222441047,decel_mps2=8.1
participant_05,3.0,day,Town10HD_Opt,Collision,0.001,-0.47,2026-03-10 08:19:03.456227,-66.88063049316406,27.82779312133789,0.0019190596649423,Collision
participant_03,6.0,day,Town10HD_Opt,Solid line crossing,23.013,10.742,2026-03-10 08:19:11.946857,-35.25177383422852,127.59191131591795,0.0020722579210996,Solid line crossing
participant_05,3.0,day,Town10HD_Opt,Vehicle-pedestrian collision,41.581,-0.12,2026-03-10 08:19:15.744988,-6.930416107177734,28.698070526123047,0.0019755936227738,Vehicle-pedestrian collision
participant_04,4.0,day,Town10HD_Opt,Solid line crossing,38.393,4.365,2026-03-10 08:19:21.759556,99.8533935546875,87.53524017333984,0.0019926452077925,Solid line crossing
participant_03,6.0,day,Town10HD_Opt,Stop sign violation,26.532,1.525,2026-03-10 08:19:22.980582,-41.65254974365234,84.78271484375,0.0022223277483135,stop_sign_id=900
participant_05,3.0,day,Town10HD_Opt,Harsh braking,9.308,2.798,2026-03-10 08:19:24.924260,26.8267765045166,28.94883918762207,0.0015897750854492,decel_mps2=6.4
participant_03,6.0,day,Town10HD_Opt,Stop sign violation,16.767,-4.825,2026-03-10 08:19:32.273022,-19.781917572021484,69.9000473022461,0.0019536209292709,stop_sign_id=1050
participant_04,4.0,day,Town10HD_Opt,Stop sign violation,44.55,0.23,2026-03-10 08:19:33.884088,36.11178207397461,133.62091064453125,0.0021193695720285,stop_sign_id=1200
participant_05,3.0,day,Town10HD_Opt,Solid line crossing,10.695,-5.063,2026-03-10 08:19:41.002337,41.83754348754883,47.90948486328125,0.0019843673799186,Solid line crossing
participant_03,6.0,day,Town10HD_Opt,Solid line crossing,5.355,-0.956,2026-03-10 08:19:42.410796,18.446456909179688,69.74141693115234,0.0019704436417669,Solid line crossing
participant_04,4.0,day,Town10HD_Opt,Stop sign violation,31.06,13.141,2026-03-10 08:19:45.873767,-39.02852630615234,124.8795166015625,0.0019227599259465,stop_sign_id=900
participant_05,3.0,day,Town10HD_Opt,Solid line crossing,0.281,-4.237,2026-03-10 08:19:49.881935,40.84192657470703,53.971946716308594,0.0019305801251903,Solid line crossing
participant_05,4.0,day,Town10HD_Opt,Vehicle collision,15.619,16.154,2026-03-10 08:30:13.294705,-33.798458099365234,69.79910278320312,0.0016096120234578,Vehicle collision
participant_03,7.0,day,Town10HD_Opt,Stop sign violation,28.384,-17.483,2026-03-10 08:30:20.060038,32.71044158935547,68.80828094482422,0.0022656631190329,stop_sign_id=1200
participant_05,4.0,day,Town10HD_Opt,Solid line crossing,18.03,-0.672,2026-03-10 08:30:25.286682,17.07794952392578,69.85831451416016,0.0022402186878025,Solid line crossing
participant_04,5.0,day,Town10HD_Opt,Harsh braking,9.425,-2.014,2026-03-10 08:30:38.140391,22.38558959960937,69.60281372070312,0.0016916656168177,decel_mps2=7.9
participant_05,4.0,day,Town10HD_Opt,Solid line crossing,5.295,-2.158,2026-03-10 08:30:46.194337,43.82127380371094,43.4734992980957,0.0019760893192142,Solid line crossing
participant_03,7.0,day,Town10HD_Opt,Stop sign violation,20.303,-11.544,2026-03-10 08:30:52.531753,99.05630493164062,20.420684814453125,0.0022039413452148,stop_sign_id=833
participant_03,7.0,day,Town10HD_Opt,Solid line crossing,30.416,-8.008,2026-03-10 08:31:05.133928,98.0078582763672,-49.66786575317383,0.002347755478695,Solid line crossing
participant_03,7.0,day,Town10HD_Opt,Harsh braking,49.384,2.617,2026-03-10 08:31:28.264019,-36.86702728271485,-64.01448822021484,0.002070045331493,decel_mps2=5.5
participant_03,7.0,day,Town10HD_Opt,Solid line crossing,25.298,-3.125,2026-03-10 08:31:41.419439,-110.744384765625,-9.280994415283203,0.0023067854344844,Solid line crossing
participant_04,5.0,day,Town10HD_Opt,Solid line crossing,9.578,-5.328,2026-03-10 08:31:48.516220,105.8520965576172,8.0907564163208,0.0017929839668795,Solid line crossing
participant_04,5.0,day,Town10HD_Opt,Solid line crossing,18.336,-1.166,2026-03-10 08:31:58.364106,109.09620666503906,-19.20142936706543,0.0020538710523396,Solid line crossing
participant_04,5.0,day,Town10HD_Opt,Solid line crossing,21.776,-1.29,2026-03-10 08:31:59.769650,108.78812408447266,-26.194425582885746,0.0019885634537786,Solid line crossing
participant_03,7.0,day,Town10HD_Opt,Stop sign violation,29.498,-3.872,2026-03-10 08:32:11.106546,-77.58014678955078,28.17070198059082,0.0023373030126094,stop_sign_id=900
participant_05,4.0,day,Town10HD_Opt,Vehicle collision,0.04,4.884,2026-03-10 08:32:13.238818,-110.8135986328125,-13.698490142822266,0.0019193649059161,Vehicle collision
participant_04,5.0,day,Town10HD_Opt,Stop sign violation,13.999,-14.553,2026-03-10 08:32:15.480218,61.22907638549805,-69.48773956298828,0.0018999861786141,stop_sign_id=1062
participant_05,4.0,day,Town10HD_Opt,Stop sign violation,0.14,5.631,2026-03-10 08:32:16.910475,-110.81310272216795,-13.688814163208008,0.0019174193730577,stop_sign_id=754
participant_03,7.0,day,Town10HD_Opt,Solid line crossing,38.207,-2.061,2026-03-10 08:32:24.133991,17.33911895751953,28.39504623413086,0.0018973159603774,Solid line crossing
participant_04,5.0,day,Town10HD_Opt,Harsh braking,22.381,0.808,2026-03-10 08:32:30.451168,8.789474487304688,-67.02024841308594,0.0019987106788903,decel_mps2=5.7
participant_04,5.0,day,Town10HD_Opt,Stop sign violation,0.001,0.188,2026-03-10 08:32:38.850914,-22.01304244995117,-68.14472961425781,0.0023234176915138,stop_sign_id=678
participant_03,7.0,day,Town10HD_Opt,Solid line crossing,42.6,-15.467,2026-03-10 08:32:39.978607,50.00634002685547,69.0643310546875,0.0018801498226821,Solid line crossing
participant_03,7.0,day,Town10HD_Opt,Vehicle-pedestrian collision,18.471,13.828,2026-03-10 08:32:45.674598,88.01530456542969,69.78224182128906,0.002086334163323,Vehicle-pedestrian collision
participant_04,5.0,day,Town10HD_Opt,Solid line crossing,0.0,-0.181,2026-03-10 08:32:50.612287,-22.846927642822266,-68.1727523803711,0.0019589231815189,Solid line crossing
participant_04,5.0,day,Town10HD_Opt,Solid line crossing,17.653,-0.456,2026-03-10 08:33:03.862511,-46.55145263671875,-69.10347747802734,0.001882743788883,Solid line crossing
participant_03,7.0,day,Town10HD_Opt,Vehicle-pedestrian collision,34.384,-0.327,2026-03-10 08:33:05.322022,-25.21323204040528,132.47000122070312,0.0021197891328483,Vehicle-pedestrian collision
participant_03,7.0,day,Town10HD_Opt,Solid line crossing,34.203,0.038,2026-03-10 08:33:11.658594,-43.62546920776367,93.26710510253906,0.0023366545792669,Solid line crossing
participant_04,5.0,day,Town10HD_Opt,Solid line crossing,17.162,-5.888,2026-03-10 08:33:18.716747,-100.7161102294922,-56.686370849609375,0.0018736267229542,Solid line crossing
participant_03,7.0,day,Town10HD_Opt,Vehicle-pedestrian collision,19.21,-0.237,2026-03-10 08:33:21.678749,12.842474937438965,69.74452209472656,0.0022719954140484,Vehicle-pedestrian collision
participant_04,5.0,day,Town10HD_Opt,Solid line crossing,18.068,-4.825,2026-03-10 08:33:27.087181,-111.683349609375,-30.10951042175293,0.0018667220138013,Solid line crossing
participant_03,7.0,day,Town10HD_Opt,Harsh braking,30.242,-2.899,2026-03-10 08:33:27.680276,27.036699295043945,69.54134368896484,0.0016238784883171,decel_mps2=8.1
participant_05,4.0,day,Town10HD_Opt,Harsh braking,30.26,11.566,2026-03-10 08:33:41.467735,97.47028350830078,77.08973693847656,0.0019337083213031,decel_mps2=4.9
participant_03,7.0,day,Town10HD_Opt,Solid line crossing,27.996,-1.814,2026-03-10 08:33:41.848317,77.18416595458984,28.17047882080078,0.0016269301995635,Solid line crossing
participant_05,4.0,day,Town10HD_Opt,Solid line crossing,20.244,8.341,2026-03-10 08:33:46.511366,96.44612884521484,103.90804290771484,0.0021623228676617,Solid line crossing
participant_03,7.0,day,Town10HD_Opt,Stop sign violation,20.836,0.146,2026-03-10 08:34:06.269917,-17.254316329956055,-64.71632385253906,0.0021107101347297,stop_sign_id=1200
participant_05,4.0,day,Town10HD_Opt,Vehicle collision,21.105,13.136,2026-03-10 08:34:24.146865,-41.34366226196289,80.59791564941406,0.0022278591059148,Vehicle collision
participant_05,4.0,day,Town10HD_Opt,Collision,0.161,-0.195,2026-03-10 08:34:50.314399,26.323705673217773,69.80892944335938,0.0019259261898696,Collision
participant_05,5.0,day,Town10HD_Opt,Solid line crossing,42.054,-1.3,2026-03-10 08:45:13.118648,-5.107297897338867,70.66338348388672,0.0023108671884983,Solid line crossing
participant_03,8.0,day,Town10HD_Opt,Red light violation,0.0,0.524,2026-03-10 08:45:17.566608,-41.668582916259766,89.7454833984375,0.0019181441748514,Red light violation
participant_06,4.0,day,Town10HD_Opt,Solid line crossing,22.282,-2.038,2026-03-10 08:45:20.915159,-12.676045417785645,69.26998901367188,0.0019349670037627,Solid line crossing
participant_05,5.0,day,Town10HD_Opt,Vehicle collision,11.234,4.851,2026-03-10 08:45:27.161218,44.99985885620117,41.33283996582031,0.0020047759171575,Vehicle collision
participant_03,8.0,day,Town10HD_Opt,Solid line crossing,13.928,-0.583,2026-03-10 08:45:27.765193,-22.97563934326172,69.82595825195312,0.0019753647502511,Solid line crossing
participant_05,5.0,day,Town10HD_Opt,Vehicle collision,0.0,0.348,2026-03-10 08:45:44.866504,77.37723541259766,24.63260269165039,0.0019198989029973,Vehicle collision
participant_04,6.0,day,Town10HD_Opt,Solid line crossing,0.0,-0.797,2026-03-10 08:45:47.096721,66.84580993652344,25.476762771606445,0.0019191741012036,Solid line crossing
participant_03,8.0,day,Town10HD_Opt,Stop sign violation,21.087,-12.655,2026-03-10 08:45:51.632981,44.73417282104492,56.48880386352539,0.0019940566271543,stop_sign_id=833
participant_05,5.0,day,Town10HD_Opt,Solid line crossing,20.303,-11.544,2026-03-10 08:45:52.504271,99.05630493164062,20.420684814453125,0.0022039413452148,Solid line crossing
participant_04,6.0,day,Town10HD_Opt,Harsh braking,0.0,-0.797,2026-03-10 08:45:58.368333,66.84580993652344,25.476762771606445,0.0019191741012036,decel_mps2=8.1
participant_04,6.0,day,Town10HD_Opt,Vehicle-pedestrian collision,0.0,-0.656,2026-03-10 08:46:09.462459,66.84580993652344,25.476762771606445,0.0019191741012036,Vehicle-pedestrian collision
participant_03,8.0,day,Town10HD_Opt,Stop sign violation,0.0,-0.444,2026-03-10 08:46:13.736388,80.92632293701172,25.33636474609375,0.0019190596649423,stop_sign_id=1200
participant_04,6.0,day,Town10HD_Opt,Solid line crossing,5.415,6.229,2026-03-10 08:46:17.002934,76.34423828125,24.64997291564941,0.0019343948224559,Solid line crossing
participant_03,8.0,day,Town10HD_Opt,Stop sign violation,21.842,0.982,2026-03-10 08:46:23.316605,106.20853424072266,0.4411607682704925,0.0020731352269649,stop_sign_id=678
participant_03,8.0,day,Town10HD_Opt,Solid line crossing,24.301,-2.986,2026-03-10 08:46:29.659521,107.53135681152344,-32.319828033447266,0.0019907378591597,Solid line crossing
participant_03,8.0,day,Town10HD_Opt,Solid line crossing,37.015,-8.89,2026-03-10 08:46:30.777199,105.14979553222656,-44.41308975219727,0.0018860625568777,Solid line crossing
participant_04,6.0,day,Town10HD_Opt,Red light violation,50.268,-5.295,2026-03-10 08:46:34.135070,105.98545837402344,2.556095600128174,0.0020008469000458,Red light violation
participant_03,8.0,day,Town10HD_Opt,Collision,25.123,-2.108,2026-03-10 08:46:35.276820,85.09413146972656,-63.7412223815918,0.0021730042062699,Collision
participant_04,6.0,day,Town10HD_Opt,Harsh braking,46.687,-3.822,2026-03-10 08:46:38.648658,101.4979476928711,-45.293304443359375,0.0021396635565906,decel_mps2=7.9
participant_06,4.0,day,Town10HD_Opt,Harsh braking,18.327,-20.379,2026-03-10 08:46:40.163198,99.6998062133789,21.41986846923828,0.0022365569602698,decel_mps2=7.9
participant_04,6.0,day,Town10HD_Opt,Solid line crossing,43.46,-0.089,2026-03-10 08:46:46.739720,36.60513305664063,-66.1343994140625,0.0021333694458007,Solid line crossing
participant_03,8.0,day,Town10HD_Opt,Solid line crossing,15.958,-0.428,2026-03-10 08:46:47.802876,16.370437622070312,-67.78199768066406,0.0019876097794622,Solid line crossing
participant_05,5.0,day,Town10HD_Opt,Solid line crossing,0.0,-0.519,2026-03-10 08:46:49.438010,-110.76128387451172,-6.831332683563232,0.0019191741012036,Solid line crossing
participant_06,4.0,day,Town10HD_Opt,Solid line crossing,8.28,-1.699,2026-03-10 08:46:54.123212,108.77131652832033,-8.50159740447998,0.0019654463976621,Solid line crossing
participant_03,8.0,day,Town10HD_Opt,Solid line crossing,29.478,0.545,2026-03-10 08:46:58.951457,-62.57583236694336,-69.31676483154297,0.0019183730473741,Solid line crossing
participant_06,4.0,day,Town10HD_Opt,Stop sign violation,22.704,-5.397,2026-03-10 08:47:02.308878,107.54270935058594,-35.514286041259766,0.0020886610727757,stop_sign_id=1050
participant_06,4.0,day,Town10HD_Opt,Solid line crossing,20.427,2.871,2026-03-10 08:47:17.847733,52.15269088745117,-68.21836853027344,0.0019753647502511,Solid line crossing
participant_03,8.0,day,Town10HD_Opt,Solid line crossing,0.006,-0.421,2026-03-10 08:47:18.959120,-110.66973114013672,-5.873818397521973,0.0019188689766451,Solid line crossing
participant_06,4.0,day,Town10HD_Opt,Vehicle-pedestrian collision,12.842,-2.626,2026-03-10 08:47:24.392738,27.96954727172852,-66.9017333984375,0.0020404814276844,Vehicle-pedestrian collision
participant_03,8.0,day,Town10HD_Opt,Solid line crossing,0.001,-1.22,2026-03-10 08:47:25.663812,-110.66973114013672,-5.873233318328857,0.0019191741012036,Solid line crossing
participant_06,4.0,day,Town10HD_Opt,Solid line crossing,17.825,0.501,2026-03-10 08:47:35.307520,-14.107630729675291,-67.87938690185547,0.0020497513469308,Solid line crossing
participant_03,8.0,day,Town10HD_Opt,Solid line crossing,9.873,-15.376,2026-03-10 08:47:40.121786,-98.0009536743164,24.09532356262207,0.0018248367123305,Solid line crossing
participant_06,4.0,day,Town10HD_Opt,Solid line crossing,0.0,-0.181,2026-03-10 08:47:51.444930,-22.846927642822266,-68.1727523803711,0.0019589231815189,Solid line crossing
participant_06,4.0,day,Town10HD_Opt,Vehicle-pedestrian collision,17.17,0.992,2026-03-10 08:48:08.452864,-58.666629791259766,-68.91673278808594,0.0018292235909029,Vehicle-pedestrian collision
participant_05,5.0,day,Town10HD_Opt,Solid line crossing,45.758,-3.756,2026-03-10 08:48:09.715896,-42.2993392944336,110.69542694091795,0.0019531631842255,Solid line crossing
participant_06,4.0,day,Town10HD_Opt,Stop sign violation,18.179,-0.813,2026-03-10 08:48:16.389996,-93.61566162109376,-62.57476806640625,0.0022334670647978,stop_sign_id=1300
participant_06,4.0,day,Town10HD_Opt,Solid line crossing,18.19,-3.902,2026-03-10 08:48:19.871123,-102.63643646240234,-54.24097442626953,0.0020814894232898,Solid line crossing
participant_05,5.0,day,Town10HD_Opt,Collision,12.743,-1.417,2026-03-10 08:48:23.227817,16.581050872802734,69.7674331665039,0.0020622252486646,Collision
participant_06,4.0,day,Town10HD_Opt,Solid line crossing,0.0,2.181,2026-03-10 08:48:31.820169,-110.80935668945312,-18.157751083374023,0.0019651411566883,Solid line crossing
participant_03,8.0,day,Town10HD_Opt,Solid line crossing,0.0,0.042,2026-03-10 08:48:39.845579,87.80728149414062,70.43538665771484,0.0019191360333934,Solid line crossing
participant_03,8.0,day,Town10HD_Opt,Harsh braking,0.69,-5.593,2026-03-10 08:48:48.079726,87.80961608886719,70.43556213378906,0.0019055937882512,decel_mps2=6.4
participant_05,5.0,day,Town10HD_Opt,Solid line crossing,47.989,-0.928,2026-03-10 08:48:59.232830,31.28825187683105,-64.73796081542969,0.0020748900715261,Solid line crossing
participant_04,6.0,day,Town10HD_Opt,Stop sign violation,46.179,2.203,2026-03-10 08:49:02.353384,-42.96053695678711,96.8455810546875,0.0020486067514866,stop_sign_id=946
participant_04,6.0,day,Town10HD_Opt,Stop sign violation,35.315,-15.598,2026-03-10 08:49:18.283066,35.86819839477539,67.95365142822266,0.0016303253360092,stop_sign_id=900
participant_05,5.0,day,Town10HD_Opt,Vehicle-pedestrian collision,26.591,-11.727,2026-03-10 08:49:21.736943,-44.9949836730957,-58.84449005126953,0.0024199676699936,Vehicle-pedestrian collision
participant_04,6.0,day,Town10HD_Opt,Harsh braking,13.044,0.987,2026-03-10 08:49:31.563929,79.15119171142578,26.989057540893555,0.0021203611977398,decel_mps2=6.4
participant_05,5.0,day,Town10HD_Opt,Solid line crossing,34.357,0.0,2026-03-10 08:49:37.718115,-48.72688674926758,28.28691864013672,0.0020230102818459,Solid line crossing
participant_04,6.0,day,Town10HD_Opt,Vehicle collision,0.0,0.106,2026-03-10 08:49:41.573274,81.00411224365234,26.91552352905273,0.0019193267216905,Vehicle collision
participant_03,8.0,day,Town10HD_Opt,Vehicle collision,16.86,-0.491,2026-03-10 08:49:43.626067,13.085115432739258,70.16425323486328,0.0016551208682358,Vehicle collision
participant_05,5.0,day,Town10HD_Opt,Harsh braking,4.942,-0.536,2026-03-10 08:49:48.358687,-52.03653335571289,92.57747650146484,0.0019297789549455,decel_mps2=5.2
participant_06,5.0,day,Town10HD_Opt,Solid line crossing,17.39,-0.016,2026-03-10 09:00:14.656554,17.474119186401367,69.96598815917969,0.0017684173071756,Solid line crossing
participant_05,6.0,day,Town10HD_Opt,Solid line crossing,11.448,-3.219,2026-03-10 09:00:14.914624,-23.86172866821289,70.27869415283203,0.0019429778913035,Solid line crossing
participant_04,7.0,day,Town10HD_Opt,Stop sign violation,24.637,8.42,2026-03-10 09:00:14.976379,-27.591693878173828,69.3061294555664,0.0022565077524632,stop_sign_id=1300
participant_04,7.0,day,Town10HD_Opt,Harsh braking,16.859,3.773,2026-03-10 09:00:17.570975,-22.81800079345703,69.46906280517578,0.0019593047909438,decel_mps2=5.2
participant_05,6.0,day,Town10HD_Opt,Solid line crossing,10.898,0.12,2026-03-10 09:00:26.815469,13.68911838531494,69.89382934570312,0.0019878386519849,Solid line crossing
participant_04,7.0,day,Town10HD_Opt,Solid line crossing,17.684,0.049,2026-03-10 09:00:28.355014,-4.348213195800781,70.3014144897461,0.0018843078287318,Solid line crossing
participant_06,5.0,day,Town10HD_Opt,Red light violation,15.235,3.66,2026-03-10 09:00:29.348831,47.26331329345703,38.74935150146485,0.0020198440179228,Red light violation
participant_05,6.0,day,Town10HD_Opt,Solid line crossing,2.229,0.073,2026-03-10 09:00:37.348356,26.44502639770508,69.85224914550781,0.0018535613780841,Solid line crossing
participant_06,5.0,day,Town10HD_Opt,Solid line crossing,0.0,4.556,2026-03-10 09:00:39.525506,52.07698440551758,28.658422470092773,0.0019190596649423,Solid line crossing
participant_06,5.0,day,Town10HD_Opt,Solid line crossing,0.0,4.164,2026-03-10 09:00:49.126207,69.01659393310547,24.13434600830078,0.0019194030901417,Solid line crossing
participant_05,6.0,day,Town10HD_Opt,Solid line crossing,16.483,-10.725,2026-03-10 09:00:49.774712,45.403568267822266,57.37074661254883,0.0017154312226921,Solid line crossing
participant_04,7.0,day,Town10HD_Opt,Solid line crossing,10.54,-9.847,2026-03-10 09:00:52.460428,35.65303039550781,67.97197723388672,0.0018304061377421,Solid line crossing
participant_03,9.0,day,Town10HD_Opt,Stop sign violation,36.998,1.49,2026-03-10 09:00:52.550070,67.15522003173828,25.87813949584961,0.0018947219941765,stop_sign_id=946
participant_05,6.0,day,Town10HD_Opt,Solid line crossing,21.742,12.347,2026-03-10 09:00:59.861349,44.37651824951172,37.62584686279297,0.0018901443108916,Solid line crossing
participant_05,6.0,day,Town10HD_Opt,Vehicle collision,4.804,0.82,2026-03-10 09:01:12.592787,78.00334167480469,25.56211280822754,0.0019643784034997,Vehicle collision
participant_05,6.0,day,Town10HD_Opt,Solid line crossing,0.006,1.786,2026-03-10 09:01:21.512309,80.12722778320312,25.539152145385746,0.0019188689766451,Solid line crossing
participant_05,6.0,day,Town10HD_Opt,Harsh braking,0.002,1.156,2026-03-10 09:01:31.548506,80.12818908691406,25.53915405273437,0.0019191741012036,decel_mps2=5.5
participant_06,5.0,day,Town10HD_Opt,Solid line crossing,34.469,-3.144,2026-03-10 09:01:31.733828,90.25603485107422,-56.93251419067383,0.0020572661887854,Solid line crossing
participant_03,9.0,day,Town10HD_Opt,Harsh braking,40.841,-3.95,2026-03-10 09:01:34.973375,87.05229949951172,-58.35161972045898,0.002000541659072,decel_mps2=8.1
participant_06,5.0,day,Town10HD_Opt,Solid line crossing,41.164,6.173,2026-03-10 09:01:38.403501,36.65483856201172,-67.25970458984375,0.0023298263549804,Solid line crossing
participant_05,6.0,day,Town10HD_Opt,Solid line crossing,31.726,-4.608,2026-03-10 09:01:45.348417,109.7589111328125,-24.308412551879883,0.0018822860438376,Solid line crossing
participant_05,6.0,day,Town10HD_Opt,Stop sign violation,29.103,0.096,2026-03-10 09:01:57.197650,45.68092727661133,-66.68852233886719,0.0019970701541751,stop_sign_id=1200
participant_03,9.0,day,Town10HD_Opt,Harsh braking,5.754,5.505,2026-03-10 09:01:58.454167,-21.89862060546875,-65.0606689453125,0.0020137024112045,decel_mps2=5.5
participant_04,7.0,day,Town10HD_Opt,Solid line crossing,0.0,0.0,2026-03-10 09:02:06.202626,44.37602996826172,50.00769805908203,0.0020349882543087,Solid line crossing
participant_05,6.0,day,Town10HD_Opt,Stop sign violation,12.61,-0.085,2026-03-10 09:02:09.308918,-8.110089302062988,-67.60700225830078,0.0017126464517787,stop_sign_id=1200
participant_03,9.0,day,Town10HD_Opt,Solid line crossing,23.469,-1.462,2026-03-10 09:02:13.152697,-109.58804321289062,-30.29962539672852,0.0022673797793686,Solid line crossing
participant_04,7.0,day,Town10HD_Opt,Harsh braking,0.0,0.0,2026-03-10 09:02:16.527844,44.37602996826172,50.00769805908203,0.0020349882543087,decel_mps2=5.2
participant_06,5.0,day,Town10HD_Opt,Solid line crossing,50.207,-1.709,2026-03-10 09:02:18.157728,-59.90626907348633,-65.32342529296875,0.002011566190049,Solid line crossing
participant_06,5.0,day,Town10HD_Opt,Solid line crossing,39.215,-22.725,2026-03-10 09:02:21.923081,-99.85107421875,-54.27375411987305,0.0022942351642996,Solid line crossing
participant_03,9.0,day,Town10HD_Opt,Solid line crossing,0.0,-0.949,2026-03-10 09:02:24.098721,-110.9852523803711,-4.970561504364014,0.0019190596649423,Solid line crossing
participant_04,7.0,day,Town10HD_Opt,Solid line crossing,0.0,0.0,2026-03-10 09:02:26.161281,44.37602996826172,50.00769805908203,0.0020349882543087,Solid line crossing
participant_03,9.0,day,Town10HD_Opt,Solid line crossing,31.86,-12.318,2026-03-10 09:02:50.188894,-100.10467529296876,23.70783805847168,0.0021765900310128,Solid line crossing
participant_03,9.0,day,Town10HD_Opt,Solid line crossing,9.622,-0.009,2026-03-10 09:02:59.722751,-74.68231964111328,24.74424171447754,0.0019611739553511,Solid line crossing
participant_06,5.0,day,Town10HD_Opt,Solid line crossing,50.535,-0.43,2026-03-10 09:02:59.787948,-90.39669036865234,26.133007049560547,0.0018338012741878,Solid line crossing
participant_06,5.0,day,Town10HD_Opt,Solid line crossing,0.0,-0.27,2026-03-10 09:03:07.237192,-67.49921417236328,26.01396942138672,0.0019195555942133,Solid line crossing
participant_03,9.0,day,Town10HD_Opt,Stop sign violation,23.761,14.724,2026-03-10 09:03:19.265663,37.24315643310547,33.48752212524414,0.0021801756229251,stop_sign_id=1050
participant_05,6.0,day,Town10HD_Opt,Solid line crossing,10.843,0.667,2026-03-10 09:03:19.665303,-68.61638641357422,28.229049682617188,0.0014622878516092,Solid line crossing
participant_06,5.0,day,Town10HD_Opt,Solid line crossing,0.0,0.176,2026-03-10 09:03:22.113415,-67.49921417236328,26.01396942138672,0.0019195555942133,Solid line crossing
participant_03,9.0,day,Town10HD_Opt,Solid line crossing,9.366,-1.008,2026-03-10 09:03:24.312549,40.01858901977539,47.1999397277832,0.002006797818467,Solid line crossing
participant_03,9.0,day,Town10HD_Opt,Solid line crossing,17.452,-5.69,2026-03-10 09:03:37.391467,69.40011596679688,70.81471252441406,0.001851386972703,Solid line crossing
participant_03,9.0,day,Town10HD_Opt,Stop sign violation,20.634,6.17,2026-03-10 09:03:49.819308,102.1453857421875,81.71017456054688,0.0019305037567391,stop_sign_id=1120
participant_05,6.0,day,Town10HD_Opt,Stop sign violation,26.891,0.916,2026-03-10 09:03:55.218745,60.61674499511719,70.34502410888672,0.0021213912405073,stop_sign_id=1050
participant_03,9.0,day,Town10HD_Opt,Vehicle collision,26.668,4.289,2026-03-10 09:04:00.342913,71.24040985107422,129.8077850341797,0.0019156264606863,Vehicle collision
participant_03,9.0,day,Town10HD_Opt,Solid line crossing,26.686,0.092,2026-03-10 09:04:14.256034,1.18245530128479,131.31646728515625,0.0020270156674087,Solid line crossing
participant_06,5.0,day,Town10HD_Opt,Solid line crossing,47.321,14.048,2026-03-10 09:04:23.025414,99.7127685546875,107.12223052978516,0.001929817139171,Solid line crossing
participant_03,9.0,day,Town10HD_Opt,Solid line crossing,1.213,-0.397,2026-03-10 09:04:25.898809,-22.25082397460937,130.81724548339844,0.0019407272338867,Solid line crossing
participant_06,5.0,day,Town10HD_Opt,Harsh braking,49.579,2.294,2026-03-10 09:04:31.130564,55.54066467285156,133.31103515625,0.001589851337485,decel_mps2=5.7
participant_03,9.0,day,Town10HD_Opt,Stop sign violation,17.593,1.283,2026-03-10 09:04:34.456591,-42.19327163696289,109.35370635986328,0.0018546294886618,stop_sign_id=1120
participant_05,6.0,day,Town10HD_Opt,Solid line crossing,31.838,2.017,2026-03-10 09:04:39.591169,-25.93487930297852,130.04591369628906,0.0022366715129464,Solid line crossing
participant_06,5.0,day,Town10HD_Opt,Stop sign violation,26.744,9.89,2026-03-10 09:04:44.091447,-35.49242401123047,128.3699951171875,0.0020049286540597,stop_sign_id=754
participant_05,7.0,day,Town10HD_Opt,Solid line crossing,17.06,-1.286,2026-03-10 09:15:16.909092,-18.750770568847656,70.41201782226562,0.0018864440498873,Solid line crossing
participant_04,8.0,day,Town10HD_Opt,Stop sign violation,15.963,-2.005,2026-03-10 09:15:18.461078,-14.845850944519045,70.27793884277344,0.0019590377341955,stop_sign_id=1200
participant_05,7.0,day,Town10HD_Opt,Stop sign violation,19.08,1.034,2026-03-10 09:15:21.531773,-6.956706523895264,69.85099792480469,0.001981544541195,stop_sign_id=1200
participant_05,7.0,day,Town10HD_Opt,Solid line crossing,6.488,0.075,2026-03-10 09:15:29.069580,16.723379135131836,69.8775405883789,0.0019864654168486,Solid line crossing
participant_05,7.0,day,Town10HD_Opt,Collision,22.678,-16.5,2026-03-10 09:15:40.662271,39.85232162475586,68.48419952392578,0.0022707746829837,Collision
participant_06,6.0,day,Town10HD_Opt,Solid line crossing,10.066,-13.536,2026-03-10 09:15:44.111871,45.02210235595703,47.36772918701172,0.0019475554581731,Solid line crossing
participant_03,10.0,day,Town10HD_Opt,Vehicle collision,14.123,-0.181,2026-03-10 09:15:54.344696,71.03871154785156,28.49609565734864,0.0020861434750258,Vehicle collision
participant_05,7.0,day,Town10HD_Opt,Harsh braking,6.172,1.42,2026-03-10 09:15:56.156184,43.92269134521485,43.64780807495117,0.0019782257732003,decel_mps2=6.4
participant_05,7.0,day,Town10HD_Opt,Harsh braking,23.867,17.761,2026-03-10 09:16:01.452294,45.83480453491211,33.875736236572266,0.0020111463963985,decel_mps2=5.5
participant_06,6.0,day,Town10HD_Opt,Solid line crossing,6.056,-1.619,2026-03-10 09:16:02.191523,75.50248718261719,25.8310775756836,0.0019764709286391,Solid line crossing
participant_03,10.0,day,Town10HD_Opt,Solid line crossing,3.308,-3.497,2026-03-10 09:16:10.306683,70.72844696044922,28.56991195678711,0.0019375609699636,Solid line crossing
participant_06,6.0,day,Town10HD_Opt,Solid line crossing,7.916,17.726,2026-03-10 09:16:11.657516,79.73123931884766,25.673099517822266,0.0015736770583316,Solid line crossing
participant_06,6.0,day,Town10HD_Opt,Vehicle collision,7.916,17.726,2026-03-10 09:16:12.206343,79.73123931884766,25.673099517822266,0.0015736770583316,Vehicle collision
participant_05,7.0,day,Town10HD_Opt,Stop sign violation,4.804,0.82,2026-03-10 09:16:13.458527,78.00334167480469,25.56211280822754,0.0019643784034997,stop_sign_id=1062
participant_03,10.0,day,Town10HD_Opt,Solid line crossing,23.893,-1.683,2026-03-10 09:16:16.076641,81.91380310058594,28.43169593811035,0.0017633438110351,Solid line crossing
participant_06,6.0,day,Town10HD_Opt,Stop sign violation,47.924,-2.567,2026-03-10 09:16:22.261748,110.09528350830078,-7.051890850067139,0.0017493438208475,stop_sign_id=1300
participant_03,10.0,day,Town10HD_Opt,Solid line crossing,34.997,-8.024,2026-03-10 09:16:22.875587,107.60530090332033,11.84756088256836,0.001992187462747,Solid line crossing
participant_03,10.0,day,Town10HD_Opt,Solid line crossing,37.902,-6.094,2026-03-10 09:16:30.984871,102.00238800048828,-41.55276107788086,0.0018536758143454,Solid line crossing
participant_06,6.0,day,Town10HD_Opt,Solid line crossing,43.679,-5.34,2026-03-10 09:16:31.894007,89.06101989746094,-58.62881088256836,0.0020782088395208,Solid line crossing
participant_05,7.0,day,Town10HD_Opt,Solid line crossing,0.146,2.151,2026-03-10 09:16:33.723326,80.12770080566406,25.539175033569336,0.0019176482455804,Solid line crossing
participant_06,6.0,day,Town10HD_Opt,Solid line crossing,41.213,-3.987,2026-03-10 09:16:34.188445,72.95177459716797,-64.8017807006836,0.002080078003928,Solid line crossing
participant_05,7.0,day,Town10HD_Opt,Solid line crossing,40.701,-3.549,2026-03-10 09:16:41.559085,108.31277465820312,2.039307117462158,0.0019030760740861,Solid line crossing
participant_06,6.0,day,Town10HD_Opt,Vehicle collision,11.837,-0.209,2026-03-10 09:16:46.745115,-2.166879177093506,-65.53152465820312,0.0020313644781708,Vehicle collision
participant_03,10.0,day,Town10HD_Opt,Solid line crossing,18.506,-0.005,2026-03-10 09:16:52.823667,-4.533103942871094,-67.40455627441406,0.0020404814276844,Solid line crossing
participant_05,7.0,day,Town10HD_Opt,Vehicle collision,29.157,-1.043,2026-03-10 09:16:54.940085,55.75279998779297,-66.59677124023438,0.0021036909893155,Vehicle collision
participant_06,6.0,day,Town10HD_Opt,Solid line crossing,22.516,-2.701,2026-03-10 09:17:01.515150,-69.85270690917969,-67.43807220458984,0.0021240615751594,Solid line crossing
participant_05,7.0,day,Town10HD_Opt,Solid line crossing,32.304,-0.258,2026-03-10 09:17:02.666202,11.27800178527832,-67.14202117919922,0.0022536085452884,Solid line crossing
participant_05,7.0,day,Town10HD_Opt,Solid line crossing,18.486,-0.566,2026-03-10 09:17:04.118302,2.426377534866333,-67.43733215332031,0.0022428892552852,Solid line crossing
participant_06,6.0,day,Town10HD_Opt,Solid line crossing,21.919,-1.899,2026-03-10 09:17:10.212503,-109.06378936767578,-29.446516036987305,0.0022658538073301,Solid line crossing
participant_03,10.0,day,Town10HD_Opt,Solid line crossing,17.94,-1.556,2026-03-10 09:17:10.727854,-108.77474975585938,-34.89955139160156,0.0022391891106963,Solid line crossing
participant_04,8.0,day,Town10HD_Opt,Harsh braking,29.306,-3.441,2026-03-10 09:17:18.708795,-73.40895080566406,-65.73401641845703,0.0021269989665597,decel_mps2=5.2
participant_03,10.0,day,Town10HD_Opt,Solid line crossing,0.0,-0.219,2026-03-10 09:17:22.067004,-110.4499282836914,-5.0536394119262695,0.0021241758950054,Solid line crossing
participant_04,8.0,day,Town10HD_Opt,Solid line crossing,7.35,1.894,2026-03-10 09:17:32.267651,-109.72089385986328,-12.604827880859377,0.0019896316807717,Solid line crossing
participant_04,8.0,day,Town10HD_Opt,Vehicle collision,2.562,-0.928,2026-03-10 09:17:37.754196,-110.04119873046876,-7.00869607925415,0.0019441222539171,Vehicle collision
participant_06,6.0,day,Town10HD_Opt,Solid line crossing,16.924,-0.242,2026-03-10 09:17:42.814180,-80.47384643554688,27.95828628540039,0.0019435500726103,Solid line crossing
participant_03,10.0,day,Town10HD_Opt,Solid line crossing,25.543,-1.412,2026-03-10 09:17:44.640427,-86.67003631591797,27.4487419128418,0.0022998808417469,Solid line crossing
participant_04,8.0,day,Town10HD_Opt,Vehicle-pedestrian collision,0.242,0.04,2026-03-10 09:17:46.434458,-110.10035705566406,-5.426865100860596,0.0019213485065847,Vehicle-pedestrian collision
participant_06,6.0,day,Town10HD_Opt,Stop sign violation,52.09,0.012,2026-03-10 09:17:55.628164,-52.88488006591797,28.066062927246094,0.0016196441138163,stop_sign_id=1120
participant_04,8.0,day,Town10HD_Opt,Harsh braking,25.28,-1.85,2026-03-10 09:17:58.572646,-91.9072036743164,26.023860931396484,0.002240028232336,decel_mps2=7.3
participant_03,10.0,day,Town10HD_Opt,Solid line crossing,19.237,0.216,2026-03-10 09:18:11.220996,20.568824768066406,28.256872177124023,0.002251548692584,Solid line crossing
participant_04,8.0,day,Town10HD_Opt,Vehicle-pedestrian collision,0.04,0.651,2026-03-10 09:18:12.748733,-69.17540740966797,28.223896026611328,0.0019193649059161,Vehicle-pedestrian collision
participant_06,6.0,day,Town10HD_Opt,Solid line crossing,18.624,13.029,2026-03-10 09:18:14.273979,39.15990447998047,35.08465576171875,0.0019038008758798,Solid line crossing
participant_03,10.0,day,Town10HD_Opt,Harsh braking,6.299,-2.511,2026-03-10 09:18:22.490037,40.483211517333984,51.49148941040039,0.0020333861466497,decel_mps2=6.7
participant_05,7.0,day,Town10HD_Opt,Solid line crossing,49.304,-0.378,2026-03-10 09:18:25.267768,-29.5935001373291,28.217113494873047,0.0020571516361087,Solid line crossing
participant_03,10.0,day,Town10HD_Opt,Solid line crossing,34.157,-6.497,2026-03-10 09:18:32.548348,55.92728042602539,70.52137756347656,0.0019931029528379,Solid line crossing
participant_04,8.0,day,Town10HD_Opt,Solid line crossing,5.541,0.348,2026-03-10 09:18:43.550416,40.463008880615234,50.13042068481445,0.0019722366705536,Solid line crossing
participant_06,6.0,day,Town10HD_Opt,Solid line crossing,36.739,7.036,2026-03-10 09:18:52.454934,80.39156341552734,127.40184020996094,0.0018797683296725,Solid line crossing
participant_04,8.0,day,Town10HD_Opt,Solid line crossing,31.261,-14.746,2026-03-10 09:18:52.810796,48.76880645751953,69.21576690673828,0.0019894407596439,Solid line crossing
participant_06,6.0,day,Town10HD_Opt,Stop sign violation,35.935,-0.258,2026-03-10 09:18:58.317434,41.69261169433594,131.09915161132812,0.0021837234962731,stop_sign_id=900
participant_04,8.0,day,Town10HD_Opt,Solid line crossing,6.292,3.278,2026-03-10 09:19:01.151053,80.79507446289062,69.71611785888672,0.0019793701358139,Solid line crossing
participant_03,10.0,day,Town10HD_Opt,Solid line crossing,49.801,-0.559,2026-03-10 09:19:04.894162,16.623516082763672,130.0123748779297,0.0019278716063126,Solid line crossing
participant_04,8.0,day,Town10HD_Opt,Solid line crossing,18.257,5.148,2026-03-10 09:19:12.931831,100.3846435546875,79.05583190917969,0.0021059799473732,Solid line crossing
participant_06,6.0,day,Town10HD_Opt,Stop sign violation,34.934,-3.097,2026-03-10 09:19:22.620013,-42.18058395385742,107.87742614746094,0.0019839857704937,stop_sign_id=1120
participant_04,8.0,day,Town10HD_Opt,Solid line crossing,20.565,-0.129,2026-03-10 09:19:32.694262,6.554980278015137,130.7453155517578,0.0021393585484474,Solid line crossing
participant_04,8.0,day,Town10HD_Opt,Solid line crossing,26.689,0.303,2026-03-10 09:19:37.513369,-12.360845565795898,130.47314453125,0.0018178557511419,Solid line crossing
participant_06,6.0,day,Town10HD_Opt,Stop sign violation,19.12,-2.41,2026-03-10 09:19:42.738188,-2.8409762382507324,70.12428283691406,0.0018997192382812,stop_sign_id=946
participant_04,8.0,day,Town10HD_Opt,Solid line crossing,16.392,-21.261,2026-03-10 09:19:57.472431,-35.064605712890625,79.86643981933594,0.151702418923378,Solid line crossing
participant_05,8.0,day,Town10HD_Opt,Solid line crossing,12.293,-9.275,2026-03-10 09:30:26.436342,46.973426818847656,48.73857879638672,0.0019681549165397,Solid line crossing
participant_06,7.0,day,Town10HD_Opt,Solid line crossing,20.336,-19.201,2026-03-10 09:30:31.429188,44.878662109375,65.21294403076172,0.002120513934642,Solid line crossing
participant_05,8.0,day,Town10HD_Opt,Solid line crossing,10.934,19.193,2026-03-10 09:30:32.548770,50.198055267333984,30.247690200805664,0.0020414732862263,Solid line crossing
participant_05,8.0,day,Town10HD_Opt,Solid line crossing,12.596,-0.113,2026-03-10 09:31:18.105644,105.34901428222656,10.528790473937988,0.0020503234118223,Solid line crossing
participant_06,7.0,day,Town10HD_Opt,Solid line crossing,20.137,-10.978,2026-03-10 09:31:19.516678,102.08138275146484,17.77650260925293,0.0022300337441265,Solid line crossing
participant_05,8.0,day,Town10HD_Opt,Solid line crossing,35.564,-6.128,2026-03-10 09:31:29.218824,100.44432067871094,-47.02680969238281,0.0020666122436523,Solid line crossing
participant_06,7.0,day,Town10HD_Opt,Vehicle collision,40.902,-5.033,2026-03-10 09:31:33.651474,87.30950164794922,-60.37554168701172,0.0019968033302575,Vehicle collision
participant_05,8.0,day,Town10HD_Opt,Solid line crossing,31.876,2.158,2026-03-10 09:31:39.924881,30.309478759765625,-66.27495574951172,0.0023318480234593,Solid line crossing
participant_06,7.0,day,Town10HD_Opt,Solid line crossing,23.328,-0.721,2026-03-10 09:31:48.248574,49.5283088684082,-68.01749420166016,0.0018531036330386,Solid line crossing
participant_04,9.0,day,Town10HD_Opt,Solid line crossing,35.358,-3.822,2026-03-10 09:31:48.924698,-76.14437103271484,-67.54450988769531,0.0018232344882562,Solid line crossing
participant_05,8.0,day,Town10HD_Opt,Harsh braking,14.926,0.376,2026-03-10 09:31:52.963866,-21.502838134765625,-65.15150451660156,0.0020298766903579,decel_mps2=6.1
participant_06,7.0,day,Town10HD_Opt,Solid line crossing,51.825,-3.641,2026-03-10 09:31:55.972363,-0.3557491600513458,-66.6363296508789,0.0018762969411909,Solid line crossing
participant_04,9.0,day,Town10HD_Opt,Solid line crossing,0.0,-1.304,2026-03-10 09:32:01.872787,-110.50615692138672,-14.659168243408203,0.0019346999470144,Solid line crossing
participant_05,8.0,day,Town10HD_Opt,Solid line crossing,0.0,-0.533,2026-03-10 09:32:04.211527,-24.91430282592773,-65.01899719238281,0.0019194793421775,Solid line crossing
participant_05,8.0,day,Town10HD_Opt,Solid line crossing,0.0,-0.533,2026-03-10 09:32:05.079304,-24.91430282592773,-65.01899719238281,0.0019194793421775,Solid line crossing
participant_06,7.0,day,Town10HD_Opt,Solid line crossing,35.21,-6.485,2026-03-10 09:32:08.167629,-92.2608413696289,-61.44260025024414,0.0015500258887186,Solid line crossing
participant_04,9.0,day,Town10HD_Opt,Harsh braking,0.001,1.269,2026-03-10 09:32:14.241781,-110.50615692138672,-14.659106254577637,0.001919021597132,decel_mps2=5.5
participant_04,9.0,day,Town10HD_Opt,Vehicle-pedestrian collision,0.001,1.269,2026-03-10 09:32:15.388344,-110.50615692138672,-14.659107208251951,0.0019189834129065,Vehicle-pedestrian collision
participant_06,7.0,day,Town10HD_Opt,Vehicle collision,2.02,-0.068,2026-03-10 09:32:23.655695,-110.15638732910156,-6.497365951538086,0.0019385910127311,Vehicle collision
participant_04,9.0,day,Town10HD_Opt,Solid line crossing,10.031,-4.164,2026-03-10 09:32:23.887382,-111.18262481689452,-8.28076457977295,0.0019650268368422,Solid line crossing
participant_05,8.0,day,Town10HD_Opt,Solid line crossing,0.659,-0.489,2026-03-10 09:32:40.384740,-111.03252410888672,-8.826148986816406,0.0019564819522202,Solid line crossing
participant_04,9.0,day,Town10HD_Opt,Harsh braking,0.006,-1.022,2026-03-10 09:32:41.243928,-111.50493621826172,-3.886509895324707,0.001919021597132,decel_mps2=5.2
participant_04,9.0,day,Town10HD_Opt,Harsh braking,24.548,-5.144,2026-03-10 09:32:53.095501,-111.6580810546875,0.2873659133911133,0.0017278289888054,decel_mps2=5.2
participant_05,8.0,day,Town10HD_Opt,Solid line crossing,9.373,-1.314,2026-03-10 09:33:03.777733,-68.29174041748047,26.019832611083984,0.002125778235495,Solid line crossing
participant_04,9.0,day,Town10HD_Opt,Solid line crossing,0.027,0.261,2026-03-10 09:33:10.387546,-68.86705780029297,28.15220069885254,0.0019712066277861,Solid line crossing
participant_05,8.0,day,Town10HD_Opt,Solid line crossing,0.0,0.634,2026-03-10 09:33:15.566713,-67.49921417236328,26.01396942138672,0.0019195555942133,Solid line crossing
participant_04,9.0,day,Town10HD_Opt,Solid line crossing,13.045,2.76,2026-03-10 09:33:25.962734,-67.65306091308594,28.173009872436523,0.0014082336565479,Solid line crossing
participant_04,9.0,day,Town10HD_Opt,Harsh braking,32.838,16.305,2026-03-10 09:33:42.539091,36.96091079711914,32.26344299316406,0.0018885420868173,decel_mps2=8.1
participant_05,8.0,day,Town10HD_Opt,Solid line crossing,6.293,1.215,2026-03-10 09:33:53.292827,40.5222053527832,42.189300537109375,0.0019794083200395,Solid line crossing
participant_04,9.0,day,Town10HD_Opt,Solid line crossing,0.006,-0.505,2026-03-10 09:33:56.806986,40.50016403198242,52.65900421142578,0.0019187163561582,Solid line crossing
participant_04,9.0,day,Town10HD_Opt,Harsh braking,31.533,10.6,2026-03-10 09:34:18.533541,88.60369110107422,118.77503967285156,0.0019323348533362,decel_mps2=4.9
participant_04,9.0,day,Town10HD_Opt,Harsh braking,19.505,-0.585,2026-03-10 09:34:32.853677,-18.12406349182129,131.32997131347656,0.0023089598398655,decel_mps2=6.4
participant_04,9.0,day,Town10HD_Opt,Vehicle collision,6.774,-0.308,2026-03-10 09:34:34.707377,-23.3841552734375,130.9136505126953,0.0020722197368741,Vehicle collision
participant_04,9.0,day,Town10HD_Opt,Stop sign violation,0.002,0.049,2026-03-10 09:34:44.741859,-23.729677200317383,130.8881378173828,0.0019189452286809,stop_sign_id=1200
participant_04,9.0,day,Town10HD_Opt,Stop sign violation,21.049,-4.992,2026-03-10 09:34:54.466348,-41.57861709594727,106.8848876953125,0.0022006987128406,stop_sign_id=1300
participant_01,3.0,day,Town10HD_Opt,Solid line crossing,34.815,-6.462,2026-03-10 09:40:39.705770,27.4040641784668,69.78923797607422,0.0022790909279137,Solid line crossing
participant_01,3.0,day,Town10HD_Opt,Stop sign violation,0.0,0.348,2026-03-10 09:41:04.876364,77.37723541259766,24.63260269165039,0.0019198989029973,stop_sign_id=1062
participant_01,3.0,day,Town10HD_Opt,Solid line crossing,20.303,-11.544,2026-03-10 09:41:13.178937,99.05630493164062,20.420684814453125,0.0022039413452148,Solid line crossing
participant_01,3.0,day,Town10HD_Opt,Solid line crossing,26.409,0.082,2026-03-10 09:41:19.476670,106.11577606201172,-2.48128342628479,0.0018497466808184,Solid line crossing
participant_01,3.0,day,Town10HD_Opt,Solid line crossing,23.191,-2.123,2026-03-10 09:41:26.729021,93.2086181640625,-53.663421630859375,0.0022104643285274,Solid line crossing
participant_01,3.0,day,Town10HD_Opt,Vehicle collision,36.159,0.315,2026-03-10 09:41:40.357706,18.27782821655273,-64.48500061035156,0.0021123122423887,Vehicle collision
participant_01,3.0,day,Town10HD_Opt,Solid line crossing,44.751,-5.531,2026-03-10 09:41:50.554524,-56.31851959228516,-66.64415740966797,0.0021388244349509,Solid line crossing
participant_01,3.0,day,Town10HD_Opt,Solid line crossing,0.0,-0.58,2026-03-10 09:42:11.186759,-110.76128387451172,-6.831332683563232,0.0019191741012036,Solid line crossing
participant_01,3.0,day,Town10HD_Opt,Stop sign violation,0.001,-0.808,2026-03-10 09:42:21.565366,-110.74138641357422,-4.8493523597717285,0.0021619796752929,stop_sign_id=1120
participant_01,3.0,day,Town10HD_Opt,Solid line crossing,25.766,0.928,2026-03-10 09:42:33.800242,-69.68488311767578,28.02777862548828,0.0017160414718091,Solid line crossing
participant_01,3.0,day,Town10HD_Opt,Solid line crossing,24.735,0.437,2026-03-10 09:42:42.972935,4.600603103637695,27.95487403869629,0.0019470977131277,Solid line crossing
participant_01,3.0,day,Town10HD_Opt,Vehicle collision,15.387,-3.033,2026-03-10 09:42:57.943004,40.16122055053711,54.70285415649414,0.0015632247086614,Vehicle collision
participant_01,3.0,day,Town10HD_Opt,Solid line crossing,18.471,13.828,2026-03-10 09:43:06.996657,88.01530456542969,69.78224182128906,0.002086334163323,Solid line crossing
participant_01,3.0,day,Town10HD_Opt,Red light violation,51.052,0.738,2026-03-10 09:43:18.858835,43.905521392822266,132.6691131591797,0.0019518660847097,Red light violation
participant_01,3.0,day,Town10HD_Opt,Vehicle-pedestrian collision,34.203,0.038,2026-03-10 09:43:32.358386,-43.62546920776367,93.26710510253906,0.0023366545792669,Vehicle-pedestrian collision
participant_01,3.0,day,Town10HD_Opt,Harsh braking,34.203,0.038,2026-03-10 09:43:32.999857,-43.62546920776367,93.26710510253906,0.0023366545792669,decel_mps2=5.5
participant_01,3.0,day,Town10HD_Opt,Solid line crossing,35.944,0.136,2026-03-10 09:43:40.999485,3.303177833557129,69.7440185546875,0.0023947523441165,Solid line crossing
participant_01,3.0,day,Town10HD_Opt,Solid line crossing,38.136,2.763,2026-03-10 09:43:59.124190,56.81583023071289,28.044538497924805,0.0019948577973991,Solid line crossing
participant_01,3.0,day,Town10HD_Opt,Solid line crossing,49.485,-6.248,2026-03-10 09:44:06.782227,105.70437622070312,9.025368690490724,0.0021090698428452,Solid line crossing
participant_01,3.0,day,Town10HD_Opt,Solid line crossing,50.247,0.672,2026-03-10 09:44:14.412370,78.82849884033203,-55.7990608215332,0.0019570158328861,Solid line crossing
participant_01,3.0,day,Town10HD_Opt,Solid line crossing,7.049,0.123,2026-03-10 09:44:28.828369,-24.00642967224121,-64.7574691772461,0.0022339629940688,Solid line crossing
participant_01,3.0,day,Town10HD_Opt,Stop sign violation,35.55,-0.526,2026-03-10 09:44:45.599612,-48.62099838256836,-41.66929244995117,0.0018096923595294,stop_sign_id=678
participant_01,3.0,day,Town10HD_Opt,Solid line crossing,15.268,-0.061,2026-03-10 09:44:53.880390,-48.81374740600586,-2.3613858222961426,0.0019705581944435,Solid line crossing
participant_01,3.0,day,Town10HD_Opt,Solid line crossing,7.935,-0.531,2026-03-10 09:45:10.221447,-51.99946975708008,95.74514770507812,0.0019850158132612,Solid line crossing
participant_04,10.0,day,Town10HD_Opt,Solid line crossing,18.152,-5.664,2026-03-10 09:45:18.215572,30.70938873291016,69.32601928710938,0.0020554733928292,Solid line crossing
participant_06,8.0,day,Town10HD_Opt,Stop sign violation,14.987,-0.839,2026-03-10 09:45:18.722385,-14.305768966674805,70.13356018066406,0.00190505979117,stop_sign_id=900
participant_05,9.0,day,Town10HD_Opt,Solid line crossing,22.419,-1.046,2026-03-10 09:45:20.189655,-5.116810321807861,69.86880493164062,0.0021667096298187,Solid line crossing
participant_04,10.0,day,Town10HD_Opt,Solid line crossing,27.487,-0.613,2026-03-10 09:45:28.188523,45.76421356201172,41.97140502929688,0.0017004407709464,Solid line crossing
participant_05,9.0,day,Town10HD_Opt,Stop sign violation,1.157,0.056,2026-03-10 09:45:30.719407,25.07524871826172,69.91326904296875,0.0018703461391851,stop_sign_id=1300
participant_05,9.0,day,Town10HD_Opt,Solid line crossing,0.07,0.127,2026-03-10 09:45:48.788837,43.81560134887695,43.3367919921875,0.0019197463989257,Solid line crossing
participant_04,10.0,day,Town10HD_Opt,Solid line crossing,0.0,0.174,2026-03-10 09:45:50.100915,82.07105255126953,25.315126419067383,0.0019191360333934,Solid line crossing
participant_06,8.0,day,Town10HD_Opt,Solid line crossing,22.334,15.921,2026-03-10 09:45:52.195320,47.29093551635742,31.321983337402344,0.0020005798432976,Solid line crossing
participant_04,10.0,day,Town10HD_Opt,Vehicle collision,0.0,-0.721,2026-03-10 09:46:05.059057,82.07105255126953,25.315126419067383,0.0019191360333934,Vehicle collision
participant_06,8.0,day,Town10HD_Opt,Stop sign violation,29.555,-1.14,2026-03-10 09:46:08.931855,107.13790130615234,3.439168930053711,0.0020482253748923,stop_sign_id=1120
participant_04,10.0,day,Town10HD_Opt,Solid line crossing,49.001,-9.914,2026-03-10 09:46:16.034760,106.58712005615234,-25.594356536865234,0.0020922848489135,Solid line crossing
participant_04,10.0,day,Town10HD_Opt,Solid line crossing,31.78,-1.892,2026-03-10 09:46:29.547060,19.55650329589844,-65.5479507446289,0.0021305843256413,Solid line crossing
participant_04,10.0,day,Town10HD_Opt,Harsh braking,2.477,0.383,2026-03-10 09:46:41.572141,-14.52468967437744,-64.75533294677734,0.0018745041452348,decel_mps2=6.7
participant_06,8.0,day,Town10HD_Opt,Solid line crossing,34.76,-4.115,2026-03-10 09:46:46.204995,-58.37976837158203,-67.77751922607422,0.0023389814887195,Solid line crossing
participant_04,10.0,day,Town10HD_Opt,Stop sign violation,34.206,-3.968,2026-03-10 09:46:57.132602,-110.00040435791016,-26.5576400756836,0.0023236072156578,stop_sign_id=1300
participant_06,8.0,day,Town10HD_Opt,Solid line crossing,28.083,-1.549,2026-03-10 09:46:58.301038,-110.61157989501952,-24.1468448638916,0.0023020934313535,Solid line crossing
participant_05,9.0,day,Town10HD_Opt,Stop sign violation,37.459,-5.125,2026-03-10 09:47:01.089098,-109.27324676513672,-38.687721252441406,0.0021251295693218,stop_sign_id=1200
participant_06,8.0,day,Town10HD_Opt,Solid line crossing,0.001,1.387,2026-03-10 09:47:09.701490,-110.50615692138672,-14.659107208251951,0.0019190978491678,Solid line crossing
participant_04,10.0,day,Town10HD_Opt,Solid line crossing,0.0,-0.783,2026-03-10 09:47:16.939401,-110.26840209960938,-7.842800617218018,0.001919288537465,Solid line crossing
participant_06,8.0,day,Town10HD_Opt,Vehicle-pedestrian collision,0.001,0.754,2026-03-10 09:47:18.894783,-110.50615692138672,-14.659107208251951,0.0019189834129065,Vehicle-pedestrian collision
participant_04,10.0,day,Town10HD_Opt,Solid line crossing,34.927,-5.931,2026-03-10 09:47:25.908420,-108.1531219482422,11.07114601135254,0.0021230312995612,Solid line crossing
participant_06,8.0,day,Town10HD_Opt,Solid line crossing,7.624,0.31,2026-03-10 09:47:29.318803,-111.34732818603516,-6.004682540893555,0.0015784072456881,Solid line crossing
participant_06,8.0,day,Town10HD_Opt,Stop sign violation,0.005,0.639,2026-03-10 09:47:46.068183,-111.50493621826172,-3.886284351348877,0.0019191360333934,stop_sign_id=1200
participant_04,10.0,day,Town10HD_Opt,Red light violation,36.186,-0.656,2026-03-10 09:47:50.235391,-53.10501480102539,25.884010314941406,0.0020032119937241,Red light violation
participant_06,8.0,day,Town10HD_Opt,Vehicle collision,34.098,-5.697,2026-03-10 09:47:54.327277,-110.96034240722656,7.205135345458984,0.001861915574409,Vehicle collision
participant_06,8.0,day,Town10HD_Opt,Solid line crossing,0.03,0.538,2026-03-10 09:48:11.252482,-68.86380004882812,28.152198791503903,0.0019232177874073,Solid line crossing
participant_04,10.0,day,Town10HD_Opt,Solid line crossing,0.025,2.694,2026-03-10 09:48:12.816543,40.77012252807617,49.38424682617188,0.0019448469392955,Solid line crossing
participant_06,8.0,day,Town10HD_Opt,Solid line crossing,13.045,2.76,2026-03-10 09:48:25.571219,-67.65306091308594,28.173009872436523,0.0014082336565479,Solid line crossing
participant_04,10.0,day,Town10HD_Opt,Stop sign violation,33.691,5.704,2026-03-10 09:48:28.709267,98.87935638427734,84.64359283447266,0.001883850665763,stop_sign_id=678
participant_04,10.0,day,Town10HD_Opt,Solid line crossing,44.976,3.921,2026-03-10 09:48:29.980984,97.941650390625,100.65143585205078,0.0019102100050076,Solid line crossing
participant_06,8.0,day,Town10HD_Opt,Solid line crossing,24.466,-0.663,2026-03-10 09:48:34.706423,-5.534217834472656,28.464677810668945,0.0022024153731763,Solid line crossing
participant_04,10.0,day,Town10HD_Opt,Solid line crossing,0.0,-0.054,2026-03-10 09:48:49.591076,-21.6295108795166,131.3065643310547,0.0019215011270716,Solid line crossing
participant_04,10.0,day,Town10HD_Opt,Solid line crossing,35.298,15.753,2026-03-10 09:49:07.937244,-35.875244140625,71.20315551757812,0.0020093536004424,Solid line crossing
participant_05,9.0,day,Town10HD_Opt,Stop sign violation,38.853,-0.432,2026-03-10 09:49:07.981341,-12.551167488098145,130.70181274414062,0.00207897182554,stop_sign_id=1120
participant_06,8.0,day,Town10HD_Opt,Vehicle-pedestrian collision,36.148,10.716,2026-03-10 09:49:11.215382,98.98799896240234,82.7638168334961,0.0018634032458066,Vehicle-pedestrian collision
participant_05,9.0,day,Town10HD_Opt,Solid line crossing,21.105,13.136,2026-03-10 09:49:23.869709,-41.34366226196289,80.59791564941406,0.0022278591059148,Solid line crossing
participant_04,10.0,day,Town10HD_Opt,Solid line crossing,20.917,-11.443,2026-03-10 09:49:23.938529,33.327369689941406,70.29740905761719,0.0019663241691887,Solid line crossing
participant_01,4.0,day,Town10HD_Opt,Solid line crossing,22.945,-0.491,2026-03-10 09:49:27.219009,-1.1695737838745115,-65.84832000732422,0.0023066711146384,Solid line crossing
participant_06,8.0,day,Town10HD_Opt,Solid line crossing,27.904,1.894,2026-03-10 09:49:32.175891,-13.947413444519045,131.69578552246094,0.0023520658724009,Solid line crossing
participant_04,10.0,day,Town10HD_Opt,Solid line crossing,25.341,8.606,2026-03-10 09:49:33.894209,50.06257247924805,30.116247177124023,0.0019044879591092,Solid line crossing
participant_05,9.0,day,Town10HD_Opt,Solid line crossing,22.901,0.86,2026-03-10 09:49:36.663302,6.168478488922119,69.66259765625,0.0022684473078697,Solid line crossing
participant_06,8.0,day,Town10HD_Opt,Harsh braking,0.007,0.143,2026-03-10 09:49:43.324776,-23.72944450378418,130.8881378173828,0.0019188689766451,decel_mps2=6.4
participant_04,10.0,day,Town10HD_Opt,Solid line crossing,0.0,-0.66,2026-03-10 09:49:47.819593,81.6986083984375,25.33742332458496,0.001919517526403,Solid line crossing
participant_06,8.0,day,Town10HD_Opt,Solid line crossing,31.582,13.848,2026-03-10 09:49:48.908425,-35.575401306152344,128.17662048339844,0.002135848859325,Solid line crossing
participant_01,4.0,day,Town10HD_Opt,Stop sign violation,36.553,-2.193,2026-03-10 09:49:54.139961,-110.51549530029295,-17.91778564453125,0.0024005889426916,stop_sign_id=754
participant_01,4.0,day,Town10HD_Opt,Vehicle collision,12.581,-12.243,2026-03-10 09:50:02.436402,-103.22248840332033,20.396114349365234,0.0019948959816247,Vehicle collision
participant_01,4.0,day,Town10HD_Opt,Red light violation,1.127,-4.228,2026-03-10 09:50:17.845238,-70.8798599243164,25.57109832763672,0.0019298553233966,Red light violation
participant_01,4.0,day,Town10HD_Opt,Solid line crossing,0.719,0.63,2026-03-10 09:50:27.035887,-69.63020324707031,25.53542900085449,0.0019358444260433,Solid line crossing
participant_01,4.0,day,Town10HD_Opt,Solid line crossing,36.051,0.696,2026-03-10 09:50:40.388333,-43.86696243286133,24.73893928527832,0.0020674895495176,Solid line crossing
participant_01,4.0,day,Town10HD_Opt,Solid line crossing,29.428,0.085,2026-03-10 09:50:50.086945,12.681065559387209,26.594512939453125,0.0021363829728215,Solid line crossing
participant_01,4.0,day,Town10HD_Opt,Solid line crossing,34.672,-16.037,2026-03-10 09:51:03.471723,41.33466339111328,60.92124557495117,0.0018490218790248,Solid line crossing
participant_01,4.0,day,Town10HD_Opt,Solid line crossing,15.182,-7.603,2026-03-10 09:51:10.601394,79.22172546386719,70.57278442382812,0.0018358611268922,Solid line crossing
participant_01,4.0,day,Town10HD_Opt,Stop sign violation,31.57,1.175,2026-03-10 09:51:31.719446,2.404785394668579,132.6119842529297,0.0021641158964484,stop_sign_id=833
participant_01,4.0,day,Town10HD_Opt,Solid line crossing,35.418,20.269,2026-03-10 09:51:38.733534,-38.614070892333984,127.29718780517578,0.0022843170445412,Solid line crossing
participant_01,4.0,day,Town10HD_Opt,Solid line crossing,29.666,3.353,2026-03-10 09:51:41.002945,-42.50089645385742,114.64234924316406,0.0021000290289521,Solid line crossing
participant_01,4.0,day,Town10HD_Opt,Solid line crossing,40.457,1.777,2026-03-10 09:51:51.749955,-1.4813413619995115,69.38816833496094,0.0023623274173587,Solid line crossing
participant_01,4.0,day,Town10HD_Opt,Solid line crossing,19.911,-0.787,2026-03-10 09:52:02.571376,44.13019943237305,45.59292984008789,0.0021879959385842,Solid line crossing
participant_01,4.0,day,Town10HD_Opt,Solid line crossing,15.157,9.471,2026-03-10 09:52:16.504018,66.28416442871094,24.74149513244629,0.0018141936743631,Solid line crossing
participant_01,4.0,day,Town10HD_Opt,Solid line crossing,48.489,-4.605,2026-03-10 09:52:32.373891,106.7923583984375,10.287593841552734,0.0020877455826848,Solid line crossing
participant_01,4.0,day,Town10HD_Opt,Solid line crossing,49.761,-0.261,2026-03-10 09:52:44.018798,59.41445541381836,-63.88511276245117,0.002085227984935,Solid line crossing
participant_01,4.0,day,Town10HD_Opt,Solid line crossing,0.0,0.336,2026-03-10 09:53:01.457805,-23.60560417175293,-64.6944351196289,0.0019189834129065,Solid line crossing
participant_06,9.0,day,Town10HD_Opt,Solid line crossing,21.861,8.329,2026-03-10 10:00:13.000055,-29.794034957885746,69.2264175415039,0.0020262144971638,Solid line crossing
participant_05,10.0,day,Town10HD_Opt,Stop sign violation,35.292,1.951,2026-03-10 10:00:19.821462,10.377779006958008,68.72451782226562,0.0018223960651084,stop_sign_id=754
participant_06,9.0,day,Town10HD_Opt,Solid line crossing,31.802,-1.243,2026-03-10 10:00:25.624546,-2.078397274017334,69.73027801513672,0.0017221831949427,Solid line crossing
participant_06,9.0,day,Town10HD_Opt,Vehicle-pedestrian collision,33.463,-0.216,2026-03-10 10:00:27.280613,4.00746488571167,69.91637420654297,0.0021257400512695,Vehicle-pedestrian collision
participant_06,9.0,day,Town10HD_Opt,Solid line crossing,1.567,-1.544,2026-03-10 10:00:35.837296,19.06800079345703,70.10444641113281,0.0018416595412418,Solid line crossing
participant_06,9.0,day,Town10HD_Opt,Stop sign violation,16.24,-10.346,2026-03-10 10:00:50.480034,34.88620376586914,68.0683822631836,0.0019807815551757,stop_sign_id=1300
participant_05,10.0,day,Town10HD_Opt,Solid line crossing,0.0,2.064,2026-03-10 10:01:06.240939,74.59008026123047,25.32138633728028,0.0019199752714484,Solid line crossing
participant_06,9.0,day,Town10HD_Opt,Vehicle-pedestrian collision,25.598,-15.617,2026-03-10 10:01:28.998354,100.95846557617188,21.39089775085449,0.0023233795072883,Vehicle-pedestrian collision
participant_05,10.0,day,Town10HD_Opt,Solid line crossing,23.718,0.794,2026-03-10 10:01:45.796245,39.55175018310547,-67.49417877197266,0.002070541260764,Solid line crossing
participant_06,9.0,day,Town10HD_Opt,Stop sign violation,26.227,-0.31,2026-03-10 10:02:01.356330,52.68181610107422,-68.17727661132812,0.0021023177541792,stop_sign_id=946
participant_06,9.0,day,Town10HD_Opt,Stop sign violation,9.517,8.277,2026-03-10 10:02:13.671820,10.997492790222168,-67.56636047363281,0.0019982529338449,stop_sign_id=833
participant_06,9.0,day,Town10HD_Opt,Solid line crossing,9.502,-1.702,2026-03-10 10:02:17.025094,6.363264083862305,-67.65321350097656,0.0018357086228206,Solid line crossing
participant_06,9.0,day,Town10HD_Opt,Harsh braking,8.451,-1.742,2026-03-10 10:02:22.656966,-8.393194198608398,-67.99146270751953,0.0020017623901367,decel_mps2=6.4
participant_06,9.0,day,Town10HD_Opt,Vehicle-pedestrian collision,20.552,0.822,2026-03-10 10:02:45.753052,-45.59882354736328,-68.56061553955078,0.0022362517192959,Vehicle-pedestrian collision
participant_06,9.0,day,Town10HD_Opt,Solid line crossing,18.029,-3.24,2026-03-10 10:02:58.532300,-73.6383285522461,-68.77535247802734,0.0021739196963608,Solid line crossing
participant_06,9.0,day,Town10HD_Opt,Solid line crossing,23.832,-0.815,2026-03-10 10:03:23.277287,-110.63096618652344,-14.56395149230957,0.0021705627441406,Solid line crossing
participant_06,9.0,day,Town10HD_Opt,Solid line crossing,0.001,0.752,2026-03-10 10:03:37.071765,-110.47982025146484,-6.128884315490723,0.0019187163561582,Solid line crossing
participant_06,9.0,day,Town10HD_Opt,Solid line crossing,0.0,1.108,2026-03-10 10:04:26.490742,-75.61632537841797,24.70873641967773,0.0019196319626644,Solid line crossing
participant_01,5.0,day,Town10HD_Opt,Solid line crossing,0.0,0.0,2026-03-10 10:04:47.228431,-41.668582916259766,89.7454833984375,0.0018127440707758,Solid line crossing
participant_01,5.0,day,Town10HD_Opt,Solid line crossing,20.055,0.026,2026-03-10 10:07:13.334231,-41.66858673095703,89.7454833984375,0.5804919004440308,Solid line crossing
participant_01,5.0,day,Town10HD_Opt,Solid line crossing,44.493,2.621,2026-03-10 10:07:43.364056,1.6329237222671509,69.51145935058594,0.0020118332467973,Solid line crossing
participant_01,5.0,day,Town10HD_Opt,Vehicle collision,0.0,1.241,2026-03-10 10:08:09.216103,79.69007873535156,27.480531692504883,0.0019197463989257,Vehicle collision
participant_01,5.0,day,Town10HD_Opt,Red light violation,34.866,-0.127,2026-03-10 10:08:46.239692,5.1735382080078125,-65.96105194091797,0.002202148316428,Red light violation
participant_01,5.0,day,Town10HD_Opt,Vehicle-pedestrian collision,0.005,0.068,2026-03-10 10:09:12.372032,-23.44541931152344,-66.0710220336914,0.0019193649059161,Vehicle-pedestrian collision
participant_01,5.0,day,Town10HD_Opt,Harsh braking,14.269,1.424,2026-03-10 10:09:36.901788,-111.11225128173828,-12.657169342041016,0.0020576475653797,decel_mps2=7.3
participant_01,5.0,day,Town10HD_Opt,Solid line crossing,0.0,-0.724,2026-03-10 10:11:16.530719,-18.27347183227539,132.3115997314453,0.0019191360333934,Solid line crossing
participant_01,5.0,day,Town10HD_Opt,Solid line crossing,18.489,1.854,2026-03-10 10:11:37.049665,1.6615018844604492,69.67964935302734,0.0022433090489357,Solid line crossing
participant_01,5.0,day,Town10HD_Opt,Solid line crossing,7.889,-0.879,2026-03-10 10:11:53.433569,24.602203369140625,70.0453109741211,0.001931152306497,Solid line crossing
participant_01,5.0,day,Town10HD_Opt,Stop sign violation,24.224,-4.027,2026-03-10 10:11:58.854666,44.82271957397461,49.21547317504883,0.0023068999871611,stop_sign_id=1200
participant_06,10.0,day,Town10HD_Opt,Harsh braking,0.018,0.364,2026-03-10 10:15:33.213089,22.42511940002441,69.99848175048828,0.0019368361681699,decel_mps2=5.7
participant_06,10.0,day,Town10HD_Opt,Solid line crossing,9.151,5.467,2026-03-10 10:16:00.092023,44.08499526977539,42.45049285888672,0.0018405532464385,Solid line crossing
participant_06,10.0,day,Town10HD_Opt,Collision,7.36,-2.038,2026-03-10 10:16:21.129396,66.25480651855469,25.205495834350582,0.001988410949707,Collision
participant_06,10.0,day,Town10HD_Opt,Vehicle collision,5.02,-0.002,2026-03-10 10:16:29.980581,79.53733825683594,24.65789031982422,0.0019671248737722,Vehicle collision
participant_06,10.0,day,Town10HD_Opt,Solid line crossing,0.001,-0.468,2026-03-10 10:16:39.099946,81.47478485107422,24.71536636352539,0.0019190596649423,Solid line crossing
participant_06,10.0,day,Town10HD_Opt,Vehicle-pedestrian collision,20.109,-4.367,2026-03-10 10:16:50.339645,99.22720336914062,22.48607444763184,0.0021499632857739,Vehicle-pedestrian collision
participant_06,10.0,day,Town10HD_Opt,Stop sign violation,21.056,0.43,2026-03-10 10:17:03.899077,107.6650848388672,-13.338135719299316,0.0020255660638213,stop_sign_id=1300
participant_06,10.0,day,Town10HD_Opt,Solid line crossing,18.168,-3.476,2026-03-10 10:17:16.622333,87.0491714477539,-62.05426025390625,0.0020621491130441,Solid line crossing
participant_06,10.0,day,Town10HD_Opt,Solid line crossing,28.545,0.498,2026-03-10 10:17:29.831023,24.3808708190918,-67.4523696899414,0.0020312117412686,Solid line crossing
participant_06,10.0,day,Town10HD_Opt,Harsh braking,10.869,-0.698,2026-03-10 10:17:37.300467,-9.053305625915527,-68.28167724609375,0.0019930265843868,decel_mps2=6.4
participant_06,10.0,day,Town10HD_Opt,Solid line crossing,11.772,0.054,2026-03-10 10:17:40.968105,-18.222734451293945,-68.24251556396484,0.0019187927246093,Solid line crossing
participant_06,10.0,day,Town10HD_Opt,Solid line crossing,29.3,0.31,2026-03-10 10:17:51.713314,-35.22651672363281,-68.28655242919922,0.0019224166171625,Solid line crossing
participant_06,10.0,day,Town10HD_Opt,Solid line crossing,31.456,-7.009,2026-03-10 10:18:08.448108,-110.97808074951172,-37.65352630615234,0.0020486449357122,Solid line crossing
participant_06,2.0,day,Town10HD_Opt,Stop sign violation,28.891,17.781,2026-03-11 10:17:57.778135,-35.55607223510742,71.17772674560547,0.0020091247279196,stop_sign_id=833
participant_06,2.0,day,Town10HD_Opt,Solid line crossing,0.0,0.0,2026-03-11 10:19:01.285735,44.37602996826172,50.00769805908203,0.0020349882543087,Solid line crossing
participant_06,2.0,day,Town10HD_Opt,Solid line crossing,0.0,0.0,2026-03-11 10:19:18.736871,44.37602996826172,50.00769805908203,0.0020349882543087,Solid line crossing
participant_06,2.0,day,Town10HD_Opt,Stop sign violation,0.0,0.0,2026-03-11 10:20:08.003840,44.37602996826172,50.00769805908203,0.0020349882543087,stop_sign_id=1062
participant_06,3.0,day,Town10HD_Opt,Stop sign violation,18.036,7.798,2026-03-11 10:29:28.739688,-41.35419464111328,80.1085205078125,0.0021066665649414,stop_sign_id=946
participant_06,3.0,day,Town10HD_Opt,Solid line crossing,18.966,-0.599,2026-03-11 10:29:42.848863,1.7583065032958984,70.24959564208984,0.002193679800257,Solid line crossing
participant_06,3.0,day,Town10HD_Opt,Solid line crossing,18.047,15.882,2026-03-11 10:30:08.875484,50.9687728881836,28.475765228271484,0.0022962188813835,Solid line crossing
participant_06,3.0,day,Town10HD_Opt,Solid line crossing,0.001,-0.092,2026-03-11 10:30:21.318496,80.92623138427734,25.33636474609375,0.0019189071608707,Solid line crossing
participant_06,3.0,day,Town10HD_Opt,Stop sign violation,26.571,4.176,2026-03-11 10:30:33.432330,105.97454071044922,-8.506963729858398,0.0018197630997747,stop_sign_id=754
participant_06,3.0,day,Town10HD_Opt,Red light violation,12.958,-4.853,2026-03-11 10:30:47.297066,73.56146240234375,-69.2757339477539,0.0019742583390325,Red light violation
participant_06,3.0,day,Town10HD_Opt,Harsh braking,45.896,-0.912,2026-03-11 10:30:51.570666,46.47774887084961,-68.65813446044922,0.0018981932662427,decel_mps2=4.9
participant_06,3.0,day,Town10HD_Opt,Solid line crossing,19.363,-0.162,2026-03-11 10:30:55.518498,20.4884033203125,-67.79711151123047,0.0021858976688236,Solid line crossing
participant_06,3.0,day,Town10HD_Opt,Solid line crossing,30.243,-3.723,2026-03-11 10:31:15.971397,-110.66095733642578,-37.14831161499024,0.0020463562104851,Solid line crossing
participant_06,3.0,day,Town10HD_Opt,Solid line crossing,0.006,-0.421,2026-03-11 10:31:28.159623,-110.66973114013672,-5.873818397521973,0.0019188689766451,Solid line crossing
participant_06,3.0,day,Town10HD_Opt,Vehicle collision,14.531,-0.322,2026-03-11 10:31:40.324427,-110.66466522216795,-4.713459968566895,0.0014022063696756,Vehicle collision
participant_06,3.0,day,Town10HD_Opt,Solid line crossing,6.035,1.436,2026-03-11 10:32:20.286567,40.82654571533203,52.4849739074707,0.0016700744163244,Solid line crossing
participant_06,3.0,day,Town10HD_Opt,Solid line crossing,0.0,0.691,2026-03-11 10:32:36.015323,87.80728149414062,70.43538665771484,0.0019190978491678,Solid line crossing
participant_06,3.0,day,Town10HD_Opt,Stop sign violation,0.0,-0.162,2026-03-11 10:32:52.603612,87.80728149414062,70.43538665771484,0.0019191741012036,stop_sign_id=678
participant_06,3.0,day,Town10HD_Opt,Vehicle collision,17.505,25.984,2026-03-11 10:33:00.833345,100.805419921875,75.20309448242188,0.0018722915556281,Vehicle collision
participant_06,3.0,day,Town10HD_Opt,Vehicle-pedestrian collision,24.326,1.485,2026-03-11 10:33:47.498456,0.930509090423584,69.70806884765625,0.0022810362279415,Vehicle-pedestrian collision
participant_06,3.0,day,Town10HD_Opt,Solid line crossing,12.899,-0.703,2026-03-11 10:33:53.936558,20.01892852783203,70.27809143066406,0.0020406723488122,Solid line crossing
participant_07,1.0,day,Town10HD_Opt,Harsh braking,3.4,3.976,2026-03-11 11:03:33.152734,72.0364761352539,24.90655517578125,0.0017558288527652,decel_mps2=4.9
participant_07,1.0,day,Town10HD_Opt,Vehicle collision,6.187,-5.337,2026-03-11 11:03:58.092557,105.60212707519533,9.349305152893066,0.0019847105722874,Vehicle collision
participant_07,1.0,day,Town10HD_Opt,Harsh braking,26.4,-4.874,2026-03-11 11:04:17.105398,99.68769073486328,-51.18607711791992,0.0019986724946647,decel_mps2=6.1
participant_07,1.0,day,Town10HD_Opt,Collision,23.48,1.384,2026-03-11 11:04:23.358070,70.54181671142578,-67.43134307861328,0.0022659301757812,Collision
participant_07,1.0,day,Town10HD_Opt,Solid line crossing,23.958,-1.05,2026-03-11 11:04:33.348032,35.289100646972656,-67.41597747802734,0.0021671676076948,Solid line crossing
participant_07,1.0,day,Town10HD_Opt,Solid line crossing,24.911,0.437,2026-03-11 11:04:43.752780,-5.318411350250244,-67.51512908935547,0.0020638273563236,Solid line crossing
participant_07,1.0,day,Town10HD_Opt,Solid line crossing,0.002,-0.616,2026-03-11 11:04:56.866534,-22.01415061950684,-68.1447525024414,0.0019189071608707,Solid line crossing
participant_07,1.0,day,Town10HD_Opt,Stop sign violation,0.006,-0.543,2026-03-11 11:05:05.800571,-22.847558975219727,-68.17276000976562,0.0019190596649423,stop_sign_id=1300
participant_07,1.0,day,Town10HD_Opt,Harsh braking,16.769,-0.895,2026-03-11 11:05:16.072663,-49.57284164428711,-69.1263427734375,0.0019475173903629,decel_mps2=8.1
participant_07,1.0,day,Town10HD_Opt,Solid line crossing,18.19,-3.902,2026-03-11 11:05:31.155683,-102.63643646240234,-54.24097442626953,0.0020814894232898,Solid line crossing
participant_07,1.0,day,Town10HD_Opt,Solid line crossing,0.0,1.283,2026-03-11 11:05:44.248620,-110.80935668945312,-18.157665252685547,0.0019196319626644,Solid line crossing
participant_07,2.0,day,Town10HD_Opt,Solid line crossing,12.349,7.506,2026-03-11 11:09:40.549954,53.24803924560547,27.93854522705078,0.0017709350213408,Solid line crossing
participant_07,2.0,day,Town10HD_Opt,Stop sign violation,9.344,3.125,2026-03-11 11:09:50.421073,72.62316131591797,24.53282928466797,0.0018869017949327,stop_sign_id=1062
participant_07,2.0,day,Town10HD_Opt,Solid line crossing,0.001,0.132,2026-03-11 11:10:04.583655,81.47489166259766,24.71536636352539,0.0019191360333934,Solid line crossing
participant_07,2.0,day,Town10HD_Opt,Stop sign violation,18.313,-8.541,2026-03-11 11:10:12.668988,91.29106903076172,25.11216926574707,0.0020650101359933,stop_sign_id=1120
participant_07,2.0,day,Town10HD_Opt,Vehicle-pedestrian collision,16.838,-3.95,2026-03-11 11:10:40.151890,90.50385284423828,-59.72726440429688,0.0018324279226362,Vehicle-pedestrian collision
participant_07,2.0,day,Town10HD_Opt,Solid line crossing,27.602,-1.669,2026-03-11 11:10:52.355935,35.843441009521484,-67.24588012695312,0.002026901114732,Solid line crossing
participant_07,2.0,day,Town10HD_Opt,Stop sign violation,0.007,0.174,2026-03-11 11:11:11.127851,-21.46320343017578,-68.23546600341797,0.0019188689766451,stop_sign_id=1120
participant_07,2.0,day,Town10HD_Opt,Vehicle-pedestrian collision,30.886,0.033,2026-03-11 11:11:19.847678,-56.820438385009766,-68.89299774169922,0.0022724152076989,Vehicle-pedestrian collision
participant_07,2.0,day,Town10HD_Opt,Stop sign violation,31.153,-4.48,2026-03-11 11:11:30.921077,-105.92271423339844,-49.34319686889648,0.0020389938727021,stop_sign_id=754
participant_07,2.0,day,Town10HD_Opt,Solid line crossing,0.659,-0.106,2026-03-11 11:12:30.313969,-66.87890625,27.827842712402344,0.0019034194992855,Solid line crossing
participant_07,3.0,day,Town10HD_Opt,Solid line crossing,16.87,-0.672,2026-03-11 11:30:14.858556,-27.64460182189941,69.431396484375,0.0019443510100245,Solid line crossing
participant_07,3.0,day,Town10HD_Opt,Solid line crossing,0.318,1.645,2026-03-11 11:30:56.004205,43.75282669067383,41.35657501220703,0.0019126510014757,Solid line crossing
participant_07,3.0,day,Town10HD_Opt,Stop sign violation,20.751,-4.348,2026-03-11 11:31:07.169987,69.49453735351562,26.489864349365234,0.0019334413809701,stop_sign_id=1062
participant_07,3.0,day,Town10HD_Opt,Vehicle collision,35.495,-2.217,2026-03-11 11:31:19.959845,107.16429138183594,-2.008547306060791,0.0016933064907789,Vehicle collision
participant_07,3.0,day,Town10HD_Opt,Solid line crossing,27.636,10.497,2026-03-11 11:31:39.781227,44.38206100463867,-64.12185668945312,0.0021119688171893,Solid line crossing
participant_07,3.0,day,Town10HD_Opt,Stop sign violation,43.268,-6.369,2026-03-11 11:31:57.748219,-95.97525787353516,-58.51703643798828,0.0019779205322265,stop_sign_id=1300
participant_07,3.0,day,Town10HD_Opt,Solid line crossing,0.007,5.316,2026-03-11 11:32:15.839230,-110.81301879882812,-13.687642097473145,0.0019187927246093,Solid line crossing
participant_07,3.0,day,Town10HD_Opt,Stop sign violation,9.156,1.72,2026-03-11 11:32:20.581425,-110.77800750732422,-13.058086395263672,0.0015777974622324,stop_sign_id=946
participant_07,3.0,day,Town10HD_Opt,Solid line crossing,22.489,-2.431,2026-03-11 11:32:31.679273,-89.274658203125,27.490373611450195,0.0022384258918464,Solid line crossing
participant_07,3.0,day,Town10HD_Opt,Stop sign violation,0.0,-0.602,2026-03-11 11:32:47.348445,-69.17359924316406,28.036285400390625,0.0019189834129065,stop_sign_id=833
participant_07,3.0,day,Town10HD_Opt,Solid line crossing,30.26,11.566,2026-03-11 11:33:41.480023,97.47028350830078,77.08973693847656,0.0019337083213031,Solid line crossing
participant_07,3.0,day,Town10HD_Opt,Stop sign violation,17.201,9.974,2026-03-11 11:33:48.289502,94.85488891601562,107.93800354003906,0.0019277188694104,stop_sign_id=678
participant_07,3.0,day,Town10HD_Opt,Solid line crossing,39.413,-0.317,2026-03-11 11:34:07.189589,-5.608711242675781,130.83389282226562,0.0019980622455477,Solid line crossing
participant_07,3.0,day,Town10HD_Opt,Solid line crossing,9.921,-0.468,2026-03-11 11:34:39.617971,15.383641242980955,69.73025512695312,0.0020139692351222,Solid line crossing
participant_08,1.0,day,Town10HD_Opt,Solid line crossing,11.495,10.689,2026-03-11 11:36:41.652522,-1.5693588256835938,68.05813598632812,0.0018428423209115,Solid line crossing
participant_08,1.0,day,Town10HD_Opt,Vehicle collision,12.143,-2.572,2026-03-11 11:36:53.468488,29.64528083801269,69.14305114746094,0.0019804760813713,Vehicle collision
participant_08,1.0,day,Town10HD_Opt,Stop sign violation,15.551,-6.251,2026-03-11 11:37:03.954654,45.28635025024414,51.01820373535156,0.0019881054759025,stop_sign_id=754
participant_08,1.0,day,Town10HD_Opt,Stop sign violation,0.0,1.13,2026-03-11 11:37:26.403316,74.59008026123047,25.32138633728028,0.0019199752714484,stop_sign_id=678
participant_08,1.0,day,Town10HD_Opt,Solid line crossing,24.638,-7.962,2026-03-11 11:37:55.257035,108.6772232055664,-29.15605735778809,0.0019260410917922,Solid line crossing
participant_08,1.0,day,Town10HD_Opt,Harsh braking,5.339,-0.193,2026-03-11 11:38:52.660648,-111.17803192138672,-10.0930757522583,0.0019015121506527,decel_mps2=6.7
participant_08,1.0,day,Town10HD_Opt,Harsh braking,0.027,-0.684,2026-03-11 11:39:01.756265,-111.3785629272461,-7.4494853019714355,0.0019109344575554,decel_mps2=4.9
participant_08,1.0,day,Town10HD_Opt,Solid line crossing,29.273,-0.712,2026-03-11 11:39:25.373864,-62.21695327758789,27.60953521728516,0.0016919339541345,Solid line crossing
participant_08,1.0,day,Town10HD_Opt,Solid line crossing,24.854,5.626,2026-03-11 11:39:37.015443,22.05212783813477,28.24667358398437,0.0020557402167469,Solid line crossing
participant_08,1.0,day,Town10HD_Opt,Stop sign violation,4.394,1.333,2026-03-11 11:40:03.919963,81.72706604003906,70.48491668701172,0.0019611737225204,stop_sign_id=754
participant_08,1.0,day,Town10HD_Opt,Solid line crossing,1.28,0.486,2026-03-11 11:40:07.925630,83.81471252441406,70.42667388916016,0.001931304926984,Solid line crossing
participant_08,1.0,day,Town10HD_Opt,Solid line crossing,44.025,-5.607,2026-03-11 11:40:26.828902,51.69913101196289,130.45965576171875,0.0019050985574722,Solid line crossing
participant_08,1.0,day,Town10HD_Opt,Stop sign violation,21.256,-2.494,2026-03-11 11:40:49.970968,-41.4643783569336,105.37023162841795,0.0019752886146306,stop_sign_id=1200
participant_08,2.0,day,Town10HD_Opt,Solid line crossing,20.117,-0.254,2026-03-11 11:45:18.323080,-41.66748428344727,87.54084014892578,0.0017077636439353,Solid line crossing
participant_07,4.0,day,Town10HD_Opt,Stop sign violation,18.898,4.874,2026-03-11 11:45:20.151627,-16.244850158691406,68.99250793457031,0.0020349503029137,stop_sign_id=1300
participant_08,2.0,day,Town10HD_Opt,Solid line crossing,2.575,-0.472,2026-03-11 11:46:15.334713,80.9584732055664,25.33652114868164,0.0018051146762445,Solid line crossing
participant_07,4.0,day,Town10HD_Opt,Solid line crossing,19.25,-0.846,2026-03-11 11:46:50.002244,106.84666442871094,1.931162476539612,0.0019977188203483,Solid line crossing
participant_07,4.0,day,Town10HD_Opt,Solid line crossing,19.25,-0.846,2026-03-11 11:46:50.588615,106.84666442871094,1.931162476539612,0.0019977188203483,Solid line crossing
participant_07,4.0,day,Town10HD_Opt,Vehicle-pedestrian collision,21.347,-3.879,2026-03-11 11:47:03.187259,106.4388656616211,-39.19296646118164,0.0020816421601921,Vehicle-pedestrian collision
participant_07,4.0,day,Town10HD_Opt,Solid line crossing,18.338,1.753,2026-03-11 11:47:16.680567,55.50196075439453,-68.6144027709961,0.0020492933690547,Solid line crossing
participant_07,4.0,day,Town10HD_Opt,Solid line crossing,23.958,-1.05,2026-03-11 11:47:22.287131,35.289100646972656,-67.41597747802734,0.0021671676076948,Solid line crossing
participant_07,4.0,day,Town10HD_Opt,Solid line crossing,18.202,-2.033,2026-03-11 11:47:23.606853,31.58442115783692,-67.24240112304688,0.0022367094643414,Solid line crossing
participant_07,4.0,day,Town10HD_Opt,Solid line crossing,17.825,0.501,2026-03-11 11:47:35.565444,-14.107630729675291,-67.87938690185547,0.0020497513469308,Solid line crossing
participant_07,4.0,day,Town10HD_Opt,Solid line crossing,0.007,-0.388,2026-03-11 11:47:44.658036,-22.01391792297364,-68.1447525024414,0.0019188307924196,Solid line crossing
participant_08,2.0,day,Town10HD_Opt,Vehicle collision,35.877,-7.066,2026-03-11 11:47:44.747264,-73.05182647705078,31.390819549560547,0.0034181212540715,Vehicle collision
participant_07,4.0,day,Town10HD_Opt,Harsh braking,0.001,-0.627,2026-03-11 11:47:56.566785,-22.8475341796875,-68.17276000976562,0.0019188689766451,decel_mps2=8.1
participant_08,2.0,day,Town10HD_Opt,Solid line crossing,14.61,13.86,2026-03-11 11:48:03.631986,39.415000915527344,35.24270248413086,0.0020465468987822,Solid line crossing
participant_07,4.0,day,Town10HD_Opt,Stop sign violation,19.789,-0.707,2026-03-11 11:48:10.257269,-66.19849395751953,-68.68301391601562,0.0019967651460319,stop_sign_id=1050
participant_08,2.0,day,Town10HD_Opt,Solid line crossing,27.713,-0.773,2026-03-11 11:48:20.077123,61.41828918457031,70.85115051269531,0.0017652892274782,Solid line crossing
participant_07,4.0,day,Town10HD_Opt,Harsh braking,18.19,-3.902,2026-03-11 11:48:20.391546,-102.63643646240234,-54.24097442626953,0.0020814894232898,decel_mps2=6.4
participant_08,2.0,day,Town10HD_Opt,Vehicle collision,0.0,-0.493,2026-03-11 11:48:27.822460,87.80728149414062,70.43538665771484,0.0019190978491678,Vehicle collision
participant_07,4.0,day,Town10HD_Opt,Solid line crossing,0.132,0.975,2026-03-11 11:48:33.855686,-110.8084716796875,-18.148832321166992,0.0019150542793795,Solid line crossing
participant_08,2.0,day,Town10HD_Opt,Harsh braking,25.399,-2.2,2026-03-11 11:48:59.505307,93.2220458984375,117.1018295288086,0.0020246123895049,decel_mps2=4.9
participant_08,2.0,day,Town10HD_Opt,Vehicle collision,22.051,-0.71,2026-03-11 11:49:12.303027,24.23210334777832,129.21249389648438,0.0022655867505818,Vehicle collision
participant_08,2.0,day,Town10HD_Opt,Solid line crossing,29.186,0.313,2026-03-11 11:49:16.889893,8.409958839416504,129.63316345214844,0.0016683959402143,Solid line crossing
participant_08,2.0,day,Town10HD_Opt,Harsh braking,31.661,-1.803,2026-03-11 11:49:29.357955,-43.143367767333984,93.76229095458984,0.0020734022837132,decel_mps2=6.4
participant_08,2.0,day,Town10HD_Opt,Vehicle collision,16.86,-0.491,2026-03-11 11:49:43.385525,13.085115432739258,70.16425323486328,0.0016551208682358,Vehicle collision
participant_08,2.0,day,Town10HD_Opt,Vehicle collision,27.645,-25.597,2026-03-11 11:49:53.367108,46.62691116333008,63.50399398803711,0.0024324797559529,Vehicle collision
participant_08,3.0,day,Town10HD_Opt,Solid line crossing,25.295,-0.47,2026-03-11 12:00:15.687451,-41.60025787353516,83.1199722290039,0.0019139861688017,Solid line crossing
participant_08,3.0,day,Town10HD_Opt,Solid line crossing,27.667,21.04,2026-03-11 12:00:18.026628,-39.84357452392578,75.0262222290039,0.0018669128185138,Solid line crossing
participant_07,5.0,day,Town10HD_Opt,Solid line crossing,5.05,0.002,2026-03-11 12:00:21.658023,25.637243270874023,70.01060485839844,0.0019992827437818,Solid line crossing
participant_08,3.0,day,Town10HD_Opt,Vehicle collision,23.05,0.235,2026-03-11 12:00:27.401991,-3.768549919128418,71.60649871826172,0.0019655609503388,Vehicle collision
participant_08,3.0,day,Town10HD_Opt,Harsh braking,17.726,-9.279,2026-03-11 12:00:35.873396,31.12728881835937,68.90680694580078,0.0020619581919163,decel_mps2=5.2
participant_08,3.0,day,Town10HD_Opt,Solid line crossing,27.339,17.314,2026-03-11 12:00:49.547708,50.16119384765625,28.919376373291016,0.0020202253945171,Solid line crossing
participant_08,3.0,day,Town10HD_Opt,Solid line crossing,0.008,0.376,2026-03-11 12:00:57.388656,81.48314666748047,25.698381423950195,0.001928481971845,Solid line crossing
participant_07,5.0,day,Town10HD_Opt,Stop sign violation,0.002,0.841,2026-03-11 12:01:00.692465,68.19656372070312,28.189010620117188,0.0019191741012036,stop_sign_id=1300
participant_07,5.0,day,Town10HD_Opt,Vehicle collision,4.941,3.007,2026-03-11 12:01:07.401962,68.758544921875,28.30397224426269,0.0018123245099559,Vehicle collision
participant_08,3.0,day,Town10HD_Opt,Solid line crossing,0.001,1.678,2026-03-11 12:01:12.001573,81.48503112792969,25.69841957092285,0.0019191360333934,Solid line crossing
participant_07,5.0,day,Town10HD_Opt,Solid line crossing,32.228,-16.632,2026-03-11 12:01:21.076331,105.73855590820312,17.428897857666016,0.002007903996855,Solid line crossing
participant_08,3.0,day,Town10HD_Opt,Solid line crossing,26.813,3.638,2026-03-11 12:01:23.699434,105.61531829833984,5.773634910583496,0.001984252827242,Solid line crossing
participant_07,5.0,day,Town10HD_Opt,Solid line crossing,35.37,-2.12,2026-03-11 12:01:38.849214,62.78859329223633,-65.80806732177734,0.0020964432042092,Solid line crossing
participant_07,5.0,day,Town10HD_Opt,Solid line crossing,36.044,0.258,2026-03-11 12:01:44.511517,20.269750595092773,-66.52459716796875,0.0023346708621829,Solid line crossing
participant_07,5.0,day,Town10HD_Opt,Solid line crossing,14.4,-0.146,2026-03-11 12:01:54.811485,-11.34598445892334,-67.6166763305664,0.0019962692167609,Solid line crossing
participant_07,5.0,day,Town10HD_Opt,Solid line crossing,37.766,-5.763,2026-03-11 12:02:06.250463,-99.04764556884766,-53.75627136230469,0.0021541595924645,Solid line crossing
participant_07,5.0,day,Town10HD_Opt,Vehicle collision,0.008,0.167,2026-03-11 12:02:23.343691,-110.4499282836914,-5.052573204040527,0.0019261168781667,Vehicle collision
participant_08,3.0,day,Town10HD_Opt,Solid line crossing,0.0,-0.787,2026-03-11 12:02:33.572594,-110.9852523803711,-4.97052526473999,0.0019189834129065,Solid line crossing
participant_07,5.0,day,Town10HD_Opt,Solid line crossing,16.398,0.414,2026-03-11 12:02:37.365167,-110.45803833007812,-3.848723888397217,0.0014043045230209,Solid line crossing
participant_08,3.0,day,Town10HD_Opt,Solid line crossing,28.758,-9.425,2026-03-11 12:02:47.371278,-110.1523895263672,10.275959014892578,0.0020808791741728,Solid line crossing
participant_07,5.0,day,Town10HD_Opt,Solid line crossing,11.113,-0.033,2026-03-11 12:02:49.045690,-73.34471893310547,27.93897247314453,0.0019937134347856,Solid line crossing
participant_07,5.0,day,Town10HD_Opt,Solid line crossing,0.06,0.136,2026-03-11 12:02:56.172343,-67.79032897949219,27.94974708557129,0.0019198989029973,Solid line crossing
participant_07,5.0,day,Town10HD_Opt,Solid line crossing,15.173,-0.456,2026-03-11 12:03:12.362743,23.58906364440918,28.319000244140625,0.0020235062111169,Solid line crossing
participant_07,5.0,day,Town10HD_Opt,Solid line crossing,28.716,16.272,2026-03-11 12:03:17.164828,37.6333236694336,34.4647216796875,0.0017061996040865,Solid line crossing
participant_08,3.0,day,Town10HD_Opt,Solid line crossing,15.075,11.907,2026-03-11 12:03:22.511166,40.28895568847656,42.95236587524414,0.0019783782772719,Solid line crossing
participant_07,5.0,day,Town10HD_Opt,Harsh braking,13.507,-0.813,2026-03-11 12:03:25.715787,40.48696517944336,52.96484375,0.0015005874447524,decel_mps2=6.1
participant_07,5.0,day,Town10HD_Opt,Stop sign violation,17.098,0.251,2026-03-11 12:03:35.461590,69.83753204345703,70.20487976074219,0.0019469832768663,stop_sign_id=1200
participant_07,5.0,day,Town10HD_Opt,Stop sign violation,31.272,5.988,2026-03-11 12:04:09.347222,-28.875389099121094,129.7777862548828,0.0022666549775749,stop_sign_id=900
participant_07,6.0,day,Town10HD_Opt,Solid line crossing,17.39,-0.016,2026-03-11 12:15:14.487104,17.474119186401367,69.96598815917969,0.0017684173071756,Solid line crossing
participant_08,4.0,day,Town10HD_Opt,Solid line crossing,27.074,1.149,2026-03-11 12:15:15.692669,-1.01679527759552,70.12380981445312,0.0022185896523296,Solid line crossing
participant_07,6.0,day,Town10HD_Opt,Solid line crossing,17.768,-1.361,2026-03-11 12:15:27.797824,47.17232131958008,46.14931106567383,0.001749305636622,Solid line crossing
participant_08,4.0,day,Town10HD_Opt,Vehicle collision,14.315,-4.933,2026-03-11 12:15:31.553060,32.640357971191406,69.48212432861328,0.0020385740790516,Vehicle collision
participant_08,4.0,day,Town10HD_Opt,Harsh braking,7.496,-12.697,2026-03-11 12:15:36.218431,39.97039413452149,66.22962951660156,0.0019687269814312,decel_mps2=5.7
participant_07,6.0,day,Town10HD_Opt,Solid line crossing,0.138,5.482,2026-03-11 12:15:40.110280,52.07647705078125,28.65884017944336,0.0019198226509615,Solid line crossing
participant_08,4.0,day,Town10HD_Opt,Stop sign violation,9.513,6.31,2026-03-11 12:15:47.687507,44.55786895751953,39.83361053466797,0.0020040511153638,stop_sign_id=1200
participant_07,6.0,day,Town10HD_Opt,Solid line crossing,0.0,0.411,2026-03-11 12:15:55.625353,69.01659393310547,24.13434600830078,0.0019194030901417,Solid line crossing
participant_08,4.0,day,Town10HD_Opt,Solid line crossing,2.667,0.515,2026-03-11 12:16:04.518329,77.87418365478516,25.70937728881836,0.0019359969301149,Solid line crossing
participant_07,6.0,day,Town10HD_Opt,Harsh braking,35.862,-16.161,2026-03-11 12:16:15.363065,99.4419403076172,22.1181640625,0.0020607374608516,decel_mps2=6.7
participant_07,6.0,day,Town10HD_Opt,Solid line crossing,26.817,-4.214,2026-03-11 12:17:26.480367,-108.640380859375,-31.47593879699707,0.0021178817842155,Solid line crossing
participant_08,4.0,day,Town10HD_Opt,Solid line crossing,7.138,-0.021,2026-03-11 12:17:46.917305,-70.88416290283203,27.892736434936523,0.0019873427227139,Solid line crossing
participant_07,6.0,day,Town10HD_Opt,Solid line crossing,19.662,0.477,2026-03-11 12:17:52.295670,-111.02117156982422,-5.622416973114014,0.0017210769001394,Solid line crossing
participant_08,4.0,day,Town10HD_Opt,Solid line crossing,51.903,-0.031,2026-03-11 12:17:56.496715,-44.088523864746094,28.1550521850586,0.0019041061168536,Solid line crossing
participant_08,4.0,day,Town10HD_Opt,Solid line crossing,23.559,9.124,2026-03-11 12:18:11.223259,29.57446479797364,28.74901390075684,0.0018978499574586,Solid line crossing
participant_08,4.0,day,Town10HD_Opt,Stop sign violation,7.226,-36.434,2026-03-11 12:18:29.616143,52.689598083496094,72.50908660888672,0.0018589401151984,stop_sign_id=946
participant_07,6.0,day,Town10HD_Opt,Vehicle collision,30.706,-0.216,2026-03-11 12:18:33.102085,-8.48183822631836,27.680315017700195,0.0020772169809788,Vehicle collision
participant_08,4.0,day,Town10HD_Opt,Harsh braking,23.884,1.753,2026-03-11 12:18:40.325244,77.34384155273438,69.91461944580078,0.0018049621721729,decel_mps2=5.5
participant_08,4.0,day,Town10HD_Opt,Solid line crossing,44.773,4.004,2026-03-11 12:18:55.236760,66.59273529052734,130.79986572265625,0.001928977901116,Solid line crossing
participant_07,6.0,day,Town10HD_Opt,Harsh braking,24.446,0.101,2026-03-11 12:18:59.340805,40.58563995361328,53.65690612792969,0.0018790817121043,decel_mps2=6.4
participant_07,6.0,day,Town10HD_Opt,Solid line crossing,6.989,1.1,2026-03-11 12:19:10.144779,78.60090637207031,69.88654327392578,0.0019940948113799,Solid line crossing
participant_08,4.0,day,Town10HD_Opt,Solid line crossing,4.547,0.884,2026-03-11 12:19:14.081195,-21.231969833374023,130.45306396484375,0.0019627378787845,Solid line crossing
participant_07,6.0,day,Town10HD_Opt,Stop sign violation,7.562,0.388,2026-03-11 12:19:16.758590,83.43736267089844,69.76122283935547,0.001721115084365,stop_sign_id=678
participant_08,4.0,day,Town10HD_Opt,Stop sign violation,34.934,-3.097,2026-03-11 12:19:23.319997,-42.18058395385742,107.87742614746094,0.0019839857704937,stop_sign_id=946
participant_07,6.0,day,Town10HD_Opt,Solid line crossing,23.123,13.056,2026-03-11 12:19:27.941070,77.38993835449219,129.03326416015625,0.0022954940795898,Solid line crossing
participant_07,6.0,day,Town10HD_Opt,Solid line crossing,26.568,-0.714,2026-03-11 12:19:38.553623,5.321183204650879,132.7949981689453,0.001758499071002,Solid line crossing
participant_08,4.0,day,Town10HD_Opt,Solid line crossing,19.12,-2.41,2026-03-11 12:19:42.453336,-2.8409762382507324,70.12428283691406,0.0018997192382812,Solid line crossing
participant_08,4.0,day,Town10HD_Opt,Solid line crossing,8.641,0.073,2026-03-11 12:19:49.564935,23.245540618896484,69.9124526977539,0.0020036315545439,Solid line crossing
participant_08,5.0,day,Town10HD_Opt,Harsh braking,30.248,0.305,2026-03-11 12:30:16.993504,8.11904239654541,69.79267120361328,0.0019966124091297,decel_mps2=7.9
participant_08,5.0,day,Town10HD_Opt,Solid line crossing,23.188,-0.595,2026-03-11 12:30:28.134083,29.56232261657715,69.87370300292969,0.0017703246558085,Solid line crossing
participant_08,5.0,day,Town10HD_Opt,Solid line crossing,19.998,16.035,2026-03-11 12:30:40.638180,45.34627914428711,34.5866813659668,0.0022130203433334,Solid line crossing
participant_08,5.0,day,Town10HD_Opt,Solid line crossing,13.342,16.833,2026-03-11 12:30:42.424021,48.97496795654297,30.3725528717041,0.001988410949707,Solid line crossing
participant_08,5.0,day,Town10HD_Opt,Solid line crossing,9.658,3.297,2026-03-11 12:30:53.373853,75.81441497802734,25.33863067626953,0.0020032881293445,Solid line crossing
participant_07,7.0,day,Town10HD_Opt,Solid line crossing,10.522,2.591,2026-03-11 12:31:27.635455,74.93525695800781,24.522350311279297,0.0018905638717114,Solid line crossing
participant_07,7.0,day,Town10HD_Opt,Vehicle-pedestrian collision,0.006,-0.371,2026-03-11 12:31:40.684959,81.47493743896484,24.71536636352539,0.0019188307924196,Vehicle-pedestrian collision
participant_07,7.0,day,Town10HD_Opt,Harsh braking,15.937,-3.745,2026-03-11 12:31:50.787929,101.96031951904295,20.910375595092773,0.0020024108234792,decel_mps2=7.3
participant_07,7.0,day,Town10HD_Opt,Collision,20.307,-1.055,2026-03-11 12:32:03.324778,107.62337493896484,-8.510176658630371,0.0020240400917828,Collision
participant_07,7.0,day,Town10HD_Opt,Stop sign violation,23.585,-2.203,2026-03-11 12:32:11.664522,99.95765686035156,-50.30829620361328,0.0020794295705854,stop_sign_id=1300
participant_07,7.0,day,Town10HD_Opt,Vehicle collision,18.168,-3.476,2026-03-11 12:32:16.759795,87.0491714477539,-62.05426025390625,0.0020621491130441,Vehicle collision
participant_07,7.0,day,Town10HD_Opt,Vehicle-pedestrian collision,25.694,-0.9,2026-03-11 12:32:25.184772,52.86813735961914,-67.55384826660156,0.0020292662084102,Vehicle-pedestrian collision
participant_07,7.0,day,Town10HD_Opt,Stop sign violation,10.684,0.061,2026-03-11 12:32:38.294225,-11.518346786499023,-68.2686538696289,0.0019104003440588,stop_sign_id=1300
participant_07,7.0,day,Town10HD_Opt,Solid line crossing,33.549,0.31,2026-03-11 12:32:53.150805,-42.530853271484375,-68.42461395263672,0.0019418334122747,Solid line crossing
participant_07,7.0,day,Town10HD_Opt,Solid line crossing,0.002,0.045,2026-03-11 12:33:21.993227,-110.77642059326172,-5.055819511413574,0.0019189834129065,Solid line crossing
participant_07,7.0,day,Town10HD_Opt,Red light violation,3.417,10.338,2026-03-11 12:34:28.915971,36.24625396728516,31.519481658935547,0.0020507811568677,Red light violation
participant_08,6.0,day,Town10HD_Opt,Stop sign violation,14.649,-0.035,2026-03-11 12:45:18.279282,7.114341735839844,69.97418975830078,0.0020249555818736,stop_sign_id=1200
participant_08,6.0,day,Town10HD_Opt,Solid line crossing,0.055,-0.002,2026-03-11 12:45:26.322604,24.83679580688477,70.06145477294922,0.0020423887763172,Solid line crossing
participant_08,6.0,day,Town10HD_Opt,Harsh braking,22.938,-3.596,2026-03-11 12:45:40.689108,44.68269729614258,56.2140998840332,0.0019545746035873,decel_mps2=6.1
participant_07,8.0,day,Town10HD_Opt,Harsh braking,15.332,-1.953,2026-03-11 12:45:48.449761,68.72265625,28.26847648620605,0.0017897414509207,decel_mps2=6.7
participant_07,8.0,day,Town10HD_Opt,Solid line crossing,0.006,0.858,2026-03-11 12:46:01.961907,68.19676971435547,28.18901634216309,0.0019187927246093,Solid line crossing
participant_07,8.0,day,Town10HD_Opt,Harsh braking,4.147,-2.438,2026-03-11 12:46:13.064600,71.86408233642578,28.67807579040528,0.0018262099474668,decel_mps2=8.1
participant_07,8.0,day,Town10HD_Opt,Solid line crossing,30.59,-7.195,2026-03-11 12:46:20.947101,102.19361114501952,21.489965438842773,0.002072105417028,Solid line crossing
participant_07,8.0,day,Town10HD_Opt,Vehicle collision,36.716,-0.418,2026-03-11 12:46:40.832968,48.709354400634766,-66.1585464477539,0.0019279861589893,Vehicle collision
participant_07,8.0,day,Town10HD_Opt,Solid line crossing,15.047,0.193,2026-03-11 12:46:51.171850,-1.4696815013885498,-67.29617309570312,0.0016436385922133,Solid line crossing
participant_07,8.0,day,Town10HD_Opt,Solid line crossing,49.567,-1.168,2026-03-11 12:47:00.320849,-55.111629486083984,-66.10324096679688,0.0020291518885642,Solid line crossing
participant_08,6.0,day,Town10HD_Opt,Vehicle-pedestrian collision,49.267,-5.21,2026-03-11 12:47:04.862464,-96.62828063964844,-58.73188400268555,0.0020502090919762,Vehicle-pedestrian collision
participant_07,8.0,day,Town10HD_Opt,Harsh braking,37.766,-5.763,2026-03-11 12:47:06.935140,-99.04764556884766,-53.75627136230469,0.0021541595924645,decel_mps2=4.9
participant_07,8.0,day,Town10HD_Opt,Harsh braking,0.006,-0.115,2026-03-11 12:47:26.796671,-110.4499282836914,-5.0519561767578125,0.0019189452286809,decel_mps2=5.2
participant_08,6.0,day,Town10HD_Opt,Stop sign violation,0.039,1.093,2026-03-11 12:47:32.446296,-110.89127349853516,-5.440486431121826,0.0019196319626644,stop_sign_id=833
participant_07,8.0,day,Town10HD_Opt,Solid line crossing,0.0,-0.223,2026-03-11 12:47:32.852743,-110.4499282836914,-5.051440238952637,0.0019190596649423,Solid line crossing
participant_08,6.0,day,Town10HD_Opt,Stop sign violation,13.189,0.005,2026-03-11 12:47:46.033753,-72.21063995361328,25.83039665222168,0.0020424649119377,stop_sign_id=946
participant_07,8.0,day,Town10HD_Opt,Solid line crossing,11.376,-1.147,2026-03-11 12:47:47.246300,-77.44517517089844,27.89361000061035,0.0020274352282285,Solid line crossing
participant_07,8.0,day,Town10HD_Opt,Solid line crossing,2.964,-0.056,2026-03-11 12:47:54.780133,-67.8785400390625,27.94959259033203,0.0019475936423987,Solid line crossing
participant_07,8.0,day,Town10HD_Opt,Stop sign violation,0.037,0.11,2026-03-11 12:47:58.906884,-67.77462768554688,27.949743270874023,0.0019193649059161,stop_sign_id=678
participant_08,6.0,day,Town10HD_Opt,Harsh braking,28.446,1.518,2026-03-11 12:48:02.990808,-34.79897689819336,26.8711166381836,0.0021342465188354,decel_mps2=6.7
participant_07,8.0,day,Town10HD_Opt,Red light violation,33.808,-0.052,2026-03-11 12:48:10.017562,11.33616065979004,28.094194412231445,0.0023643111344426,Red light violation
participant_08,6.0,day,Town10HD_Opt,Solid line crossing,18.84,-0.146,2026-03-11 12:48:12.670765,22.92723274230957,28.21808624267578,0.002071991097182,Solid line crossing
participant_07,8.0,day,Town10HD_Opt,Stop sign violation,18.506,17.117,2026-03-11 12:48:16.478357,35.08719253540039,31.50461769104004,0.0018618011381477,stop_sign_id=1200
participant_08,6.0,day,Town10HD_Opt,Solid line crossing,17.987,-12.049,2026-03-11 12:48:27.874373,41.58074951171875,59.71432113647461,0.0020484921988099,Solid line crossing
participant_07,8.0,day,Town10HD_Opt,Solid line crossing,34.157,-6.497,2026-03-11 12:48:32.017384,55.92728042602539,70.52137756347656,0.0019931029528379,Solid line crossing
participant_07,8.0,day,Town10HD_Opt,Harsh braking,34.157,-6.497,2026-03-11 12:48:32.588525,55.92728042602539,70.52137756347656,0.0019931029528379,decel_mps2=6.1
participant_08,6.0,day,Town10HD_Opt,Solid line crossing,16.075,-1.624,2026-03-11 12:48:35.458611,72.9482650756836,70.42208099365234,0.0019881054759025,Solid line crossing
participant_07,8.0,day,Town10HD_Opt,Solid line crossing,8.644,1.871,2026-03-11 12:48:40.056256,81.41027069091797,69.80931091308594,0.0018798827659338,Solid line crossing
participant_08,6.0,day,Town10HD_Opt,Solid line crossing,39.286,-0.096,2026-03-11 12:49:11.853630,-5.355573654174805,129.8363494873047,0.0019673921633511,Solid line crossing
participant_08,6.0,day,Town10HD_Opt,Vehicle-pedestrian collision,34.413,16.233,2026-03-11 12:49:23.283209,-34.43472671508789,128.43833923339844,0.0018895723624154,Vehicle-pedestrian collision
participant_08,6.0,day,Town10HD_Opt,Solid line crossing,17.632,6.933,2026-03-11 12:49:26.276991,-41.4178352355957,117.53032684326172,0.0018280406948179,Solid line crossing
participant_08,6.0,day,Town10HD_Opt,Solid line crossing,28.145,4.796,2026-03-11 12:49:32.422127,-41.27161407470703,86.66091918945312,0.0017490010941401,Solid line crossing
participant_08,6.0,day,Town10HD_Opt,Vehicle collision,0.04,1.869,2026-03-11 12:49:42.833854,-6.748472690582275,72.689697265625,0.0042892089113593,Vehicle collision
participant_08,7.0,day,Town10HD_Opt,Solid line crossing,30.677,-0.214,2026-03-11 13:00:14.570317,-6.269445896148682,70.14122772216797,0.0019731139764189,Solid line crossing
participant_08,7.0,day,Town10HD_Opt,Solid line crossing,5.502,0.334,2026-03-11 13:00:25.452878,25.257116317749023,70.03153991699219,0.0019712066277861,Solid line crossing
participant_08,7.0,day,Town10HD_Opt,Solid line crossing,16.956,-13.784,2026-03-11 13:00:39.933663,44.52910614013672,56.586570739746094,0.0019646834116429,Solid line crossing
participant_07,9.0,day,Town10HD_Opt,Solid line crossing,6.569,6.334,2026-03-11 13:00:53.095170,62.10002136230469,25.395959854125977,0.001982154790312,Solid line crossing
participant_07,9.0,day,Town10HD_Opt,Stop sign violation,14.767,-3.587,2026-03-11 13:01:04.816039,70.34111785888672,27.7741813659668,0.0015805816510692,stop_sign_id=1300
participant_07,9.0,day,Town10HD_Opt,Solid line crossing,44.015,0.209,2026-03-11 13:01:07.120112,84.96189880371094,29.00870132446289,0.0016236496157944,Solid line crossing
participant_07,9.0,day,Town10HD_Opt,Stop sign violation,48.463,-3.351,2026-03-11 13:01:16.045031,107.01363372802734,-20.96377944946289,0.0020391081925481,stop_sign_id=1200
participant_07,9.0,day,Town10HD_Opt,Stop sign violation,18.059,-1.074,2026-03-11 13:01:30.276979,22.91743850708008,-65.02957153320312,0.0022393416147679,stop_sign_id=946
participant_08,7.0,day,Town10HD_Opt,Solid line crossing,42.665,-4.537,2026-03-11 13:01:32.459039,82.35845184326172,-62.082332611083984,0.0020790861453861,Solid line crossing
participant_07,9.0,day,Town10HD_Opt,Solid line crossing,13.431,-2.315,2026-03-11 13:01:38.957912,-9.202635765075684,-66.48339080810547,0.0020417021587491,Solid line crossing
participant_07,9.0,day,Town10HD_Opt,Stop sign violation,43.948,-5.153,2026-03-11 13:01:50.886829,-74.16577911376953,-65.77466583251953,0.0023158262483775,stop_sign_id=1300
participant_07,9.0,day,Town10HD_Opt,Red light violation,29.449,-3.992,2026-03-11 13:02:01.540978,-110.0234146118164,-26.86387634277344,0.0020470046438276,Red light violation
participant_07,9.0,day,Town10HD_Opt,Solid line crossing,1.289,-1.135,2026-03-11 13:02:12.558714,-110.81040954589844,-7.198215961456299,0.0019314193632453,Solid line crossing
participant_07,9.0,day,Town10HD_Opt,Solid line crossing,0.155,0.125,2026-03-11 13:02:42.361395,-70.75797271728516,27.89780235290528,0.0019212722545489,Solid line crossing
participant_07,9.0,day,Town10HD_Opt,Stop sign violation,35.478,0.71,2026-03-11 13:02:53.303119,-23.83114242553711,28.56842041015625,0.0023580931592732,stop_sign_id=754
participant_08,7.0,day,Town10HD_Opt,Solid line crossing,52.09,0.012,2026-03-11 13:02:56.128523,-52.88488006591797,28.066062927246094,0.0016196441138163,Solid line crossing
participant_07,9.0,day,Town10HD_Opt,Red light violation,18.175,11.871,2026-03-11 13:03:08.384877,36.98020935058594,31.882259368896484,0.0020608901977539,Red light violation
participant_08,7.0,day,Town10HD_Opt,Solid line crossing,18.624,13.029,2026-03-11 13:03:14.020377,39.15990447998047,35.08465576171875,0.0019038008758798,Solid line crossing
participant_08,7.0,day,Town10HD_Opt,Solid line crossing,22.016,12.961,2026-03-11 13:03:16.388230,41.79751205444336,43.80684661865234,0.0022050857078284,Solid line crossing
participant_08,7.0,day,Town10HD_Opt,Solid line crossing,19.392,-7.955,2026-03-11 13:03:22.877145,40.40699768066406,56.4532356262207,0.0017080307006835,Solid line crossing
participant_07,9.0,day,Town10HD_Opt,Solid line crossing,15.964,-9.621,2026-03-11 13:03:23.672632,45.44937515258789,68.10829162597656,0.0019913101568818,Solid line crossing
participant_08,7.0,day,Town10HD_Opt,Solid line crossing,6.549,-1.304,2026-03-11 13:03:32.099914,55.78483200073242,72.45038604736328,0.0019592666067183,Solid line crossing
participant_07,9.0,day,Town10HD_Opt,Solid line crossing,29.864,50.012,2026-03-11 13:03:38.222322,97.1170654296875,70.50611114501953,0.0026236723642796,Solid line crossing
participant_08,7.0,day,Town10HD_Opt,Solid line crossing,30.98,8.448,2026-03-11 13:03:49.468874,92.91246795654295,115.36282348632812,0.002153243869543,Solid line crossing
participant_07,9.0,day,Town10HD_Opt,Vehicle-pedestrian collision,32.84,-0.317,2026-03-11 13:03:58.125389,15.375646591186523,130.60617065429688,0.0017558288527652,Vehicle-pedestrian collision
participant_07,9.0,day,Town10HD_Opt,Solid line crossing,40.779,0.172,2026-03-11 13:03:59.612519,8.952576637268066,130.6068878173828,0.0017964935395866,Solid line crossing
participant_08,7.0,day,Town10HD_Opt,Solid line crossing,26.163,1.278,2026-03-11 13:04:03.273025,15.67772102355957,131.27569580078125,0.0020771026611328,Solid line crossing
participant_08,7.0,day,Town10HD_Opt,Stop sign violation,5.923,0.822,2026-03-11 13:04:12.981510,-20.30983161926269,130.48452758789062,0.0019757461268454,stop_sign_id=1120
participant_08,7.0,day,Town10HD_Opt,Stop sign violation,16.05,-0.019,2026-03-11 13:04:48.163715,18.29384422302246,69.97280883789062,0.0019715118687599,stop_sign_id=1062
participant_07,10.0,day,Town10HD_Opt,Harsh braking,38.307,-11.245,2026-03-11 13:15:22.576095,36.449851989746094,67.98052215576172,0.0017354201991111,decel_mps2=7.3
participant_07,10.0,day,Town10HD_Opt,Stop sign violation,22.877,15.911,2026-03-11 13:15:31.422750,55.576507568359375,26.18781852722168,0.0021420286502689,stop_sign_id=1200
participant_07,10.0,day,Town10HD_Opt,Vehicle-pedestrian collision,0.0,-0.797,2026-03-11 13:15:52.623716,66.84580993652344,25.476762771606445,0.0019191741012036,Vehicle-pedestrian collision
participant_07,10.0,day,Town10HD_Opt,Solid line crossing,0.0,-0.618,2026-03-11 13:16:07.638921,66.84580993652344,25.476762771606445,0.0019191741012036,Solid line crossing
participant_08,8.0,day,Town10HD_Opt,Solid line crossing,13.833,6.395,2026-03-11 13:16:15.483108,59.601341247558594,25.690404891967773,0.0018625640077516,Solid line crossing
participant_07,10.0,day,Town10HD_Opt,Solid line crossing,3.46,-1.02,2026-03-11 13:16:20.518345,78.84559631347656,24.48076820373535,0.0019520568894222,Solid line crossing
participant_08,8.0,day,Town10HD_Opt,Red light violation,7.613,0.355,2026-03-11 13:16:24.430388,78.18165588378906,24.58105087280273,0.001820869394578,Red light violation
participant_07,10.0,day,Town10HD_Opt,Solid line crossing,0.143,3.499,2026-03-11 13:16:27.353933,79.85392761230469,24.41303253173828,0.0019178771181032,Solid line crossing
participant_07,10.0,day,Town10HD_Opt,Solid line crossing,24.09,3.335,2026-03-11 13:16:30.450741,84.4979019165039,24.221742630004883,0.0017499923706054,Solid line crossing
participant_08,8.0,day,Town10HD_Opt,Solid line crossing,14.626,-13.675,2026-03-11 13:16:31.315692,105.03722381591795,15.939069747924805,0.0019597243517637,Solid line crossing
participant_08,8.0,day,Town10HD_Opt,Solid line crossing,16.261,-5.219,2026-03-11 13:16:34.038166,106.68905639648438,8.505717277526855,0.0018109893426299,Solid line crossing
participant_07,10.0,day,Town10HD_Opt,Vehicle-pedestrian collision,42.608,-3.316,2026-03-11 13:16:40.937021,89.16822052001953,-58.31350326538086,0.0020856475457549,Vehicle-pedestrian collision
participant_08,8.0,day,Town10HD_Opt,Solid line crossing,30.043,-5.65,2026-03-11 13:16:45.917700,105.39273071289062,-41.26354217529297,0.001860084477812,Solid line crossing
participant_08,8.0,day,Town10HD_Opt,Harsh braking,12.98,-6.023,2026-03-11 13:16:52.459182,85.63692474365234,-62.49301528930664,0.0020223236642777,decel_mps2=7.9
participant_07,10.0,day,Town10HD_Opt,Harsh braking,27.702,9.031,2026-03-11 13:16:53.405193,-5.212702751159668,-64.27201843261719,0.0022716904059052,decel_mps2=5.2
participant_08,8.0,day,Town10HD_Opt,Stop sign violation,21.775,0.921,2026-03-11 13:17:01.922300,48.43782043457031,-68.23912811279297,0.0021897887345403,stop_sign_id=1062
participant_08,8.0,day,Town10HD_Opt,Red light violation,19.696,0.11,2026-03-11 13:17:09.563947,25.84195899963379,-67.85319519042969,0.0020757673773914,Red light violation
participant_08,8.0,day,Town10HD_Opt,Solid line crossing,16.007,1.128,2026-03-11 13:17:20.474078,-0.4371401965618133,-67.54353332519531,0.0018651199061423,Solid line crossing
participant_08,8.0,day,Town10HD_Opt,Solid line crossing,0.001,0.266,2026-03-11 13:17:32.607271,-10.818283081054688,-68.0813980102539,0.0019189071608707,Solid line crossing
participant_08,8.0,day,Town10HD_Opt,Solid line crossing,19.548,3.98,2026-03-11 13:17:43.040832,-33.10914993286133,-68.38231658935547,0.0020004271063953,Solid line crossing
participant_08,8.0,day,Town10HD_Opt,Solid line crossing,21.531,-4.044,2026-03-11 13:18:07.021644,-100.4884033203125,-56.20672225952149,0.0019945525564253,Solid line crossing
participant_08,8.0,day,Town10HD_Opt,Stop sign violation,0.001,0.063,2026-03-11 13:18:46.960499,-110.47981262207033,-6.1280717849731445,0.0019189071608707,stop_sign_id=754
participant_07,10.0,day,Town10HD_Opt,Solid line crossing,41.46,2.562,2026-03-11 13:18:47.626288,68.7784423828125,130.7680206298828,0.002130470238626,Solid line crossing
participant_08,8.0,day,Town10HD_Opt,Stop sign violation,7.921,-10.699,2026-03-11 13:18:58.369560,-102.01472473144533,21.30352210998535,0.0019076919415965,stop_sign_id=1050
participant_07,10.0,day,Town10HD_Opt,Stop sign violation,44.852,-4.667,2026-03-11 13:19:00.439075,-40.74418258666992,115.43309020996094,0.0020390700083225,stop_sign_id=678
participant_08,8.0,day,Town10HD_Opt,Stop sign violation,3.271,0.774,2026-03-11 13:19:10.280379,-79.52484893798828,24.904052734375,0.0027359388768672,stop_sign_id=1050
participant_07,10.0,day,Town10HD_Opt,Harsh braking,22.135,0.421,2026-03-11 13:19:12.646328,17.777233123779297,69.62081146240234,0.0022742843721061,decel_mps2=5.2
participant_08,8.0,day,Town10HD_Opt,Solid line crossing,0.0,1.108,2026-03-11 13:19:21.749639,-75.61632537841797,24.70873641967773,0.0019196319626644,Solid line crossing
participant_07,10.0,day,Town10HD_Opt,Solid line crossing,20.214,12.476,2026-03-11 13:19:26.191440,47.4482650756836,31.46029281616211,0.0021035766694694,Solid line crossing
participant_08,8.0,day,Town10HD_Opt,Solid line crossing,14.7,0.633,2026-03-11 13:19:32.580242,-74.30867767333984,24.667924880981445,0.0014842605451121,Solid line crossing
participant_07,10.0,day,Town10HD_Opt,Solid line crossing,0.0,1.166,2026-03-11 13:19:35.941431,81.00411224365234,26.91552352905273,0.0019193267216905,Solid line crossing
participant_07,10.0,day,Town10HD_Opt,Vehicle-pedestrian collision,0.0,0.728,2026-03-11 13:19:46.587643,81.00411224365234,26.91552352905273,0.0019193267216905,Vehicle-pedestrian collision
participant_08,8.0,day,Town10HD_Opt,Solid line crossing,34.774,0.0,2026-03-11 13:19:53.187183,41.02741622924805,28.29736518859864,0.002042579697445,Solid line crossing
participant_08,9.0,day,Town10HD_Opt,Harsh braking,7.573,-0.092,2026-03-11 13:30:21.090978,24.49180030822754,70.01525115966797,0.0019993209280073,decel_mps2=7.3
participant_08,9.0,day,Town10HD_Opt,Collision,27.079,-14.156,2026-03-11 13:30:31.172219,44.51626968383789,56.97602081298828,0.0020898056682199,Collision
participant_08,9.0,day,Town10HD_Opt,Solid line crossing,13.691,4.308,2026-03-11 13:30:45.786990,62.478397369384766,27.48788833618164,0.0019592284224927,Solid line crossing
participant_08,9.0,day,Town10HD_Opt,Vehicle collision,0.777,0.049,2026-03-11 13:30:57.724876,68.2679214477539,28.196754455566406,0.0018783569103106,Vehicle collision
participant_08,9.0,day,Town10HD_Opt,Solid line crossing,41.887,-6.675,2026-03-11 13:32:05.077014,-92.1642837524414,-60.02382659912109,0.0020557784009724,Solid line crossing
participant_08,9.0,day,Town10HD_Opt,Solid line crossing,48.314,0.2,2026-03-11 13:34:07.403443,-12.218111038208008,130.2308807373047,0.0020734404679387,Solid line crossing
participant_08,9.0,day,Town10HD_Opt,Solid line crossing,32.373,-22.751,2026-03-11 13:34:15.127181,-41.32545852661133,105.37421417236328,0.0021117019932717,Solid line crossing
participant_08,9.0,day,Town10HD_Opt,Red light violation,14.907,-1.224,2026-03-11 13:34:28.394202,-15.808760643005373,69.87047576904297,0.0017517470987513,Red light violation
participant_08,9.0,day,Town10HD_Opt,Solid line crossing,17.606,0.761,2026-03-11 13:34:35.860737,3.5618646144866943,69.85359954833984,0.0018932723905891,Solid line crossing
participant_08,9.0,day,Town10HD_Opt,Stop sign violation,18.878,-7.335,2026-03-11 13:34:49.846186,28.714656829833984,70.02755737304688,0.001744613633491,stop_sign_id=1050
participant_08,10.0,day,Town10HD_Opt,Solid line crossing,16.732,-1.847,2026-03-11 13:45:28.876828,-2.340671300888061,70.27003479003906,0.0019609068986028,Solid line crossing
participant_08,10.0,day,Town10HD_Opt,Stop sign violation,10.46,0.143,2026-03-11 13:45:38.432894,21.867015838623047,69.99227905273438,0.0021389769390225,stop_sign_id=754
participant_08,10.0,day,Town10HD_Opt,Solid line crossing,8.019,0.066,2026-03-11 13:45:39.440996,22.945215225219727,69.9904556274414,0.0020482635591179,Solid line crossing
participant_08,10.0,day,Town10HD_Opt,Solid line crossing,10.469,-8.639,2026-03-11 13:45:50.499735,33.61015701293945,68.79003143310547,0.0020201492588967,Solid line crossing
participant_08,10.0,day,Town10HD_Opt,Solid line crossing,0.212,-2.452,2026-03-11 13:46:05.733572,44.89686965942383,53.70306396484375,0.0019532775040715,Solid line crossing
participant_08,10.0,day,Town10HD_Opt,Solid line crossing,0.0,0.0,2026-03-11 13:46:17.305409,44.37602996826172,50.00769805908203,0.0020349882543087,Solid line crossing
participant_08,10.0,day,Town10HD_Opt,Stop sign violation,0.0,0.0,2026-03-11 13:46:32.748173,44.37602996826172,50.00769805908203,0.0020349882543087,stop_sign_id=754
participant_08,10.0,day,Town10HD_Opt,Harsh braking,0.0,0.0,2026-03-11 13:46:42.092881,44.37602996826172,50.00769805908203,0.0020349882543087,decel_mps2=6.4
participant_08,10.0,day,Town10HD_Opt,Solid line crossing,0.0,0.0,2026-03-11 13:47:26.365147,44.37602996826172,50.00769805908203,0.0020349882543087,Solid line crossing
participant_01,6.0,day,Town10HD_Opt,Solid line crossing,0.0,-0.797,2026-03-12 11:45:41.186160,66.84580993652344,25.476762771606445,0.0019191741012036,Solid line crossing
participant_01,6.0,day,Town10HD_Opt,Solid line crossing,4.572,0.258,2026-03-12 11:46:09.360343,78.1458740234375,24.5380973815918,0.0019496154272928,Solid line crossing
participant_01,6.0,day,Town10HD_Opt,Solid line crossing,1.54,3.151,2026-03-12 11:46:17.961515,80.06365966796875,24.40418243408203,0.0019052124116569,Solid line crossing
participant_01,6.0,day,Town10HD_Opt,Solid line crossing,0.0,0.545,2026-03-12 11:47:30.515853,-113.01976013183594,-5.37881326675415,0.0019190978491678,Solid line crossing
participant_01,6.0,day,Town10HD_Opt,Solid line crossing,49.933,0.423,2026-03-12 11:48:11.095965,10.478053092956545,25.016117095947266,0.0020191574003547,Solid line crossing
participant_01,6.0,day,Town10HD_Opt,Vehicle-pedestrian collision,20.214,12.476,2026-03-12 11:49:16.207561,47.4482650756836,31.46029281616211,0.0021035766694694,Vehicle-pedestrian collision
participant_09,1.0,day,Town10HD_Opt,Solid line crossing,17.768,-1.361,2026-03-14 08:00:27.613397,47.17232131958008,46.14931106567383,0.001749305636622,Solid line crossing
participant_09,1.0,day,Town10HD_Opt,Solid line crossing,0.0,4.164,2026-03-14 08:00:48.256575,69.0165786743164,24.13434600830078,0.0019287108443677,Solid line crossing
participant_09,1.0,day,Town10HD_Opt,Harsh braking,0.0,0.411,2026-03-14 08:00:58.319491,69.01659393310547,24.13434600830078,0.0019194030901417,decel_mps2=5.7
participant_09,1.0,day,Town10HD_Opt,Solid line crossing,0.0,0.606,2026-03-14 08:01:00.080717,69.01659393310547,24.13434600830078,0.0019194030901417,Solid line crossing
participant_09,1.0,day,Town10HD_Opt,Stop sign violation,14.973,-0.888,2026-03-14 08:01:11.059125,78.69574737548828,25.138336181640625,0.0020267867948859,stop_sign_id=833
participant_09,1.0,day,Town10HD_Opt,Collision,27.677,-3.558,2026-03-14 08:01:23.796757,107.4062271118164,-4.362443923950195,0.0019027709495276,Collision
participant_09,1.0,day,Town10HD_Opt,Solid line crossing,34.469,-3.144,2026-03-14 08:01:31.362871,90.25603485107422,-56.93251419067383,0.0020572661887854,Solid line crossing
participant_09,1.0,day,Town10HD_Opt,Harsh braking,25.756,0.096,2026-03-14 08:01:43.246707,10.013965606689451,-65.4834213256836,0.0020007705315947,decel_mps2=4.9
participant_09,1.0,day,Town10HD_Opt,Solid line crossing,0.0,-0.536,2026-03-14 08:01:56.200082,-24.9143009185791,-65.01899719238281,0.0019213104387745,Solid line crossing
participant_09,1.0,day,Town10HD_Opt,Red light violation,0.0,-0.533,2026-03-14 08:02:09.221166,-24.91430282592773,-65.01899719238281,0.0019194793421775,Red light violation
participant_09,1.0,day,Town10HD_Opt,Solid line crossing,0.086,0.477,2026-03-14 08:02:50.445960,-111.02837371826172,-8.362310409545898,0.0019200133392587,Solid line crossing
participant_09,1.0,day,Town10HD_Opt,Stop sign violation,42.753,5.356,2026-03-14 08:03:00.266674,-81.98529815673828,25.352983474731445,0.0023551939520984,stop_sign_id=678
participant_09,1.0,day,Town10HD_Opt,Solid line crossing,0.0,0.634,2026-03-14 08:03:12.260359,-67.49921417236328,26.01396942138672,0.0019195555942133,Solid line crossing
participant_09,1.0,day,Town10HD_Opt,Solid line crossing,0.0,0.296,2026-03-14 08:03:23.825979,-67.49921417236328,26.01396942138672,0.0019195555942133,Solid line crossing
participant_09,1.0,day,Town10HD_Opt,Solid line crossing,1.451,8.816,2026-03-14 08:03:43.600066,29.76237678527832,27.815568923950195,0.0018617629539221,Solid line crossing
participant_09,1.0,day,Town10HD_Opt,Solid line crossing,18.368,1.271,2026-03-14 08:03:58.869855,40.66616439819336,48.821170806884766,0.0016418456798419,Solid line crossing
participant_09,1.0,day,Town10HD_Opt,Solid line crossing,46.253,19.537,2026-03-14 08:04:24.062470,94.3830337524414,116.20648956298828,0.0020910261664539,Solid line crossing
participant_09,2.0,day,Town10HD_Opt,Harsh braking,0.022,-0.148,2026-03-14 08:15:22.856933,22.53211212158203,69.37120819091797,0.0020088192541152,decel_mps2=6.4
participant_09,2.0,day,Town10HD_Opt,Solid line crossing,0.022,-0.148,2026-03-14 08:15:23.597641,22.53211212158203,69.37120819091797,0.0020088192541152,Solid line crossing
participant_09,2.0,day,Town10HD_Opt,Stop sign violation,12.143,-2.572,2026-03-14 08:15:29.405244,29.64528083801269,69.14305114746094,0.0019804760813713,stop_sign_id=1050
participant_09,2.0,day,Town10HD_Opt,Vehicle-pedestrian collision,12.786,-6.663,2026-03-14 08:15:41.344463,45.06776428222656,48.55378341674805,0.0020112989004701,Vehicle-pedestrian collision
participant_09,2.0,day,Town10HD_Opt,Stop sign violation,18.976,14.513,2026-03-14 08:15:48.732328,51.76341247558594,29.640974044799805,0.0020302962511777,stop_sign_id=1062
participant_09,2.0,day,Town10HD_Opt,Vehicle collision,0.0,-0.674,2026-03-14 08:15:56.912286,74.59008026123047,25.32138633728028,0.0019239424727857,Vehicle collision
participant_09,2.0,day,Town10HD_Opt,Solid line crossing,0.108,1.981,2026-03-14 08:16:08.307354,74.59378051757812,25.321229934692383,0.0019126510014757,Solid line crossing
participant_09,2.0,day,Town10HD_Opt,Solid line crossing,27.852,2.195,2026-03-14 08:16:16.886811,79.45319366455078,25.2200870513916,0.0015990465180948,Solid line crossing
participant_09,2.0,day,Town10HD_Opt,Solid line crossing,35.2,0.489,2026-03-14 08:17:01.769503,-11.14235782623291,-67.69851684570312,0.0015507143689319,Solid line crossing
participant_09,2.0,day,Town10HD_Opt,Solid line crossing,13.877,2.996,2026-03-14 08:17:19.401435,-110.74465942382812,-14.452906608581545,0.0021017447579652,Solid line crossing
participant_09,2.0,day,Town10HD_Opt,Solid line crossing,3.719,0.881,2026-03-14 08:17:29.983082,-111.29761505126952,-8.494340896606445,0.0019493482541292,Solid line crossing
participant_09,2.0,day,Town10HD_Opt,Solid line crossing,29.042,-3.441,2026-03-14 08:18:07.935610,-3.6784121990203857,29.60106468200684,0.0023028554860502,Solid line crossing
participant_09,2.0,day,Town10HD_Opt,Vehicle-pedestrian collision,29.042,-3.441,2026-03-14 08:18:08.270332,-3.6784121990203857,29.60106468200684,0.0023028554860502,Vehicle-pedestrian collision
participant_09,2.0,day,Town10HD_Opt,Solid line crossing,15.543,-1.41,2026-03-14 08:19:23.400142,-40.02113342285156,114.89348602294922,0.0019990536384284,Solid line crossing
participant_09,2.0,day,Town10HD_Opt,Solid line crossing,16.981,-0.736,2026-03-14 08:19:41.779106,18.191335678100582,70.03173828125,0.0020465462002903,Solid line crossing
participant_09,3.0,day,Town10HD_Opt,Harsh braking,20.047,0.315,2026-03-14 08:30:16.658116,3.090686082839966,69.978759765625,0.0022412869147956,decel_mps2=6.7
participant_09,3.0,day,Town10HD_Opt,Solid line crossing,20.205,-13.521,2026-03-14 08:30:32.932345,35.192378997802734,69.01929473876953,0.001991081284359,Solid line crossing
participant_09,3.0,day,Town10HD_Opt,Vehicle-pedestrian collision,0.001,4.004,2026-03-14 08:30:53.013503,62.86590194702149,25.70304679870605,0.0022127525880932,Vehicle-pedestrian collision
participant_09,3.0,day,Town10HD_Opt,Stop sign violation,46.766,-0.2,2026-03-14 08:31:59.451019,-50.047122955322266,-68.6105728149414,0.0019627381116151,stop_sign_id=1062
participant_09,3.0,day,Town10HD_Opt,Solid line crossing,9.708,3.858,2026-03-14 08:32:13.108605,-111.7494125366211,-12.100156784057615,0.0021064754109829,Solid line crossing
participant_09,3.0,day,Town10HD_Opt,Solid line crossing,1.009,1.504,2026-03-14 08:32:22.349957,-110.96216583251952,-6.087080478668213,0.001928977901116,Solid line crossing
participant_09,3.0,day,Town10HD_Opt,Solid line crossing,0.029,0.938,2026-03-14 08:32:33.813223,-110.89055633544922,-5.433893203735352,0.0019196319626644,Solid line crossing
participant_09,3.0,day,Town10HD_Opt,Solid line crossing,0.002,0.277,2026-03-14 08:32:51.527228,-69.25892639160156,26.05115127563477,0.0019190978491678,Solid line crossing
participant_09,3.0,day,Town10HD_Opt,Solid line crossing,31.745,-2.353,2026-03-14 08:32:58.368308,-57.31485366821289,26.65582275390625,0.0019460679031908,Solid line crossing
participant_09,3.0,day,Town10HD_Opt,Solid line crossing,27.15,5.411,2026-03-14 08:33:13.920493,26.695968627929688,28.39800453186035,0.0017443089745938,Solid line crossing
participant_09,3.0,day,Town10HD_Opt,Stop sign violation,15.864,-13.892,2026-03-14 08:33:28.360021,42.94866180419922,62.3308219909668,0.0019860456231981,stop_sign_id=900
participant_09,3.0,day,Town10HD_Opt,Harsh braking,12.142,-15.731,2026-03-14 08:33:47.275780,97.74871826171876,89.56267547607422,0.001968574244529,decel_mps2=8.1
participant_09,3.0,day,Town10HD_Opt,Vehicle collision,27.007,-0.153,2026-03-14 08:34:01.745431,58.205360412597656,131.21115112304688,0.0017691807588562,Vehicle collision
participant_09,3.0,day,Town10HD_Opt,Stop sign violation,34.057,0.982,2026-03-14 08:34:02.600489,50.91240310668945,131.1044464111328,0.0019311524229124,stop_sign_id=833
participant_09,3.0,day,Town10HD_Opt,Solid line crossing,0.001,-1.182,2026-03-14 08:34:16.951756,-17.604860305786133,129.51101684570312,0.001919288537465,Solid line crossing
participant_09,3.0,day,Town10HD_Opt,Solid line crossing,26.836,2.104,2026-03-14 08:34:28.625515,-40.79783630371094,106.2577133178711,0.0019295883830636,Solid line crossing
participant_09,3.0,day,Town10HD_Opt,Solid line crossing,29.303,4.929,2026-03-14 08:34:37.728908,-25.33066177368164,70.03031158447266,0.0018739702645689,Solid line crossing
participant_09,4.0,day,Town10HD_Opt,Solid line crossing,18.908,-1.09,2026-03-14 08:45:14.140317,-9.206989288330078,68.86451721191406,0.0022445670329034,Solid line crossing
participant_09,4.0,day,Town10HD_Opt,Red light violation,14.117,-1.824,2026-03-14 08:45:27.508183,24.81951904296875,69.35783386230469,0.0016893777064979,Red light violation
participant_09,4.0,day,Town10HD_Opt,Vehicle collision,15.362,-4.065,2026-03-14 08:45:36.368043,43.05774688720703,61.84249877929688,0.0019690317567437,Vehicle collision
participant_09,4.0,day,Town10HD_Opt,Solid line crossing,18.976,14.513,2026-03-14 08:45:49.392466,51.76341247558594,29.640974044799805,0.0020302962511777,Solid line crossing
participant_09,4.0,day,Town10HD_Opt,Solid line crossing,0.0,-0.674,2026-03-14 08:45:59.726101,74.59008026123047,25.32138633728028,0.0019199752714484,Solid line crossing
participant_09,4.0,day,Town10HD_Opt,Harsh braking,0.108,1.981,2026-03-14 08:46:08.345696,74.59378051757812,25.321229934692383,0.0019126510014757,decel_mps2=6.4
participant_09,4.0,day,Town10HD_Opt,Stop sign violation,32.375,-5.441,2026-03-14 08:46:23.839730,107.56153869628906,3.30647087097168,0.0019234089413657,stop_sign_id=754
participant_09,4.0,day,Town10HD_Opt,Harsh braking,31.998,-5.406,2026-03-14 08:46:33.121994,106.6423110961914,-38.74984359741211,0.0019185642013326,decel_mps2=7.9
participant_09,4.0,day,Town10HD_Opt,Stop sign violation,35.2,0.489,2026-03-14 08:47:02.018446,-11.14235782623291,-67.69851684570312,0.0015507143689319,stop_sign_id=1050
participant_09,4.0,day,Town10HD_Opt,Solid line crossing,37.333,-5.579,2026-03-14 08:47:09.930512,-80.70653533935547,-60.89321517944336,0.0021840662229806,Solid line crossing
participant_09,4.0,day,Town10HD_Opt,Solid line crossing,1.081,-7.736,2026-03-14 08:47:25.605086,-111.05719757080078,-12.265027046203612,0.0018697739578783,Solid line crossing
participant_09,4.0,day,Town10HD_Opt,Solid line crossing,34.407,-1.502,2026-03-14 08:47:40.521908,-111.71021270751952,0.8791817426681519,0.0016774763353168,Solid line crossing
participant_09,4.0,day,Town10HD_Opt,Solid line crossing,11.721,-4.487,2026-03-14 08:47:48.946881,-93.1821746826172,30.4665756225586,0.0019328307826071,Solid line crossing
participant_09,4.0,day,Town10HD_Opt,Stop sign violation,29.273,-0.712,2026-03-14 08:48:00.865318,-62.21695327758789,27.60953521728516,0.0016919339541345,stop_sign_id=833
participant_09,4.0,day,Town10HD_Opt,Harsh braking,25.668,-2.398,2026-03-14 08:48:11.318509,11.850852012634276,29.729454040527344,0.0020584105513989,decel_mps2=7.9
participant_09,4.0,day,Town10HD_Opt,Stop sign violation,42.877,-20.473,2026-03-14 08:48:27.002368,44.0650634765625,65.80012512207031,0.0019679265096783,stop_sign_id=1200
participant_09,4.0,day,Town10HD_Opt,Solid line crossing,1.28,0.486,2026-03-14 08:48:44.315355,83.81471252441406,70.42667388916016,0.001931304926984,Solid line crossing
participant_09,4.0,day,Town10HD_Opt,Collision,49.808,-0.39,2026-03-14 08:49:05.786012,15.053815841674805,133.09115600585938,0.0020228193607181,Collision
participant_09,4.0,day,Town10HD_Opt,Collision,18.288,2.179,2026-03-14 08:49:24.270486,-40.40225601196289,112.02153778076172,0.0019073870498687,Collision
participant_09,4.0,day,Town10HD_Opt,Solid line crossing,24.688,14.063,2026-03-14 08:49:31.275049,-36.17523193359375,71.92797088623047,0.0022881689947098,Solid line crossing
participant_09,4.0,day,Town10HD_Opt,Stop sign violation,18.754,15.127,2026-03-14 08:49:54.467863,44.11912536621094,40.24959945678711,0.0022848881781101,stop_sign_id=1050
participant_09,5.0,day,Town10HD_Opt,Solid line crossing,15.202,-3.641,2026-03-14 09:00:15.618812,-21.64568519592285,70.38334655761719,0.0017685699276626,Solid line crossing
participant_09,5.0,day,Town10HD_Opt,Vehicle collision,2.89,0.117,2026-03-14 09:00:35.653703,26.383445739746094,69.8521728515625,0.0019294738303869,Vehicle collision
participant_09,5.0,day,Town10HD_Opt,Harsh braking,6.691,-15.924,2026-03-14 09:00:44.183385,45.46015930175781,62.677982330322266,0.0020505141001194,decel_mps2=5.7
participant_09,5.0,day,Town10HD_Opt,Solid line crossing,8.037,2.424,2026-03-14 09:00:54.804572,43.966678619384766,44.89926528930664,0.0019939041230827,Solid line crossing
participant_09,5.0,day,Town10HD_Opt,Solid line crossing,22.423,7.563,2026-03-14 09:01:04.509780,56.93707275390625,27.131622314453125,0.0020416260231286,Solid line crossing
participant_09,5.0,day,Town10HD_Opt,Solid line crossing,1.99,1.255,2026-03-14 09:01:16.487400,79.89002990722656,25.53997802734375,0.0019380950834602,Solid line crossing
participant_09,5.0,day,Town10HD_Opt,Stop sign violation,8.333,-0.023,2026-03-14 09:01:34.846144,80.63668060302734,25.53699111938477,0.00160198204685,stop_sign_id=1050
participant_09,5.0,day,Town10HD_Opt,Solid line crossing,40.701,-3.549,2026-03-14 09:01:41.616644,108.31277465820312,2.039307117462158,0.0019030760740861,Solid line crossing
participant_09,5.0,day,Town10HD_Opt,Red light violation,29.157,-1.043,2026-03-14 09:01:55.166188,55.75279998779297,-66.59677124023438,0.0021036909893155,Red light violation
participant_09,5.0,day,Town10HD_Opt,Stop sign violation,6.387,-0.909,2026-03-14 09:02:07.837816,-6.476100444793701,-67.60250854492188,0.001924056909047,stop_sign_id=1200
participant_09,5.0,day,Town10HD_Opt,Stop sign violation,22.957,0.423,2026-03-14 09:02:28.338415,-109.36309051513672,-23.15206718444824,0.0022732161451131,stop_sign_id=1062
participant_09,5.0,day,Town10HD_Opt,Solid line crossing,0.006,0.371,2026-03-14 09:03:19.230103,-69.16325378417969,28.22403907775879,0.001919021597132,Solid line crossing
participant_09,5.0,day,Town10HD_Opt,Solid line crossing,28.457,-15.966,2026-03-14 09:03:52.130594,44.56360626220703,66.18708801269531,0.0019508361583575,Solid line crossing
participant_09,6.0,day,Town10HD_Opt,Vehicle-pedestrian collision,14.269,-3.697,2026-03-14 09:15:47.553064,25.85106658935547,70.01528930664062,0.0016907501267269,Vehicle-pedestrian collision
participant_09,6.0,day,Town10HD_Opt,Solid line crossing,11.546,1.937,2026-03-14 09:16:04.605706,44.6617431640625,44.39362335205078,0.0017658615252003,Solid line crossing
participant_09,6.0,day,Town10HD_Opt,Solid line crossing,14.851,1.114,2026-03-14 09:16:19.433728,70.587890625,24.677125930786133,0.0019982147496193,Solid line crossing
participant_09,6.0,day,Town10HD_Opt,Stop sign violation,25.598,-15.617,2026-03-14 09:16:28.777671,100.95846557617188,21.39089775085449,0.0023233795072883,stop_sign_id=754
participant_09,6.0,day,Town10HD_Opt,Solid line crossing,14.224,-3.304,2026-03-14 09:16:41.615190,107.87285614013672,-27.54473876953125,0.0020426558330655,Solid line crossing
participant_09,6.0,day,Town10HD_Opt,Stop sign violation,23.05,-3.0,2026-03-14 09:16:57.614866,70.6942138671875,-67.00630950927734,0.0019748306367546,stop_sign_id=1200
participant_09,6.0,day,Town10HD_Opt,Solid line crossing,19.696,0.11,2026-03-14 09:17:08.785162,25.84195899963379,-67.85319519042969,0.0020757673773914,Solid line crossing
participant_09,6.0,day,Town10HD_Opt,Stop sign violation,16.007,1.128,2026-03-14 09:17:20.339021,-0.4371401965618133,-67.54353332519531,0.0018651199061423,stop_sign_id=900
participant_09,6.0,day,Town10HD_Opt,Stop sign violation,0.006,0.324,2026-03-14 09:17:31.639790,-10.81832504272461,-68.0813980102539,0.0019189834129065,stop_sign_id=1062
participant_09,6.0,day,Town10HD_Opt,Solid line crossing,24.249,1.775,2026-03-14 09:17:44.184203,-36.91492462158203,-68.42093658447266,0.0018992613768205,Solid line crossing
participant_09,6.0,day,Town10HD_Opt,Solid line crossing,15.481,-4.431,2026-03-14 09:18:00.896895,-82.40706634521484,-67.16716003417969,0.0018586730584502,Solid line crossing
participant_09,6.0,day,Town10HD_Opt,Stop sign violation,0.001,0.696,2026-03-14 09:18:41.733542,-110.47982025146484,-6.128477096557617,0.0019189071608707,stop_sign_id=833
participant_09,6.0,day,Town10HD_Opt,Vehicle-pedestrian collision,22.331,-10.535,2026-03-14 09:18:53.455497,-108.62360382080078,12.66885471343994,0.0021950912196189,Vehicle-pedestrian collision
participant_09,6.0,day,Town10HD_Opt,Solid line crossing,13.757,-14.771,2026-03-14 09:19:03.938399,-96.23641204833984,23.81484031677246,0.0018497084965929,Solid line crossing
participant_09,6.0,day,Town10HD_Opt,Solid line crossing,0.0,1.107,2026-03-14 09:19:12.740638,-75.6164779663086,24.708740234375,0.0020418167114257,Solid line crossing
participant_09,6.0,day,Town10HD_Opt,Harsh braking,0.0,1.108,2026-03-14 09:19:23.488420,-75.61632537841797,24.70873641967773,0.0019196319626644,decel_mps2=7.9
participant_09,6.0,day,Town10HD_Opt,Solid line crossing,33.591,-0.012,2026-03-14 09:19:38.548248,-49.06441116333008,24.548139572143555,0.0020055007189512,Solid line crossing
participant_09,6.0,day,Town10HD_Opt,Solid line crossing,34.774,0.017,2026-03-14 09:19:48.936103,16.697574615478516,28.23089027404785,0.002042579697445,Solid line crossing
participant_09,7.0,day,Town10HD_Opt,Solid line crossing,23.595,6.222,2026-03-14 09:30:20.968725,-28.89436149597168,69.6309814453125,0.0021719741635024,Solid line crossing
participant_09,7.0,day,Town10HD_Opt,Red light violation,18.343,0.738,2026-03-14 09:30:30.993105,13.917469024658203,69.58573913574219,0.0021464156452566,Red light violation
participant_09,7.0,day,Town10HD_Opt,Solid line crossing,23.42,11.11,2026-03-14 09:30:47.478915,45.61532974243164,34.64656066894531,0.0019293212099,Solid line crossing
participant_09,7.0,day,Town10HD_Opt,Stop sign violation,10.848,0.148,2026-03-14 09:30:55.353010,80.65914154052734,25.689361572265625,0.0022201919928193,stop_sign_id=1200
participant_09,7.0,day,Town10HD_Opt,Stop sign violation,0.001,-0.087,2026-03-14 09:31:06.768529,81.48460388183594,25.698381423950195,0.001919021597132,stop_sign_id=1062
participant_09,7.0,day,Town10HD_Opt,Solid line crossing,0.006,0.686,2026-03-14 09:31:14.168521,81.48527526855469,25.69841766357422,0.0019190978491678,Solid line crossing
participant_09,7.0,day,Town10HD_Opt,Solid line crossing,42.761,-10.776,2026-03-14 09:31:20.122400,92.6166000366211,25.013635635375977,0.0016397475264966,Solid line crossing
participant_09,7.0,day,Town10HD_Opt,Vehicle collision,14.85,-5.366,2026-03-14 09:31:54.136203,-12.549859046936035,-66.2532730102539,0.0018401717534288,Vehicle collision
participant_09,7.0,day,Town10HD_Opt,Solid line crossing,0.0,-0.66,2026-03-14 09:32:30.362942,-110.9852523803711,-4.970527172088623,0.0019190596649423,Solid line crossing
participant_09,7.0,day,Town10HD_Opt,Vehicle-pedestrian collision,25.47,-1.478,2026-03-14 09:32:45.225893,-110.96366119384766,0.316430002450943,0.0017829131102189,Vehicle-pedestrian collision
participant_09,8.0,day,Town10HD_Opt,Vehicle-pedestrian collision,8.607,-5.512,2026-03-14 09:46:15.218434,73.68645477294922,25.03965759277344,0.002001151908189,Vehicle-pedestrian collision
participant_09,8.0,day,Town10HD_Opt,Solid line crossing,24.086,0.176,2026-03-14 09:47:08.017481,-22.586076736450195,-65.01314544677734,0.0018402861896902,Solid line crossing
participant_09,8.0,day,Town10HD_Opt,Solid line crossing,27.947,-0.075,2026-03-14 09:47:21.814620,-113.23804473876952,-8.848726272583008,0.0025336837861686,Solid line crossing
participant_09,8.0,day,Town10HD_Opt,Vehicle-pedestrian collision,0.0,0.785,2026-03-14 09:47:25.433175,-113.01976013183594,-5.378814697265625,0.0019198989029973,Vehicle-pedestrian collision
participant_09,8.0,day,Town10HD_Opt,Harsh braking,0.0,0.557,2026-03-14 09:47:34.396728,-113.01976013183594,-5.37881326675415,0.0019190978491678,decel_mps2=8.1
participant_09,8.0,day,Town10HD_Opt,Solid line crossing,43.36,-9.964,2026-03-14 09:47:46.339745,-112.55281829833984,9.750043869018556,0.0017491149483248,Solid line crossing
participant_09,8.0,day,Town10HD_Opt,Solid line crossing,3.9,1.706,2026-03-14 09:47:57.833977,-71.22757720947266,24.24284553527832,0.0019556425977498,Solid line crossing
participant_09,8.0,day,Town10HD_Opt,Solid line crossing,0.189,0.155,2026-03-14 09:48:08.502295,-68.77916717529297,24.284711837768555,0.0019209289457648,Solid line crossing
participant_09,8.0,day,Town10HD_Opt,Solid line crossing,43.514,12.988,2026-03-14 09:48:23.830508,34.4019889831543,29.801483154296875,0.0018396377563476,Solid line crossing
participant_09,9.0,day,Town10HD_Opt,Stop sign violation,12.734,-4.379,2026-03-14 10:00:39.222794,30.78363609313965,69.80817413330078,0.0020350264385342,stop_sign_id=900
participant_09,9.0,day,Town10HD_Opt,Solid line crossing,18.231,-7.832,2026-03-14 10:00:49.948187,44.25237274169922,55.5311164855957,0.002043800195679,Solid line crossing
participant_10,1.0,day,Town10HD_Opt,Solid line crossing,0.006,0.794,2026-03-14 10:00:58.643937,81.4835205078125,25.698381423950195,0.0019188689766451,Solid line crossing
participant_09,9.0,day,Town10HD_Opt,Harsh braking,6.885,13.47,2026-03-14 10:01:09.264982,47.71191787719727,30.811912536621094,0.001986808842048,decel_mps2=5.2
participant_10,1.0,day,Town10HD_Opt,Vehicle-pedestrian collision,41.294,-4.03,2026-03-14 10:01:35.949207,80.69984436035156,-61.74848937988281,0.0020373535808175,Vehicle-pedestrian collision
participant_10,1.0,day,Town10HD_Opt,Stop sign violation,29.105,-1.77,2026-03-14 10:01:38.415842,67.00984954833984,-65.69772338867188,0.0021691513247787,stop_sign_id=946
participant_10,1.0,day,Town10HD_Opt,Stop sign violation,8.863,5.574,2026-03-14 10:01:57.106226,-20.59395408630371,-65.1176528930664,0.0020421599037945,stop_sign_id=1062
participant_10,1.0,day,Town10HD_Opt,Collision,0.0,-0.806,2026-03-14 10:02:28.576729,-110.9852523803711,-4.970552921295166,0.0019190596649423,Collision
participant_10,1.0,day,Town10HD_Opt,Harsh braking,9.774,-1.398,2026-03-14 10:02:56.845820,-79.0470962524414,24.88551521301269,0.0018809508765116,decel_mps2=6.1
participant_10,1.0,day,Town10HD_Opt,Vehicle collision,50.629,-0.082,2026-03-14 10:03:07.054425,-48.083740234375,25.14923858642578,0.0019635008648037,Vehicle collision
participant_09,9.0,day,Town10HD_Opt,Solid line crossing,5.548,-0.054,2026-03-14 10:03:16.000564,-110.813232421875,-7.035234451293945,0.0019722746219486,Solid line crossing
participant_09,9.0,day,Town10HD_Opt,Solid line crossing,4.355,0.002,2026-03-14 10:03:16.628575,-110.79402923583984,-5.943414688110352,0.0019262313144281,Solid line crossing
participant_10,1.0,day,Town10HD_Opt,Solid line crossing,25.585,15.218,2026-03-14 10:03:17.689653,33.85734176635742,30.58317375183105,0.0020644378382712,Solid line crossing
participant_09,9.0,day,Town10HD_Opt,Solid line crossing,20.413,-0.374,2026-03-14 10:03:29.580446,-110.67456817626952,-0.9870387315750122,0.0019141006050631,Solid line crossing
participant_10,1.0,day,Town10HD_Opt,Harsh braking,10.998,-0.388,2026-03-14 10:03:40.152724,76.85016632080078,70.36412048339844,0.0019795990083366,decel_mps2=7.3
participant_09,9.0,day,Town10HD_Opt,Solid line crossing,2.253,-19.748,2026-03-14 10:03:42.475685,-96.5506591796875,25.765356063842773,0.0019555282779037,Solid line crossing
participant_10,1.0,day,Town10HD_Opt,Solid line crossing,29.44,7.575,2026-03-14 10:03:51.281515,102.08375549316406,86.01848602294922,0.0017718124436214,Solid line crossing
participant_09,9.0,day,Town10HD_Opt,Solid line crossing,6.812,-1.485,2026-03-14 10:03:51.405157,-76.08811950683594,27.41483497619629,0.0019842910114675,Solid line crossing
participant_10,1.0,day,Town10HD_Opt,Stop sign violation,26.668,4.289,2026-03-14 10:04:00.234713,71.24040985107422,129.8077850341797,0.0019156264606863,stop_sign_id=1062
participant_09,9.0,day,Town10HD_Opt,Harsh braking,0.001,-0.47,2026-03-14 10:04:03.562717,-66.88063049316406,27.82779312133789,0.0019190596649423,decel_mps2=4.9
participant_10,1.0,day,Town10HD_Opt,Solid line crossing,22.827,0.167,2026-03-14 10:04:09.917626,17.258670806884766,131.46717834472656,0.0021885680034756,Solid line crossing
participant_10,1.0,day,Town10HD_Opt,Solid line crossing,8.334,0.322,2026-03-14 10:04:20.261188,-17.546388626098633,130.9842987060547,0.0019970701541751,Solid line crossing
participant_09,9.0,day,Town10HD_Opt,Solid line crossing,3.417,10.338,2026-03-14 10:04:28.830593,36.24625396728516,31.519481658935547,0.0020507811568677,Solid line crossing
participant_10,1.0,day,Town10HD_Opt,Vehicle-pedestrian collision,26.544,-0.078,2026-03-14 10:04:37.293770,-42.398807525634766,99.60914611816406,0.0017702102195471,Vehicle-pedestrian collision
participant_09,9.0,day,Town10HD_Opt,Solid line crossing,7.043,20.677,2026-03-14 10:04:37.373465,43.53549575805664,41.4629135131836,0.0019861983601003,Solid line crossing
participant_09,9.0,day,Town10HD_Opt,Solid line crossing,4.687,25.19,2026-03-14 10:04:37.570672,43.585750579833984,42.85342025756836,0.0019715500529855,Solid line crossing
participant_10,1.0,day,Town10HD_Opt,Harsh braking,14.311,-0.167,2026-03-14 10:04:48.301020,-16.943742752075195,69.73353576660156,0.0019741819705814,decel_mps2=6.7
participant_09,9.0,day,Town10HD_Opt,Solid line crossing,0.199,-4.313,2026-03-14 10:04:54.347355,40.820556640625,54.28338241577149,0.0019210051978006,Solid line crossing
participant_09,10.0,day,Town10HD_Opt,Solid line crossing,29.709,0.092,2026-03-14 10:15:14.634168,-5.927610397338867,70.053955078125,0.0021210859995335,Solid line crossing
participant_10,2.0,day,Town10HD_Opt,Collision,10.222,-7.765,2026-03-14 10:15:19.883153,-18.202136993408203,69.98821258544922,0.0020091247279196,Collision
participant_09,10.0,day,Town10HD_Opt,Solid line crossing,17.089,-10.622,2026-03-14 10:15:33.623459,38.20101165771485,67.5995864868164,0.0019205854041501,Solid line crossing
participant_09,10.0,day,Town10HD_Opt,Solid line crossing,22.113,-7.736,2026-03-14 10:15:43.163980,44.68392562866211,48.72665786743164,0.0019812395330518,Solid line crossing
participant_10,2.0,day,Town10HD_Opt,Solid line crossing,0.0,0.0,2026-03-14 10:16:47.167141,44.37602996826172,50.00769805908203,0.0020349882543087,Solid line crossing
participant_09,10.0,day,Town10HD_Opt,Solid line crossing,25.756,0.237,2026-03-14 10:16:47.969687,6.801911354064941,-67.8115234375,0.0021826932206749,Solid line crossing
participant_10,2.0,day,Town10HD_Opt,Solid line crossing,0.0,0.0,2026-03-14 10:17:00.448364,44.37602996826172,50.00769805908203,0.0020349882543087,Solid line crossing
participant_10,2.0,day,Town10HD_Opt,Solid line crossing,0.0,0.0,2026-03-14 10:17:11.805989,44.37602996826172,50.00769805908203,0.0020349882543087,Solid line crossing
participant_09,10.0,day,Town10HD_Opt,Stop sign violation,38.331,1.274,2026-03-14 10:17:42.400785,-88.92791748046875,24.863136291503903,0.0023663323372602,stop_sign_id=1300
participant_09,10.0,day,Town10HD_Opt,Solid line crossing,31.134,3.283,2026-03-14 10:18:01.819694,-40.05634307861328,26.45595359802246,0.0021165846846997,Solid line crossing
participant_09,10.0,day,Town10HD_Opt,Solid line crossing,2.06,0.056,2026-03-14 10:18:24.930297,40.28119659423828,51.618778228759766,0.0018280411604791,Solid line crossing
participant_09,10.0,day,Town10HD_Opt,Vehicle collision,17.333,-1.859,2026-03-14 10:18:34.953871,69.89330291748047,70.34004211425781,0.0018745803972706,Vehicle collision
participant_09,10.0,day,Town10HD_Opt,Stop sign violation,33.016,0.573,2026-03-14 10:19:09.714491,9.4271879196167,130.23265075683594,0.0019208146259188,stop_sign_id=900
participant_10,3.0,day,Town10HD_Opt,Solid line crossing,0.0,0.0,2026-03-14 10:30:14.207589,-41.668582916259766,89.7454833984375,0.0018127440707758,Solid line crossing
participant_10,3.0,day,Town10HD_Opt,Solid line crossing,0.0,0.0,2026-03-14 10:30:40.154906,-41.668582916259766,89.7454833984375,0.0018127440707758,Solid line crossing
participant_10,3.0,day,Town10HD_Opt,Vehicle-pedestrian collision,0.0,0.0,2026-03-14 10:30:50.288383,-41.668582916259766,89.7454833984375,0.0018127440707758,Vehicle-pedestrian collision
participant_10,3.0,day,Town10HD_Opt,Solid line crossing,0.0,0.0,2026-03-14 10:31:45.880604,-41.668582916259766,89.7454833984375,0.0018127440707758,Solid line crossing
participant_10,3.0,day,Town10HD_Opt,Harsh braking,20.055,0.026,2026-03-14 10:32:44.663930,-41.66858673095703,89.7454833984375,0.5804919004440308,decel_mps2=6.7
participant_10,3.0,day,Town10HD_Opt,Solid line crossing,20.055,0.026,2026-03-14 10:33:05.287719,-41.66858673095703,89.7454833984375,0.5804919004440308,Solid line crossing
participant_10,3.0,day,Town10HD_Opt,Solid line crossing,20.055,0.026,2026-03-14 10:33:16.604045,-41.66858673095703,89.7454833984375,0.5804919004440308,Solid line crossing
participant_10,3.0,day,Town10HD_Opt,Solid line crossing,20.055,0.026,2026-03-14 10:33:32.950292,-41.66858673095703,89.7454833984375,0.5804919004440308,Solid line crossing
participant_10,3.0,day,Town10HD_Opt,Solid line crossing,26.347,2.934,2026-03-14 10:34:09.820744,-41.665771484375,84.01053619384766,0.0017737578600645,Solid line crossing
participant_10,3.0,day,Town10HD_Opt,Solid line crossing,41.14,-10.31,2026-03-14 10:34:21.121903,25.09815216064453,71.4294204711914,0.0022450636606663,Solid line crossing
participant_10,3.0,day,Town10HD_Opt,Solid line crossing,45.434,20.641,2026-03-14 10:34:30.484366,43.9920654296875,34.257286071777344,0.0016090010758489,Solid line crossing
participant_10,3.0,day,Town10HD_Opt,Solid line crossing,0.0,1.241,2026-03-14 10:34:46.121755,79.69007873535156,27.480531692504883,0.0019197463989257,Solid line crossing
participant_10,3.0,day,Town10HD_Opt,Solid line crossing,50.55,-14.141,2026-03-14 10:34:51.738507,99.03168487548828,25.87700843811035,0.0019869613461196,Solid line crossing
participant_10,3.0,day,Town10HD_Opt,Vehicle collision,17.548,-17.718,2026-03-14 10:34:54.330950,106.00127410888672,15.96319580078125,-0.0022367094643414,Vehicle collision
participant_10,3.0,day,Town10HD_Opt,Solid line crossing,50.261,-6.694,2026-03-14 10:35:10.772583,83.63400268554688,-60.511478424072266,0.0020374679006636,Solid line crossing
participant_10,3.0,day,Town10HD_Opt,Solid line crossing,2.191,0.898,2026-03-14 10:35:29.584957,-16.2131290435791,-65.84716796875,0.0019401168683543,Solid line crossing
participant_10,3.0,day,Town10HD_Opt,Solid line crossing,22.668,0.068,2026-03-14 10:35:58.090743,-26.28397560119629,-66.15357208251953,0.0017208098433911,Solid line crossing
participant_10,3.0,day,Town10HD_Opt,Stop sign violation,47.943,-4.442,2026-03-14 10:36:04.111143,-82.52986145019531,-64.11051177978516,0.00220314017497,stop_sign_id=1062
participant_10,3.0,day,Town10HD_Opt,Solid line crossing,40.556,-7.475,2026-03-14 10:36:41.155897,-110.81053161621094,6.8924431800842285,0.0019541548099368,Solid line crossing
participant_10,3.0,day,Town10HD_Opt,Solid line crossing,47.084,4.192,2026-03-14 10:37:29.635342,99.57063293457033,82.501708984375,0.0018645477248355,Solid line crossing
participant_10,3.0,day,Town10HD_Opt,Vehicle collision,17.153,-3.54,2026-03-14 10:38:28.859039,26.674028396606445,70.00013732910156,0.0016104506794363,Vehicle collision
participant_10,3.0,day,Town10HD_Opt,Solid line crossing,18.198,13.329,2026-03-14 10:38:40.594783,44.40862274169922,37.49373245239258,0.0014198302524164,Solid line crossing
participant_10,3.0,day,Town10HD_Opt,Stop sign violation,49.638,-5.243,2026-03-14 10:38:59.119994,105.3230438232422,-35.91031265258789,0.0020499038510024,stop_sign_id=1200
participant_10,4.0,day,Town10HD_Opt,Solid line crossing,20.065,-1.163,2026-03-14 10:46:59.068204,108.9841079711914,-22.54519271850586,0.0019867706578224,Solid line crossing
participant_10,4.0,day,Town10HD_Opt,Solid line crossing,28.836,-4.079,2026-03-14 10:47:07.991733,92.71549224853516,-57.87632751464844,0.0020075226202607,Solid line crossing
participant_10,4.0,day,Town10HD_Opt,Solid line crossing,26.328,1.542,2026-03-14 10:47:21.400947,39.84954833984375,-67.5276870727539,0.0019865417852997,Solid line crossing
participant_10,4.0,day,Town10HD_Opt,Solid line crossing,17.825,0.501,2026-03-14 10:47:34.797873,-14.107630729675291,-67.87938690185547,0.0020497513469308,Solid line crossing
participant_10,4.0,day,Town10HD_Opt,Solid line crossing,0.007,-0.421,2026-03-14 10:47:45.690904,-22.013994216918945,-68.1447525024414,0.0019188307924196,Solid line crossing
participant_10,4.0,day,Town10HD_Opt,Harsh braking,18.235,-0.399,2026-03-14 10:48:02.748355,-43.40719604492188,-69.04544830322266,0.0020848845597356,decel_mps2=6.7
participant_10,4.0,day,Town10HD_Opt,Stop sign violation,24.526,-4.778,2026-03-14 10:48:12.818683,-80.44673919677734,-67.47647094726562,0.0020104215946048,stop_sign_id=754
participant_10,4.0,day,Town10HD_Opt,Solid line crossing,18.555,-4.152,2026-03-14 10:48:21.129711,-105.03205108642578,-50.737640380859375,0.0020242310129106,Solid line crossing
participant_10,4.0,day,Town10HD_Opt,Solid line crossing,19.296,-4.714,2026-03-14 10:48:22.035254,-106.66937255859376,-47.86223602294922,0.0020197294652462,Solid line crossing
participant_10,4.0,day,Town10HD_Opt,Stop sign violation,0.132,0.975,2026-03-14 10:48:34.375139,-110.8084716796875,-18.148832321166992,0.0019150542793795,stop_sign_id=1050
participant_10,5.0,day,Town10HD_Opt,Solid line crossing,19.121,0.872,2026-03-14 11:00:12.237427,14.895647048950195,69.51303100585938,0.0022501365747302,Solid line crossing
participant_10,5.0,day,Town10HD_Opt,Stop sign violation,27.487,-0.613,2026-03-14 11:00:27.940859,45.76421356201172,41.97140502929688,0.0017004407709464,stop_sign_id=946
participant_10,5.0,day,Town10HD_Opt,Solid line crossing,13.683,4.754,2026-03-14 11:00:31.985926,54.74614715576172,27.05094337463379,0.0020456309430301,Solid line crossing
participant_10,5.0,day,Town10HD_Opt,Solid line crossing,0.0,-1.255,2026-03-14 11:00:59.769582,82.07105255126953,25.315126419067383,0.0019191360333934,Solid line crossing
participant_10,5.0,day,Town10HD_Opt,Harsh braking,48.923,0.945,2026-03-14 11:01:50.306131,-67.31074523925781,-65.68545532226562,0.0020790097769349,decel_mps2=7.9
participant_10,5.0,day,Town10HD_Opt,Solid line crossing,16.301,-1.525,2026-03-14 11:02:00.368510,-110.19503784179688,-11.602584838867188,0.0020383824594318,Solid line crossing
participant_10,5.0,day,Town10HD_Opt,Solid line crossing,18.355,-5.134,2026-03-14 11:02:27.479480,-103.9625244140625,19.44169235229492,0.002299384213984,Solid line crossing
participant_10,5.0,day,Town10HD_Opt,Solid line crossing,0.0,-0.895,2026-03-14 11:02:40.283339,-85.71749877929688,26.18885040283203,0.0019197463989257,Solid line crossing
participant_10,5.0,day,Town10HD_Opt,Vehicle collision,38.698,0.049,2026-03-14 11:03:40.732632,17.641557693481445,131.80255126953125,0.0021320339292287,Vehicle collision
participant_10,5.0,day,Town10HD_Opt,Vehicle collision,42.079,15.733,2026-03-14 11:04:01.678543,-39.58987045288086,124.71835327148438,0.0019474413711577,Vehicle collision
participant_10,5.0,day,Town10HD_Opt,Stop sign violation,18.204,10.079,2026-03-14 11:04:22.935553,29.921913146972656,69.92076873779297,0.0016620644601061,stop_sign_id=1300
participant_10,5.0,day,Town10HD_Opt,Vehicle-pedestrian collision,0.0,-0.305,2026-03-14 11:04:40.209194,81.69859313964844,25.33742332458496,0.0019304656889289,Vehicle-pedestrian collision
participant_10,5.0,day,Town10HD_Opt,Solid line crossing,0.0,-0.204,2026-03-14 11:04:48.743209,81.6986083984375,25.33742332458496,0.001919517526403,Solid line crossing
participant_10,6.0,day,Town10HD_Opt,Vehicle collision,0.006,0.794,2026-03-14 11:15:58.655516,81.4835205078125,25.698381423950195,0.0019188689766451,Vehicle collision
participant_10,6.0,day,Town10HD_Opt,Solid line crossing,39.408,-4.372,2026-03-14 11:16:34.225003,92.72647094726562,-54.233642578125,0.001983642578125,Solid line crossing
participant_10,6.0,day,Town10HD_Opt,Vehicle-pedestrian collision,38.167,0.031,2026-03-14 11:16:43.626021,37.67386245727539,-66.79371643066406,0.0018868255428969,Vehicle-pedestrian collision
participant_10,6.0,day,Town10HD_Opt,Stop sign violation,5.754,5.505,2026-03-14 11:16:58.016464,-21.89862060546875,-65.0606689453125,0.0020137024112045,stop_sign_id=1050
participant_10,6.0,day,Town10HD_Opt,Solid line crossing,18.373,-6.651,2026-03-14 11:17:13.728611,-110.37284088134766,-26.75754165649414,0.0021931456867605,Solid line crossing
participant_10,6.0,day,Town10HD_Opt,Solid line crossing,31.86,-12.318,2026-03-14 11:17:49.721259,-100.10467529296876,23.70783805847168,0.0021765900310128,Solid line crossing
participant_10,6.0,day,Town10HD_Opt,Stop sign violation,9.774,-1.398,2026-03-14 11:17:56.801155,-79.0470962524414,24.88551521301269,0.0018809508765116,stop_sign_id=1200
participant_10,6.0,day,Town10HD_Opt,Solid line crossing,50.278,-0.966,2026-03-14 11:18:08.520430,-39.36405563354492,25.442975997924805,0.0019950103014707,Solid line crossing
participant_10,6.0,day,Town10HD_Opt,Vehicle collision,15.801,-1.972,2026-03-14 11:18:33.892431,59.19956970214844,70.22643280029297,0.0019912337884306,Vehicle collision
participant_10,6.0,day,Town10HD_Opt,Vehicle-pedestrian collision,27.64,0.233,2026-03-14 11:19:09.337214,21.67757797241211,131.613037109375,0.0021923445165157,Vehicle-pedestrian collision
participant_10,6.0,day,Town10HD_Opt,Solid line crossing,20.655,0.526,2026-03-14 11:19:15.298402,-4.385034561157227,131.3106231689453,0.0021888350602239,Solid line crossing
participant_10,6.0,day,Town10HD_Opt,Solid line crossing,10.957,-0.134,2026-03-14 11:19:18.662393,-15.85764980316162,131.03631591796875,0.001975402701646,Solid line crossing
participant_10,6.0,day,Town10HD_Opt,Solid line crossing,17.961,3.104,2026-03-14 11:19:36.273440,-42.43572998046875,103.4700927734375,0.0016350173391401,Solid line crossing
participant_10,7.0,day,Town10HD_Opt,Solid line crossing,25.416,4.442,2026-03-14 11:30:52.184470,63.86894989013672,26.23808860778809,0.0019694140646606,Solid line crossing
participant_10,7.0,day,Town10HD_Opt,Solid line crossing,0.267,2.05,2026-03-14 11:31:13.606689,74.65957641601562,25.31841278076172,0.0019119643839076,Solid line crossing
participant_10,7.0,day,Town10HD_Opt,Solid line crossing,39.978,-2.539,2026-03-14 11:31:41.297075,72.96082305908203,-66.44244384765625,0.0019487383542582,Solid line crossing
participant_10,7.0,day,Town10HD_Opt,Solid line crossing,24.96,-1.732,2026-03-14 11:31:47.500149,35.31175994873047,-67.59208679199219,0.0020018387585878,Solid line crossing
participant_10,7.0,day,Town10HD_Opt,Solid line crossing,43.22,-0.444,2026-03-14 11:32:03.209145,-18.02334785461425,-67.96389770507812,0.0017805489478632,Solid line crossing
participant_10,7.0,day,Town10HD_Opt,Solid line crossing,35.227,2.873,2026-03-14 11:32:10.972542,-86.26783752441406,-57.89751434326172,0.0020979307591915,Solid line crossing
participant_10,7.0,day,Town10HD_Opt,Vehicle-pedestrian collision,0.184,-7.715,2026-03-14 11:32:23.950571,-111.05378723144533,-12.311715126037598,0.0019151687156409,Vehicle-pedestrian collision
participant_10,7.0,day,Town10HD_Opt,Solid line crossing,0.027,-0.684,2026-03-14 11:32:37.407234,-111.3785629272461,-7.4494853019714355,0.0019109344575554,Solid line crossing
participant_10,7.0,day,Town10HD_Opt,Solid line crossing,24.854,5.626,2026-03-14 11:33:13.208893,22.05212783813477,28.24667358398437,0.0020557402167469,Solid line crossing
participant_10,7.0,day,Town10HD_Opt,Solid line crossing,7.491,-2.824,2026-03-14 11:33:23.781168,41.48240280151367,50.803314208984375,0.0018164447974413,Solid line crossing
participant_10,7.0,day,Town10HD_Opt,Harsh braking,40.294,-11.552,2026-03-14 11:33:27.786136,50.526458740234375,69.40907287597656,0.0022335045505315,decel_mps2=5.2
participant_10,7.0,day,Town10HD_Opt,Solid line crossing,31.839,-0.891,2026-03-14 11:33:28.702908,56.81037521362305,69.94412231445312,0.002330740680918,Solid line crossing
participant_10,7.0,day,Town10HD_Opt,Stop sign violation,4.394,1.333,2026-03-14 11:33:40.545409,81.72706604003906,70.48491668701172,0.0019611737225204,stop_sign_id=946
participant_10,7.0,day,Town10HD_Opt,Solid line crossing,0.0,3.177,2026-03-14 11:34:47.289168,24.245391845703125,70.09569549560547,0.0019193649059161,Solid line crossing
participant_10,7.0,day,Town10HD_Opt,Solid line crossing,9.739,12.34,2026-03-14 11:34:58.445507,51.85845947265625,31.047592163085938,0.0019776532426476,Solid line crossing
participant_10,8.0,day,Town10HD_Opt,Solid line crossing,14.357,3.177,2026-03-14 11:45:18.248098,-20.998676300048828,69.64712524414062,0.0020437240600585,Solid line crossing
participant_10,8.0,day,Town10HD_Opt,Solid line crossing,10.222,-7.765,2026-03-14 11:45:20.306096,-18.202136993408203,69.98821258544922,0.0020091247279196,Solid line crossing
participant_10,8.0,day,Town10HD_Opt,Solid line crossing,21.81,0.531,2026-03-14 11:45:31.146171,1.971995830535889,70.14614868164062,0.0018966674106195,Solid line crossing
participant_10,8.0,day,Town10HD_Opt,Solid line crossing,0.023,-0.153,2026-03-14 11:45:41.936146,23.65249252319336,69.98908233642578,0.0019464110955595,Solid line crossing
participant_10,8.0,day,Town10HD_Opt,Solid line crossing,14.913,-6.604,2026-03-14 11:45:48.600095,30.78239250183105,69.51164245605469,0.0020287323277443,Solid line crossing
participant_10,8.0,day,Town10HD_Opt,Harsh braking,9.1,-7.798,2026-03-14 11:46:03.166082,44.77610397338867,55.20383834838867,0.0020349882543087,decel_mps2=7.3
participant_10,8.0,day,Town10HD_Opt,Vehicle collision,0.0,0.0,2026-03-14 11:46:33.492861,44.37602996826172,50.00769805908203,0.0020349882543087,Vehicle collision
participant_10,8.0,day,Town10HD_Opt,Harsh braking,0.0,0.0,2026-03-14 11:46:54.732592,44.37602996826172,50.00769805908203,0.0020349882543087,decel_mps2=7.9
participant_10,8.0,day,Town10HD_Opt,Solid line crossing,0.0,0.0,2026-03-14 11:47:13.430044,44.37602996826172,50.00769805908203,0.0020349882543087,Solid line crossing
participant_10,8.0,day,Town10HD_Opt,Solid line crossing,0.0,0.0,2026-03-14 11:47:19.319655,44.37602996826172,50.00769805908203,0.0020349882543087,Solid line crossing
participant_10,9.0,day,Town10HD_Opt,Solid line crossing,17.57,-26.059,2026-03-14 12:00:33.297442,39.8086166381836,68.98906707763672,0.0019739530980587,Solid line crossing
participant_10,9.0,day,Town10HD_Opt,Solid line crossing,1.13,0.486,2026-03-14 12:00:59.324207,65.74640655517578,25.245723724365234,0.0019299315754324,Solid line crossing
participant_10,9.0,day,Town10HD_Opt,Red light violation,50.727,-11.762,2026-03-14 12:01:08.635284,93.40110778808594,28.452741622924805,0.0018880462739616,Red light violation
participant_10,9.0,day,Town10HD_Opt,Harsh braking,45.807,-5.009,2026-03-14 12:01:23.465217,76.90398406982422,-62.82930374145508,0.0019097517943009,decel_mps2=5.7
participant_10,9.0,day,Town10HD_Opt,Solid line crossing,37.257,-0.432,2026-03-14 12:01:45.768462,-23.434892654418945,-66.76878356933594,0.0015391159104183,Solid line crossing
participant_10,9.0,day,Town10HD_Opt,Stop sign violation,29.543,-7.38,2026-03-14 12:01:58.223433,-104.87350463867188,-42.12591552734375,0.0020585632883012,stop_sign_id=900
participant_10,9.0,day,Town10HD_Opt,Vehicle collision,4.052,0.663,2026-03-14 12:02:08.465200,-110.75817108154295,-9.05014419555664,0.0019579695072025,Vehicle collision
participant_10,9.0,day,Town10HD_Opt,Solid line crossing,2.388,-1.391,2026-03-14 12:02:10.498174,-110.79398345947266,-7.93516206741333,0.0019420622847974,Solid line crossing
participant_10,9.0,day,Town10HD_Opt,Solid line crossing,0.575,-0.771,2026-03-14 12:02:15.676107,-110.81916046142578,-6.724831581115723,0.0019246672745794,Solid line crossing
participant_10,9.0,day,Town10HD_Opt,Solid line crossing,45.065,0.11,2026-03-14 12:02:52.289182,-30.893190383911133,28.62725830078125,0.0022108841221779,Solid line crossing
participant_10,9.0,day,Town10HD_Opt,Red light violation,10.844,24.988,2026-03-14 12:03:11.809709,41.95906829833984,38.60721206665039,0.0019766998011618,Red light violation
participant_10,9.0,day,Town10HD_Opt,Vehicle-pedestrian collision,0.134,0.343,2026-03-14 12:03:18.253204,40.690208435058594,54.1743392944336,0.0019262313144281,Vehicle-pedestrian collision
participant_10,9.0,day,Town10HD_Opt,Solid line crossing,12.16,-0.383,2026-03-14 12:03:32.874384,74.82735443115234,69.85881805419922,0.0020343780051916,Solid line crossing
participant_10,9.0,day,Town10HD_Opt,Solid line crossing,37.139,6.922,2026-03-14 12:03:49.044014,73.63038635253906,129.57276916503906,0.0018948744982481,Solid line crossing
participant_10,9.0,day,Town10HD_Opt,Vehicle-pedestrian collision,37.139,6.922,2026-03-14 12:03:49.502188,73.63038635253906,129.57276916503906,0.0018948744982481,Vehicle-pedestrian collision
participant_10,9.0,day,Town10HD_Opt,Solid line crossing,20.755,0.916,2026-03-14 12:04:04.078763,-23.09684181213379,130.85089111328125,0.0023169326595962,Solid line crossing
participant_10,9.0,day,Town10HD_Opt,Solid line crossing,23.88,-2.426,2026-03-14 12:04:19.393148,-41.62484359741211,92.22433471679688,0.0019456862937659,Solid line crossing
participant_10,9.0,day,Town10HD_Opt,Red light violation,16.256,3.598,2026-03-14 12:04:32.585654,-8.874507904052734,70.09695434570312,0.0018546294886618,Red light violation
participant_10,9.0,day,Town10HD_Opt,Solid line crossing,6.23,-6.791,2026-03-14 12:04:43.278264,21.60654258728028,70.50074005126953,0.0019380950834602,Solid line crossing
participant_10,10.0,day,Town10HD_Opt,Solid line crossing,10.222,1.518,2026-03-14 12:15:28.562049,20.20306968688965,70.04893493652344,0.002013282617554,Solid line crossing
participant_10,10.0,day,Town10HD_Opt,Harsh braking,44.465,-5.612,2026-03-14 12:16:16.576396,97.9542465209961,-51.16786956787109,0.0021488189231604,decel_mps2=6.7
participant_10,10.0,day,Town10HD_Opt,Solid line crossing,38.112,0.141,2026-03-14 12:16:28.692617,28.317970275878903,-67.51411437988281,0.0020103454589843,Solid line crossing
participant_10,10.0,day,Town10HD_Opt,Stop sign violation,32.525,-2.04,2026-03-14 12:16:41.956443,-27.743927001953125,-67.82192993164062,0.0016852569533511,stop_sign_id=900
participant_10,10.0,day,Town10HD_Opt,Solid line crossing,36.778,-5.03,2026-03-14 12:16:56.805003,-110.38348388671876,-29.82265281677246,0.0021537018474191,Solid line crossing
participant_10,10.0,day,Town10HD_Opt,Harsh braking,0.001,0.637,2026-03-14 12:17:07.816615,-110.50615692138672,-14.659107208251951,0.0019189834129065,decel_mps2=7.3
participant_10,10.0,day,Town10HD_Opt,Solid line crossing,0.005,-0.374,2026-03-14 12:17:32.629064,-111.50493621826172,-3.887288093566896,0.0019191360333934,Solid line crossing
participant_10,10.0,day,Town10HD_Opt,Vehicle collision,0.006,-0.383,2026-03-14 12:17:34.081135,-111.50493621826172,-3.88708758354187,0.001919288537465,Vehicle collision
participant_10,10.0,day,Town10HD_Opt,Stop sign violation,27.771,-8.976,2026-03-14 12:17:58.053588,-98.48027801513672,24.269433975219727,0.0021047974005341,stop_sign_id=754
participant_10,10.0,day,Town10HD_Opt,Harsh braking,0.354,0.202,2026-03-14 12:18:15.078563,-68.8014907836914,28.151779174804688,0.0019184112315997,decel_mps2=4.9
participant_10,10.0,day,Town10HD_Opt,Solid line crossing,0.036,1.288,2026-03-14 12:18:24.431023,-68.58784484863281,28.150375366210938,0.001919288537465,Solid line crossing
participant_10,10.0,day,Town10HD_Opt,Solid line crossing,0.001,-1.253,2026-03-14 12:18:52.087250,40.50015640258789,52.65807342529297,0.0021817015949636,Solid line crossing
participant_10,10.0,day,Town10HD_Opt,Vehicle-pedestrian collision,45.924,6.623,2026-03-14 12:19:21.260612,73.02401733398438,130.41920471191406,0.0018283843528479,Vehicle-pedestrian collision
participant_10,10.0,day,Town10HD_Opt,Solid line crossing,0.007,0.143,2026-03-14 12:19:43.531346,-23.72944450378418,130.8881378173828,0.0019188689766451,Solid line crossing
participant_11,1.0,day,Town10HD_Opt,Solid line crossing,26.308,-12.944,2026-03-14 13:00:18.762481,37.26968383789063,64.36132049560547,0.0024455259554088,Solid line crossing
participant_11,1.0,day,Town10HD_Opt,Stop sign violation,19.72,12.374,2026-03-14 13:00:42.569697,55.739540100097656,26.481969833374023,0.0019721984863281,stop_sign_id=946
participant_11,1.0,day,Town10HD_Opt,Solid line crossing,0.928,0.11,2026-03-14 13:01:04.437257,69.51872253417969,24.12819480895996,0.0019280624110251,Solid line crossing
participant_11,1.0,day,Town10HD_Opt,Harsh braking,36.236,-8.177,2026-03-14 13:02:56.786954,-107.89920043945312,14.736292839050291,0.0017658615252003,decel_mps2=6.1
participant_11,1.0,day,Town10HD_Opt,Solid line crossing,47.62,0.825,2026-03-14 13:04:32.248334,46.8962287902832,133.66542053222656,0.0021339035592973,Solid line crossing
participant_11,2.0,day,Town10HD_Opt,Solid line crossing,25.652,-2.052,2026-03-14 13:15:50.641238,57.88116455078125,26.729537963867188,0.0022629923187196,Solid line crossing
participant_11,2.0,day,Town10HD_Opt,Solid line crossing,0.0,0.035,2026-03-14 13:16:08.002848,69.72502136230469,25.29110336303711,0.001919288537465,Solid line crossing
participant_11,2.0,day,Town10HD_Opt,Solid line crossing,17.153,-8.88,2026-03-14 13:16:15.816374,80.03807830810547,27.55624771118164,0.0015979390591382,Solid line crossing
participant_11,2.0,day,Town10HD_Opt,Solid line crossing,31.255,-11.979,2026-03-14 13:16:17.542846,89.27271270751953,29.46712875366211,0.0020297621376812,Solid line crossing
participant_11,2.0,day,Town10HD_Opt,Collision,23.023,-1.121,2026-03-14 13:16:28.808136,106.34236907958984,-22.66823959350586,0.0021790692117065,Collision
participant_11,2.0,day,Town10HD_Opt,Stop sign violation,44.824,-0.745,2026-03-14 13:16:39.743772,50.132415771484375,-65.8983154296875,0.002139053074643,stop_sign_id=946
participant_11,2.0,day,Town10HD_Opt,Solid line crossing,17.698,0.907,2026-03-14 13:16:50.252552,-1.8539791107177728,-67.85681915283203,0.0018701932858675,Solid line crossing
participant_11,2.0,day,Town10HD_Opt,Vehicle-pedestrian collision,1.009,1.504,2026-03-14 13:17:22.234182,-110.96216583251952,-6.087080478668213,0.001928977901116,Vehicle-pedestrian collision
participant_11,2.0,day,Town10HD_Opt,Harsh braking,0.001,-2.421,2026-03-14 13:17:47.412514,-69.26013946533203,26.051115036010746,0.0022413246333599,decel_mps2=5.7
participant_11,2.0,day,Town10HD_Opt,Solid line crossing,30.207,6.523,2026-03-14 13:18:53.780207,89.07262420654297,119.98395538330078,0.0021145627833902,Solid line crossing
participant_11,2.0,day,Town10HD_Opt,Solid line crossing,0.001,-1.177,2026-03-14 13:19:15.460380,-17.604755401611328,129.51101684570312,0.0019189071608707,Solid line crossing
participant_11,2.0,day,Town10HD_Opt,Harsh braking,1.079,6.748,2026-03-14 13:19:46.519883,-10.973272323608398,70.48896026611328,0.0018630600534379,decel_mps2=6.1
participant_11,3.0,day,Town10HD_Opt,Vehicle-pedestrian collision,0.135,1.001,2026-03-14 13:30:54.460117,43.75282287597656,41.357059478759766,0.0019197082147002,Vehicle-pedestrian collision
participant_11,3.0,day,Town10HD_Opt,Solid line crossing,35.172,1.713,2026-03-14 13:31:07.897378,74.25342559814453,25.91102409362793,0.0015806588344275,Solid line crossing
participant_11,3.0,day,Town10HD_Opt,Harsh braking,12.677,-4.877,2026-03-14 13:31:17.824220,106.97277069091795,6.317331314086914,0.0016455082222819,decel_mps2=7.3
participant_11,3.0,day,Town10HD_Opt,Solid line crossing,35.495,-2.217,2026-03-14 13:31:20.236031,107.16429138183594,-2.008547306060791,0.0016933064907789,Solid line crossing
participant_11,3.0,day,Town10HD_Opt,Stop sign violation,31.434,-3.631,2026-03-14 13:31:33.055930,80.19023895263672,-62.34478759765625,0.0019036867888644,stop_sign_id=1120
participant_11,3.0,day,Town10HD_Opt,Solid line crossing,24.885,-2.16,2026-03-14 13:31:42.348559,35.059356689453125,-66.37483215332031,0.0018337635556235,Solid line crossing
participant_11,3.0,day,Town10HD_Opt,Solid line crossing,29.294,-0.36,2026-03-14 13:31:51.260559,-39.39833831787109,-68.00088500976562,0.0022148129064589,Solid line crossing
participant_11,3.0,day,Town10HD_Opt,Solid line crossing,35.661,-4.837,2026-03-14 13:32:01.983874,-110.5835418701172,-32.43268966674805,0.002101058838889,Solid line crossing
participant_11,3.0,day,Town10HD_Opt,Red light violation,0.007,5.316,2026-03-14 13:32:15.791127,-110.81301879882812,-13.687642097473145,0.0019187927246093,Red light violation
participant_11,3.0,day,Town10HD_Opt,Harsh braking,30.391,-4.204,2026-03-14 13:32:25.496106,-108.46398162841795,11.940075874328612,0.00231822906062,decel_mps2=7.3
participant_11,3.0,day,Town10HD_Opt,Solid line crossing,5.701,0.881,2026-03-14 13:32:38.685742,-69.74347686767578,28.046775817871094,0.0019738767296075,Solid line crossing
participant_11,3.0,day,Town10HD_Opt,Solid line crossing,8.615,-1.107,2026-03-14 13:33:05.160030,11.888874053955078,28.69755744934082,0.0019252013880759,Solid line crossing
participant_11,3.0,day,Town10HD_Opt,Solid line crossing,11.064,14.653,2026-03-14 13:33:13.491460,41.01251983642578,42.7138900756836,0.002041740110144,Solid line crossing
participant_11,3.0,day,Town10HD_Opt,Solid line crossing,32.868,-17.808,2026-03-14 13:33:26.503760,43.63206100463867,65.41761016845703,0.0019971085712313,Solid line crossing
participant_11,3.0,day,Town10HD_Opt,Solid line crossing,32.462,17.648,2026-03-14 13:33:40.178840,90.71395111083984,70.40935516357422,0.0022953790612518,Solid line crossing
participant_11,3.0,day,Town10HD_Opt,Solid line crossing,39.915,10.214,2026-03-14 13:33:51.202688,87.99590301513672,120.46942901611328,0.0017592625226825,Solid line crossing
participant_11,4.0,day,Town10HD_Opt,Harsh braking,20.472,9.184,2026-03-14 13:45:30.287293,-21.98528480529785,68.23786163330078,0.001996879465878,decel_mps2=6.1
participant_11,4.0,day,Town10HD_Opt,Stop sign violation,33.033,18.906,2026-03-14 13:46:01.027809,47.448333740234375,31.03884506225586,0.0020396423060446,stop_sign_id=1200
participant_11,4.0,day,Town10HD_Opt,Solid line crossing,0.0,0.275,2026-03-14 13:46:10.042327,80.01773834228516,25.17521095275879,0.0019885634537786,Solid line crossing
participant_11,4.0,day,Town10HD_Opt,Stop sign violation,22.251,-7.908,2026-03-14 13:46:16.671712,91.30245208740234,24.41140365600586,0.0021134566050022,stop_sign_id=1300
participant_11,4.0,day,Town10HD_Opt,Stop sign violation,47.078,-3.954,2026-03-14 13:46:30.037265,99.25943756103516,-47.36543655395508,0.0018616485176607,stop_sign_id=1200
participant_11,4.0,day,Town10HD_Opt,Stop sign violation,47.313,-5.529,2026-03-14 13:46:32.563377,78.10285186767578,-64.17245483398438,0.0020468903239816,stop_sign_id=678
participant_11,4.0,day,Town10HD_Opt,Solid line crossing,47.056,0.437,2026-03-14 13:46:40.821439,27.32909393310547,-67.5960922241211,0.0018875503446906,Solid line crossing
participant_11,4.0,day,Town10HD_Opt,Solid line crossing,13.299,-0.228,2026-03-14 13:46:51.221161,-17.376935958862305,-67.70181274414062,0.0019846344366669,Solid line crossing
participant_11,4.0,day,Town10HD_Opt,Solid line crossing,28.433,-2.697,2026-03-14 13:47:05.397793,-110.07318878173828,-30.01077079772949,0.002309989882633,Solid line crossing
participant_11,4.0,day,Town10HD_Opt,Vehicle collision,20.504,-2.341,2026-03-14 13:47:18.487459,-89.81268310546875,26.616079330444336,0.0032536315266042,Vehicle collision
participant_11,4.0,day,Town10HD_Opt,Stop sign violation,4.177,0.066,2026-03-14 13:47:53.969575,-67.35735321044922,27.991437911987305,0.0017100143013522,stop_sign_id=678
participant_11,4.0,day,Town10HD_Opt,Solid line crossing,12.636,0.458,2026-03-14 13:48:33.947760,71.93721008300781,70.0310287475586,0.0020383072551339,Solid line crossing
participant_11,5.0,day,Town10HD_Opt,Solid line crossing,17.016,2.266,2026-03-14 14:00:17.287607,-14.64317226409912,69.08041381835938,0.0019681931007653,Solid line crossing
participant_11,5.0,day,Town10HD_Opt,Solid line crossing,17.766,-0.378,2026-03-14 14:00:29.003397,12.841214179992676,70.08290100097656,0.0021743010729551,Solid line crossing
participant_11,5.0,day,Town10HD_Opt,Solid line crossing,7.11,0.55,2026-03-14 14:00:38.908071,21.49638938903809,70.0767593383789,0.0018708419520407,Solid line crossing
participant_11,5.0,day,Town10HD_Opt,Solid line crossing,13.959,-10.519,2026-03-14 14:00:52.004689,39.03229522705078,65.31388854980469,0.0019078444456681,Solid line crossing
participant_11,5.0,day,Town10HD_Opt,Solid line crossing,12.099,7.066,2026-03-14 14:01:14.244607,57.40576553344727,26.23617553710937,0.002335739089176,Solid line crossing
participant_11,5.0,day,Town10HD_Opt,Solid line crossing,25.598,-15.617,2026-03-14 14:01:28.872243,100.95846557617188,21.39089775085449,0.0023233795072883,Solid line crossing
participant_11,5.0,day,Town10HD_Opt,Stop sign violation,0.005,0.179,2026-03-14 14:02:29.566148,-10.818012237548828,-68.0813980102539,0.0019191360333934,stop_sign_id=1200
participant_11,5.0,day,Town10HD_Opt,Harsh braking,9.179,-0.289,2026-03-14 14:02:53.519591,-59.17850112915039,-69.00312805175781,0.0019441604381427,decel_mps2=7.3
participant_11,5.0,day,Town10HD_Opt,Solid line crossing,20.009,0.157,2026-03-14 14:03:20.099507,-110.61725616455078,-27.24765586853028,0.0019673537462949,Solid line crossing
participant_11,5.0,day,Town10HD_Opt,Solid line crossing,0.0,-0.484,2026-03-14 14:03:26.990090,-110.47980499267578,-6.137794494628906,0.0020370101556181,Solid line crossing
participant_11,5.0,day,Town10HD_Opt,Vehicle-pedestrian collision,0.001,0.773,2026-03-14 14:03:36.244504,-110.47982025146484,-6.128986835479736,0.0019187163561582,Vehicle-pedestrian collision
participant_11,6.0,day,Town10HD_Opt,Red light violation,0.0,0.0,2026-03-14 14:15:15.436278,-41.668582916259766,89.7454833984375,0.0018127440707758,Red light violation
participant_11,6.0,day,Town10HD_Opt,Solid line crossing,0.0,0.0,2026-03-14 14:15:28.784137,-41.668582916259766,89.7454833984375,0.0018127440707758,Solid line crossing
participant_11,6.0,day,Town10HD_Opt,Vehicle collision,0.0,0.0,2026-03-14 14:15:44.660203,-41.668582916259766,89.7454833984375,0.0018127440707758,Vehicle collision
participant_11,6.0,day,Town10HD_Opt,Solid line crossing,0.0,0.0,2026-03-14 14:15:48.367279,-41.668582916259766,89.7454833984375,0.0018127440707758,Solid line crossing
participant_11,6.0,day,Town10HD_Opt,Solid line crossing,0.0,0.0,2026-03-14 14:16:34.283873,-41.668582916259766,89.7454833984375,0.0018127440707758,Solid line crossing
participant_11,6.0,day,Town10HD_Opt,Solid line crossing,0.0,0.0,2026-03-14 14:17:04.349439,-41.668582916259766,89.7454833984375,0.0018127440707758,Solid line crossing
participant_11,6.0,day,Town10HD_Opt,Stop sign violation,20.055,0.026,2026-03-14 14:17:52.725324,-41.66858673095703,89.7454833984375,0.5804919004440308,stop_sign_id=946
participant_11,6.0,day,Town10HD_Opt,Collision,20.055,0.026,2026-03-14 14:18:02.237583,-41.66858673095703,89.7454833984375,0.5804919004440308,Collision
participant_11,6.0,day,Town10HD_Opt,Red light violation,20.055,0.026,2026-03-14 14:18:14.978394,-41.66858673095703,89.7454833984375,0.5804919004440308,Red light violation
participant_11,6.0,day,Town10HD_Opt,Solid line crossing,20.055,0.026,2026-03-14 14:18:26.659268,-41.66858673095703,89.7454833984375,0.5804919004440308,Solid line crossing
participant_11,6.0,day,Town10HD_Opt,Solid line crossing,20.055,0.026,2026-03-14 14:18:29.373469,-41.66858673095703,89.7454833984375,0.5804919004440308,Solid line crossing
participant_11,6.0,day,Town10HD_Opt,Solid line crossing,20.055,0.026,2026-03-14 14:18:56.267288,-41.66858673095703,89.7454833984375,0.5804919004440308,Solid line crossing
participant_11,6.0,day,Town10HD_Opt,Solid line crossing,45.605,2.097,2026-03-14 14:19:19.988564,17.358776092529297,70.62250518798828,0.0020299910102039,Solid line crossing
participant_11,6.0,day,Town10HD_Opt,Stop sign violation,15.893,1.187,2026-03-14 14:19:34.816959,76.88418579101562,27.5418643951416,0.0021218871697783,stop_sign_id=1050
participant_11,6.0,day,Town10HD_Opt,Stop sign violation,0.0,1.241,2026-03-14 14:19:43.773139,79.69007873535156,27.480531692504883,0.0019197463989257,stop_sign_id=1300
participant_11,6.0,day,Town10HD_Opt,Solid line crossing,23.386,1.476,2026-03-14 14:20:00.777174,107.29763793945312,6.915604591369629,0.002126884413883,Solid line crossing
participant_11,6.0,day,Town10HD_Opt,Red light violation,44.709,0.04,2026-03-14 14:20:05.092875,107.38162231445312,-14.26253890991211,0.0016615675995126,Red light violation
participant_11,6.0,day,Town10HD_Opt,Stop sign violation,5.428,0.649,2026-03-14 14:20:35.518778,-21.05317115783692,-65.99951171875,0.0018715285696089,stop_sign_id=754
participant_11,6.0,day,Town10HD_Opt,Harsh braking,0.005,0.068,2026-03-14 14:20:47.967201,-23.44548797607422,-66.0710220336914,0.001919288537465,decel_mps2=5.2
participant_11,6.0,day,Town10HD_Opt,Solid line crossing,0.001,0.068,2026-03-14 14:20:52.172461,-23.44579315185547,-66.0710220336914,0.0019187927246093,Solid line crossing
participant_11,6.0,day,Town10HD_Opt,Solid line crossing,49.691,-0.785,2026-03-14 14:21:02.675981,-71.2130126953125,-66.34365844726562,0.0020716858562082,Solid line crossing
participant_11,6.0,day,Town10HD_Opt,Solid line crossing,48.135,-5.735,2026-03-14 14:21:06.522978,-99.4722137451172,-52.948974609375,0.002256317064166,Solid line crossing
participant_11,6.0,day,Town10HD_Opt,Red light violation,10.603,-0.026,2026-03-14 14:21:13.508169,-111.11315155029295,-10.480321884155272,0.0020288084633648,Red light violation
participant_11,6.0,day,Town10HD_Opt,Solid line crossing,0.0,0.261,2026-03-14 14:22:13.967233,40.03483200073242,45.2163314819336,0.0019620512612164,Solid line crossing
participant_11,6.0,day,Town10HD_Opt,Solid line crossing,48.867,-1.474,2026-03-14 14:22:32.078281,98.39631652832033,102.3179168701172,0.0021372984629124,Solid line crossing
participant_11,6.0,day,Town10HD_Opt,Vehicle-pedestrian collision,34.536,-0.388,2026-03-14 14:23:00.141258,-43.188236236572266,97.48162078857422,0.0023542784620076,Vehicle-pedestrian collision
participant_11,6.0,day,Town10HD_Opt,Red light violation,11.629,0.597,2026-03-14 14:23:15.383577,12.033045768737791,69.77340698242188,0.0020008848514407,Red light violation
participant_11,6.0,day,Town10HD_Opt,Stop sign violation,7.889,-0.879,2026-03-14 14:23:28.183503,24.602203369140625,70.0453109741211,0.001931152306497,stop_sign_id=1200
participant_11,6.0,day,Town10HD_Opt,Solid line crossing,16.951,-2.871,2026-03-14 14:23:45.684108,69.8372802734375,25.339183807373047,0.0019670105539262,Solid line crossing
participant_11,7.0,day,Town10HD_Opt,Vehicle collision,30.361,3.419,2026-03-14 14:30:16.725562,14.38625431060791,69.39506530761719,0.0016616057837381,Vehicle collision
participant_11,7.0,day,Town10HD_Opt,Solid line crossing,11.234,4.851,2026-03-14 14:30:27.326366,44.99985885620117,41.33283996582031,0.0020047759171575,Solid line crossing
participant_11,7.0,day,Town10HD_Opt,Vehicle-pedestrian collision,16.521,-17.631,2026-03-14 14:30:57.683443,105.73355102539062,4.265380859375,0.0018989180680364,Vehicle-pedestrian collision
participant_11,7.0,day,Town10HD_Opt,Solid line crossing,39.082,-4.223,2026-03-14 14:31:08.140458,84.45732116699219,-59.55657577514648,0.0017995834350585,Solid line crossing
participant_11,7.0,day,Town10HD_Opt,Red light violation,32.18,0.219,2026-03-14 14:31:21.855162,4.331894874572754,-64.39608001708984,0.0020936583168804,Red light violation
participant_11,7.0,day,Town10HD_Opt,Solid line crossing,49.189,-16.781,2026-03-14 14:31:35.345210,-101.02277374267578,-54.77273178100586,0.0020429610740393,Solid line crossing
participant_11,7.0,day,Town10HD_Opt,Solid line crossing,0.0,-0.58,2026-03-14 14:31:50.374806,-110.76128387451172,-6.831332683563232,0.0019191741012036,Solid line crossing
participant_11,7.0,day,Town10HD_Opt,Solid line crossing,0.267,-0.639,2026-03-14 14:32:02.139291,-110.74136352539062,-4.847705841064453,0.0019194030901417,Solid line crossing
participant_11,7.0,day,Town10HD_Opt,Solid line crossing,29.095,-1.826,2026-03-14 14:32:23.047766,9.305853843688965,28.20572853088379,0.0019036864396184,Solid line crossing
participant_11,7.0,day,Town10HD_Opt,Stop sign violation,15.387,-3.033,2026-03-14 14:32:36.730697,40.16122055053711,54.70285415649414,0.0015632247086614,stop_sign_id=1300
participant_11,7.0,day,Town10HD_Opt,Vehicle collision,47.809,13.76,2026-03-14 14:32:49.319369,100.97061157226562,84.71324920654297,0.0022066878154873,Vehicle collision
participant_11,7.0,day,Town10HD_Opt,Solid line crossing,45.205,1.293,2026-03-14 14:33:11.051115,-42.975242614746094,102.71683502197266,0.0020715713035315,Solid line crossing
participant_11,7.0,day,Town10HD_Opt,Stop sign violation,19.21,-0.237,2026-03-14 14:33:21.595654,12.842474937438965,69.74452209472656,0.0022719954140484,stop_sign_id=1200
participant_11,7.0,day,Town10HD_Opt,Stop sign violation,35.814,22.626,2026-03-14 14:33:36.361285,44.49880599975586,34.62472915649414,0.0020149992778897,stop_sign_id=1062
participant_11,7.0,day,Town10HD_Opt,Harsh braking,48.031,-4.082,2026-03-14 14:33:47.519872,107.3082275390625,-2.405830383300781,0.002186813391745,decel_mps2=4.9
participant_11,7.0,day,Town10HD_Opt,Solid line crossing,46.892,0.374,2026-03-14 14:33:59.973032,20.20270156860352,-64.68994140625,0.0020709990058094,Solid line crossing
participant_11,7.0,day,Town10HD_Opt,Solid line crossing,0.0,0.182,2026-03-14 14:34:11.306559,-24.189077377319336,-64.75942993164062,0.0019193267216905,Solid line crossing
participant_11,7.0,day,Town10HD_Opt,Solid line crossing,34.767,-0.012,2026-03-14 14:34:42.961099,-50.604248046875,64.6180191040039,0.0020438383799046,Solid line crossing
participant_11,8.0,day,Town10HD_Opt,Solid line crossing,17.142,16.778,2026-03-14 14:45:24.803047,-31.46103477478028,69.9960708618164,0.001945266732946,Solid line crossing
participant_11,8.0,day,Town10HD_Opt,Solid line crossing,17.854,0.966,2026-03-14 14:45:29.874737,-18.259639739990234,69.73931121826172,0.0016290282364934,Solid line crossing
participant_11,8.0,day,Town10HD_Opt,Stop sign violation,0.01,-0.263,2026-03-14 14:45:43.072160,24.02345466613769,70.28388214111328,0.0019189452286809,stop_sign_id=833
participant_11,8.0,day,Town10HD_Opt,Solid line crossing,0.003,-0.219,2026-03-14 14:46:09.027361,80.9260482788086,25.33636474609375,0.0019209289457648,Solid line crossing
participant_11,8.0,day,Town10HD_Opt,Stop sign violation,28.157,-8.568,2026-03-14 14:46:20.583668,105.58343505859376,14.26927661895752,0.0026008987333625,stop_sign_id=1200
participant_11,8.0,day,Town10HD_Opt,Stop sign violation,35.493,-4.778,2026-03-14 14:46:32.789278,95.19969177246094,-56.85898971557617,0.0022239303216338,stop_sign_id=754
participant_11,8.0,day,Town10HD_Opt,Solid line crossing,37.063,2.424,2026-03-14 14:46:43.720993,36.65891647338867,-67.91923522949219,0.0022779845166951,Solid line crossing
participant_11,8.0,day,Town10HD_Opt,Solid line crossing,15.958,-0.428,2026-03-14 14:46:48.342119,16.370437622070312,-67.78199768066406,0.0019876097794622,Solid line crossing
participant_11,8.0,day,Town10HD_Opt,Red light violation,37.949,2.89,2026-03-14 14:46:57.082171,-48.69049835205078,-68.76909637451172,0.0023670578375458,Red light violation
participant_11,8.0,day,Town10HD_Opt,Solid line crossing,30.243,-3.723,2026-03-14 14:47:06.937345,-110.66095733642578,-37.14831161499024,0.0020463562104851,Solid line crossing
participant_11,8.0,day,Town10HD_Opt,Stop sign violation,0.007,-1.217,2026-03-14 14:47:20.301849,-110.6697235107422,-5.873881816864014,0.0019187927246093,stop_sign_id=678
participant_11,8.0,day,Town10HD_Opt,Red light violation,31.678,-9.2,2026-03-14 14:47:34.106035,-110.19677734375,9.413538932800291,0.0022965238895267,Red light violation
participant_11,8.0,day,Town10HD_Opt,Vehicle-pedestrian collision,0.0,0.757,2026-03-14 14:48:26.167371,87.80728149414062,70.43538665771484,0.0019198989029973,Vehicle-pedestrian collision
participant_11,8.0,day,Town10HD_Opt,Solid line crossing,0.0,0.042,2026-03-14 14:48:38.321356,87.80728149414062,70.43538665771484,0.0019191360333934,Solid line crossing
participant_11,8.0,day,Town10HD_Opt,Solid line crossing,27.52,24.373,2026-03-14 14:48:50.291841,95.98868560791016,69.3032455444336,0.0021171951666474,Solid line crossing
participant_11,8.0,day,Town10HD_Opt,Solid line crossing,33.789,-2.264,2026-03-14 14:49:27.564969,-41.21751022338867,106.99842834472656,0.0020394898019731,Solid line crossing
participant_11,8.0,day,Town10HD_Opt,Stop sign violation,37.452,1.166,2026-03-14 14:49:37.172609,-12.559033393859863,69.69586944580078,0.0019157028291374,stop_sign_id=1300
participant_11,8.0,day,Town10HD_Opt,Stop sign violation,9.91,-1.448,2026-03-14 14:49:46.140046,22.0587158203125,70.267822265625,0.0020151899661868,stop_sign_id=833
participant_12,1.0,day,Town10HD_Opt,Harsh braking,6.928,-2.17,2026-03-14 15:00:15.312672,-24.659034729003903,69.43397521972656,0.0019998168572783,decel_mps2=8.1
participant_11,9.0,day,Town10HD_Opt,Solid line crossing,9.954,0.832,2026-03-14 15:00:19.842566,22.94252586364746,70.01753234863281,0.0020167541224509,Solid line crossing
participant_11,9.0,day,Town10HD_Opt,Solid line crossing,22.47,1.119,2026-03-14 15:00:35.514291,44.20804977416992,43.76092147827149,0.0019370650406926,Solid line crossing
participant_11,9.0,day,Town10HD_Opt,Solid line crossing,11.046,5.108,2026-03-14 15:00:46.162786,64.66344451904297,27.764089584350582,0.0020020676311105,Solid line crossing
participant_11,9.0,day,Town10HD_Opt,Vehicle collision,0.777,0.049,2026-03-14 15:00:57.072132,68.2679214477539,28.196754455566406,0.0018783569103106,Vehicle collision
participant_12,1.0,day,Town10HD_Opt,Stop sign violation,4.626,-0.155,2026-03-14 15:00:57.265897,44.43402862548828,46.91341781616211,0.0019633483607321,stop_sign_id=1120
participant_11,9.0,day,Town10HD_Opt,Stop sign violation,2.789,-3.047,2026-03-14 15:01:11.244722,71.2807388305664,28.623842239379883,0.0019417571602389,stop_sign_id=833
participant_11,9.0,day,Town10HD_Opt,Solid line crossing,34.997,-8.024,2026-03-14 15:01:22.297501,107.60530090332033,11.84756088256836,0.001992187462747,Solid line crossing
participant_11,9.0,day,Town10HD_Opt,Harsh braking,37.676,-4.792,2026-03-14 15:01:36.565648,75.49897003173828,-63.84690856933594,0.0020577621180564,decel_mps2=7.3
participant_11,9.0,day,Town10HD_Opt,Solid line crossing,25.398,-0.28,2026-03-14 15:01:45.112309,13.07120132446289,-66.80826568603516,0.002287826500833,Solid line crossing
participant_12,1.0,day,Town10HD_Opt,Solid line crossing,6.187,-5.337,2026-03-14 15:01:46.677640,105.60212707519533,9.349305152893066,0.0019847105722874,Solid line crossing
participant_12,1.0,day,Town10HD_Opt,Solid line crossing,21.776,-1.29,2026-03-14 15:02:00.537790,108.78812408447266,-26.194425582885746,0.0019885634537786,Solid line crossing
participant_11,9.0,day,Town10HD_Opt,Stop sign violation,45.189,-0.768,2026-03-14 15:02:01.531224,-63.40397644042969,-64.73590850830078,0.002210006583482,stop_sign_id=946
participant_11,9.0,day,Town10HD_Opt,Solid line crossing,34.111,-2.784,2026-03-14 15:02:07.930743,-104.75946807861328,-44.59930038452149,0.0022158049978315,Solid line crossing
participant_12,1.0,day,Town10HD_Opt,Solid line crossing,23.48,1.384,2026-03-14 15:02:11.896694,70.54181671142578,-67.43134307861328,0.0022659301757812,Solid line crossing
participant_11,9.0,day,Town10HD_Opt,Solid line crossing,0.0,-0.219,2026-03-14 15:02:22.957355,-110.4499282836914,-5.0536394119262695,0.0021241758950054,Solid line crossing
participant_12,1.0,day,Town10HD_Opt,Solid line crossing,15.776,4.376,2026-03-14 15:02:26.528685,23.446292877197266,-66.56427764892578,0.0018055343534797,Solid line crossing
participant_11,9.0,day,Town10HD_Opt,Stop sign violation,0.006,-0.36,2026-03-14 15:02:28.597132,-110.4499282836914,-5.051901817321777,0.0019187927246093,stop_sign_id=946
participant_11,9.0,day,Town10HD_Opt,Stop sign violation,31.723,-1.33,2026-03-14 15:02:38.467670,-110.5080337524414,1.5021076202392578,0.0016262435819953,stop_sign_id=754
participant_12,1.0,day,Town10HD_Opt,Stop sign violation,0.006,0.479,2026-03-14 15:02:41.130694,-22.013935089111328,-68.1447525024414,0.0019189834129065,stop_sign_id=1300
participant_11,9.0,day,Town10HD_Opt,Solid line crossing,6.552,-0.28,2026-03-14 15:02:51.719116,-70.2841567993164,27.95035743713379,0.0019817352294921,Solid line crossing
participant_12,1.0,day,Town10HD_Opt,Stop sign violation,0.005,-0.287,2026-03-14 15:02:53.231112,-22.84727668762207,-68.17276000976562,0.0019192122854292,stop_sign_id=1300
participant_11,9.0,day,Town10HD_Opt,Solid line crossing,39.443,-0.026,2026-03-14 15:03:01.262374,-58.86018753051758,27.86996078491211,0.0015530013479292,Solid line crossing
participant_12,1.0,day,Town10HD_Opt,Collision,22.25,-0.712,2026-03-14 15:03:01.699254,-36.23712158203125,-68.82971954345703,0.0020151520147919,Collision
participant_11,9.0,day,Town10HD_Opt,Red light violation,43.952,0.056,2026-03-14 15:03:08.522630,4.471900463104248,27.99011993408203,0.0023492430336773,Red light violation
participant_12,1.0,day,Town10HD_Opt,Vehicle-pedestrian collision,25.999,-2.24,2026-03-14 15:03:15.123965,-88.87395477294922,-64.76779174804688,0.0020315169822424,Vehicle-pedestrian collision
participant_11,9.0,day,Town10HD_Opt,Stop sign violation,18.506,17.117,2026-03-14 15:03:16.854283,35.08719253540039,31.50461769104004,0.0018618011381477,stop_sign_id=1200
participant_11,9.0,day,Town10HD_Opt,Harsh braking,13.507,-0.813,2026-03-14 15:03:25.411571,40.48696517944336,52.96484375,0.0015005874447524,decel_mps2=7.3
participant_12,1.0,day,Town10HD_Opt,Vehicle collision,18.483,-3.601,2026-03-14 15:03:26.391268,-111.30011749267578,-33.249549865722656,0.0021294020116329,Vehicle collision
participant_11,9.0,day,Town10HD_Opt,Stop sign violation,20.608,-14.584,2026-03-14 15:03:29.186749,43.02742767333984,64.16145324707031,0.0019578551873564,stop_sign_id=1062
participant_11,9.0,day,Town10HD_Opt,Vehicle-pedestrian collision,19.981,9.957,2026-03-14 15:03:43.435030,86.91044616699219,70.22222137451172,0.0018849181942641,Vehicle-pedestrian collision
participant_11,9.0,day,Town10HD_Opt,Solid line crossing,47.103,5.186,2026-03-14 15:03:50.953042,92.6738739013672,114.75904846191406,0.0022473526187241,Solid line crossing
participant_12,2.0,day,Town10HD_Opt,Vehicle-pedestrian collision,21.679,-13.319,2026-03-14 15:15:29.457667,40.45393371582031,64.93411254882812,0.0020036697387695,Vehicle-pedestrian collision
participant_11,10.0,day,Town10HD_Opt,Red light violation,23.64,-1.076,2026-03-14 15:15:33.341616,-2.0048093795776367,70.1577377319336,0.0022160338703542,Red light violation
participant_11,10.0,day,Town10HD_Opt,Solid line crossing,21.133,-13.08,2026-03-14 15:15:48.392468,39.75767135620117,66.1769027709961,0.0022667692974209,Solid line crossing
participant_11,10.0,day,Town10HD_Opt,Red light violation,28.213,0.23,2026-03-14 15:15:57.184035,44.29595565795898,41.02711868286133,0.0015966414939612,Red light violation
participant_12,2.0,day,Town10HD_Opt,Vehicle collision,3.635,0.026,2026-03-14 15:16:08.655562,69.51190948486328,28.421527862548828,0.0019590377341955,Vehicle collision
participant_11,10.0,day,Town10HD_Opt,Solid line crossing,0.003,-0.219,2026-03-14 15:16:09.098773,80.9260482788086,25.33636474609375,0.0019209289457648,Solid line crossing
participant_12,2.0,day,Town10HD_Opt,Solid line crossing,32.204,-5.912,2026-03-14 15:16:18.326437,92.55208587646484,26.571006774902344,0.0020515823271125,Solid line crossing
participant_11,10.0,day,Town10HD_Opt,Vehicle collision,28.157,-8.568,2026-03-14 15:16:20.448438,105.58343505859376,14.26927661895752,0.0026008987333625,Vehicle collision
participant_11,10.0,day,Town10HD_Opt,Collision,24.301,-2.986,2026-03-14 15:16:29.026102,107.53135681152344,-32.319828033447266,0.0019907378591597,Collision
participant_12,2.0,day,Town10HD_Opt,Solid line crossing,35.37,-2.12,2026-03-14 15:16:38.639789,62.78859329223633,-65.80806732177734,0.0020964432042092,Solid line crossing
participant_11,10.0,day,Town10HD_Opt,Vehicle collision,45.896,-0.912,2026-03-14 15:16:42.970388,46.47774887084961,-68.65813446044922,0.0018981932662427,Vehicle collision
participant_12,2.0,day,Town10HD_Opt,Harsh braking,14.765,-0.115,2026-03-14 15:16:47.173501,6.171143054962158,-67.06310272216797,0.0020357130561023,decel_mps2=7.3
participant_12,2.0,day,Town10HD_Opt,Stop sign violation,13.954,-1.206,2026-03-14 15:17:11.428565,-109.69034576416016,-32.22688293457031,0.0020440672524273,stop_sign_id=946
participant_11,10.0,day,Town10HD_Opt,Stop sign violation,16.198,7.415,2026-03-14 15:17:11.663855,-110.77027130126952,-10.160140991210938,0.0020024490077048,stop_sign_id=678
participant_11,10.0,day,Town10HD_Opt,Stop sign violation,0.006,-0.564,2026-03-14 15:17:30.574369,-110.66973114013672,-5.872952938079834,0.0019187927246093,stop_sign_id=833
participant_12,2.0,day,Town10HD_Opt,Collision,41.379,-8.174,2026-03-14 15:17:39.463247,-110.0811004638672,7.880640029907227,0.0037221908569335,Collision
participant_12,2.0,day,Town10HD_Opt,Solid line crossing,5.03,-0.28,2026-03-14 15:17:52.716221,-69.26358032226562,27.951114654541016,0.0019673155620694,Solid line crossing
participant_12,2.0,day,Town10HD_Opt,Solid line crossing,0.037,0.11,2026-03-14 15:17:57.978217,-67.77462768554688,27.949743270874023,0.0019193649059161,Solid line crossing
participant_12,2.0,day,Town10HD_Opt,Solid line crossing,18.265,5.335,2026-03-14 15:18:13.643190,26.52301979064941,28.46600341796875,0.0020729445386677,Solid line crossing
participant_12,2.0,day,Town10HD_Opt,Solid line crossing,26.726,-15.77,2026-03-14 15:18:30.061932,45.79066848754883,67.15687561035156,0.0018715285696089,Solid line crossing
participant_11,10.0,day,Town10HD_Opt,Solid line crossing,0.0,-0.298,2026-03-14 15:18:32.533211,87.80728149414062,70.43538665771484,0.0019190978491678,Solid line crossing
participant_12,2.0,day,Town10HD_Opt,Solid line crossing,9.618,0.11,2026-03-14 15:18:38.346593,78.11004638671875,69.89039611816406,0.002009506104514,Solid line crossing
participant_12,2.0,day,Town10HD_Opt,Stop sign violation,46.255,7.47,2026-03-14 15:18:47.555449,100.11929321289062,87.16683197021484,0.0018798445817083,stop_sign_id=754
participant_11,10.0,day,Town10HD_Opt,Collision,33.789,-2.264,2026-03-14 15:19:27.528262,-41.21751022338867,106.99842834472656,0.0020394898019731,Collision
participant_11,10.0,day,Town10HD_Opt,Vehicle-pedestrian collision,9.969,-2.012,2026-03-14 15:19:42.135369,10.369681358337402,70.08985137939453,0.0020147322211414,Vehicle-pedestrian collision
participant_11,10.0,day,Town10HD_Opt,Solid line crossing,35.005,-3.384,2026-03-14 15:19:50.996528,33.62132263183594,69.45217895507812,0.0016774367541074,Solid line crossing
participant_12,3.0,day,Town10HD_Opt,Stop sign violation,19.076,1.161,2026-03-14 15:30:41.516135,43.90460968017578,51.93513107299805,0.0022108836565166,stop_sign_id=1200
participant_12,3.0,day,Town10HD_Opt,Solid line crossing,39.324,-1.144,2026-03-14 15:31:21.710966,107.06269073486328,-18.21125602722168,0.0021252438891679,Solid line crossing
participant_12,3.0,day,Town10HD_Opt,Solid line crossing,24.466,-7.739,2026-03-14 15:31:30.649964,89.66725158691406,-57.92019271850586,0.0022278972901403,Solid line crossing
participant_12,3.0,day,Town10HD_Opt,Red light violation,24.885,-2.16,2026-03-14 15:31:41.879629,35.059356689453125,-66.37483215332031,0.0018337635556235,Red light violation
participant_12,3.0,day,Town10HD_Opt,Solid line crossing,29.294,-0.36,2026-03-14 15:31:51.319182,-39.39833831787109,-68.00088500976562,0.0022148129064589,Solid line crossing
participant_12,3.0,day,Town10HD_Opt,Solid line crossing,37.459,-5.125,2026-03-14 15:32:00.480333,-109.27324676513672,-38.687721252441406,0.0021251295693218,Solid line crossing
participant_12,3.0,day,Town10HD_Opt,Harsh braking,0.056,3.069,2026-03-14 15:32:12.064274,-110.81414794921876,-13.708904266357422,0.0019195555942133,decel_mps2=5.5
participant_12,3.0,day,Town10HD_Opt,Stop sign violation,28.938,1.763,2026-03-14 15:32:31.220367,-93.71758270263672,26.682018280029297,0.0021972272079437,stop_sign_id=833
participant_12,3.0,day,Town10HD_Opt,Harsh braking,5.701,0.881,2026-03-14 15:32:38.877377,-69.74347686767578,28.046775817871094,0.0019738767296075,decel_mps2=5.2
participant_12,3.0,day,Town10HD_Opt,Solid line crossing,0.0,1.462,2026-03-14 15:32:40.466004,-69.1739273071289,28.036285400390625,0.0021253579761832,Solid line crossing
participant_12,3.0,day,Town10HD_Opt,Solid line crossing,0.04,-1.144,2026-03-14 15:33:22.903112,40.360145568847656,52.41526794433594,0.0019175338093191,Solid line crossing
participant_12,3.0,day,Town10HD_Opt,Solid line crossing,32.037,0.399,2026-03-14 15:33:55.169447,61.98192596435547,130.86309814453125,0.0022742457222193,Solid line crossing
participant_12,3.0,day,Town10HD_Opt,Vehicle collision,37.917,0.172,2026-03-14 15:34:05.642799,1.160434603691101,131.03172302246094,0.001941223279573,Vehicle collision
participant_12,3.0,day,Town10HD_Opt,Solid line crossing,23.013,10.742,2026-03-14 15:34:12.397811,-35.25177383422852,127.59191131591795,0.0020722579210996,Solid line crossing
participant_12,3.0,day,Town10HD_Opt,Harsh braking,29.364,3.445,2026-03-14 15:34:20.168577,-41.83987808227539,105.36091613769533,0.0018451693467795,decel_mps2=6.1
participant_12,4.0,day,Town10HD_Opt,Solid line crossing,0.0,0.0,2026-03-14 15:45:25.704833,-41.668582916259766,89.7454833984375,0.0018127440707758,Solid line crossing
participant_12,4.0,day,Town10HD_Opt,Solid line crossing,0.0,0.0,2026-03-14 15:45:40.007477,-41.668582916259766,89.7454833984375,0.0018127440707758,Solid line crossing
participant_12,4.0,day,Town10HD_Opt,Solid line crossing,0.0,0.0,2026-03-14 15:45:48.796910,-41.668582916259766,89.7454833984375,0.0018127440707758,Solid line crossing
participant_12,4.0,day,Town10HD_Opt,Solid line crossing,0.0,0.0,2026-03-14 15:46:01.442137,-41.668582916259766,89.7454833984375,0.0018127440707758,Solid line crossing
participant_12,4.0,day,Town10HD_Opt,Solid line crossing,0.0,0.0,2026-03-14 15:46:21.318025,-41.668582916259766,89.7454833984375,0.0018127440707758,Solid line crossing
participant_12,4.0,day,Town10HD_Opt,Solid line crossing,0.0,0.0,2026-03-14 15:46:34.911677,-41.668582916259766,89.7454833984375,0.0018127440707758,Solid line crossing
participant_12,4.0,day,Town10HD_Opt,Collision,0.0,0.0,2026-03-14 15:46:50.240056,-41.668582916259766,89.7454833984375,0.0018127440707758,Collision
participant_12,4.0,day,Town10HD_Opt,Stop sign violation,0.0,0.0,2026-03-14 15:46:58.735093,-41.668582916259766,89.7454833984375,0.0018127440707758,stop_sign_id=1062
participant_12,4.0,day,Town10HD_Opt,Solid line crossing,20.055,0.026,2026-03-14 15:47:16.821665,-41.66858673095703,89.7454833984375,0.5804919004440308,Solid line crossing
participant_12,4.0,day,Town10HD_Opt,Stop sign violation,20.055,0.026,2026-03-14 15:47:25.617275,-41.66858673095703,89.7454833984375,0.5804919004440308,stop_sign_id=678
participant_12,4.0,day,Town10HD_Opt,Solid line crossing,20.055,0.026,2026-03-14 15:47:41.130147,-41.66858673095703,89.7454833984375,0.5804919004440308,Solid line crossing
participant_12,4.0,day,Town10HD_Opt,Stop sign violation,20.055,0.026,2026-03-14 15:47:58.525033,-41.66858673095703,89.7454833984375,0.5804919004440308,stop_sign_id=1120
participant_12,4.0,day,Town10HD_Opt,Solid line crossing,20.055,0.026,2026-03-14 15:48:04.460980,-41.66858673095703,89.7454833984375,0.5804919004440308,Solid line crossing
participant_12,4.0,day,Town10HD_Opt,Stop sign violation,20.055,0.026,2026-03-14 15:48:25.889362,-41.66858673095703,89.7454833984375,0.5804919004440308,stop_sign_id=900
participant_12,4.0,day,Town10HD_Opt,Stop sign violation,20.055,0.026,2026-03-14 15:48:32.730912,-41.66858673095703,89.7454833984375,0.5804919004440308,stop_sign_id=1300
participant_12,4.0,day,Town10HD_Opt,Stop sign violation,20.055,0.026,2026-03-14 15:48:43.205278,-41.66858673095703,89.7454833984375,0.5804919004440308,stop_sign_id=678
participant_12,4.0,day,Town10HD_Opt,Solid line crossing,20.055,0.026,2026-03-14 15:48:59.566331,-41.66858673095703,89.7454833984375,0.5804919004440308,Solid line crossing
participant_12,4.0,day,Town10HD_Opt,Stop sign violation,41.847,-4.016,2026-03-14 15:49:16.633858,-13.464863777160645,70.56478118896484,0.001986312912777,stop_sign_id=1050
participant_12,4.0,day,Town10HD_Opt,Solid line crossing,29.66,-13.08,2026-03-14 15:49:25.446564,43.5797004699707,59.05268096923828,0.0021141814067959,Solid line crossing
participant_12,4.0,day,Town10HD_Opt,Solid line crossing,15.893,1.187,2026-03-14 15:49:35.299003,76.88418579101562,27.5418643951416,0.0021218871697783,Solid line crossing
participant_12,4.0,day,Town10HD_Opt,Solid line crossing,21.378,-1.925,2026-03-14 15:50:02.827327,108.01459503173828,-1.9398903846740725,0.002050552284345,Solid line crossing
participant_12,4.0,day,Town10HD_Opt,Solid line crossing,48.709,-0.515,2026-03-14 15:50:12.682114,66.94657897949219,-65.39994049072266,0.0021549223456531,Solid line crossing
participant_12,4.0,day,Town10HD_Opt,Solid line crossing,26.879,-0.132,2026-03-14 15:50:22.254554,-0.2765546441078186,-65.92723083496094,0.0022937774192541,Solid line crossing
participant_12,4.0,day,Town10HD_Opt,Solid line crossing,26.879,-0.132,2026-03-14 15:50:22.362172,-0.2765546441078186,-65.92723083496094,0.0022937774192541,Solid line crossing
participant_12,4.0,day,Town10HD_Opt,Stop sign violation,0.0,0.649,2026-03-14 15:50:35.767483,-21.693851470947266,-66.02725219726562,0.0020031356252729,stop_sign_id=833
participant_12,4.0,day,Town10HD_Opt,Solid line crossing,0.001,0.068,2026-03-14 15:50:50.645050,-23.44569969177246,-66.0710220336914,0.0019187927246093,Solid line crossing
participant_12,4.0,day,Town10HD_Opt,Solid line crossing,50.504,0.068,2026-03-14 15:51:01.337145,-50.84437561035156,-66.97537231445312,0.0019844055641442,Solid line crossing
participant_12,4.0,day,Town10HD_Opt,Solid line crossing,19.271,-0.822,2026-03-14 15:51:11.311524,-111.15538024902344,-15.606756210327148,0.0022995376493781,Solid line crossing
participant_12,4.0,day,Town10HD_Opt,Stop sign violation,17.824,1.293,2026-03-14 15:51:57.970625,-65.810791015625,26.236791610717773,0.0014001845847815,stop_sign_id=1300
participant_12,4.0,day,Town10HD_Opt,Solid line crossing,0.002,0.569,2026-03-14 15:52:13.385351,40.03473281860352,45.21507263183594,0.0030137633439153,Solid line crossing
participant_12,4.0,day,Town10HD_Opt,Solid line crossing,46.642,-0.566,2026-03-14 15:52:24.261908,57.98974609375,70.54605102539062,0.00204429612495,Solid line crossing
participant_12,4.0,day,Town10HD_Opt,Solid line crossing,49.381,5.657,2026-03-14 15:52:35.575385,83.58209991455078,126.73239135742188,0.0020672606769949,Solid line crossing
participant_12,4.0,day,Town10HD_Opt,Stop sign violation,2.264,-0.724,2026-03-14 15:52:52.086661,-18.34433364868164,132.3142547607422,0.0018087768694385,stop_sign_id=678
participant_12,4.0,day,Town10HD_Opt,Solid line crossing,32.362,-0.362,2026-03-14 15:53:10.541790,-7.195286273956299,69.90087127685547,0.0022837065625935,Solid line crossing
participant_12,4.0,day,Town10HD_Opt,Solid line crossing,11.629,0.597,2026-03-14 15:53:15.662649,12.033045768737791,69.77340698242188,0.0020008848514407,Solid line crossing
participant_12,4.0,day,Town10HD_Opt,Solid line crossing,36.033,-16.386,2026-03-14 15:53:31.269854,36.81487274169922,67.33467864990234,0.0018065260956063,Solid line crossing
participant_12,4.0,day,Town10HD_Opt,Stop sign violation,3.123,1.459,2026-03-14 15:53:40.176860,44.33419418334961,39.190059661865234,0.0017612838419154,stop_sign_id=1120
participant_12,4.0,day,Town10HD_Opt,Stop sign violation,49.417,-4.148,2026-03-14 15:53:56.714308,108.69037628173828,-13.036575317382812,0.0020156097598373,stop_sign_id=1120
participant_12,5.0,day,Town10HD_Opt,Harsh braking,48.955,-12.442,2026-03-14 16:01:01.205262,65.04943084716797,-68.57227325439453,0.0020706939976662,decel_mps2=4.9
participant_12,5.0,day,Town10HD_Opt,Solid line crossing,12.581,-12.243,2026-03-14 16:01:44.198077,-103.22248840332033,20.396114349365234,0.0019948959816247,Solid line crossing
participant_12,5.0,day,Town10HD_Opt,Harsh braking,14.445,-0.496,2026-03-14 16:01:51.353853,-77.64338684082031,25.59455680847168,0.0020645142067223,decel_mps2=5.2
participant_12,5.0,day,Town10HD_Opt,Solid line crossing,1.47,-2.064,2026-03-14 16:01:58.504462,-71.10887908935547,25.580612182617188,0.0019332122756168,Solid line crossing
participant_12,5.0,day,Town10HD_Opt,Solid line crossing,18.375,0.261,2026-03-14 16:02:33.330353,22.83974838256836,26.7700424194336,0.0022369765210896,Solid line crossing
participant_12,5.0,day,Town10HD_Opt,Solid line crossing,32.776,16.61,2026-03-14 16:02:41.038685,40.86902618408203,37.59251403808594,0.0018541717436164,Solid line crossing
participant_12,5.0,day,Town10HD_Opt,Harsh braking,15.182,-7.603,2026-03-14 16:02:52.357638,79.22172546386719,70.57278442382812,0.0018358611268922,decel_mps2=6.1
participant_12,5.0,day,Town10HD_Opt,Solid line crossing,46.835,3.193,2026-03-14 16:03:06.481576,66.7142333984375,128.87139892578125,0.0019772339146584,Solid line crossing
participant_12,5.0,day,Town10HD_Opt,Vehicle-pedestrian collision,24.326,-0.108,2026-03-14 16:03:25.156444,-43.42363357543945,98.03591918945312,0.0020043945405632,Vehicle-pedestrian collision
participant_12,5.0,day,Town10HD_Opt,Stop sign violation,18.213,6.886,2026-03-14 16:03:44.976713,44.02130126953125,41.26763916015625,0.0020495222415775,stop_sign_id=1050
participant_12,5.0,day,Town10HD_Opt,Stop sign violation,9.097,5.832,2026-03-14 16:03:50.635242,62.72360229492188,23.911434173583984,0.0322401784360408,stop_sign_id=1200
participant_12,5.0,day,Town10HD_Opt,Stop sign violation,13.145,-0.583,2026-03-14 16:04:00.213771,72.60454559326172,24.965723037719727,0.0020058441441506,stop_sign_id=1050
participant_12,5.0,day,Town10HD_Opt,Solid line crossing,48.127,-7.86,2026-03-14 16:04:11.790985,91.88959503173828,24.76108360290528,0.0017197799170389,Solid line crossing
participant_12,5.0,day,Town10HD_Opt,Stop sign violation,48.11,-1.485,2026-03-14 16:04:25.776212,47.87268829345703,-64.5348129272461,0.0020747375674545,stop_sign_id=1050
participant_12,5.0,day,Town10HD_Opt,Solid line crossing,31.941,0.893,2026-03-14 16:04:52.734424,-49.72407531738281,-65.60537719726562,0.0023265075869858,Solid line crossing
participant_12,6.0,day,Town10HD_Opt,Solid line crossing,3.471,-0.099,2026-03-14 16:15:23.104296,26.052490234375,70.0088119506836,0.0018245314713567,Solid line crossing
participant_12,6.0,day,Town10HD_Opt,Harsh braking,21.679,-13.319,2026-03-14 16:15:29.529682,40.45393371582031,64.93411254882812,0.0020036697387695,decel_mps2=8.1
participant_12,6.0,day,Town10HD_Opt,Solid line crossing,13.133,13.146,2026-03-14 16:15:40.077441,52.22979736328125,28.18689727783203,0.0020518493838608,Solid line crossing
participant_12,6.0,day,Town10HD_Opt,Solid line crossing,6.018,0.028,2026-03-14 16:15:55.378031,69.2046890258789,28.298377990722656,0.0016582488315179,Solid line crossing
participant_12,6.0,day,Town10HD_Opt,Solid line crossing,21.853,-3.346,2026-03-14 16:16:28.664378,105.95948028564452,-27.650156021118164,0.0022573471069335,Solid line crossing
participant_12,6.0,day,Town10HD_Opt,Solid line crossing,33.669,-1.598,2026-03-14 16:16:39.787868,54.79667282104492,-66.1749267578125,0.0020696639548987,Solid line crossing
participant_12,6.0,day,Town10HD_Opt,Harsh braking,24.064,-0.221,2026-03-14 16:16:55.606800,-14.559517860412598,-67.69966888427734,0.0017718124436214,decel_mps2=6.7
participant_12,6.0,day,Town10HD_Opt,Solid line crossing,10.719,-0.696,2026-03-14 16:17:12.073433,-110.36412811279295,-30.160017013549805,0.0020214079413563,Solid line crossing
participant_12,6.0,day,Town10HD_Opt,Solid line crossing,30.515,-1.619,2026-03-14 16:17:43.357238,-89.95881652832031,27.14022445678711,0.0024794768542051,Solid line crossing
participant_12,6.0,day,Town10HD_Opt,Solid line crossing,0.06,0.136,2026-03-14 16:17:56.039202,-67.79032897949219,27.94974708557129,0.0019198989029973,Solid line crossing
participant_12,6.0,day,Town10HD_Opt,Stop sign violation,33.808,-0.052,2026-03-14 16:18:09.742495,11.33616065979004,28.094194412231445,0.0023643111344426,stop_sign_id=1050
participant_12,6.0,day,Town10HD_Opt,Harsh braking,41.139,14.212,2026-03-14 16:18:46.143549,98.7468719482422,79.7365951538086,0.0018542098114266,decel_mps2=7.3
participant_12,6.0,day,Town10HD_Opt,Solid line crossing,21.523,11.016,2026-03-14 16:19:20.347282,-41.43938064575195,79.54420471191406,0.0022227859590202,Solid line crossing
participant_12,7.0,day,Town10HD_Opt,Solid line crossing,12.473,5.432,2026-03-14 16:30:43.026139,44.62172317504883,44.34551239013672,0.0018930436344817,Solid line crossing
participant_12,7.0,day,Town10HD_Opt,Solid line crossing,0.0,-0.674,2026-03-14 16:30:57.477147,74.59008026123047,25.32138633728028,0.0019239424727857,Solid line crossing
participant_12,7.0,day,Town10HD_Opt,Harsh braking,0.0,2.064,2026-03-14 16:31:06.011844,74.59008026123047,25.32138633728028,0.0019199752714484,decel_mps2=7.9
participant_12,7.0,day,Town10HD_Opt,Solid line crossing,24.638,-7.962,2026-03-14 16:31:31.562019,108.6772232055664,-29.15605735778809,0.0019260410917922,Solid line crossing
participant_12,7.0,day,Town10HD_Opt,Solid line crossing,42.463,-3.978,2026-03-14 16:31:41.929030,65.8530502319336,-67.56169128417969,0.0019638827070593,Solid line crossing
participant_12,7.0,day,Town10HD_Opt,Solid line crossing,26.543,-0.75,2026-03-14 16:31:48.558762,29.312973022460938,-67.49999237060547,0.002005691640079,Solid line crossing
participant_12,7.0,day,Town10HD_Opt,Collision,0.0,0.914,2026-03-14 16:31:56.962615,-3.541122913360596,-67.44854736328125,0.0019232940394431,Collision
participant_12,7.0,day,Town10HD_Opt,Solid line crossing,0.0,2.2,2026-03-14 16:32:21.663637,-111.05374908447266,-12.31220817565918,0.0020240016747266,Solid line crossing
participant_12,7.0,day,Town10HD_Opt,Solid line crossing,5.025,-5.938,2026-03-14 16:32:27.318576,-111.1151123046875,-10.963177680969238,0.0018823243444785,Solid line crossing
participant_12,7.0,day,Town10HD_Opt,Solid line crossing,5.339,-0.193,2026-03-14 16:32:28.475392,-111.17803192138672,-10.0930757522583,0.0019015121506527,Solid line crossing
participant_12,7.0,day,Town10HD_Opt,Harsh braking,29.273,-0.712,2026-03-14 16:33:01.520976,-62.21695327758789,27.60953521728516,0.0016919339541345,decel_mps2=5.7
participant_12,7.0,day,Town10HD_Opt,Solid line crossing,25.376,11.031,2026-03-14 16:33:16.384181,35.75821304321289,31.610990524291992,0.0020506668370217,Solid line crossing
participant_12,7.0,day,Town10HD_Opt,Stop sign violation,7.491,-2.824,2026-03-14 16:33:24.416275,41.48240280151367,50.803314208984375,0.0018164447974413,stop_sign_id=1120
participant_12,7.0,day,Town10HD_Opt,Solid line crossing,11.578,-1.97,2026-03-14 16:33:37.076955,76.91059112548828,70.65947723388672,0.0020270152017474,Solid line crossing
participant_12,7.0,day,Town10HD_Opt,Vehicle-pedestrian collision,49.808,-0.39,2026-03-14 16:34:06.286034,15.053815841674805,133.09115600585938,0.0020228193607181,Vehicle-pedestrian collision
participant_12,7.0,day,Town10HD_Opt,Solid line crossing,22.3,2.793,2026-03-14 16:34:18.336757,-25.49286651611328,133.74082946777344,0.0017485823482275,Solid line crossing
participant_12,7.0,day,Town10HD_Opt,Solid line crossing,18.74,5.413,2026-03-14 16:34:32.145458,-32.60641098022461,70.51266479492188,0.0022478096652776,Solid line crossing
participant_12,7.0,day,Town10HD_Opt,Solid line crossing,23.911,-0.74,2026-03-14 16:34:41.498843,14.591423034667969,70.04195404052734,0.0023266591597348,Solid line crossing
participant_12,8.0,day,Town10HD_Opt,Harsh braking,0.0,1.42,2026-03-14 16:45:20.271531,-10.191905975341797,69.29743194580078,0.0020338820759207,decel_mps2=6.7
participant_12,8.0,day,Town10HD_Opt,Solid line crossing,0.068,0.002,2026-03-14 16:45:32.916171,18.965272903442383,70.10509490966797,0.0019841003231704,Solid line crossing
participant_12,8.0,day,Town10HD_Opt,Solid line crossing,6.757,-0.463,2026-03-14 16:45:46.369928,24.0191593170166,70.06298065185547,0.0016849136445671,Solid line crossing
participant_12,8.0,day,Town10HD_Opt,Solid line crossing,20.499,5.716,2026-03-14 16:46:24.818483,80.95272064208984,24.658803939819336,0.0016862868797034,Solid line crossing
participant_12,8.0,day,Town10HD_Opt,Solid line crossing,17.205,-0.167,2026-03-14 16:47:05.790948,35.866451263427734,-68.09635925292969,0.0018655013991519,Solid line crossing
participant_12,8.0,day,Town10HD_Opt,Stop sign violation,0.001,0.266,2026-03-14 16:47:32.591376,-10.818283081054688,-68.0813980102539,0.0019189071608707,stop_sign_id=1050
participant_12,8.0,day,Town10HD_Opt,Solid line crossing,6.912,-0.486,2026-03-14 16:47:49.971652,-54.414642333984375,-68.84077453613281,0.0018911742372438,Solid line crossing
participant_12,8.0,day,Town10HD_Opt,Harsh braking,13.764,-4.202,2026-03-14 16:47:59.982909,-79.9636001586914,-67.79425811767578,0.0019523238297551,decel_mps2=6.7
participant_12,8.0,day,Town10HD_Opt,Harsh braking,17.728,-4.155,2026-03-14 16:48:02.279299,-86.08695220947266,-65.93299865722656,0.0018728255527094,decel_mps2=7.9
participant_12,8.0,day,Town10HD_Opt,Stop sign violation,23.832,-0.815,2026-03-14 16:48:23.444262,-110.63096618652344,-14.56395149230957,0.0021705627441406,stop_sign_id=1300
participant_12,8.0,day,Town10HD_Opt,Stop sign violation,0.005,0.385,2026-03-14 16:48:32.647822,-110.47982025146484,-6.129278659820557,0.0019190596649423,stop_sign_id=1300
participant_12,8.0,day,Town10HD_Opt,Harsh braking,12.577,4.604,2026-03-14 16:49:11.480305,-77.99117279052734,24.80038833618164,0.0016992568271234,decel_mps2=5.2
participant_12,8.0,day,Town10HD_Opt,Solid line crossing,0.0,1.108,2026-03-14 16:49:23.288388,-75.61632537841797,24.70873641967773,0.0019196319626644,Solid line crossing
participant_12,8.0,day,Town10HD_Opt,Collision,0.0,1.108,2026-03-14 16:49:30.698477,-75.61632537841797,24.70873641967773,0.0019196319626644,Collision
participant_12,9.0,day,Town10HD_Opt,Solid line crossing,28.309,20.83,2026-03-14 17:00:19.508630,-36.36614227294922,71.65234375,0.0020754623692482,Solid line crossing
participant_12,9.0,day,Town10HD_Opt,Harsh braking,41.294,-4.03,2026-03-14 17:01:36.356195,80.69984436035156,-61.74848937988281,0.0020373535808175,decel_mps2=8.1
participant_12,9.0,day,Town10HD_Opt,Vehicle-pedestrian collision,22.903,0.728,2026-03-14 17:01:49.873824,-1.1400518417358398,-66.33722686767578,0.0022070312406867,Vehicle-pedestrian collision
participant_12,9.0,day,Town10HD_Opt,Red light violation,48.282,-2.56,2026-03-14 17:02:05.889334,-74.10542297363281,-64.85633850097656,0.0020480346865952,Red light violation
participant_12,9.0,day,Town10HD_Opt,Vehicle-pedestrian collision,44.497,-6.322,2026-03-14 17:02:10.608118,-103.50491333007812,-47.56157684326172,0.0020926285069435,Vehicle-pedestrian collision
participant_12,9.0,day,Town10HD_Opt,Harsh braking,0.0,-0.949,2026-03-14 17:02:24.130608,-110.9852523803711,-4.970561504364014,0.0019190596649423,decel_mps2=8.1
participant_12,9.0,day,Town10HD_Opt,Solid line crossing,0.0,-0.933,2026-03-14 17:02:25.295254,-110.98526763916016,-4.970553398132324,0.0019189834129065,Solid line crossing
participant_12,9.0,day,Town10HD_Opt,Solid line crossing,28.758,-9.425,2026-03-14 17:02:47.450645,-110.1523895263672,10.275959014892578,0.0020808791741728,Solid line crossing
participant_12,9.0,day,Town10HD_Opt,Harsh braking,7.373,0.691,2026-03-14 17:03:01.643517,-71.70928192138672,24.671539306640625,0.0019522475777193,decel_mps2=5.5
participant_12,9.0,day,Town10HD_Opt,Stop sign violation,39.039,-0.519,2026-03-14 17:03:13.732228,8.15311336517334,28.141685485839844,0.00192344665993,stop_sign_id=1050
participant_12,9.0,day,Town10HD_Opt,Solid line crossing,6.484,-4.181,2026-03-14 17:03:24.688206,40.00876235961914,49.0356330871582,0.0019813918042927,Solid line crossing
participant_12,9.0,day,Town10HD_Opt,Solid line crossing,17.194,15.28,2026-03-14 17:03:46.904271,99.1409912109375,73.66349029541016,0.0001999664236791,Solid line crossing
participant_12,9.0,day,Town10HD_Opt,Vehicle collision,31.902,2.473,2026-03-14 17:04:01.975619,58.31446075439453,132.13906860351562,0.0021164703648537,Vehicle collision
participant_12,9.0,day,Town10HD_Opt,Solid line crossing,20.655,0.526,2026-03-14 17:04:15.575415,-4.385034561157227,131.3106231689453,0.0021888350602239,Solid line crossing
participant_12,9.0,day,Town10HD_Opt,Solid line crossing,19.95,1.152,2026-03-14 17:04:27.646509,-24.51066017150879,130.7474822998047,0.0016462325584143,Solid line crossing
participant_12,9.0,day,Town10HD_Opt,Stop sign violation,28.25,16.181,2026-03-14 17:04:44.181615,-31.64787483215332,70.0033950805664,0.0020640564616769,stop_sign_id=1300
participant_12,9.0,day,Town10HD_Opt,Stop sign violation,19.246,0.035,2026-03-14 17:04:49.855408,-10.739911079406738,69.8642807006836,0.0020138167310506,stop_sign_id=1050
participant_12,10.0,day,Town10HD_Opt,Vehicle collision,18.311,5.642,2026-03-14 17:15:18.603769,0.9311225414276124,68.11631774902344,0.0016923530492931,Vehicle collision
participant_12,10.0,day,Town10HD_Opt,Solid line crossing,8.806,-7.275,2026-03-14 17:15:30.591786,33.29835510253906,68.65257263183594,0.0019729994237422,Solid line crossing
participant_12,10.0,day,Town10HD_Opt,Solid line crossing,16.665,16.622,2026-03-14 17:15:45.832590,45.64212417602539,36.51129913330078,0.0019387052161619,Solid line crossing
participant_12,10.0,day,Town10HD_Opt,Vehicle collision,23.243,4.841,2026-03-14 17:15:53.064637,68.27078247070312,25.66510772705078,0.0021750254090875,Vehicle collision
participant_12,10.0,day,Town10HD_Opt,Solid line crossing,0.045,2.464,2026-03-14 17:16:12.334096,74.65269470214844,25.318708419799805,0.001919288537465,Solid line crossing
participant_12,10.0,day,Town10HD_Opt,Harsh braking,23.481,8.277,2026-03-14 17:16:27.011484,107.59766387939452,-13.2676362991333,0.0023271930404007,decel_mps2=8.1
participant_12,10.0,day,Town10HD_Opt,Solid line crossing,28.721,-5.167,2026-03-14 17:16:34.875111,100.82930755615234,-50.71010971069336,0.0022015373688191,Solid line crossing
participant_12,10.0,day,Town10HD_Opt,Stop sign violation,28.46,0.663,2026-03-14 17:16:49.988060,19.69507598876953,-67.17296600341797,0.00201416015625,stop_sign_id=1300
participant_12,10.0,day,Town10HD_Opt,Solid line crossing,3.228,-0.526,2026-03-14 17:17:00.505562,-3.6393051147460938,-67.45193481445312,0.0017590719508007,Solid line crossing
participant_12,10.0,day,Town10HD_Opt,Solid line crossing,50.349,-6.563,2026-03-14 17:17:15.492520,-107.43569946289062,-38.628395080566406,0.0019295887323096,Solid line crossing
participant_12,10.0,day,Town10HD_Opt,Stop sign violation,0.0,-0.609,2026-03-14 17:17:36.346009,-111.37747955322266,-7.465325832366943,0.001919784466736,stop_sign_id=1062
participant_12,10.0,day,Town10HD_Opt,Solid line crossing,28.183,-6.251,2026-03-14 17:17:43.270938,-108.92605590820312,20.42244911193848,0.0021775811910629,Solid line crossing
participant_12,10.0,day,Town10HD_Opt,Solid line crossing,19.206,-12.495,2026-03-14 17:17:45.976852,-101.0822525024414,29.23808860778809,0.0021232983563095,Solid line crossing
participant_12,10.0,day,Town10HD_Opt,Solid line crossing,25.668,-2.398,2026-03-14 17:18:10.917696,11.850852012634276,29.729454040527344,0.0020584105513989,Solid line crossing
participant_12,10.0,day,Town10HD_Opt,Solid line crossing,11.051,-0.143,2026-03-14 17:18:20.489801,42.321590423583984,45.378719329833984,0.002022247062996,Solid line crossing
participant_12,10.0,day,Town10HD_Opt,Solid line crossing,11.578,-1.97,2026-03-14 17:18:36.887463,76.91059112548828,70.65947723388672,0.0020270152017474,Solid line crossing
participant_12,10.0,day,Town10HD_Opt,Solid line crossing,1.794,0.486,2026-03-14 17:18:43.520058,83.45221710205078,70.43599700927734,0.0019364546751603,Solid line crossing
participant_12,10.0,day,Town10HD_Opt,Solid line crossing,11.708,6.528,2026-03-14 17:19:11.616309,-13.622027397155762,136.52682495117188,0.0020326226949691,Solid line crossing
participant_12,10.0,day,Town10HD_Opt,Solid line crossing,37.714,3.716,2026-03-14 17:19:27.256933,-42.77057647705078,99.08995056152344,0.0015572756528854,Solid line crossing
participant_12,10.0,day,Town10HD_Opt,Solid line crossing,25.483,-9.365,2026-03-14 17:19:49.222969,28.055727005004883,70.1865234375,0.0015751662431284,Solid line crossing
participant_13,1.0,day,Town10HD_Opt,Solid line crossing,0.0,0.0,2026-03-15 08:00:14.069164,-41.66858673095703,89.7454833984375,0.0019181441748514,Solid line crossing
participant_13,1.0,day,Town10HD_Opt,Vehicle-pedestrian collision,17.708,13.314,2026-03-15 08:00:25.522318,-34.61386489868164,70.8421401977539,0.0018944549374282,Vehicle-pedestrian collision
participant_13,1.0,day,Town10HD_Opt,Solid line crossing,9.799,0.277,2026-03-15 08:00:42.189482,23.350297927856445,70.19412231445312,0.0020148467738181,Solid line crossing
participant_13,1.0,day,Town10HD_Opt,Solid line crossing,24.101,7.596,2026-03-15 08:00:59.413753,43.92707061767578,40.44077682495117,0.0020247267093509,Solid line crossing
participant_13,1.0,day,Town10HD_Opt,Vehicle collision,18.08,0.681,2026-03-15 08:01:49.311931,-11.943102836608888,-67.5521011352539,0.0020313644781708,Vehicle collision
participant_13,1.0,day,Town10HD_Opt,Solid line crossing,23.205,-1.695,2026-03-15 08:01:56.740513,-61.58837890625,-68.04291534423828,0.0022734450176358,Solid line crossing
participant_13,1.0,day,Town10HD_Opt,Solid line crossing,42.752,-11.12,2026-03-15 08:02:13.110555,-103.78136444091795,20.798208236694336,0.0022667311131954,Solid line crossing
participant_13,1.0,day,Town10HD_Opt,Solid line crossing,7.574,-0.698,2026-03-15 08:02:23.283337,-76.68695068359375,27.647384643554688,0.00199157721363,Solid line crossing
participant_13,1.0,day,Town10HD_Opt,Solid line crossing,0.506,-1.3,2026-03-15 08:02:35.720404,-67.76021575927734,27.987457275390625,0.0019239044049754,Solid line crossing
participant_13,1.0,day,Town10HD_Opt,Solid line crossing,0.03,0.219,2026-03-15 08:02:46.080312,-67.44548797607422,27.990373611450195,0.001919288537465,Solid line crossing
participant_13,1.0,day,Town10HD_Opt,Stop sign violation,50.354,4.174,2026-03-15 08:02:58.816569,-36.695091247558594,27.29267120361328,0.0019760893192142,stop_sign_id=678
participant_13,1.0,day,Town10HD_Opt,Solid line crossing,10.52,-1.93,2026-03-15 08:03:14.326231,40.46904754638672,49.7104377746582,0.0020454025361686,Solid line crossing
participant_13,1.0,day,Town10HD_Opt,Solid line crossing,18.096,-6.732,2026-03-15 08:03:24.670538,40.73248672485352,57.68869400024414,0.0020551681518554,Solid line crossing
participant_13,1.0,day,Town10HD_Opt,Stop sign violation,8.79,2.407,2026-03-15 08:03:34.389048,74.44973754882812,69.95291137695312,0.0020098113454878,stop_sign_id=1120
participant_13,1.0,day,Town10HD_Opt,Solid line crossing,22.763,4.877,2026-03-15 08:03:50.659543,75.7603759765625,127.8484344482422,0.0020540617406368,Solid line crossing
participant_13,1.0,day,Town10HD_Opt,Solid line crossing,47.742,0.301,2026-03-15 08:03:58.549502,19.290740966796875,130.48924255371094,0.0021741485688835,Solid line crossing
participant_13,1.0,day,Town10HD_Opt,Collision,11.856,-0.216,2026-03-15 08:04:08.265530,-13.257827758789062,130.1111297607422,0.0019725416786968,Collision
participant_13,1.0,day,Town10HD_Opt,Vehicle collision,7.613,-0.148,2026-03-15 08:04:09.478473,-16.98540687561035,130.08811950683594,0.0019284439040347,Vehicle collision
participant_13,1.0,day,Town10HD_Opt,Red light violation,21.981,-0.052,2026-03-15 08:04:22.316516,-41.76436614990234,92.49513244628906,0.0020956420339643,Red light violation
participant_13,1.0,day,Town10HD_Opt,Harsh braking,18.406,0.129,2026-03-15 08:04:35.853765,9.414501190185549,69.76356506347656,0.002135734539479,decel_mps2=4.9
participant_13,1.0,day,Town10HD_Opt,Harsh braking,13.091,-1.126,2026-03-15 08:04:53.800196,44.21379470825195,46.36421203613281,0.0020274734124541,decel_mps2=5.5
participant_13,2.0,day,Town10HD_Opt,Solid line crossing,24.269,-0.324,2026-03-15 08:15:16.582984,13.124107360839844,69.70693969726562,0.0017814254388213,Solid line crossing
participant_13,2.0,day,Town10HD_Opt,Solid line crossing,38.904,24.925,2026-03-15 08:15:27.802839,48.09860610961914,29.806127548217773,0.0021005249582231,Solid line crossing
participant_13,2.0,day,Town10HD_Opt,Vehicle collision,16.831,1.069,2026-03-15 08:15:32.090806,69.27303314208984,24.886898040771484,0.0019577406346797,Vehicle collision
participant_13,2.0,day,Town10HD_Opt,Solid line crossing,11.459,1.887,2026-03-15 08:15:44.477969,78.04417419433594,24.74114418029785,0.0018246840918436,Solid line crossing
participant_13,2.0,day,Town10HD_Opt,Vehicle-pedestrian collision,49.918,-2.72,2026-03-15 08:15:54.112105,108.30620574951172,-25.79387855529785,0.002019538776949,Vehicle-pedestrian collision
participant_13,2.0,day,Town10HD_Opt,Solid line crossing,51.02,1.744,2026-03-15 08:16:02.798350,47.79536437988281,-66.7811050415039,0.00194770807866,Solid line crossing
participant_13,2.0,day,Town10HD_Opt,Solid line crossing,44.154,-0.456,2026-03-15 08:16:06.322857,19.80217742919922,-66.01801300048828,0.00213413243182,Solid line crossing
participant_13,2.0,day,Town10HD_Opt,Harsh braking,0.962,-0.491,2026-03-15 08:16:16.861710,-13.17668628692627,-65.73635864257812,0.001951141282916,decel_mps2=6.7
participant_13,2.0,day,Town10HD_Opt,Solid line crossing,0.0,1.257,2026-03-15 08:19:35.403393,-23.60545921325684,-64.6944351196289,0.0020337295718491,Solid line crossing
participant_13,2.0,day,Town10HD_Opt,Solid line crossing,0.0,0.336,2026-03-15 08:19:42.797457,-23.60560417175293,-64.6944351196289,0.0019189834129065,Solid line crossing
participant_13,2.0,day,Town10HD_Opt,Solid line crossing,36.248,1.956,2026-03-15 08:19:51.378025,-31.57019424438477,-65.1085433959961,0.0015790176112204,Solid line crossing
participant_13,3.0,day,Town10HD_Opt,Harsh braking,26.756,0.468,2026-03-15 08:30:23.215432,-2.313472509384156,69.52989196777344,0.0020700073800981,decel_mps2=6.7
participant_13,3.0,day,Town10HD_Opt,Solid line crossing,3.014,-0.054,2026-03-15 08:30:32.618521,20.698060989379883,69.65341186523438,0.0020207595080137,Solid line crossing
participant_13,3.0,day,Town10HD_Opt,Collision,0.035,-11.81,2026-03-15 08:30:47.341883,39.02777862548828,65.77641296386719,0.0019187927246093,Collision
participant_13,3.0,day,Town10HD_Opt,Stop sign violation,4.1,-0.681,2026-03-15 08:30:59.054377,44.41450119018555,45.61664962768555,0.0018690872238948,stop_sign_id=1300
participant_13,3.0,day,Town10HD_Opt,Solid line crossing,7.943,18.913,2026-03-15 08:31:11.937390,54.584808349609375,26.67697525024414,0.0018450927454978,Solid line crossing
participant_13,3.0,day,Town10HD_Opt,Solid line crossing,3.4,3.976,2026-03-15 08:31:22.637736,72.0364761352539,24.90655517578125,0.0017558288527652,Solid line crossing
participant_13,3.0,day,Town10HD_Opt,Solid line crossing,18.075,-4.78,2026-03-15 08:31:36.953128,88.61817932128906,25.17500686645508,0.0020993042271584,Solid line crossing
participant_13,3.0,day,Town10HD_Opt,Harsh braking,8.239,-5.129,2026-03-15 08:31:45.900590,105.30135345458984,10.571429252624512,0.0019821166060864,decel_mps2=5.2
participant_13,3.0,day,Town10HD_Opt,Solid line crossing,23.958,-1.05,2026-03-15 08:32:21.835835,35.289100646972656,-67.41597747802734,0.0021671676076948,Solid line crossing
participant_13,3.0,day,Town10HD_Opt,Solid line crossing,18.235,-0.399,2026-03-15 08:33:02.845657,-43.40719604492188,-69.04544830322266,0.0020848845597356,Solid line crossing
participant_13,3.0,day,Town10HD_Opt,Solid line crossing,15.303,-12.956,2026-03-15 08:33:17.143092,-96.1413345336914,-61.1399040222168,0.002002639696002,Solid line crossing
participant_13,3.0,day,Town10HD_Opt,Harsh braking,0.0,2.181,2026-03-15 08:33:32.332886,-110.80935668945312,-18.157751083374023,0.0019651411566883,decel_mps2=6.1
participant_13,3.0,day,Town10HD_Opt,Stop sign violation,15.051,0.719,2026-03-15 08:33:44.902964,-110.00674438476562,-8.450632095336914,0.0020195005927234,stop_sign_id=833
participant_13,4.0,day,Town10HD_Opt,Solid line crossing,16.24,-10.346,2026-03-15 08:45:49.909383,34.88620376586914,68.0683822631836,0.0019807815551757,Solid line crossing
participant_13,4.0,day,Town10HD_Opt,Solid line crossing,12.099,7.066,2026-03-15 08:46:13.822683,57.40576553344727,26.23617553710937,0.002335739089176,Solid line crossing
participant_13,4.0,day,Town10HD_Opt,Harsh braking,5.674,0.869,2026-03-15 08:46:23.484208,77.0959243774414,24.580434799194336,0.0019388961372897,decel_mps2=5.2
participant_13,4.0,day,Town10HD_Opt,Stop sign violation,16.261,-5.219,2026-03-15 08:46:33.988262,106.68905639648438,8.505717277526855,0.0018109893426299,stop_sign_id=1120
participant_13,4.0,day,Town10HD_Opt,Solid line crossing,24.564,-4.9,2026-03-15 08:46:45.385100,106.76988220214844,-36.701168060302734,0.001843185396865,Solid line crossing
participant_13,4.0,day,Town10HD_Opt,Solid line crossing,27.359,-1.415,2026-03-15 08:47:00.471615,57.44861602783203,-68.08720397949219,0.0020072173792868,Solid line crossing
participant_13,4.0,day,Town10HD_Opt,Vehicle collision,21.775,0.921,2026-03-15 08:47:02.410966,48.43782043457031,-68.23912811279297,0.0021897887345403,Vehicle collision
participant_13,4.0,day,Town10HD_Opt,Stop sign violation,6.489,-0.167,2026-03-15 08:47:24.092435,-9.7087984085083,-68.03877258300781,0.0019812393002212,stop_sign_id=1200
participant_13,4.0,day,Town10HD_Opt,Solid line crossing,0.001,0.562,2026-03-15 08:48:40.745471,-110.47982025146484,-6.128429889678955,0.0019189834129065,Solid line crossing
participant_13,4.0,day,Town10HD_Opt,Solid line crossing,24.567,5.454,2026-03-15 08:49:08.948775,-83.05828094482422,25.213497161865234,0.0017451858147978,Solid line crossing
participant_13,4.0,day,Town10HD_Opt,Stop sign violation,19.214,0.788,2026-03-15 08:49:33.088320,-71.24968719482422,24.60069274902344,0.0020049286540597,stop_sign_id=1050
participant_13,5.0,day,Town10HD_Opt,Collision,15.712,-1.231,2026-03-15 09:00:27.157651,-25.57818031311035,69.85757446289062,0.0019718550611287,Collision
participant_13,5.0,day,Town10HD_Opt,Solid line crossing,37.949,2.89,2026-03-15 09:01:56.675536,-48.69049835205078,-68.76909637451172,0.0023670578375458,Solid line crossing
participant_13,5.0,day,Town10HD_Opt,Stop sign violation,0.006,-2.068,2026-03-15 09:02:15.801373,-110.66973114013672,-5.873982906341553,0.0019192504696547,stop_sign_id=946
participant_13,5.0,day,Town10HD_Opt,Solid line crossing,24.016,4.676,2026-03-15 09:02:42.132555,-91.90037536621094,25.377809524536133,0.0018664931412786,Solid line crossing
participant_13,5.0,day,Town10HD_Opt,Solid line crossing,24.016,4.676,2026-03-15 09:02:42.321200,-91.90037536621094,25.377809524536133,0.0018664931412786,Solid line crossing
participant_13,5.0,day,Town10HD_Opt,Solid line crossing,41.792,-1.248,2026-03-15 09:02:53.922164,1.7683336734771729,28.212158203125,0.0023685074411332,Solid line crossing
participant_13,5.0,day,Town10HD_Opt,Stop sign violation,6.094,0.62,2026-03-15 09:03:09.734305,40.8282470703125,52.13564300537109,0.0020560454577207,stop_sign_id=1120
participant_13,5.0,day,Town10HD_Opt,Solid line crossing,18.472,-0.989,2026-03-15 09:03:19.131480,56.31388854980469,70.89008331298828,0.0021006392780691,Solid line crossing
participant_13,5.0,day,Town10HD_Opt,Vehicle collision,0.0,0.691,2026-03-15 09:03:26.659255,87.80728149414062,70.43538665771484,0.0019190978491678,Vehicle collision
participant_13,5.0,day,Town10HD_Opt,Stop sign violation,25.884,-2.278,2026-03-15 09:04:00.174090,91.78034210205078,122.91041564941406,0.0020338820759207,stop_sign_id=946
participant_13,5.0,day,Town10HD_Opt,Stop sign violation,31.686,-0.663,2026-03-15 09:04:11.506856,30.53260612487793,129.3984375,0.0023296736180782,stop_sign_id=1300
participant_13,5.0,day,Town10HD_Opt,Solid line crossing,24.646,15.492,2026-03-15 09:04:22.641225,-33.45957565307617,128.44598388671875,0.0023164367303252,Solid line crossing
participant_13,5.0,day,Town10HD_Opt,Solid line crossing,31.802,1.166,2026-03-15 09:04:36.112007,-20.629507064819336,69.97512817382812,0.0018730926094576,Solid line crossing
participant_13,6.0,day,Town10HD_Opt,Harsh braking,17.479,0.515,2026-03-15 09:15:19.716274,13.033950805664062,70.17347717285156,0.0018881987780332,decel_mps2=5.2
participant_13,6.0,day,Town10HD_Opt,Solid line crossing,12.36,-0.576,2026-03-15 09:15:46.621299,44.61167907714844,41.75921249389648,0.001804313622415,Solid line crossing
participant_13,6.0,day,Town10HD_Opt,Solid line crossing,33.663,-1.883,2026-03-15 09:16:23.886432,108.77725982666016,-22.068891525268555,0.0023454283364117,Solid line crossing
participant_13,6.0,day,Town10HD_Opt,Solid line crossing,2.757,-0.498,2026-03-15 09:17:20.867464,-110.35614013671876,-5.01196813583374,0.0019455336732789,Solid line crossing
participant_13,6.0,day,Town10HD_Opt,Solid line crossing,0.006,-0.324,2026-03-15 09:17:30.051700,-110.35845184326172,-4.680675983428955,0.0019186401041224,Solid line crossing
participant_13,6.0,day,Town10HD_Opt,Harsh braking,21.021,1.243,2026-03-15 09:18:37.751614,69.53766632080078,70.73833465576172,0.0020530701149255,decel_mps2=6.4
participant_13,6.0,day,Town10HD_Opt,Collision,33.114,1.683,2026-03-15 09:18:48.741697,95.29464721679688,108.06673431396484,0.0017571258358657,Collision
participant_13,6.0,day,Town10HD_Opt,Solid line crossing,30.98,8.448,2026-03-15 09:18:50.064501,92.91246795654295,115.36282348632812,0.002153243869543,Solid line crossing
participant_13,6.0,day,Town10HD_Opt,Stop sign violation,24.518,-1.857,2026-03-15 09:19:04.582421,6.830523490905762,130.87384033203125,0.0020677947904914,stop_sign_id=946
participant_13,6.0,day,Town10HD_Opt,Solid line crossing,4.547,0.884,2026-03-15 09:19:13.614361,-21.231969833374023,130.45306396484375,0.0019627378787845,Solid line crossing
participant_13,6.0,day,Town10HD_Opt,Solid line crossing,34.934,-3.097,2026-03-15 09:19:23.114154,-42.18058395385742,107.87742614746094,0.0019839857704937,Solid line crossing
participant_13,7.0,day,Town10HD_Opt,Harsh braking,29.192,-0.599,2026-03-15 09:30:15.398431,2.9667367935180664,69.8938217163086,0.0020353698637336,decel_mps2=5.7
participant_13,7.0,day,Town10HD_Opt,Solid line crossing,3.61,0.162,2026-03-15 09:30:22.869730,24.803443908691406,69.84658813476562,0.0019778059795498,Solid line crossing
participant_13,7.0,day,Town10HD_Opt,Solid line crossing,32.236,-1.744,2026-03-15 09:30:29.385106,34.42505645751953,69.78282928466797,0.0017711257096379,Solid line crossing
participant_13,7.0,day,Town10HD_Opt,Vehicle-pedestrian collision,23.726,13.331,2026-03-15 09:30:40.180350,44.188758850097656,38.397064208984375,0.0019430159591138,Vehicle-pedestrian collision
participant_13,7.0,day,Town10HD_Opt,Solid line crossing,15.024,-5.706,2026-03-15 09:30:48.795390,65.30269622802734,27.01382827758789,0.0020254896953701,Solid line crossing
participant_13,7.0,day,Town10HD_Opt,Stop sign violation,6.083,1.688,2026-03-15 09:31:13.538229,82.48271942138672,25.18376922607422,0.001789855887182,stop_sign_id=1300
participant_13,8.0,day,Town10HD_Opt,Vehicle collision,33.613,-14.683,2026-03-15 09:45:18.705546,32.23390197753906,68.9285659790039,0.0023447799030691,Vehicle collision
participant_13,8.0,day,Town10HD_Opt,Solid line crossing,38.904,24.925,2026-03-15 09:45:27.988973,48.09860610961914,29.806127548217773,0.0021005249582231,Solid line crossing
participant_13,8.0,day,Town10HD_Opt,Solid line crossing,11.459,1.887,2026-03-15 09:45:44.540268,78.04417419433594,24.74114418029785,0.0018246840918436,Solid line crossing
participant_13,8.0,day,Town10HD_Opt,Solid line crossing,49.491,-1.742,2026-03-15 09:45:53.302136,108.96219635009766,-17.08698081970215,0.0020594405941665,Solid line crossing
participant_13,8.0,day,Town10HD_Opt,Vehicle-pedestrian collision,49.376,0.989,2026-03-15 09:46:04.143633,39.16057586669922,-66.26996612548828,0.0020277022849768,Vehicle-pedestrian collision
participant_13,8.0,day,Town10HD_Opt,Harsh braking,4.845,-0.491,2026-03-15 09:46:14.534601,-11.311158180236816,-65.78076171875,0.0019626235589385,decel_mps2=5.5
participant_13,8.0,day,Town10HD_Opt,Solid line crossing,12.581,-12.243,2026-03-15 09:46:44.318480,-103.22248840332033,20.396114349365234,0.0019948959816247,Solid line crossing
participant_13,8.0,day,Town10HD_Opt,Solid line crossing,36.063,1.817,2026-03-15 09:48:17.897928,-24.206750869750977,132.15879821777344,0.0017290496034547,Solid line crossing
participant_13,8.0,day,Town10HD_Opt,Solid line crossing,40.64,5.976,2026-03-15 09:48:26.856504,-44.290672302246094,84.9383544921875,0.0018303298857063,Solid line crossing
participant_13,8.0,day,Town10HD_Opt,Solid line crossing,0.0,0.336,2026-03-15 09:49:41.554183,-23.60560417175293,-64.6944351196289,0.0019189834129065,Solid line crossing
participant_13,8.0,day,Town10HD_Opt,Solid line crossing,42.595,-2.607,2026-03-15 09:49:52.252544,-40.82161712646485,-65.88247680664062,0.0019198608351871,Solid line crossing
participant_13,9.0,day,Town10HD_Opt,Collision,17.688,-0.085,2026-03-15 10:00:20.147036,-8.709510803222656,70.25811767578125,0.0018620680784806,Collision
participant_13,9.0,day,Town10HD_Opt,Solid line crossing,19.732,-11.245,2026-03-15 10:00:41.440661,41.14941787719727,63.212547302246094,0.0020631407387554,Solid line crossing
participant_13,9.0,day,Town10HD_Opt,Collision,14.314,2.005,2026-03-15 10:01:00.273103,68.69532775878906,24.96448516845703,0.0019275282975286,Collision
participant_13,9.0,day,Town10HD_Opt,Solid line crossing,23.841,-2.682,2026-03-15 10:01:10.794304,107.76569366455078,-7.043385028839111,0.0019830702804028,Solid line crossing
participant_13,9.0,day,Town10HD_Opt,Solid line crossing,44.465,-5.612,2026-03-15 10:01:17.460034,97.9542465209961,-51.16786956787109,0.0021488189231604,Solid line crossing
participant_13,9.0,day,Town10HD_Opt,Solid line crossing,41.616,0.519,2026-03-15 10:01:26.223748,48.536258697509766,-67.44560241699219,0.0019961928483098,Solid line crossing
participant_13,9.0,day,Town10HD_Opt,Red light violation,36.079,-0.971,2026-03-15 10:01:32.095814,6.876363277435303,-67.65180206298828,0.0018736267229542,Red light violation
participant_13,9.0,day,Town10HD_Opt,Solid line crossing,40.426,0.999,2026-03-15 10:01:34.326949,-8.178996086120605,-67.18917083740234,0.0022639846429228,Solid line crossing
participant_13,9.0,day,Town10HD_Opt,Solid line crossing,29.852,-1.876,2026-03-15 10:01:48.594910,-70.6455307006836,-68.26974487304688,0.0019928740803152,Solid line crossing
participant_14,1.0,day,Town10HD_Opt,Solid line crossing,14.939,-1.224,2026-03-15 10:01:48.687981,106.22333526611328,5.992432594299316,0.0017371368594467,Solid line crossing
participant_14,1.0,day,Town10HD_Opt,Solid line crossing,20.065,-1.163,2026-03-15 10:01:59.381411,108.9841079711914,-22.54519271850586,0.0019867706578224,Solid line crossing
participant_14,1.0,day,Town10HD_Opt,Harsh braking,13.648,-18.744,2026-03-15 10:02:13.826794,63.57710266113281,-69.46577453613281,0.0020195769611746,decel_mps2=8.1
participant_14,1.0,day,Town10HD_Opt,Harsh braking,26.328,1.542,2026-03-15 10:02:21.420134,39.84954833984375,-67.5276870727539,0.0019865417852997,decel_mps2=6.7
participant_14,1.0,day,Town10HD_Opt,Vehicle collision,18.202,-2.033,2026-03-15 10:02:22.905224,31.58442115783692,-67.24240112304688,0.0022367094643414,Vehicle collision
participant_14,1.0,day,Town10HD_Opt,Solid line crossing,15.776,4.376,2026-03-15 10:02:25.749052,23.446292877197266,-66.56427764892578,0.0018055343534797,Solid line crossing
participant_14,1.0,day,Town10HD_Opt,Collision,10.817,-0.425,2026-03-15 10:02:36.607353,-19.07581901550293,-68.04247283935547,0.0020207213237881,Collision
participant_14,1.0,day,Town10HD_Opt,Solid line crossing,0.002,-0.616,2026-03-15 10:02:46.464324,-22.01415061950684,-68.1447525024414,0.0019189071608707,Solid line crossing
participant_14,1.0,day,Town10HD_Opt,Stop sign violation,18.235,-0.399,2026-03-15 10:03:02.949851,-43.40719604492188,-69.04544830322266,0.0020848845597356,stop_sign_id=1200
participant_14,1.0,day,Town10HD_Opt,Solid line crossing,24.526,-4.778,2026-03-15 10:03:13.123604,-80.44673919677734,-67.47647094726562,0.0020104215946048,Solid line crossing
participant_14,1.0,day,Town10HD_Opt,Stop sign violation,18.376,-7.097,2026-03-15 10:03:27.668217,-111.78739166259766,-26.94463348388672,0.0020258331205695,stop_sign_id=1050
participant_13,9.0,day,Town10HD_Opt,Solid line crossing,36.68,-0.087,2026-03-15 10:03:37.602350,5.116709232330322,28.3017692565918,0.0018968962831422,Solid line crossing
participant_14,2.0,day,Town10HD_Opt,Solid line crossing,26.695,0.115,2026-03-15 10:15:23.988277,7.756940841674805,70.1150894165039,0.0020422362722456,Solid line crossing
participant_13,10.0,day,Town10HD_Opt,Vehicle-pedestrian collision,6.524,1.495,2026-03-15 10:15:43.246574,76.3021469116211,24.7279052734375,0.0016641997499391,Vehicle-pedestrian collision
participant_13,10.0,day,Town10HD_Opt,Solid line crossing,51.11,1.678,2026-03-15 10:15:50.660807,105.88453674316406,2.9211747646331787,0.0018937301356345,Solid line crossing
participant_13,10.0,day,Town10HD_Opt,Solid line crossing,20.705,3.191,2026-03-15 10:16:23.178364,-20.28246307373047,-65.48909759521484,0.0018144607311114,Solid line crossing
participant_14,2.0,day,Town10HD_Opt,Stop sign violation,44.465,9.854,2026-03-15 10:16:45.547552,-51.49570083618164,-66.2635726928711,0.0020669936202466,stop_sign_id=678
participant_14,2.0,day,Town10HD_Opt,Harsh braking,26.623,-5.049,2026-03-15 10:16:54.390124,-104.54077911376952,-47.79914093017578,0.0021468352060765,decel_mps2=5.7
participant_14,2.0,day,Town10HD_Opt,Red light violation,0.001,1.269,2026-03-15 10:17:15.789976,-110.50615692138672,-14.659107208251951,0.0019189834129065,Red light violation
participant_14,2.0,day,Town10HD_Opt,Harsh braking,7.624,0.31,2026-03-15 10:17:29.552802,-111.34732818603516,-6.004682540893555,0.0015784072456881,decel_mps2=5.5
participant_14,2.0,day,Town10HD_Opt,Stop sign violation,0.005,-1.022,2026-03-15 10:17:40.095361,-111.50493621826172,-3.886693239212036,0.0019191360333934,stop_sign_id=1120
participant_14,2.0,day,Town10HD_Opt,Solid line crossing,34.098,-5.697,2026-03-15 10:17:54.542819,-110.96034240722656,7.205135345458984,0.001861915574409,Solid line crossing
participant_14,2.0,day,Town10HD_Opt,Harsh braking,15.741,-4.004,2026-03-15 10:18:01.107683,-88.267333984375,27.85186195373535,0.0019088363042101,decel_mps2=5.7
participant_13,10.0,day,Town10HD_Opt,Solid line crossing,41.267,8.551,2026-03-15 10:18:18.970250,-30.99009895324707,131.67172241210938,0.0018884658347815,Solid line crossing
participant_14,2.0,day,Town10HD_Opt,Stop sign violation,0.069,0.747,2026-03-15 10:18:21.580838,-68.61019897460938,28.150251388549805,0.0019194030901417,stop_sign_id=1050
participant_14,2.0,day,Town10HD_Opt,Solid line crossing,27.694,0.461,2026-03-15 10:18:26.809574,-64.13239288330078,28.24348831176757,0.0016105270478874,Solid line crossing
participant_14,2.0,day,Town10HD_Opt,Stop sign violation,51.363,-0.096,2026-03-15 10:18:28.667705,-50.02034378051758,28.513044357299805,0.0017238998552784,stop_sign_id=833
participant_13,10.0,day,Town10HD_Opt,Solid line crossing,16.053,0.07,2026-03-15 10:18:35.683072,13.940631866455078,69.79859924316406,0.001995277358219,Solid line crossing
participant_13,10.0,day,Town10HD_Opt,Vehicle-pedestrian collision,0.007,-0.83,2026-03-15 10:19:04.610346,76.473876953125,24.889545440673828,0.0019187927246093,Vehicle-pedestrian collision
participant_14,2.0,day,Town10HD_Opt,Harsh braking,31.533,10.6,2026-03-15 10:19:18.048892,88.60369110107422,118.77503967285156,0.0019323348533362,decel_mps2=5.5
participant_14,2.0,day,Town10HD_Opt,Solid line crossing,35.382,-0.153,2026-03-15 10:19:27.445300,20.864315032958984,131.1601104736328,0.0023239136207848,Solid line crossing
participant_13,10.0,day,Town10HD_Opt,Solid line crossing,37.322,-0.026,2026-03-15 10:19:28.133131,29.429731369018555,-64.24748229980469,0.002326774643734,Solid line crossing
participant_14,2.0,day,Town10HD_Opt,Vehicle-pedestrian collision,0.006,0.973,2026-03-15 10:19:41.148484,-23.72940826416016,130.8881378173828,0.0019186401041224,Vehicle-pedestrian collision
participant_13,10.0,day,Town10HD_Opt,Stop sign violation,25.074,2.574,2026-03-15 10:19:56.335777,-63.88823699951172,-65.12604522705078,0.0017491531325504,stop_sign_id=1050
participant_14,2.0,day,Town10HD_Opt,Solid line crossing,27.314,0.021,2026-03-15 10:19:58.027743,-41.84452438354492,88.61650848388672,0.0020510100293904,Solid line crossing
participant_14,3.0,day,Town10HD_Opt,Red light violation,22.282,-2.038,2026-03-15 10:30:20.727793,-12.676045417785645,69.26998901367188,0.0019349670037627,Red light violation
participant_14,3.0,day,Town10HD_Opt,Solid line crossing,14.128,-6.341,2026-03-15 10:31:56.031114,109.13552856445312,-12.403708457946776,0.001840591430664,Solid line crossing
participant_14,3.0,day,Town10HD_Opt,Solid line crossing,28.836,-4.079,2026-03-15 10:32:08.220910,92.71549224853516,-57.87632751464844,0.0020075226202607,Solid line crossing
participant_14,3.0,day,Town10HD_Opt,Solid line crossing,23.958,-1.05,2026-03-15 10:32:21.677695,35.289100646972656,-67.41597747802734,0.0021671676076948,Solid line crossing
participant_14,3.0,day,Town10HD_Opt,Solid line crossing,10.817,-0.425,2026-03-15 10:32:36.611982,-19.07581901550293,-68.04247283935547,0.0020207213237881,Solid line crossing
participant_14,3.0,day,Town10HD_Opt,Solid line crossing,0.006,0.491,2026-03-15 10:32:42.361654,-22.01388168334961,-68.1447525024414,0.001918678288348,Solid line crossing
participant_14,3.0,day,Town10HD_Opt,Stop sign violation,0.135,-0.012,2026-03-15 10:32:47.261716,-22.013561248779297,-68.14470672607422,0.0019180679228156,stop_sign_id=1300
participant_14,3.0,day,Town10HD_Opt,Solid line crossing,11.905,1.194,2026-03-15 10:32:57.901087,-24.215553283691406,-68.21263885498047,0.0016495513264089,Solid line crossing
participant_14,3.0,day,Town10HD_Opt,Solid line crossing,17.17,0.992,2026-03-15 10:33:08.433125,-58.666629791259766,-68.91673278808594,0.0018292235909029,Solid line crossing
participant_14,3.0,day,Town10HD_Opt,Solid line crossing,18.19,-3.902,2026-03-15 10:33:19.995720,-102.63643646240234,-54.24097442626953,0.0020814894232898,Solid line crossing
participant_14,3.0,day,Town10HD_Opt,Solid line crossing,18.376,-7.097,2026-03-15 10:33:27.577361,-111.78739166259766,-26.94463348388672,0.0020258331205695,Solid line crossing
participant_14,4.0,day,Town10HD_Opt,Vehicle-pedestrian collision,11.62,0.634,2026-03-15 10:45:38.665971,16.982471466064453,70.28162384033203,0.002029571449384,Vehicle-pedestrian collision
participant_14,4.0,day,Town10HD_Opt,Vehicle-pedestrian collision,15.462,-3.167,2026-03-15 10:45:47.134277,27.2506103515625,70.07707214355469,0.0015069579239934,Vehicle-pedestrian collision
participant_14,4.0,day,Town10HD_Opt,Solid line crossing,17.989,-5.413,2026-03-15 10:45:53.771318,45.05099487304688,55.03973388671875,0.0020805357489734,Solid line crossing
participant_14,4.0,day,Town10HD_Opt,Stop sign violation,32.141,0.148,2026-03-15 10:46:04.232128,63.97932815551758,25.635272979736328,0.0021379089448601,stop_sign_id=1062
participant_14,4.0,day,Town10HD_Opt,Stop sign violation,21.553,-1.803,2026-03-15 10:46:15.195320,83.21834564208984,25.11406517028809,0.0017733382992446,stop_sign_id=1120
participant_14,4.0,day,Town10HD_Opt,Solid line crossing,47.078,-3.954,2026-03-15 10:46:29.920465,99.25943756103516,-47.36543655395508,0.0018616485176607,Solid line crossing
participant_14,4.0,day,Town10HD_Opt,Solid line crossing,47.313,-5.529,2026-03-15 10:46:33.031338,78.10285186767578,-64.17245483398438,0.0020468903239816,Solid line crossing
participant_14,4.0,day,Town10HD_Opt,Solid line crossing,44.564,0.183,2026-03-15 10:46:42.110473,19.027263641357425,-67.65921020507812,0.0022106170654296,Solid line crossing
participant_14,4.0,day,Town10HD_Opt,Solid line crossing,42.772,-0.261,2026-03-15 10:46:54.659891,-48.29200744628906,-68.11907958984375,0.0035724258050322,Solid line crossing
participant_14,4.0,day,Town10HD_Opt,Solid line crossing,34.613,-1.074,2026-03-15 10:47:06.914110,-110.26094818115234,-24.97054672241211,0.0016938018379732,Solid line crossing
participant_14,4.0,day,Town10HD_Opt,Solid line crossing,0.001,-8.518,2026-03-15 10:47:15.676259,-93.47486877441406,26.42148208618164,0.0020537949167191,Solid line crossing
participant_14,4.0,day,Town10HD_Opt,Solid line crossing,3.458,-1.041,2026-03-15 10:47:28.673314,-69.74537658691406,27.96068000793457,0.0019520949572324,Solid line crossing
participant_14,4.0,day,Town10HD_Opt,Solid line crossing,24.574,4.23,2026-03-15 10:48:07.503838,26.57514762878418,28.353628158569336,0.0018517302814871,Solid line crossing
participant_14,5.0,day,Town10HD_Opt,Solid line crossing,20.306,-19.56,2026-03-15 11:00:51.331911,42.98488235473633,63.82644271850586,0.0022753905504941,Solid line crossing
participant_14,5.0,day,Town10HD_Opt,Solid line crossing,33.759,9.777,2026-03-15 11:01:02.187606,52.36376190185547,27.9621810913086,0.002045287983492,Solid line crossing
participant_14,5.0,day,Town10HD_Opt,Solid line crossing,36.617,-12.762,2026-03-15 11:01:19.937835,104.32069396972656,15.468039512634276,0.0018888473277911,Solid line crossing
participant_14,5.0,day,Town10HD_Opt,Solid line crossing,47.313,-5.529,2026-03-15 11:01:33.035146,78.10285186767578,-64.17245483398438,0.0020468903239816,Solid line crossing
participant_14,5.0,day,Town10HD_Opt,Harsh braking,16.188,1.076,2026-03-15 11:01:46.276351,-1.531963348388672,-67.56654357910156,0.001950302044861,decel_mps2=6.1
participant_14,5.0,day,Town10HD_Opt,Solid line crossing,13.299,-0.228,2026-03-15 11:01:50.937455,-17.376935958862305,-67.70181274414062,0.0019846344366669,Solid line crossing
participant_14,5.0,day,Town10HD_Opt,Solid line crossing,23.734,0.449,2026-03-15 11:01:57.723158,-65.43670654296875,-67.92912292480469,0.00191425322555,Solid line crossing
participant_14,5.0,day,Town10HD_Opt,Solid line crossing,9.864,-2.076,2026-03-15 11:02:21.527588,-78.22015380859375,27.543397903442383,0.0020135117229074,Solid line crossing
participant_14,5.0,day,Town10HD_Opt,Solid line crossing,1.201,-1.097,2026-03-15 11:02:33.108507,-68.23231506347656,27.98380851745605,0.0019304656889289,Solid line crossing
participant_14,5.0,day,Town10HD_Opt,Solid line crossing,24.574,4.23,2026-03-15 11:03:07.604402,26.57514762878418,28.353628158569336,0.0018517302814871,Solid line crossing
participant_14,5.0,day,Town10HD_Opt,Red light violation,0.007,1.102,2026-03-15 11:03:19.887853,40.4444465637207,52.16398620605469,0.0019189071608707,Red light violation
participant_14,6.0,day,Town10HD_Opt,Stop sign violation,0.0,0.524,2026-03-15 11:15:17.641170,-41.668582916259766,89.7454833984375,0.0019181441748514,stop_sign_id=1300
participant_14,6.0,day,Town10HD_Opt,Harsh braking,17.854,0.966,2026-03-15 11:15:30.093253,-18.259639739990234,69.73931121826172,0.0016290282364934,decel_mps2=5.7
participant_14,6.0,day,Town10HD_Opt,Stop sign violation,0.01,-0.263,2026-03-15 11:15:42.905156,24.02345466613769,70.28388214111328,0.0019189452286809,stop_sign_id=1062
participant_14,6.0,day,Town10HD_Opt,Harsh braking,21.087,-12.655,2026-03-15 11:15:50.999875,44.73417282104492,56.48880386352539,0.0019940566271543,decel_mps2=5.7
participant_14,6.0,day,Town10HD_Opt,Solid line crossing,26.968,7.767,2026-03-15 11:16:04.219876,69.70418548583984,25.173274993896484,0.0020872496534138,Solid line crossing
participant_14,6.0,day,Town10HD_Opt,Solid line crossing,34.49,-15.041,2026-03-15 11:16:18.207577,96.6039047241211,24.82169914245605,0.0019589613657444,Solid line crossing
participant_14,6.0,day,Town10HD_Opt,Harsh braking,28.92,-5.101,2026-03-15 11:16:34.057737,89.24112701416016,-61.4600830078125,0.0021990966051816,decel_mps2=5.5
participant_14,6.0,day,Town10HD_Opt,Harsh braking,17.428,-15.504,2026-03-15 11:16:39.541051,71.0845718383789,-69.98857116699219,0.0017855452606454,decel_mps2=7.9
participant_14,6.0,day,Town10HD_Opt,Solid line crossing,23.288,0.308,2026-03-15 11:16:46.349937,24.2950382232666,-67.79913330078125,0.0022048950195312,Solid line crossing
participant_14,6.0,day,Town10HD_Opt,Vehicle collision,47.929,0.409,2026-03-15 11:16:55.707157,-41.07327651977539,-68.67768859863281,0.0021038816776126,Vehicle collision
participant_14,6.0,day,Town10HD_Opt,Solid line crossing,32.922,-5.092,2026-03-15 11:17:03.759293,-101.94822692871094,-54.397499084472656,0.0022719192784279,Solid line crossing
participant_14,6.0,day,Town10HD_Opt,Solid line crossing,14.531,-0.322,2026-03-15 11:17:31.827985,-110.66466522216795,-4.713459968566895,0.0014022063696756,Solid line crossing
participant_14,6.0,day,Town10HD_Opt,Solid line crossing,0.0,0.021,2026-03-15 11:18:41.772082,87.80728149414062,70.43538665771484,0.0019191741012036,Solid line crossing
participant_14,6.0,day,Town10HD_Opt,Stop sign violation,31.802,1.166,2026-03-15 11:19:36.285282,-20.629507064819336,69.97512817382812,0.0018730926094576,stop_sign_id=833
participant_14,7.0,day,Town10HD_Opt,Stop sign violation,0.007,0.162,2026-03-15 11:30:33.913586,25.72471046447754,69.85356903076172,0.0019887161906808,stop_sign_id=678
participant_14,7.0,day,Town10HD_Opt,Solid line crossing,39.312,-6.201,2026-03-15 11:32:22.971672,-99.6772232055664,-54.06907653808594,0.0020762251224368,Solid line crossing
participant_14,7.0,day,Town10HD_Opt,Solid line crossing,0.242,0.04,2026-03-15 11:32:45.815547,-110.10035705566406,-5.426865100860596,0.0019213485065847,Solid line crossing
participant_14,7.0,day,Town10HD_Opt,Harsh braking,29.531,-10.728,2026-03-15 11:32:54.049512,-108.42627716064452,14.43401336669922,0.002273597754538,decel_mps2=4.9
participant_14,7.0,day,Town10HD_Opt,Solid line crossing,0.031,0.747,2026-03-15 11:33:14.044502,-69.16978454589844,28.22397422790528,0.0019192122854292,Solid line crossing
participant_14,7.0,day,Town10HD_Opt,Vehicle-pedestrian collision,41.739,-0.089,2026-03-15 11:33:22.245354,-57.86604690551758,28.38434219360352,0.0016612242907285,Vehicle-pedestrian collision
participant_14,7.0,day,Town10HD_Opt,Solid line crossing,16.419,3.059,2026-03-15 11:33:34.509603,28.64967536926269,28.368783950805664,0.0019613646436482,Solid line crossing
participant_14,7.0,day,Town10HD_Opt,Vehicle collision,10.265,1.025,2026-03-15 11:33:41.287520,40.3974723815918,46.96199417114258,0.0020172500517219,Vehicle collision
participant_14,7.0,day,Town10HD_Opt,Solid line crossing,19.908,0.317,2026-03-15 11:33:56.889920,70.54042053222656,69.93769073486328,0.0022112273145467,Solid line crossing
participant_14,7.0,day,Town10HD_Opt,Solid line crossing,1.806,0.508,2026-03-15 11:34:05.193867,83.78541564941406,69.7795181274414,0.0019366454798728,Solid line crossing
participant_14,7.0,day,Town10HD_Opt,Stop sign violation,18.266,0.82,2026-03-15 11:34:15.589395,100.5910415649414,86.88209533691406,0.0021018600091338,stop_sign_id=1200
participant_14,7.0,day,Town10HD_Opt,Solid line crossing,15.893,2.845,2026-03-15 11:34:17.298776,100.3291015625,93.78498840332033,0.0019307708134874,Solid line crossing
participant_14,7.0,day,Town10HD_Opt,Harsh braking,49.23,5.713,2026-03-15 11:34:25.143029,67.97248077392578,131.30140686035156,0.0020767974201589,decel_mps2=5.5
participant_14,7.0,day,Town10HD_Opt,Solid line crossing,31.838,2.017,2026-03-15 11:34:38.935441,-25.93487930297852,130.04591369628906,0.0022366715129464,Solid line crossing
participant_14,7.0,day,Town10HD_Opt,Vehicle-pedestrian collision,13.552,-0.418,2026-03-15 11:34:49.151197,-43.39661407470703,106.14212036132812,0.0020419310312718,Vehicle-pedestrian collision
participant_14,8.0,day,Town10HD_Opt,Solid line crossing,0.0,0.524,2026-03-15 11:45:17.268880,-41.668582916259766,89.7454833984375,0.0019181441748514,Solid line crossing
participant_14,8.0,day,Town10HD_Opt,Solid line crossing,0.01,-0.263,2026-03-15 11:45:43.066227,24.02345466613769,70.28388214111328,0.0019189452286809,Solid line crossing
participant_14,8.0,day,Town10HD_Opt,Solid line crossing,19.531,-8.909,2026-03-15 11:45:52.006213,44.73408889770508,52.793983459472656,0.0021528243087232,Solid line crossing
participant_14,8.0,day,Town10HD_Opt,Solid line crossing,0.001,-0.092,2026-03-15 11:46:12.242268,80.92623138427734,25.33636474609375,0.0019189071608707,Solid line crossing
participant_14,8.0,day,Town10HD_Opt,Stop sign violation,34.49,-15.041,2026-03-15 11:46:18.375185,96.6039047241211,24.82169914245605,0.0019589613657444,stop_sign_id=1120
participant_14,8.0,day,Town10HD_Opt,Solid line crossing,29.919,-8.041,2026-03-15 11:46:29.817145,107.33097076416016,-36.99330139160156,0.0018616103334352,Solid line crossing
participant_14,8.0,day,Town10HD_Opt,Stop sign violation,15.958,-0.428,2026-03-15 11:46:47.833637,16.370437622070312,-67.78199768066406,0.0019876097794622,stop_sign_id=1300
participant_14,8.0,day,Town10HD_Opt,Solid line crossing,30.065,-6.412,2026-03-15 11:47:09.431257,-112.79183959960938,-25.071191787719727,0.0020439529325813,Solid line crossing
participant_14,8.0,day,Town10HD_Opt,Red light violation,0.006,-0.599,2026-03-15 11:47:18.063162,-110.66973114013672,-5.87391996383667,0.0019187545403838,Red light violation
participant_14,8.0,day,Town10HD_Opt,Harsh braking,0.006,-0.181,2026-03-15 11:47:28.859921,-110.66973114013672,-5.872905731201172,0.0019189834129065,decel_mps2=6.7
participant_14,8.0,day,Town10HD_Opt,Solid line crossing,0.154,-0.385,2026-03-15 11:47:31.313204,-110.66973114013672,-5.873424053192139,0.0019171142484992,Solid line crossing
participant_14,8.0,day,Town10HD_Opt,Solid line crossing,24.883,4.697,2026-03-15 11:48:22.923299,84.64380645751953,70.00746154785156,0.0024065398611128,Solid line crossing
participant_14,8.0,day,Town10HD_Opt,Solid line crossing,0.0,-0.298,2026-03-15 11:48:29.709012,87.80728149414062,70.43538665771484,0.0019190978491678,Solid line crossing
participant_14,8.0,day,Town10HD_Opt,Solid line crossing,0.0,0.042,2026-03-15 11:48:38.119909,87.80728149414062,70.43538665771484,0.0019191360333934,Solid line crossing
participant_14,8.0,day,Town10HD_Opt,Solid line crossing,23.262,10.684,2026-03-15 11:49:34.525560,-31.31104850769043,70.83037567138672,0.0021170806139707,Solid line crossing
participant_14,8.0,day,Town10HD_Opt,Solid line crossing,0.0,-0.942,2026-03-15 11:49:47.931483,24.25581741333008,70.2219009399414,0.0019944382365792,Solid line crossing
participant_14,9.0,day,Town10HD_Opt,Harsh braking,6.681,0.092,2026-03-15 12:00:19.682860,-10.619271278381348,69.27540588378906,0.002059974707663,decel_mps2=5.2
participant_14,9.0,day,Town10HD_Opt,Solid line crossing,1.567,-1.544,2026-03-15 12:00:36.440433,19.06800079345703,70.10444641113281,0.0018416595412418,Solid line crossing
participant_14,9.0,day,Town10HD_Opt,Solid line crossing,0.007,-0.58,2026-03-15 12:00:43.724145,23.44711303710937,70.06795501708984,0.0019187927246093,Solid line crossing
participant_14,9.0,day,Town10HD_Opt,Solid line crossing,12.603,-15.548,2026-03-15 12:00:56.504037,44.105106353759766,58.79130172729492,0.0019006729125976,Solid line crossing
participant_14,9.0,day,Town10HD_Opt,Solid line crossing,26.621,-4.582,2026-03-15 12:01:49.606100,93.9873504638672,-57.11785507202149,0.0022932814899832,Solid line crossing
participant_14,9.0,day,Town10HD_Opt,Solid line crossing,19.696,0.11,2026-03-15 12:02:08.832792,25.84195899963379,-67.85319519042969,0.0020757673773914,Solid line crossing
participant_14,9.0,day,Town10HD_Opt,Vehicle collision,24.249,1.775,2026-03-15 12:02:43.868374,-36.91492462158203,-68.42093658447266,0.0018992613768205,Vehicle collision
participant_14,9.0,day,Town10HD_Opt,Stop sign violation,21.836,-0.172,2026-03-15 12:02:56.087811,-66.14309692382812,-69.03555297851562,0.0018779372330754,stop_sign_id=754
participant_14,9.0,day,Town10HD_Opt,Stop sign violation,0.0,0.486,2026-03-15 12:03:29.992335,-110.47982025146484,-6.129508972167969,0.0019189834129065,stop_sign_id=754
participant_14,9.0,day,Town10HD_Opt,Stop sign violation,0.001,0.752,2026-03-15 12:03:37.146396,-110.47982025146484,-6.128884315490723,0.0019187163561582,stop_sign_id=678
participant_14,9.0,day,Town10HD_Opt,Stop sign violation,33.643,0.043,2026-03-15 12:04:40.300742,-39.25294494628906,24.57321548461914,0.0020424651447683,stop_sign_id=1120
participant_14,10.0,day,Town10HD_Opt,Stop sign violation,8.769,0.132,2026-03-15 12:15:42.054143,43.974754333496094,42.96844482421875,0.0019739530980587,stop_sign_id=1062
participant_14,10.0,day,Town10HD_Opt,Solid line crossing,13.59,1.229,2026-03-15 12:15:50.079786,56.190277099609375,26.704349517822266,0.0018805313156917,Solid line crossing
participant_14,10.0,day,Town10HD_Opt,Solid line crossing,1.472,1.043,2026-03-15 12:15:58.053816,65.51728820800781,25.252309799194336,0.0019331740913912,Solid line crossing
participant_14,10.0,day,Town10HD_Opt,Harsh braking,44.015,0.209,2026-03-15 12:16:07.320076,84.96189880371094,29.00870132446289,0.0016236496157944,decel_mps2=5.5
participant_14,10.0,day,Town10HD_Opt,Solid line crossing,35.723,-4.848,2026-03-15 12:16:20.598975,95.88162994384766,-50.72178649902344,0.0021395874209702,Solid line crossing
participant_14,10.0,day,Town10HD_Opt,Stop sign violation,34.441,-1.241,2026-03-15 12:16:28.299949,33.50941467285156,-65.71675109863281,0.0023525999858975,stop_sign_id=1050
participant_14,10.0,day,Town10HD_Opt,Solid line crossing,5.1,-1.509,2026-03-15 12:16:42.850962,-14.792302131652832,-66.69173431396484,0.0019679642282426,Solid line crossing
participant_14,10.0,day,Town10HD_Opt,Solid line crossing,19.732,-5.775,2026-03-15 12:16:53.416300,-89.24983978271484,-59.91505813598633,0.0022573471069335,Solid line crossing
participant_14,10.0,day,Town10HD_Opt,Solid line crossing,21.674,-1.798,2026-03-15 12:17:01.999936,-110.49886322021484,-20.80004119873047,0.0022460555192083,Solid line crossing
participant_14,10.0,day,Town10HD_Opt,Solid line crossing,23.94,-7.941,2026-03-15 12:17:29.031787,-105.02792358398438,20.52155876159668,0.0022254562936723,Solid line crossing
participant_14,10.0,day,Town10HD_Opt,Solid line crossing,0.286,0.094,2026-03-15 12:17:41.950550,-70.8147964477539,27.89716911315918,0.0019438933813944,Solid line crossing
participant_14,10.0,day,Town10HD_Opt,Solid line crossing,24.615,0.162,2026-03-15 12:17:54.408080,-16.840593338012695,28.68145179748535,0.0022826003842055,Solid line crossing
participant_14,10.0,day,Town10HD_Opt,Solid line crossing,18.777,11.532,2026-03-15 12:18:07.414091,34.14364242553711,30.360370635986328,0.0020325470250099,Solid line crossing
participant_14,10.0,day,Town10HD_Opt,Stop sign violation,0.0,-0.982,2026-03-15 12:18:17.402857,40.69023895263672,54.17325210571289,0.0021186065860092,stop_sign_id=1120
participant_14,10.0,day,Town10HD_Opt,Harsh braking,22.007,-0.284,2026-03-15 12:18:29.354941,64.1991958618164,70.069091796875,0.0020744705107063,decel_mps2=5.5
participant_14,10.0,day,Town10HD_Opt,Stop sign violation,27.788,-0.27,2026-03-15 12:18:55.180963,31.57605361938477,130.76649475097656,0.0021319580264389,stop_sign_id=1120
participant_15,1.0,day,Town10HD_Opt,Solid line crossing,28.673,6.808,2026-03-15 13:00:23.076632,-19.874675750732425,70.0407485961914,0.0019830702804028,Solid line crossing
participant_15,1.0,day,Town10HD_Opt,Solid line crossing,23.811,-0.451,2026-03-15 13:01:41.152245,53.16204452514648,-66.7669448852539,0.0021185684017837,Solid line crossing
participant_15,1.0,day,Town10HD_Opt,Solid line crossing,7.96,-4.188,2026-03-15 13:02:21.470371,-110.98905181884766,-5.501307487487793,0.00208484637551,Solid line crossing
participant_15,1.0,day,Town10HD_Opt,Harsh braking,22.024,-6.798,2026-03-15 13:02:52.567930,-90.64339447021484,25.45585060119629,0.0022669599857181,decel_mps2=5.5
participant_15,1.0,day,Town10HD_Opt,Solid line crossing,25.585,15.218,2026-03-15 13:03:18.352964,33.85734176635742,30.58317375183105,0.0020644378382712,Solid line crossing
participant_15,1.0,day,Town10HD_Opt,Harsh braking,31.429,-12.544,2026-03-15 13:03:29.231551,41.289154052734375,59.67624282836914,0.0018824767321348,decel_mps2=7.9
participant_15,1.0,day,Town10HD_Opt,Solid line crossing,24.712,-7.197,2026-03-15 13:03:32.241409,52.36837387084961,69.211669921875,0.0021533584222197,Solid line crossing
participant_15,1.0,day,Town10HD_Opt,Stop sign violation,9.365,1.438,2026-03-15 13:03:41.216377,79.21379089355469,70.20966339111328,0.0019519424531608,stop_sign_id=900
participant_15,1.0,day,Town10HD_Opt,Solid line crossing,43.246,4.266,2026-03-15 13:03:52.851969,99.49376678466795,98.99720764160156,0.0019466399680823,Solid line crossing
participant_15,1.0,day,Town10HD_Opt,Solid line crossing,33.668,1.937,2026-03-15 13:04:01.547035,65.9972152709961,130.9831085205078,0.0018669128185138,Solid line crossing
participant_15,2.0,day,Town10HD_Opt,Harsh braking,41.737,0.021,2026-03-15 13:16:07.049145,12.283106803894045,-65.88131713867188,0.0021242904476821,decel_mps2=5.5
participant_15,2.0,day,Town10HD_Opt,Vehicle collision,23.811,-12.168,2026-03-15 13:16:41.536193,-108.14083862304688,15.210887908935549,0.0023035048507153,Vehicle collision
participant_15,2.0,day,Town10HD_Opt,Vehicle collision,0.092,-0.188,2026-03-15 13:17:17.174574,-67.38878631591797,25.49800491333008,0.0019306563772261,Vehicle collision
participant_15,2.0,day,Town10HD_Opt,Vehicle collision,11.415,-0.188,2026-03-15 13:17:18.616374,-66.76155090332031,25.48530960083008,0.0014542388962581,Vehicle collision
participant_15,2.0,day,Town10HD_Opt,Solid line crossing,33.841,3.627,2026-03-15 13:17:29.112387,-0.4373184740543365,26.536909103393555,0.0020047759171575,Solid line crossing
participant_15,2.0,day,Town10HD_Opt,Solid line crossing,11.002,8.988,2026-03-15 13:17:36.572322,30.2912540435791,27.694305419921875,0.0018669128185138,Solid line crossing
participant_15,2.0,day,Town10HD_Opt,Vehicle collision,25.563,15.267,2026-03-15 13:17:39.649050,38.71648025512695,33.06793594360352,0.0017927932785823,Vehicle collision
participant_15,2.0,day,Town10HD_Opt,Solid line crossing,44.551,-1.095,2026-03-15 13:18:05.047112,76.80180358886719,125.58712768554688,0.0020458220969885,Solid line crossing
participant_15,2.0,day,Town10HD_Opt,Solid line crossing,22.076,-0.985,2026-03-15 13:18:17.236617,-17.437467575073242,132.1303253173828,0.0018848800100386,Solid line crossing
participant_15,2.0,day,Town10HD_Opt,Solid line crossing,45.252,11.779,2026-03-15 13:18:30.018118,-28.75040435791016,69.30571746826172,0.0020350646227598,Solid line crossing
participant_15,2.0,day,Town10HD_Opt,Solid line crossing,22.13,-0.388,2026-03-15 13:18:36.792520,18.21429252624512,69.84781646728516,0.0018780136015266,Solid line crossing
participant_15,2.0,day,Town10HD_Opt,Stop sign violation,0.012,-1.234,2026-03-15 13:18:51.886545,62.9962158203125,23.971736907958984,0.0358545668423175,stop_sign_id=1050
participant_15,2.0,day,Town10HD_Opt,Solid line crossing,0.007,-0.83,2026-03-15 13:19:05.135571,76.473876953125,24.889545440673828,0.0019187927246093,Solid line crossing
participant_15,2.0,day,Town10HD_Opt,Vehicle collision,17.962,-0.125,2026-03-15 13:19:10.639893,78.170654296875,24.846046447753903,0.00140968314372,Vehicle collision
participant_15,2.0,day,Town10HD_Opt,Solid line crossing,49.882,0.059,2026-03-15 13:19:31.709072,-3.947155714035034,-64.3722915649414,0.0019977570045739,Solid line crossing
participant_15,2.0,day,Town10HD_Opt,Solid line crossing,0.0,0.336,2026-03-15 13:19:39.830233,-23.60560417175293,-64.6944351196289,0.0019189834129065,Solid line crossing
participant_15,3.0,day,Town10HD_Opt,Harsh braking,22.26,-9.09,2026-03-15 13:30:28.025110,34.153541564941406,68.77106475830078,0.0020206831395626,decel_mps2=7.9
participant_15,3.0,day,Town10HD_Opt,Harsh braking,7.143,0.982,2026-03-15 13:30:53.555102,73.03132629394531,28.71695899963379,0.0021945952903479,decel_mps2=7.9
participant_15,3.0,day,Town10HD_Opt,Solid line crossing,2.165,0.031,2026-03-15 13:30:56.314565,68.51573944091797,28.22364044189453,0.0018070983933284,Solid line crossing
participant_15,3.0,day,Town10HD_Opt,Stop sign violation,0.002,-1.081,2026-03-15 13:31:04.817571,68.19690704345703,28.18901824951172,0.0019189834129065,stop_sign_id=1300
participant_15,3.0,day,Town10HD_Opt,Solid line crossing,32.799,-3.328,2026-03-15 13:31:17.742819,86.9791488647461,27.79753303527832,0.003997306805104,Solid line crossing
participant_15,3.0,day,Town10HD_Opt,Collision,38.762,-5.484,2026-03-15 13:31:33.945326,92.97386169433594,-54.46084213256836,0.0020593260414898,Collision
participant_15,3.0,day,Town10HD_Opt,Solid line crossing,33.669,-1.598,2026-03-15 13:31:39.317035,54.79667282104492,-66.1749267578125,0.0020696639548987,Solid line crossing
participant_15,3.0,day,Town10HD_Opt,Stop sign violation,36.671,-0.223,2026-03-15 13:31:56.253518,-19.795387268066406,-67.8110122680664,0.0016354750841856,stop_sign_id=833
participant_15,3.0,day,Town10HD_Opt,Solid line crossing,18.022,-4.959,2026-03-15 13:32:15.017135,-111.10853576660156,-22.098886489868164,0.0018770217429846,Solid line crossing
participant_15,3.0,day,Town10HD_Opt,Stop sign violation,41.379,-8.174,2026-03-15 13:32:39.538420,-110.0811004638672,7.880640029907227,0.0037221908569335,stop_sign_id=1062
participant_15,3.0,day,Town10HD_Opt,Stop sign violation,9.841,-4.636,2026-03-15 13:33:21.817955,40.4741096496582,50.054012298583984,0.0020556258969008,stop_sign_id=1300
participant_15,3.0,day,Town10HD_Opt,Solid line crossing,34.157,-6.497,2026-03-15 13:33:32.439576,55.92728042602539,70.52137756347656,0.0019931029528379,Solid line crossing
participant_15,3.0,day,Town10HD_Opt,Solid line crossing,9.618,0.11,2026-03-15 13:33:38.812774,78.11004638671875,69.89039611816406,0.002009506104514,Solid line crossing
participant_15,4.0,day,Town10HD_Opt,Solid line crossing,14.357,3.177,2026-03-15 13:45:18.546325,-20.998676300048828,69.64712524414062,0.0020437240600585,Solid line crossing
participant_15,4.0,day,Town10HD_Opt,Solid line crossing,21.81,0.531,2026-03-15 13:45:30.865770,1.971995830535889,70.14614868164062,0.0018966674106195,Solid line crossing
participant_15,4.0,day,Town10HD_Opt,Solid line crossing,17.387,-5.186,2026-03-15 13:45:47.167781,28.909948348999023,69.77143096923828,0.001837768475525,Solid line crossing
participant_15,4.0,day,Town10HD_Opt,Solid line crossing,8.753,-10.182,2026-03-15 13:45:51.040470,34.65772247314453,68.40715026855469,0.0020072173792868,Solid line crossing
participant_15,4.0,day,Town10HD_Opt,Vehicle-pedestrian collision,0.001,-0.026,2026-03-15 13:46:13.047069,44.37603378295898,50.00783157348633,0.0021344374399632,Vehicle-pedestrian collision
participant_15,4.0,day,Town10HD_Opt,Stop sign violation,0.0,0.0,2026-03-15 13:46:17.027586,44.37602996826172,50.00769805908203,0.0020349882543087,stop_sign_id=900
participant_15,4.0,day,Town10HD_Opt,Harsh braking,0.0,0.0,2026-03-15 13:46:34.812120,44.37602996826172,50.00769805908203,0.0020349882543087,decel_mps2=6.4
participant_15,4.0,day,Town10HD_Opt,Solid line crossing,0.0,0.0,2026-03-15 13:47:04.930418,44.37602996826172,50.00769805908203,0.0020349882543087,Solid line crossing
participant_15,4.0,day,Town10HD_Opt,Collision,0.0,0.0,2026-03-15 13:47:16.438010,44.37602996826172,50.00769805908203,0.0020349882543087,Collision
participant_15,4.0,day,Town10HD_Opt,Red light violation,0.0,0.0,2026-03-15 13:47:30.053200,44.37602996826172,50.00769805908203,0.0020349882543087,Red light violation
participant_15,5.0,day,Town10HD_Opt,Solid line crossing,5.561,-0.383,2026-03-15 14:01:40.362815,-19.96111488342285,-67.6905288696289,0.0016721724532544,Solid line crossing
participant_15,5.0,day,Town10HD_Opt,Harsh braking,43.178,-1.027,2026-03-15 14:01:43.868356,-41.18332290649414,-66.6043472290039,0.0019166183192282,decel_mps2=7.9
participant_15,5.0,day,Town10HD_Opt,Red light violation,28.445,-3.728,2026-03-15 14:01:55.347710,-106.55941772460938,-43.64514923095703,0.0018975448329001,Red light violation
participant_15,5.0,day,Town10HD_Opt,Vehicle collision,0.005,0.096,2026-03-15 14:02:38.458107,-111.50493621826172,-3.886953115463257,0.001919021597132,Vehicle collision
participant_15,5.0,day,Town10HD_Opt,Solid line crossing,0.001,0.371,2026-03-15 14:02:49.186399,-111.50493621826172,-3.885937452316284,0.001919021597132,Solid line crossing
participant_15,5.0,day,Town10HD_Opt,Stop sign violation,22.533,-3.012,2026-03-15 14:02:58.754648,-94.29912567138672,25.98465347290039,0.0022401427850127,stop_sign_id=946
participant_15,5.0,day,Town10HD_Opt,Solid line crossing,12.682,-0.477,2026-03-15 14:03:05.622002,-74.06063079833984,28.18745231628418,0.0020119475666433,Solid line crossing
participant_15,5.0,day,Town10HD_Opt,Red light violation,0.036,1.288,2026-03-15 14:03:23.681325,-68.58784484863281,28.150375366210938,0.001919288537465,Red light violation
participant_15,5.0,day,Town10HD_Opt,Solid line crossing,49.5,-0.63,2026-03-15 14:03:29.917603,-41.2918701171875,28.57819557189941,0.0020241546444594,Solid line crossing
participant_15,5.0,day,Town10HD_Opt,Solid line crossing,0.007,0.061,2026-03-15 14:04:44.262418,-23.72952079772949,130.8881378173828,0.0019188689766451,Solid line crossing
participant_15,6.0,day,Town10HD_Opt,Stop sign violation,13.706,0.247,2026-03-15 14:15:20.249568,20.04007911682129,69.78556060791016,0.0020679091103374,stop_sign_id=1120
participant_15,6.0,day,Town10HD_Opt,Solid line crossing,9.658,3.297,2026-03-15 14:15:53.795801,75.81441497802734,25.33863067626953,0.0020032881293445,Solid line crossing
participant_15,6.0,day,Town10HD_Opt,Solid line crossing,0.005,1.288,2026-03-15 14:16:05.422868,81.41046905517578,25.181486129760746,0.0019193649059161,Solid line crossing
participant_15,6.0,day,Town10HD_Opt,Solid line crossing,45.926,-11.832,2026-03-15 14:16:30.378032,105.17230224609376,-39.11918258666992,0.0021261596120893,Solid line crossing
participant_15,6.0,day,Town10HD_Opt,Solid line crossing,5.227,-1.629,2026-03-15 14:16:41.361567,45.17190170288086,-69.60691833496094,0.0021800613030791,Solid line crossing
participant_15,6.0,day,Town10HD_Opt,Red light violation,32.025,4.645,2026-03-15 14:16:51.502818,29.83730697631836,-66.38826751708984,0.0020035170018672,Red light violation
participant_15,6.0,day,Town10HD_Opt,Red light violation,3.428,-0.106,2026-03-15 14:17:22.299315,-110.13492584228516,-7.441114902496338,0.0019520949572324,Red light violation
participant_15,6.0,day,Town10HD_Opt,Solid line crossing,0.35,-0.663,2026-03-15 14:17:30.189174,-110.17681121826172,-5.462357044219971,0.0019225692376494,Solid line crossing
participant_15,7.0,day,Town10HD_Opt,Solid line crossing,0.0,0.834,2026-03-15 14:30:13.745441,-41.668582916259766,89.7454833984375,0.0019181441748514,Solid line crossing
participant_15,7.0,day,Town10HD_Opt,Solid line crossing,13.457,-0.31,2026-03-15 14:30:38.706115,20.975772857666016,70.31304168701172,0.0020892715547233,Solid line crossing
participant_15,7.0,day,Town10HD_Opt,Stop sign violation,21.133,-13.08,2026-03-15 14:30:48.105597,39.75767135620117,66.1769027709961,0.0022667692974209,stop_sign_id=754
participant_15,7.0,day,Town10HD_Opt,Solid line crossing,29.816,-13.626,2026-03-15 14:31:01.669683,58.27984237670898,28.442522048950195,0.0016860198229551,Solid line crossing
participant_15,7.0,day,Town10HD_Opt,Stop sign violation,26.968,7.767,2026-03-15 14:31:03.718363,69.70418548583984,25.173274993896484,0.0020872496534138,stop_sign_id=1050
participant_15,7.0,day,Town10HD_Opt,Solid line crossing,0.0,0.381,2026-03-15 14:31:12.843819,80.92620086669922,25.33636474609375,0.0019190596649423,Solid line crossing
participant_15,7.0,day,Town10HD_Opt,Solid line crossing,24.408,0.329,2026-03-15 14:31:27.205950,106.96598052978516,-22.78570556640625,0.0022528457920998,Solid line crossing
participant_15,7.0,day,Town10HD_Opt,Solid line crossing,15.922,-0.014,2026-03-15 14:31:37.484185,76.54896545410156,-67.86388397216797,0.0019928358960896,Solid line crossing
participant_15,7.0,day,Town10HD_Opt,Solid line crossing,30.795,0.902,2026-03-15 14:31:51.673044,1.4856330156326294,-67.65283203125,0.0019718932453542,Solid line crossing
participant_15,7.0,day,Town10HD_Opt,Solid line crossing,29.851,-3.422,2026-03-15 14:32:04.674023,-105.85655212402344,-48.470550537109375,0.0020540617406368,Solid line crossing
participant_15,7.0,day,Town10HD_Opt,Solid line crossing,0.006,-0.181,2026-03-15 14:32:28.626216,-110.66973114013672,-5.872905731201172,0.0019189834129065,Solid line crossing
participant_15,7.0,day,Town10HD_Opt,Stop sign violation,0.0,0.226,2026-03-15 14:33:37.290553,87.80728149414062,70.43538665771484,0.0019191741012036,stop_sign_id=1050
participant_15,7.0,day,Town10HD_Opt,Solid line crossing,0.69,-5.593,2026-03-15 14:33:47.724748,87.80961608886719,70.43556213378906,0.0019055937882512,Solid line crossing
participant_15,7.0,day,Town10HD_Opt,Solid line crossing,33.387,-1.199,2026-03-15 14:34:31.467981,-42.22171401977539,81.26839447021484,0.0019488143734633,Solid line crossing
participant_15,7.0,day,Town10HD_Opt,Solid line crossing,8.618,-0.707,2026-03-15 14:34:49.020427,24.65606689453125,70.21160125732422,0.0015417098766192,Solid line crossing
participant_15,8.0,day,Town10HD_Opt,Solid line crossing,20.744,-32.003,2026-03-15 14:45:30.627239,43.67109298706055,67.19667053222656,0.0023611069191247,Solid line crossing
participant_15,8.0,day,Town10HD_Opt,Stop sign violation,13.342,16.833,2026-03-15 14:45:42.600639,48.97496795654297,30.3725528717041,0.001988410949707,stop_sign_id=754
participant_15,8.0,day,Town10HD_Opt,Vehicle-pedestrian collision,0.001,1.342,2026-03-15 14:46:04.211024,81.41041564941406,25.181486129760746,0.001919021597132,Vehicle-pedestrian collision
participant_15,8.0,day,Town10HD_Opt,Solid line crossing,3.648,1.697,2026-03-15 14:46:12.650431,81.79983520507812,25.18122291564941,0.0018238448537886,Solid line crossing
participant_15,8.0,day,Town10HD_Opt,Solid line crossing,46.168,-0.498,2026-03-15 14:46:28.168391,107.18831634521484,-19.97981071472168,0.0019719314295798,Solid line crossing
participant_15,8.0,day,Town10HD_Opt,Solid line crossing,40.902,-5.033,2026-03-15 14:46:33.581954,87.30950164794922,-60.37554168701172,0.0019968033302575,Solid line crossing
participant_15,8.0,day,Town10HD_Opt,Solid line crossing,2.381,-0.327,2026-03-15 14:46:45.698124,54.70598983764648,-68.09227752685547,0.0015802764100953,Solid line crossing
participant_15,8.0,day,Town10HD_Opt,Solid line crossing,30.28,-0.115,2026-03-15 14:46:52.808989,22.41854476928711,-66.39346313476562,0.0021145630162209,Solid line crossing
participant_15,8.0,day,Town10HD_Opt,Vehicle-pedestrian collision,51.825,-3.641,2026-03-15 14:46:56.087404,-0.3557491600513458,-66.6363296508789,0.0018762969411909,Vehicle-pedestrian collision
participant_15,8.0,day,Town10HD_Opt,Vehicle-pedestrian collision,44.161,-6.606,2026-03-15 14:47:10.918478,-107.04793548583984,-42.33277130126953,0.0022948074620217,Vehicle-pedestrian collision
participant_15,8.0,day,Town10HD_Opt,Collision,0.756,-0.75,2026-03-15 14:47:26.617118,-110.17332458496094,-5.74803352355957,0.001929817139171,Collision
participant_16,1.0,day,Town10HD_Opt,Stop sign violation,10.222,1.518,2026-03-15 15:00:28.489944,20.20306968688965,70.04893493652344,0.002013282617554,stop_sign_id=1300
participant_16,1.0,day,Town10HD_Opt,Harsh braking,8.014,0.634,2026-03-15 15:00:29.759857,24.725324630737305,70.16053009033203,0.0020622634328901,decel_mps2=5.2
participant_15,9.0,day,Town10HD_Opt,Vehicle collision,20.985,0.07,2026-03-15 15:00:36.644151,18.30652618408203,70.00281524658203,0.0023429107386618,Vehicle collision
participant_15,9.0,day,Town10HD_Opt,Solid line crossing,15.945,-3.99,2026-03-15 15:00:45.806540,26.95766258239746,69.92582702636719,0.0017409896245226,Solid line crossing
participant_15,9.0,day,Town10HD_Opt,Harsh braking,13.146,-11.002,2026-03-15 15:01:01.024223,44.53226852416992,57.11147689819336,0.0020443343091756,decel_mps2=5.7
participant_15,9.0,day,Town10HD_Opt,Solid line crossing,0.0,0.0,2026-03-15 15:01:18.291754,44.37602996826172,50.00769805908203,0.0020349882543087,Solid line crossing
participant_15,9.0,day,Town10HD_Opt,Harsh braking,0.0,0.0,2026-03-15 15:01:24.828945,44.37602996826172,50.00769805908203,0.0020349882543087,decel_mps2=5.5
participant_15,9.0,day,Town10HD_Opt,Harsh braking,0.0,0.0,2026-03-15 15:01:37.562320,44.37602996826172,50.00769805908203,0.0020349882543087,decel_mps2=7.9
participant_16,1.0,day,Town10HD_Opt,Vehicle-pedestrian collision,0.001,0.804,2026-03-15 15:02:05.750140,-110.50615692138672,-14.65910530090332,0.0019189452286809,Vehicle-pedestrian collision
participant_15,9.0,day,Town10HD_Opt,Stop sign violation,0.0,0.0,2026-03-15 15:02:08.793360,44.37602996826172,50.00769805908203,0.0020349882543087,stop_sign_id=1050
participant_15,9.0,day,Town10HD_Opt,Solid line crossing,0.0,0.0,2026-03-15 15:02:09.124128,44.37602996826172,50.00769805908203,0.0020349882543087,Solid line crossing
participant_15,9.0,day,Town10HD_Opt,Solid line crossing,0.0,0.0,2026-03-15 15:02:17.620068,44.37602996826172,50.00769805908203,0.0020349882543087,Solid line crossing
participant_16,1.0,day,Town10HD_Opt,Harsh braking,0.001,0.129,2026-03-15 15:02:20.038401,-110.50615692138672,-14.659107208251951,0.0019191360333934,decel_mps2=7.9
participant_16,1.0,day,Town10HD_Opt,Solid line crossing,8.086,-1.027,2026-03-15 15:02:30.661164,-111.48226928710938,-4.226127624511719,0.002039527753368,Solid line crossing
participant_16,1.0,day,Town10HD_Opt,Stop sign violation,0.0,-0.968,2026-03-15 15:02:44.072725,-111.50493621826172,-3.886516332626343,0.0019189071608707,stop_sign_id=678
participant_16,1.0,day,Town10HD_Opt,Solid line crossing,33.134,-9.6,2026-03-15 15:02:55.253331,-109.2525863647461,12.88849925994873,0.0020909118466079,Solid line crossing
participant_16,1.0,day,Town10HD_Opt,Red light violation,0.053,1.546,2026-03-15 15:03:22.365377,-68.59993743896484,28.15029525756836,0.0019194411579519,Red light violation
participant_16,1.0,day,Town10HD_Opt,Vehicle collision,37.543,1.161,2026-03-15 15:03:39.415193,20.96422576904297,27.74168586730957,0.0021467208862304,Vehicle collision
participant_16,1.0,day,Town10HD_Opt,Collision,8.431,1.375,2026-03-15 15:03:48.237460,40.67515563964844,45.11661148071289,0.0015486907213926,Collision
participant_16,1.0,day,Town10HD_Opt,Vehicle-pedestrian collision,29.353,1.711,2026-03-15 15:04:06.044700,64.861572265625,70.3042984008789,0.0017462539253756,Vehicle-pedestrian collision
participant_16,1.0,day,Town10HD_Opt,Vehicle-pedestrian collision,22.954,6.955,2026-03-15 15:04:13.634854,97.13571166992188,100.89180755615234,0.0021860885899513,Vehicle-pedestrian collision
participant_16,1.0,day,Town10HD_Opt,Solid line crossing,31.819,8.706,2026-03-15 15:04:48.078090,-30.1860466003418,130.1685791015625,0.0016443252097815,Solid line crossing
participant_15,10.0,day,Town10HD_Opt,Solid line crossing,26.916,-16.295,2026-03-15 15:15:21.814931,43.04829025268555,59.62787628173828,0.0020976257510483,Solid line crossing
participant_16,2.0,day,Town10HD_Opt,Solid line crossing,12.005,7.515,2026-03-15 15:15:54.976828,56.42654037475586,26.09628677368164,0.0020340345799922,Solid line crossing
participant_15,10.0,day,Town10HD_Opt,Stop sign violation,49.391,-0.999,2026-03-15 15:16:28.223139,-64.065673828125,-67.7311782836914,0.0020931623876094,stop_sign_id=833
participant_15,10.0,day,Town10HD_Opt,Solid line crossing,14.445,-0.496,2026-03-15 15:16:51.477761,-77.64338684082031,25.59455680847168,0.0020645142067223,Solid line crossing
participant_15,10.0,day,Town10HD_Opt,Solid line crossing,0.607,-2.33,2026-03-15 15:17:01.384831,-70.531494140625,25.555849075317383,0.0019249343313276,Solid line crossing
participant_16,2.0,day,Town10HD_Opt,Red light violation,0.001,-1.025,2026-03-15 15:17:02.710983,-110.50615692138672,-14.65910816192627,0.0019201659597456,Red light violation
participant_16,2.0,day,Town10HD_Opt,Stop sign violation,0.001,0.804,2026-03-15 15:17:08.745946,-110.50615692138672,-14.659107208251951,0.0019189834129065,stop_sign_id=946
participant_15,10.0,day,Town10HD_Opt,Solid line crossing,2.082,0.63,2026-03-15 15:17:11.008350,-68.5411605834961,25.5184326171875,0.0019384002080187,Solid line crossing
participant_16,2.0,day,Town10HD_Opt,Harsh braking,0.001,1.025,2026-03-15 15:17:17.884602,-110.50615692138672,-14.659107208251951,0.0019190978491678,decel_mps2=6.1
participant_15,10.0,day,Town10HD_Opt,Vehicle-pedestrian collision,30.894,-2.612,2026-03-15 15:17:26.970981,-11.647727966308594,26.699438095092773,0.0020143508445471,Vehicle-pedestrian collision
participant_16,2.0,day,Town10HD_Opt,Solid line crossing,8.086,-1.027,2026-03-15 15:17:30.221550,-111.48226928710938,-4.226127624511719,0.002039527753368,Solid line crossing
participant_15,10.0,day,Town10HD_Opt,Solid line crossing,18.375,0.261,2026-03-15 15:17:33.286645,22.83974838256836,26.7700424194336,0.0022369765210896,Solid line crossing
participant_16,2.0,day,Town10HD_Opt,Solid line crossing,0.005,0.096,2026-03-15 15:17:37.823630,-111.50493621826172,-3.886953115463257,0.001919021597132,Solid line crossing
participant_15,10.0,day,Town10HD_Opt,Collision,28.005,-7.0,2026-03-15 15:17:44.158543,40.38161849975586,55.58313751220703,0.0018174743745476,Collision
participant_16,2.0,day,Town10HD_Opt,Harsh braking,34.098,-5.697,2026-03-15 15:17:54.608622,-110.96034240722656,7.205135345458984,0.001861915574409,decel_mps2=7.3
participant_16,2.0,day,Town10HD_Opt,Harsh braking,5.892,-0.021,2026-03-15 15:18:09.581117,-69.35470581054688,28.154979705810547,0.0019746017642319,decel_mps2=6.7
participant_15,10.0,day,Town10HD_Opt,Solid line crossing,28.105,1.086,2026-03-15 15:18:14.000410,-2.836937189102173,132.4631805419922,0.0021544264163821,Solid line crossing
participant_16,2.0,day,Town10HD_Opt,Stop sign violation,0.088,0.183,2026-03-15 15:18:19.754783,-68.62356567382812,28.1503849029541,0.0019198226509615,stop_sign_id=1050
participant_15,10.0,day,Town10HD_Opt,Solid line crossing,24.682,-2.259,2026-03-15 15:18:24.277750,-43.301849365234375,103.59978485107422,0.0021055222023278,Solid line crossing
participant_15,10.0,day,Town10HD_Opt,Harsh braking,16.053,0.07,2026-03-15 15:18:36.636324,13.940631866455078,69.79859924316406,0.001995277358219,decel_mps2=5.5
participant_15,10.0,day,Town10HD_Opt,Vehicle collision,29.168,-5.862,2026-03-15 15:18:43.111957,44.27640151977539,51.31005859375,0.0022956847678869,Vehicle collision
participant_15,10.0,day,Town10HD_Opt,Harsh braking,6.532,-21.405,2026-03-15 15:18:54.569847,62.29364776611328,24.61281394958496,0.0025035094004124,decel_mps2=5.2
participant_15,10.0,day,Town10HD_Opt,Stop sign violation,0.007,-0.498,2026-03-15 15:19:07.522895,76.47412109375,24.88954734802246,0.0019186401041224,stop_sign_id=1062
participant_16,2.0,day,Town10HD_Opt,Harsh braking,22.954,6.955,2026-03-15 15:19:13.889606,97.13571166992188,100.89180755615234,0.0021860885899513,decel_mps2=7.9
participant_15,10.0,day,Town10HD_Opt,Solid line crossing,38.938,-5.401,2026-03-15 15:19:21.444741,93.77106475830078,-53.394325256347656,0.0019971083384007,Solid line crossing
participant_15,10.0,day,Town10HD_Opt,Solid line crossing,0.0,1.257,2026-03-15 15:19:34.764356,-23.60545921325684,-64.6944351196289,0.0020337295718491,Solid line crossing
participant_16,2.0,day,Town10HD_Opt,Solid line crossing,0.002,-0.106,2026-03-15 15:19:37.833701,-23.729223251342773,130.8881378173828,0.0019190978491678,Solid line crossing
participant_15,10.0,day,Town10HD_Opt,Solid line crossing,0.0,0.336,2026-03-15 15:19:39.640839,-23.60560417175293,-64.6944351196289,0.0019189834129065,Solid line crossing
participant_16,2.0,day,Town10HD_Opt,Solid line crossing,22.157,13.175,2026-03-15 15:19:50.527504,-40.13644027709961,123.912109375,0.0022797393612563,Solid line crossing
participant_16,3.0,day,Town10HD_Opt,Solid line crossing,49.38,-0.411,2026-03-15 15:31:33.767946,-107.36627960205078,-36.56234359741211,0.0020791243296116,Solid line crossing
participant_16,3.0,day,Town10HD_Opt,Stop sign violation,0.607,-2.33,2026-03-15 15:32:01.533615,-70.531494140625,25.555849075317383,0.0019249343313276,stop_sign_id=1120
participant_16,3.0,day,Town10HD_Opt,Solid line crossing,31.969,-2.828,2026-03-15 15:32:27.729509,-6.239550590515137,26.829811096191406,0.0019828414078801,Solid line crossing
participant_16,3.0,day,Town10HD_Opt,Solid line crossing,34.672,-16.037,2026-03-15 15:32:45.290996,41.33466339111328,60.92124557495117,0.0018490218790248,Solid line crossing
participant_16,3.0,day,Town10HD_Opt,Solid line crossing,48.877,8.208,2026-03-15 15:33:01.010843,100.27883911132812,98.09903717041016,0.0021257018670439,Solid line crossing
participant_16,3.0,day,Town10HD_Opt,Solid line crossing,25.135,-0.766,2026-03-15 15:33:15.416901,-9.211407661437988,132.2056427001953,0.0021735380869358,Solid line crossing
participant_16,3.0,day,Town10HD_Opt,Stop sign violation,40.64,5.976,2026-03-15 15:33:27.383039,-44.290672302246094,84.9383544921875,0.0018303298857063,stop_sign_id=1120
participant_16,3.0,day,Town10HD_Opt,Harsh braking,16.053,0.07,2026-03-15 15:33:36.100526,13.940631866455078,69.79859924316406,0.001995277358219,decel_mps2=6.1
participant_16,3.0,day,Town10HD_Opt,Solid line crossing,16.053,0.07,2026-03-15 15:33:36.171580,13.940631866455078,69.79859924316406,0.001995277358219,Solid line crossing
participant_16,3.0,day,Town10HD_Opt,Vehicle collision,18.213,6.886,2026-03-15 15:33:45.273236,44.02130126953125,41.26763916015625,0.0020495222415775,Vehicle collision
participant_16,3.0,day,Town10HD_Opt,Solid line crossing,0.25,13.312,2026-03-15 15:33:51.334566,62.98335266113281,23.971784591674805,0.0302357468754053,Solid line crossing
participant_16,3.0,day,Town10HD_Opt,Solid line crossing,0.009,-0.686,2026-03-15 15:34:03.084736,76.473388671875,24.88954734802246,0.0019311904907226,Solid line crossing
participant_16,3.0,day,Town10HD_Opt,Solid line crossing,48.127,-7.86,2026-03-15 15:34:12.439060,91.88959503173828,24.76108360290528,0.0017197799170389,Solid line crossing
participant_16,3.0,day,Town10HD_Opt,Harsh braking,42.084,-10.106,2026-03-15 15:34:21.836236,86.96617889404297,-59.843021392822266,0.0019746399484574,decel_mps2=7.3
participant_16,4.0,day,Town10HD_Opt,Solid line crossing,20.117,-0.254,2026-03-15 15:45:17.663711,-41.66748428344727,87.54084014892578,0.0017077636439353,Solid line crossing
participant_16,4.0,day,Town10HD_Opt,Solid line crossing,13.457,-0.31,2026-03-15 15:45:39.213568,20.975772857666016,70.31304168701172,0.0020892715547233,Solid line crossing
participant_16,4.0,day,Town10HD_Opt,Solid line crossing,0.028,-0.19,2026-03-15 15:45:42.245109,24.020870208740234,70.28388214111328,0.001924552838318,Solid line crossing
participant_16,4.0,day,Town10HD_Opt,Solid line crossing,5.653,-1.26,2026-03-15 15:45:55.202521,44.44889450073242,45.84954833984375,0.0019818113651126,Solid line crossing
participant_16,4.0,day,Town10HD_Opt,Vehicle-pedestrian collision,0.001,-0.092,2026-03-15 15:46:10.918744,80.92610168457031,25.33636474609375,0.0019188689766451,Vehicle-pedestrian collision
participant_16,4.0,day,Town10HD_Opt,Harsh braking,23.07,0.743,2026-03-15 15:46:28.578884,107.23715209960938,-26.90336799621582,0.0020801543723791,decel_mps2=6.4
participant_16,4.0,day,Town10HD_Opt,Stop sign violation,15.922,-0.014,2026-03-15 15:46:36.745422,76.54896545410156,-67.86388397216797,0.0019928358960896,stop_sign_id=900
participant_16,4.0,day,Town10HD_Opt,Solid line crossing,32.922,-5.092,2026-03-15 15:47:03.756211,-101.94822692871094,-54.397499084472656,0.0022719192784279,Solid line crossing
participant_16,4.0,day,Town10HD_Opt,Stop sign violation,0.017,-2.292,2026-03-15 15:47:14.810276,-110.6697235107422,-5.874720096588135,0.0019420622847974,stop_sign_id=754
participant_16,4.0,day,Town10HD_Opt,Harsh braking,0.002,-1.22,2026-03-15 15:47:22.658243,-110.66973114013672,-5.873584270477295,0.0019189834129065,decel_mps2=6.7
participant_16,4.0,day,Town10HD_Opt,Solid line crossing,24.016,4.676,2026-03-15 15:47:41.759975,-91.90037536621094,25.377809524536133,0.0018664931412786,Solid line crossing
participant_16,4.0,day,Town10HD_Opt,Solid line crossing,50.85,0.268,2026-03-15 15:47:52.933370,-6.537242412567139,28.42057037353516,0.0019652938935905,Solid line crossing
participant_16,4.0,day,Town10HD_Opt,Stop sign violation,6.035,1.436,2026-03-15 15:48:12.560119,40.82654571533203,52.4849739074707,0.0016700744163244,stop_sign_id=754
participant_16,4.0,day,Town10HD_Opt,Harsh braking,0.0,0.021,2026-03-15 15:48:41.722937,87.80728149414062,70.43538665771484,0.0019191741012036,decel_mps2=5.7
participant_16,4.0,day,Town10HD_Opt,Stop sign violation,12.978,0.244,2026-03-15 15:49:41.192872,8.349004745483398,70.00794982910156,0.0020413207821547,stop_sign_id=1050
participant_16,4.0,day,Town10HD_Opt,Solid line crossing,35.005,-3.384,2026-03-15 15:49:50.916077,33.62132263183594,69.45217895507812,0.0016774367541074,Solid line crossing
participant_16,5.0,day,Town10HD_Opt,Stop sign violation,26.001,0.465,2026-03-15 16:00:17.997789,13.248079299926758,69.74640655517578,0.0022376631386578,stop_sign_id=946
participant_16,5.0,day,Town10HD_Opt,Solid line crossing,0.005,0.559,2026-03-15 16:01:06.542912,81.41058349609375,25.181486129760746,0.0019192122854292,Solid line crossing
participant_16,5.0,day,Town10HD_Opt,Solid line crossing,3.648,1.697,2026-03-15 16:01:13.247859,81.79983520507812,25.18122291564941,0.0018238448537886,Solid line crossing
participant_16,5.0,day,Town10HD_Opt,Solid line crossing,47.516,-0.233,2026-03-15 16:01:28.654413,106.53927612304688,-28.15141487121582,0.0020014571491628,Solid line crossing
participant_16,5.0,day,Town10HD_Opt,Harsh braking,43.609,-4.313,2026-03-15 16:01:34.550435,80.75415802001953,-63.561180114746094,0.0019313429947942,decel_mps2=4.9
participant_16,5.0,day,Town10HD_Opt,Solid line crossing,30.28,-0.115,2026-03-15 16:01:52.929471,22.41854476928711,-66.39346313476562,0.0021145630162209,Solid line crossing
participant_16,5.0,day,Town10HD_Opt,Vehicle-pedestrian collision,51.752,3.198,2026-03-15 16:01:59.043599,-26.555639266967773,-65.24364471435547,0.0019252013880759,Vehicle-pedestrian collision
participant_16,5.0,day,Town10HD_Opt,Solid line crossing,26.751,-1.918,2026-03-15 16:02:13.396561,-109.90290069580078,-24.27791976928711,0.0022768401540815,Solid line crossing
participant_16,5.0,day,Town10HD_Opt,Solid line crossing,0.456,-1.509,2026-03-15 16:02:29.026080,-110.17585754394533,-5.533984184265137,0.0019235991640016,Solid line crossing
participant_16,5.0,day,Town10HD_Opt,Stop sign violation,22.598,-0.061,2026-03-15 16:02:42.100323,-105.76631927490234,28.809532165527344,0.0022803496103733,stop_sign_id=833
participant_16,6.0,day,Town10HD_Opt,Harsh braking,18.036,-3.069,2026-03-15 16:15:19.513515,-16.6281681060791,68.5275650024414,0.0020820617210119,decel_mps2=7.9
participant_16,6.0,day,Town10HD_Opt,Stop sign violation,0.018,0.364,2026-03-15 16:15:33.223607,22.42511940002441,69.99848175048828,0.0019368361681699,stop_sign_id=900
participant_16,6.0,day,Town10HD_Opt,Harsh braking,12.294,-4.464,2026-03-15 16:16:19.696595,63.00629425048828,26.157543182373047,0.0020360182970762,decel_mps2=6.4
participant_16,6.0,day,Town10HD_Opt,Solid line crossing,9.122,2.527,2026-03-15 16:16:28.070488,76.67796325683594,24.56368064880371,0.0019725037273019,Solid line crossing
participant_16,6.0,day,Town10HD_Opt,Solid line crossing,0.001,0.132,2026-03-15 16:16:39.723557,81.47489166259766,24.71536636352539,0.0019191360333934,Solid line crossing
participant_16,6.0,day,Town10HD_Opt,Solid line crossing,15.759,-2.165,2026-03-15 16:16:46.988530,88.22115325927734,25.148717880249023,0.0017549514304846,Solid line crossing
participant_16,6.0,day,Town10HD_Opt,Solid line crossing,7.762,-3.898,2026-03-15 16:16:52.768182,106.3265609741211,17.866453170776367,0.0019935988821089,Solid line crossing
participant_16,6.0,day,Town10HD_Opt,Solid line crossing,20.307,-1.055,2026-03-15 16:17:03.297811,107.62337493896484,-8.510176658630371,0.0020240400917828,Solid line crossing
participant_16,6.0,day,Town10HD_Opt,Vehicle collision,18.168,-3.476,2026-03-15 16:17:17.015379,87.0491714477539,-62.05426025390625,0.0020621491130441,Vehicle collision
participant_16,6.0,day,Town10HD_Opt,Solid line crossing,27.602,-1.669,2026-03-15 16:17:28.269277,35.843441009521484,-67.24588012695312,0.002026901114732,Solid line crossing
participant_16,6.0,day,Town10HD_Opt,Collision,11.197,0.002,2026-03-15 16:17:39.141985,-13.427382469177246,-68.26023864746094,0.001901893527247,Collision
participant_16,6.0,day,Town10HD_Opt,Harsh braking,8.9,0.002,2026-03-15 16:17:48.904198,-22.11590003967285,-68.23424530029297,0.0016319274436682,decel_mps2=6.1
participant_16,6.0,day,Town10HD_Opt,Solid line crossing,28.803,-4.575,2026-03-15 16:18:02.849763,-93.51180267333984,-61.78504180908203,0.0019953537266701,Solid line crossing
participant_16,6.0,day,Town10HD_Opt,Stop sign violation,13.378,-0.771,2026-03-15 16:18:13.327694,-110.92621612548828,-12.291889190673828,0.0020431517623364,stop_sign_id=833
participant_16,6.0,day,Town10HD_Opt,Solid line crossing,32.736,2.064,2026-03-15 16:19:11.395823,-38.48543167114258,28.41139793395996,0.0023344040382653,Solid line crossing
participant_16,7.0,day,Town10HD_Opt,Solid line crossing,17.197,0.489,2026-03-15 16:30:14.303155,-1.7671773433685305,70.67000579833984,0.001933746272698,Solid line crossing
participant_16,7.0,day,Town10HD_Opt,Vehicle-pedestrian collision,25.436,-0.284,2026-03-15 16:30:24.955393,46.00876998901367,50.91005706787109,0.0022502518258988,Vehicle-pedestrian collision
participant_16,7.0,day,Town10HD_Opt,Harsh braking,0.001,0.961,2026-03-15 16:30:35.073240,66.8451919555664,25.476741790771484,0.0024257279001176,decel_mps2=6.7
participant_16,7.0,day,Town10HD_Opt,Stop sign violation,0.0,-0.797,2026-03-15 16:30:47.094268,66.84580993652344,25.476762771606445,0.0019191741012036,stop_sign_id=1200
participant_16,7.0,day,Town10HD_Opt,Solid line crossing,0.0,-0.797,2026-03-15 16:31:00.668923,66.84580993652344,25.476762771606445,0.0019191741012036,Solid line crossing
participant_16,7.0,day,Town10HD_Opt,Harsh braking,8.607,-5.512,2026-03-15 16:31:15.307980,73.68645477294922,25.03965759277344,0.002001151908189,decel_mps2=6.7
participant_16,7.0,day,Town10HD_Opt,Solid line crossing,0.006,3.601,2026-03-15 16:31:25.586426,79.85435485839844,24.41300392150879,0.0019189071608707,Solid line crossing
participant_16,7.0,day,Town10HD_Opt,Solid line crossing,46.687,-3.822,2026-03-15 16:31:38.852145,101.4979476928711,-45.293304443359375,0.0021396635565906,Solid line crossing
participant_16,7.0,day,Town10HD_Opt,Solid line crossing,44.998,-2.904,2026-03-15 16:31:43.844922,64.21903991699219,-65.96952819824219,0.0018141554901376,Solid line crossing
participant_16,7.0,day,Town10HD_Opt,Solid line crossing,48.9,2.292,2026-03-15 16:32:19.817084,-110.00180053710938,-25.97028541564941,0.0020263672340661,Solid line crossing
participant_16,7.0,day,Town10HD_Opt,Solid line crossing,0.46,0.258,2026-03-15 16:33:05.436324,-68.9614028930664,24.281173706054688,0.0019236373482272,Solid line crossing
participant_16,7.0,day,Town10HD_Opt,Stop sign violation,23.161,12.762,2026-03-15 16:34:05.085261,-41.62013626098633,77.49248504638672,0.002141609089449,stop_sign_id=1062
participant_16,7.0,day,Town10HD_Opt,Stop sign violation,11.69,-2.146,2026-03-15 16:34:14.821943,24.40530776977539,69.8353042602539,0.0020210647489875,stop_sign_id=1200
participant_16,7.0,day,Town10HD_Opt,Solid line crossing,30.25,-1.022,2026-03-15 16:34:22.817081,44.70609664916992,45.08566665649414,0.0020154190715402,Solid line crossing
participant_16,7.0,day,Town10HD_Opt,Solid line crossing,29.09,18.217,2026-03-15 16:34:27.877266,57.33973693847656,25.959047317504883,0.0019934081938117,Solid line crossing
participant_16,7.0,day,Town10HD_Opt,Stop sign violation,0.0,0.24,2026-03-15 16:34:37.211410,81.00411224365234,26.91552352905273,0.0019193267216905,stop_sign_id=1050
participant_16,7.0,day,Town10HD_Opt,Vehicle collision,41.701,3.401,2026-03-15 16:34:57.960709,107.30542755126952,-5.4773664474487305,0.0020706939976662,Vehicle collision
participant_16,8.0,day,Town10HD_Opt,Stop sign violation,0.005,0.559,2026-03-15 16:46:07.043553,81.41058349609375,25.181486129760746,0.0019192122854292,stop_sign_id=833
participant_16,8.0,day,Town10HD_Opt,Vehicle collision,28.767,-2.193,2026-03-15 16:46:24.797956,106.94873809814452,0.612267255783081,0.0021357727237045,Vehicle collision
participant_16,8.0,day,Town10HD_Opt,Solid line crossing,39.183,-4.402,2026-03-15 16:46:32.375663,93.00154876708984,-56.32095718383789,0.0019792555831372,Solid line crossing
participant_16,8.0,day,Town10HD_Opt,Harsh braking,16.89,-1.485,2026-03-15 16:46:47.413576,53.06642532348633,-68.08413696289062,0.0014667129144072,decel_mps2=6.4
participant_16,8.0,day,Town10HD_Opt,Stop sign violation,51.136,0.978,2026-03-15 16:46:59.795192,-35.30169677734375,-66.00930786132812,0.0019318008562549,stop_sign_id=1050
participant_16,8.0,day,Town10HD_Opt,Solid line crossing,48.711,-4.676,2026-03-15 16:47:09.427373,-103.20487213134766,-49.82490539550781,0.0021302795503288,Solid line crossing
participant_16,8.0,day,Town10HD_Opt,Solid line crossing,48.711,-4.676,2026-03-15 16:47:09.782633,-103.20487213134766,-49.82490539550781,0.0021302795503288,Solid line crossing
participant_16,8.0,day,Town10HD_Opt,Stop sign violation,4.466,-0.099,2026-03-15 16:47:20.618271,-110.11842346191406,-8.136541366577148,0.0019620512612164,stop_sign_id=1300
participant_16,8.0,day,Town10HD_Opt,Stop sign violation,0.076,-0.522,2026-03-15 16:47:34.586933,-110.18022918701172,-5.27840518951416,0.0019198989029973,stop_sign_id=946
participant_16,9.0,day,Town10HD_Opt,Harsh braking,0.002,1.255,2026-03-15 17:01:18.571322,80.12686157226562,25.539161682128903,0.0019203948322683,decel_mps2=5.7
participant_16,9.0,day,Town10HD_Opt,Vehicle-pedestrian collision,30.568,-2.558,2026-03-15 17:02:27.405359,-109.18965911865234,-27.905744552612305,0.0022882460616528,Vehicle-pedestrian collision
participant_16,9.0,day,Town10HD_Opt,Stop sign violation,4.818,-1.459,2026-03-15 17:02:36.358343,-109.97725677490234,-8.494683265686035,0.0019517898326739,stop_sign_id=754
participant_16,9.0,day,Town10HD_Opt,Stop sign violation,19.739,-0.985,2026-03-15 17:02:51.445962,-110.15825653076172,-3.239508628845215,0.0015726089477539,stop_sign_id=900
participant_16,9.0,day,Town10HD_Opt,Collision,18.937,-2.64,2026-03-15 17:02:59.445232,-88.11298370361328,26.925661087036133,0.002245178213343,Collision
participant_16,9.0,day,Town10HD_Opt,Solid line crossing,8.637,-0.726,2026-03-15 17:03:05.352325,-72.21703338623047,28.212448120117188,0.0019795990083366,Solid line crossing
participant_16,9.0,day,Town10HD_Opt,Harsh braking,0.051,0.099,2026-03-15 17:03:12.162551,-69.1827392578125,28.22386741638184,0.0019194411579519,decel_mps2=5.2
participant_16,9.0,day,Town10HD_Opt,Harsh braking,17.115,-3.245,2026-03-15 17:03:39.131865,40.2109375,42.17351150512695,0.0019681549165397,decel_mps2=5.5
participant_16,9.0,day,Town10HD_Opt,Red light violation,29.214,-7.767,2026-03-15 17:03:53.926688,55.69466781616211,70.57872009277344,0.0021310043521225,Red light violation
participant_16,9.0,day,Town10HD_Opt,Solid line crossing,29.434,2.059,2026-03-15 17:04:09.800025,90.9175262451172,70.02184295654297,0.0015699004288762,Solid line crossing
participant_16,9.0,day,Town10HD_Opt,Solid line crossing,22.409,0.12,2026-03-15 17:04:35.707205,-7.092904090881348,130.57870483398438,0.0021730042062699,Solid line crossing
participant_16,9.0,day,Town10HD_Opt,Solid line crossing,13.552,-0.418,2026-03-15 17:04:49.158173,-43.39661407470703,106.14212036132812,0.0020419310312718,Solid line crossing
participant_16,10.0,day,Town10HD_Opt,Solid line crossing,17.266,-9.368,2026-03-15 17:16:13.630423,105.75823211669922,14.536821365356444,0.0041550816968083,Solid line crossing
participant_16,10.0,day,Town10HD_Opt,Vehicle collision,23.861,-1.191,2026-03-15 17:16:18.686067,107.10289764404295,3.0872435569763184,0.0017803197260946,Vehicle collision
participant_16,10.0,day,Town10HD_Opt,Solid line crossing,33.417,-2.64,2026-03-15 17:16:22.683331,106.83140563964844,-26.775014877319336,0.0021951289381831,Solid line crossing
participant_16,10.0,day,Town10HD_Opt,Vehicle-pedestrian collision,23.352,-10.651,2026-03-15 17:16:41.397404,40.00807571411133,-65.54988098144531,0.0022257228847593,Vehicle-pedestrian collision
participant_16,10.0,day,Town10HD_Opt,Solid line crossing,46.703,-0.703,2026-03-15 17:16:52.833545,-56.48115921020508,-68.23307800292969,0.0018491366645321,Solid line crossing
participant_16,10.0,day,Town10HD_Opt,Vehicle-pedestrian collision,28.816,-3.328,2026-03-15 17:17:03.688825,-111.0345687866211,-18.53211212158203,0.0022879405878484,Vehicle-pedestrian collision
participant_16,10.0,day,Town10HD_Opt,Solid line crossing,0.056,3.069,2026-03-15 17:17:12.238888,-110.81414794921876,-13.708904266357422,0.0019195555942133,Solid line crossing
participant_16,10.0,day,Town10HD_Opt,Red light violation,0.007,5.316,2026-03-15 17:17:16.169651,-110.81301879882812,-13.687642097473145,0.0019187927246093,Red light violation
participant_16,10.0,day,Town10HD_Opt,Solid line crossing,0.059,2.562,2026-03-15 17:17:20.172217,-110.8111572265625,-13.641094207763672,0.0019219970563426,Solid line crossing
participant_16,10.0,day,Town10HD_Opt,Solid line crossing,19.266,-4.553,2026-03-15 17:17:32.629230,-84.57463073730469,28.1168155670166,0.0020749282557517,Solid line crossing
participant_16,10.0,day,Town10HD_Opt,Solid line crossing,36.391,7.349,2026-03-15 17:17:51.085185,-61.54300308227539,27.23505401611328,0.0015233621234074,Solid line crossing
participant_16,10.0,day,Town10HD_Opt,Solid line crossing,14.637,16.925,2026-03-15 17:18:13.223908,40.97376251220703,40.45501708984375,0.0020698162261396,Solid line crossing
participant_16,10.0,day,Town10HD_Opt,Solid line crossing,32.462,17.648,2026-03-15 17:18:39.802740,90.71395111083984,70.40935516357422,0.0022953790612518,Solid line crossing
participant_16,10.0,day,Town10HD_Opt,Vehicle-pedestrian collision,24.514,-0.806,2026-03-15 17:18:55.591352,56.98843765258789,131.0499267578125,0.0022814937401562,Vehicle-pedestrian collision
participant_16,10.0,day,Town10HD_Opt,Vehicle collision,21.105,13.136,2026-03-15 17:19:23.878092,-41.34366226196289,80.59791564941406,0.0022278591059148,Vehicle collision
participant_17,1.0,day,Town10HD_Opt,Stop sign violation,29.192,-0.599,2026-03-16 08:00:15.591561,2.9667367935180664,69.8938217163086,0.0020353698637336,stop_sign_id=1120
participant_17,1.0,day,Town10HD_Opt,Collision,29.192,-0.599,2026-03-16 08:00:16.158066,2.9667367935180664,69.8938217163086,0.0020353698637336,Collision
participant_17,1.0,day,Town10HD_Opt,Solid line crossing,10.611,0.402,2026-03-16 08:00:21.328334,22.162443161010746,69.8082046508789,0.0020206070039421,Solid line crossing
participant_17,1.0,day,Town10HD_Opt,Harsh braking,9.357,4.827,2026-03-16 08:00:38.341772,44.17235565185547,44.86086654663086,0.0015533828409388,decel_mps2=8.1
participant_17,1.0,day,Town10HD_Opt,Harsh braking,16.249,1.152,2026-03-16 08:00:46.605757,59.497806549072266,27.64629173278809,0.0019198226509615,decel_mps2=5.5
participant_17,1.0,day,Town10HD_Opt,Red light violation,0.006,1.389,2026-03-16 08:01:02.881819,81.41038513183594,25.181486129760746,0.0019195937784388,Red light violation
participant_17,1.0,day,Town10HD_Opt,Solid line crossing,35.219,-3.167,2026-03-16 08:02:11.561264,-108.73046875,-35.628562927246094,0.0023060606326907,Solid line crossing
participant_17,1.0,day,Town10HD_Opt,Solid line crossing,7.466,0.587,2026-03-16 08:02:18.611135,-110.06578826904295,-10.22219944000244,0.0019916915334761,Solid line crossing
participant_17,2.0,day,Town10HD_Opt,Solid line crossing,18.898,4.874,2026-03-16 08:15:20.341971,-16.244850158691406,68.99250793457031,0.0020349503029137,Solid line crossing
participant_17,2.0,day,Town10HD_Opt,Harsh braking,9.123,-0.345,2026-03-16 08:15:26.863180,9.234090805053713,69.69059753417969,0.0020066450815647,decel_mps2=7.3
participant_17,2.0,day,Town10HD_Opt,Harsh braking,18.235,-2.252,2026-03-16 08:15:40.244562,28.65431785583496,69.24874877929688,0.0020669936202466,decel_mps2=5.5
participant_17,2.0,day,Town10HD_Opt,Solid line crossing,11.647,-14.938,2026-03-16 08:15:49.127371,40.415138244628906,64.34837341308594,0.0016253279754891,Solid line crossing
participant_17,2.0,day,Town10HD_Opt,Harsh braking,15.895,-14.678,2026-03-16 08:15:49.792100,41.7842025756836,62.38373565673828,0.0020659638103097,decel_mps2=7.9
participant_17,2.0,day,Town10HD_Opt,Solid line crossing,4.626,-0.155,2026-03-16 08:15:57.511717,44.43402862548828,46.91341781616211,0.0019633483607321,Solid line crossing
participant_17,2.0,day,Town10HD_Opt,Solid line crossing,7.943,18.913,2026-03-16 08:16:11.801661,54.584808349609375,26.67697525024414,0.0018450927454978,Solid line crossing
participant_17,2.0,day,Town10HD_Opt,Harsh braking,12.427,3.598,2026-03-16 08:16:24.087435,75.86399841308594,24.84065055847168,0.0019011687254533,decel_mps2=8.1
participant_17,2.0,day,Town10HD_Opt,Solid line crossing,9.103,-2.231,2026-03-16 08:16:42.418232,102.78462982177734,16.93914794921875,0.0048106764443218,Solid line crossing
participant_17,2.0,day,Town10HD_Opt,Solid line crossing,30.231,-5.004,2026-03-16 08:17:09.435364,87.00216674804688,-61.72888946533203,0.0020145797170698,Solid line crossing
participant_17,2.0,day,Town10HD_Opt,Stop sign violation,23.958,-1.05,2026-03-16 08:17:22.320209,35.289100646972656,-67.41597747802734,0.0021671676076948,stop_sign_id=1050
participant_17,3.0,day,Town10HD_Opt,Stop sign violation,0.651,0.031,2026-03-16 08:31:05.386452,69.70397186279297,24.12600517272949,0.0019254302605986,stop_sign_id=678
participant_17,3.0,day,Town10HD_Opt,Stop sign violation,26.759,-7.237,2026-03-16 08:31:16.197772,102.67898559570312,17.69832992553711,0.0023355865851044,stop_sign_id=946
participant_17,3.0,day,Town10HD_Opt,Solid line crossing,36.711,-4.865,2026-03-16 08:31:27.078776,106.37740325927734,-33.587371826171875,0.0020545197185128,Solid line crossing
participant_17,3.0,day,Town10HD_Opt,Solid line crossing,31.876,2.158,2026-03-16 08:31:39.643386,30.309478759765625,-66.27495574951172,0.0023318480234593,Solid line crossing
participant_17,3.0,day,Town10HD_Opt,Solid line crossing,26.875,-0.646,2026-03-16 08:31:51.327937,-14.072041511535645,-65.3990478515625,0.0020674895495176,Solid line crossing
participant_17,3.0,day,Town10HD_Opt,Solid line crossing,0.0,-0.533,2026-03-16 08:32:04.289247,-24.91430282592773,-65.01899719238281,0.0019194793421775,Solid line crossing
participant_17,3.0,day,Town10HD_Opt,Solid line crossing,0.178,-0.533,2026-03-16 08:32:13.569476,-24.91489028930664,-65.01896667480469,0.0019150924636051,Solid line crossing
participant_17,3.0,day,Town10HD_Opt,Solid line crossing,26.817,-4.214,2026-03-16 08:32:26.692018,-108.640380859375,-31.47593879699707,0.0021178817842155,Solid line crossing
participant_17,3.0,day,Town10HD_Opt,Solid line crossing,3.251,-0.489,2026-03-16 08:32:34.307260,-111.04488372802734,-9.87070369720459,0.0019502639770507,Solid line crossing
participant_17,3.0,day,Town10HD_Opt,Vehicle-pedestrian collision,1.346,-0.489,2026-03-16 08:32:38.276502,-111.04386138916016,-9.782938957214355,0.0018776321085169,Vehicle-pedestrian collision
participant_17,3.0,day,Town10HD_Opt,Stop sign violation,0.0,0.931,2026-03-16 08:33:09.258939,-67.49921417236328,26.01396942138672,0.0019195555942133,stop_sign_id=833
participant_17,3.0,day,Town10HD_Opt,Vehicle-pedestrian collision,0.0,0.167,2026-03-16 08:33:19.439703,-67.49921417236328,26.01396942138672,0.0019195555942133,Vehicle-pedestrian collision
participant_17,3.0,day,Town10HD_Opt,Stop sign violation,34.179,0.444,2026-03-16 08:33:36.860908,11.232851028442385,27.10010528564453,0.0020978928077965,stop_sign_id=1120
participant_17,3.0,day,Town10HD_Opt,Red light violation,8.951,-0.162,2026-03-16 08:33:52.451340,40.37944793701172,40.41183090209961,0.0020044327247887,Red light violation
participant_17,3.0,day,Town10HD_Opt,Stop sign violation,20.667,-2.287,2026-03-16 08:34:06.809673,65.82025909423828,70.7989501953125,0.0020904541015625,stop_sign_id=754
participant_17,3.0,day,Town10HD_Opt,Red light violation,7.562,0.388,2026-03-16 08:34:16.159574,83.43736267089844,69.76122283935547,0.001721115084365,Red light violation
participant_17,3.0,day,Town10HD_Opt,Solid line crossing,26.568,-0.714,2026-03-16 08:34:38.247819,5.321183204650879,132.7949981689453,0.001758499071002,Solid line crossing
participant_17,4.0,day,Town10HD_Opt,Stop sign violation,16.932,-0.529,2026-03-16 08:45:20.584633,15.933568000793455,70.1517562866211,0.0018963241018354,stop_sign_id=946
participant_17,4.0,day,Town10HD_Opt,Stop sign violation,0.748,0.256,2026-03-16 08:45:27.086531,25.810035705566406,70.02996063232422,0.0019021223997697,stop_sign_id=900
participant_17,4.0,day,Town10HD_Opt,Vehicle collision,21.172,-16.067,2026-03-16 08:45:38.734740,44.07563400268555,59.8668212890625,0.0020570755004882,Vehicle collision
participant_17,4.0,day,Town10HD_Opt,Solid line crossing,22.293,15.603,2026-03-16 08:45:50.877124,46.20612716674805,33.13381576538086,0.0018809508765116,Solid line crossing
participant_17,4.0,day,Town10HD_Opt,Collision,36.17,-0.482,2026-03-16 08:47:39.479782,-95.06797790527344,27.326505661010746,0.0020637894049286,Collision
participant_17,4.0,day,Town10HD_Opt,Harsh braking,23.704,0.195,2026-03-16 08:47:54.124953,-66.31029510498047,27.929277420043945,0.0017038726946339,decel_mps2=5.7
participant_17,4.0,day,Town10HD_Opt,Stop sign violation,36.494,-0.627,2026-03-16 08:48:06.021802,6.924838066101074,28.06393241882324,0.0018978499574586,stop_sign_id=833
participant_17,4.0,day,Town10HD_Opt,Solid line crossing,12.955,-3.554,2026-03-16 08:48:17.800174,40.78512191772461,49.72498321533203,0.0020407866686582,Solid line crossing
participant_17,4.0,day,Town10HD_Opt,Solid line crossing,7.226,-36.434,2026-03-16 08:48:30.118418,52.689598083496094,72.50908660888672,0.0018589401151984,Solid line crossing
participant_17,4.0,day,Town10HD_Opt,Stop sign violation,46.026,10.646,2026-03-16 08:48:44.275984,98.88336944580078,78.692626953125,0.0019057464087381,stop_sign_id=1120
participant_17,4.0,day,Town10HD_Opt,Stop sign violation,42.015,1.333,2026-03-16 08:48:56.356387,50.802734375,131.16136169433594,0.0021791839972138,stop_sign_id=1200
participant_17,4.0,day,Town10HD_Opt,Solid line crossing,35.935,-0.258,2026-03-16 08:48:57.544645,41.69261169433594,131.09915161132812,0.0021837234962731,Solid line crossing
participant_17,4.0,day,Town10HD_Opt,Stop sign violation,23.489,0.637,2026-03-16 08:49:24.683088,-44.72499084472656,95.6783676147461,0.0022640228271484,stop_sign_id=1062
participant_17,4.0,day,Town10HD_Opt,Solid line crossing,11.48,0.536,2026-03-16 08:49:27.228812,-46.28788375854492,87.9632568359375,0.0020281982142478,Solid line crossing
participant_17,4.0,day,Town10HD_Opt,Solid line crossing,19.12,-2.41,2026-03-16 08:49:43.409007,-2.8409762382507324,70.12428283691406,0.0018997192382812,Solid line crossing
participant_17,5.0,day,Town10HD_Opt,Solid line crossing,7.282,1.255,2026-03-16 09:01:01.099554,44.79509735107422,48.37572479248047,0.0019914626609534,Solid line crossing
participant_17,5.0,day,Town10HD_Opt,Stop sign violation,14.294,13.765,2026-03-16 09:01:09.098986,48.30047607421875,31.359588623046875,0.0019600677769631,stop_sign_id=900
participant_17,5.0,day,Town10HD_Opt,Harsh braking,39.015,-5.401,2026-03-16 09:01:27.247830,90.15264129638672,25.06081771850586,0.0018925094045698,decel_mps2=5.2
participant_17,5.0,day,Town10HD_Opt,Solid line crossing,12.895,-9.607,2026-03-16 09:01:33.293993,106.43922424316406,11.003843307495115,0.0018738174112513,Solid line crossing
participant_17,5.0,day,Town10HD_Opt,Harsh braking,18.845,-4.69,2026-03-16 09:01:43.923458,107.4561996459961,-33.05850601196289,0.0018941878806799,decel_mps2=4.9
participant_17,5.0,day,Town10HD_Opt,Solid line crossing,24.764,-2.41,2026-03-16 09:01:57.938748,66.55769348144531,-67.51909637451172,0.0019886016380041,Solid line crossing
participant_17,5.0,day,Town10HD_Opt,Solid line crossing,15.515,1.822,2026-03-16 09:02:05.159567,38.72029495239258,-68.16728210449219,0.0018656539032235,Solid line crossing
participant_17,5.0,day,Town10HD_Opt,Stop sign violation,19.696,0.11,2026-03-16 09:02:08.898370,25.84195899963379,-67.85319519042969,0.0020757673773914,stop_sign_id=900
participant_17,5.0,day,Town10HD_Opt,Solid line crossing,9.502,-1.702,2026-03-16 09:02:17.116194,6.363264083862305,-67.65321350097656,0.0018357086228206,Solid line crossing
participant_17,5.0,day,Town10HD_Opt,Red light violation,0.001,0.266,2026-03-16 09:02:32.683254,-10.818283081054688,-68.0813980102539,0.0019189071608707,Red light violation
participant_17,5.0,day,Town10HD_Opt,Solid line crossing,10.791,-2.419,2026-03-16 09:02:41.037350,-27.235307693481445,-68.65155029296875,0.0019034957513213,Solid line crossing
participant_17,5.0,day,Town10HD_Opt,Solid line crossing,21.531,-4.044,2026-03-16 09:03:06.744057,-100.4884033203125,-56.20672225952149,0.0019945525564253,Solid line crossing
participant_17,5.0,day,Town10HD_Opt,Collision,7.181,-7.454,2026-03-16 09:03:18.359050,-110.47775268554688,-33.13631820678711,0.0018160247709602,Collision
participant_17,5.0,day,Town10HD_Opt,Stop sign violation,0.006,0.47,2026-03-16 09:03:45.744124,-110.47981262207033,-6.128084659576416,0.0019191741012036,stop_sign_id=1062
participant_17,5.0,day,Town10HD_Opt,Harsh braking,10.426,-13.521,2026-03-16 09:04:03.598518,-98.33919525146484,23.258548736572266,0.0017073058988898,decel_mps2=6.1
participant_17,5.0,day,Town10HD_Opt,Solid line crossing,12.577,4.604,2026-03-16 09:04:11.309434,-77.99117279052734,24.80038833618164,0.0016992568271234,Solid line crossing
participant_17,5.0,day,Town10HD_Opt,Solid line crossing,0.0,1.108,2026-03-16 09:04:29.178409,-75.61632537841797,24.70873641967773,0.0019196319626644,Solid line crossing
participant_17,5.0,day,Town10HD_Opt,Stop sign violation,0.0,1.108,2026-03-16 09:04:29.464535,-75.61632537841797,24.70873641967773,0.0019196319626644,stop_sign_id=1050
participant_17,5.0,day,Town10HD_Opt,Solid line crossing,34.458,-14.255,2026-03-16 09:04:42.685347,-21.729183197021484,26.86759376525879,0.0020747757516801,Solid line crossing
participant_17,5.0,day,Town10HD_Opt,Harsh braking,34.166,-0.077,2026-03-16 09:04:53.756239,47.10206604003906,28.31318473815918,0.0016131972661241,decel_mps2=6.1
participant_17,6.0,day,Town10HD_Opt,Stop sign violation,24.589,-1.53,2026-03-16 09:15:15.582403,6.297732353210449,70.16665649414062,0.002272605895996,stop_sign_id=1050
participant_17,6.0,day,Town10HD_Opt,Vehicle collision,14.883,-3.646,2026-03-16 09:15:26.715186,45.02450180053711,43.48347091674805,0.002072105417028,Vehicle collision
participant_17,6.0,day,Town10HD_Opt,Red light violation,0.0,0.338,2026-03-16 09:15:43.425199,77.37723541259766,24.63260269165039,0.0019198989029973,Red light violation
participant_17,6.0,day,Town10HD_Opt,Harsh braking,19.39,-16.305,2026-03-16 09:15:54.131716,103.1186981201172,14.896876335144045,0.0020176314283162,decel_mps2=4.9
participant_17,6.0,day,Town10HD_Opt,Solid line crossing,48.93,1.387,2026-03-16 09:16:37.576543,-106.89453887939452,-35.56373596191406,0.0020628736820071,Solid line crossing
participant_17,6.0,day,Town10HD_Opt,Solid line crossing,0.0,-0.884,2026-03-16 09:16:43.399058,-110.76128387451172,-6.831344604492188,0.0019283294677734,Solid line crossing
participant_17,6.0,day,Town10HD_Opt,Solid line crossing,0.0,-0.585,2026-03-16 09:16:50.785204,-110.76128387451172,-6.831332683563232,0.0019191741012036,Solid line crossing
participant_17,6.0,day,Town10HD_Opt,Vehicle-pedestrian collision,29.498,-3.872,2026-03-16 09:17:10.824081,-77.58014678955078,28.17070198059082,0.0023373030126094,Vehicle-pedestrian collision
participant_17,6.0,day,Town10HD_Opt,Solid line crossing,48.717,-0.515,2026-03-16 09:17:16.872703,-32.07240676879883,27.89654922485352,0.0021670151036232,Solid line crossing
participant_17,6.0,day,Town10HD_Opt,Stop sign violation,15.387,-3.033,2026-03-16 09:17:37.248115,40.16122055053711,54.70285415649414,0.0015632247086614,stop_sign_id=678
participant_17,6.0,day,Town10HD_Opt,Red light violation,31.637,-0.978,2026-03-16 09:17:43.385606,75.16293334960938,70.08480072021484,0.0023825834505259,Red light violation
participant_17,6.0,day,Town10HD_Opt,Solid line crossing,18.471,13.828,2026-03-16 09:17:45.628154,88.01530456542969,69.78224182128906,0.002086334163323,Solid line crossing
participant_17,6.0,day,Town10HD_Opt,Collision,51.14,1.706,2026-03-16 09:17:56.317683,61.291751861572266,132.94992065429688,0.0019296264508739,Collision
participant_17,6.0,day,Town10HD_Opt,Solid line crossing,47.409,18.302,2026-03-16 09:18:16.079365,-34.71002960205078,66.82274627685547,0.0021398924291133,Solid line crossing
participant_17,6.0,day,Town10HD_Opt,Vehicle-pedestrian collision,33.435,-17.109,2026-03-16 09:18:28.676916,34.47706604003906,67.83544158935547,0.0020782852079719,Vehicle-pedestrian collision
participant_17,6.0,day,Town10HD_Opt,Collision,0.0,0.182,2026-03-16 09:19:16.772690,-24.189077377319336,-64.75942993164062,0.0019193267216905,Collision
participant_17,6.0,day,Town10HD_Opt,Harsh braking,32.854,0.043,2026-03-16 09:19:35.754173,-48.765472412109375,14.142340660095217,0.0020889281295239,decel_mps2=5.2
participant_17,6.0,day,Town10HD_Opt,Stop sign violation,34.761,0.0,2026-03-16 09:19:40.117962,-48.68672561645508,42.46702575683594,0.0019531631842255,stop_sign_id=1120
participant_17,6.0,day,Town10HD_Opt,Harsh braking,0.0,-1.596,2026-03-16 09:19:54.775412,-51.96696472167969,96.95015716552734,0.0019190596649423,decel_mps2=5.7
participant_17,7.0,day,Town10HD_Opt,Solid line crossing,17.688,-0.085,2026-03-16 09:30:19.952824,-8.709510803222656,70.25811767578125,0.0018620680784806,Solid line crossing
participant_17,7.0,day,Town10HD_Opt,Harsh braking,8.014,0.634,2026-03-16 09:30:30.711403,24.725324630737305,70.16053009033203,0.0020622634328901,decel_mps2=5.7
participant_17,7.0,day,Town10HD_Opt,Solid line crossing,20.385,12.66,2026-03-16 09:30:51.460872,45.36811447143555,34.479942321777344,0.0019894028082489,Solid line crossing
participant_17,7.0,day,Town10HD_Opt,Harsh braking,43.554,-4.176,2026-03-16 09:31:04.171126,92.04856872558594,24.13783836364746,0.0020584869198501,decel_mps2=4.9
participant_17,7.0,day,Town10HD_Opt,Solid line crossing,23.841,-2.682,2026-03-16 09:31:11.011098,107.76569366455078,-7.043385028839111,0.0019830702804028,Solid line crossing
participant_17,7.0,day,Town10HD_Opt,Vehicle collision,32.635,-2.17,2026-03-16 09:31:20.003741,78.78280639648438,-64.23639678955078,0.0022906111553311,Vehicle collision
participant_17,7.0,day,Town10HD_Opt,Harsh braking,20.433,-0.982,2026-03-16 09:31:21.746176,70.03858184814453,-67.09819793701172,0.0022141265217214,decel_mps2=7.9
participant_17,7.0,day,Town10HD_Opt,Solid line crossing,0.0,-1.897,2026-03-16 09:31:37.249403,-19.738428115844727,-67.67505645751953,0.0019953537266701,Solid line crossing
participant_17,7.0,day,Town10HD_Opt,Solid line crossing,37.06,-4.291,2026-03-16 09:31:56.158897,-109.12671661376952,-36.35734939575195,0.0018696212209761,Solid line crossing
participant_17,7.0,day,Town10HD_Opt,Solid line crossing,0.001,-0.827,2026-03-16 09:32:35.943180,-111.50493621826172,-3.886919736862183,0.0019188689766451,Solid line crossing
participant_17,7.0,day,Town10HD_Opt,Stop sign violation,27.366,-1.22,2026-03-16 09:34:27.912200,15.339266777038574,131.03329467773438,0.0022976303007453,stop_sign_id=678
participant_17,7.0,day,Town10HD_Opt,Solid line crossing,0.026,-0.108,2026-03-16 09:34:37.598909,-23.72677421569824,130.8881378173828,0.0019209670135751,Solid line crossing
participant_17,8.0,day,Town10HD_Opt,Solid line crossing,27.968,-1.556,2026-03-16 09:45:18.853832,4.835678577423096,68.43873596191406,0.0017146313330158,Solid line crossing
participant_17,8.0,day,Town10HD_Opt,Harsh braking,8.915,-13.965,2026-03-16 09:45:32.414565,34.732120513916016,68.26322937011719,0.0018993378616869,decel_mps2=6.7
participant_17,8.0,day,Town10HD_Opt,Vehicle collision,11.8,1.095,2026-03-16 09:45:42.350252,44.77341842651367,46.43694686889648,0.0019480894552543,Vehicle collision
participant_17,8.0,day,Town10HD_Opt,Solid line crossing,0.0,-0.674,2026-03-16 09:45:56.553291,74.5899429321289,25.32139778137207,0.0020370096899569,Solid line crossing
participant_17,8.0,day,Town10HD_Opt,Solid line crossing,0.0,1.993,2026-03-16 09:46:07.339445,74.59008026123047,25.32138633728028,0.0019199752714484,Solid line crossing
participant_17,8.0,day,Town10HD_Opt,Solid line crossing,42.463,-3.978,2026-03-16 09:46:42.094272,65.8530502319336,-67.56169128417969,0.0019638827070593,Solid line crossing
participant_17,8.0,day,Town10HD_Opt,Solid line crossing,13.777,-4.218,2026-03-16 09:47:50.448669,-91.01963806152344,30.59288024902344,0.0018471911316737,Solid line crossing
participant_17,8.0,day,Town10HD_Opt,Solid line crossing,44.478,0.794,2026-03-16 09:48:02.500902,-53.64583969116211,27.31966781616211,0.0016912473365664,Solid line crossing
participant_17,8.0,day,Town10HD_Opt,Solid line crossing,42.877,-20.473,2026-03-16 09:48:26.695460,44.0650634765625,65.80012512207031,0.0019679265096783,Solid line crossing
participant_17,8.0,day,Town10HD_Opt,Harsh braking,1.132,-5.375,2026-03-16 09:48:34.660612,70.65486145019531,70.53115844726562,0.0019169998122379,decel_mps2=7.9
participant_17,8.0,day,Town10HD_Opt,Solid line crossing,1.28,0.486,2026-03-16 09:48:44.432974,83.81471252441406,70.42667388916016,0.001931304926984,Solid line crossing
participant_17,8.0,day,Town10HD_Opt,Solid line crossing,21.112,6.822,2026-03-16 09:49:22.140279,-39.37239456176758,118.9907455444336,0.0022148126736283,Solid line crossing
participant_17,8.0,day,Town10HD_Opt,Solid line crossing,23.911,-0.74,2026-03-16 09:49:41.359252,14.591423034667969,70.04195404052734,0.0023266591597348,Solid line crossing
participant_17,9.0,day,Town10HD_Opt,Solid line crossing,25.436,-0.284,2026-03-16 10:00:24.894615,46.00876998901367,50.91005706787109,0.0022502518258988,Solid line crossing
participant_18,1.0,day,Town10HD_Opt,Solid line crossing,16.711,3.514,2026-03-16 10:00:32.667116,62.71493911743164,25.44536781311035,0.0019698715768754,Solid line crossing
participant_18,1.0,day,Town10HD_Opt,Solid line crossing,0.0,-0.797,2026-03-16 10:00:53.801187,66.84580993652344,25.476762771606445,0.0019191741012036,Solid line crossing
participant_18,1.0,day,Town10HD_Opt,Stop sign violation,0.0,-0.928,2026-03-16 10:01:05.336539,66.84580993652344,25.476762771606445,0.0019191741012036,stop_sign_id=900
participant_18,1.0,day,Town10HD_Opt,Solid line crossing,5.415,6.229,2026-03-16 10:01:16.946038,76.34423828125,24.64997291564941,0.0019343948224559,Solid line crossing
participant_18,1.0,day,Town10HD_Opt,Solid line crossing,13.513,0.555,2026-03-16 10:01:29.095168,81.27725219726562,24.329345703125,0.0015038680285215,Solid line crossing
participant_18,1.0,day,Town10HD_Opt,Vehicle collision,42.608,-3.316,2026-03-16 10:01:40.822896,89.16822052001953,-58.31350326538086,0.0020856475457549,Vehicle collision
participant_18,1.0,day,Town10HD_Opt,Harsh braking,36.79,-0.743,2026-03-16 10:01:48.812583,20.172780990600582,-66.21681213378906,0.0021327971480786,decel_mps2=5.2
participant_18,1.0,day,Town10HD_Opt,Harsh braking,8.226,-0.58,2026-03-16 10:01:56.096176,-16.119211196899414,-64.92849731445312,0.002071609487757,decel_mps2=8.1
participant_17,9.0,day,Town10HD_Opt,Solid line crossing,51.971,-3.116,2026-03-16 10:02:12.832253,-63.68391799926758,-67.06715393066406,0.0018765258137136,Solid line crossing
participant_17,9.0,day,Town10HD_Opt,Harsh braking,0.002,0.874,2026-03-16 10:02:22.758585,-113.01980590820312,-5.379521369934082,0.0025166701525449,decel_mps2=7.3
participant_17,9.0,day,Town10HD_Opt,Solid line crossing,0.0,1.325,2026-03-16 10:02:35.350849,-113.01976013183594,-5.37881326675415,0.0019190978491678,Solid line crossing
participant_17,9.0,day,Town10HD_Opt,Harsh braking,43.36,-9.964,2026-03-16 10:02:46.528622,-112.55281829833984,9.750043869018556,0.0017491149483248,decel_mps2=7.9
participant_17,9.0,day,Town10HD_Opt,Stop sign violation,13.814,-25.174,2026-03-16 10:02:52.149564,-79.70903778076172,25.27807235717773,0.0020859146025031,stop_sign_id=1050
participant_18,1.0,day,Town10HD_Opt,Solid line crossing,13.814,-25.174,2026-03-16 10:02:52.375186,-79.70903778076172,25.27807235717773,0.0020859146025031,Solid line crossing
participant_17,9.0,day,Town10HD_Opt,Harsh braking,5.005,2.965,2026-03-16 10:02:57.617383,-72.00686645507812,24.210561752319336,0.0019573592580854,decel_mps2=6.4
participant_17,9.0,day,Town10HD_Opt,Solid line crossing,3.9,1.706,2026-03-16 10:02:58.359762,-71.22757720947266,24.24284553527832,0.0019556425977498,Solid line crossing
participant_17,9.0,day,Town10HD_Opt,Harsh braking,0.132,0.089,2026-03-16 10:03:09.295642,-68.74082946777344,24.28545570373535,0.0019203948322683,decel_mps2=5.7
participant_17,9.0,day,Town10HD_Opt,Solid line crossing,36.917,4.582,2026-03-16 10:03:23.702387,27.96768569946289,27.084699630737305,0.0021281051449477,Solid line crossing
participant_17,9.0,day,Town10HD_Opt,Solid line crossing,33.398,16.644,2026-03-16 10:03:38.944059,92.15646362304688,71.3780288696289,0.0015375899383798,Solid line crossing
participant_18,1.0,day,Town10HD_Opt,Stop sign violation,49.211,2.203,2026-03-16 10:03:56.886383,-24.16783905029297,132.27598571777344,0.0020213699899613,stop_sign_id=946
participant_18,1.0,day,Town10HD_Opt,Solid line crossing,29.894,7.982,2026-03-16 10:04:04.404074,-43.25699615478516,83.19361114501953,0.0023208237253129,Solid line crossing
participant_18,1.0,day,Town10HD_Opt,Solid line crossing,16.535,-0.51,2026-03-16 10:04:14.293109,21.15717506408692,69.76406860351562,0.0019744110759347,Solid line crossing
participant_18,1.0,day,Town10HD_Opt,Solid line crossing,32.239,5.404,2026-03-16 10:04:28.662221,62.64310836791992,26.47919654846192,0.0019551848527044,Solid line crossing
participant_18,1.0,day,Town10HD_Opt,Stop sign violation,0.0,0.106,2026-03-16 10:04:44.003408,81.00411224365234,26.91552352905273,0.0019193267216905,stop_sign_id=1050
participant_17,10.0,day,Town10HD_Opt,Solid line crossing,16.932,-0.529,2026-03-16 10:15:20.614035,15.933568000793455,70.1517562866211,0.0018963241018354,Solid line crossing
participant_17,10.0,day,Town10HD_Opt,Solid line crossing,10.982,-7.903,2026-03-16 10:15:33.297188,34.82183074951172,69.0315170288086,0.0020259474404156,Solid line crossing
participant_17,10.0,day,Town10HD_Opt,Stop sign violation,11.708,-14.393,2026-03-16 10:15:33.665299,37.27200698852539,68.05802154541016,0.0019282912835478,stop_sign_id=833
participant_17,10.0,day,Town10HD_Opt,Solid line crossing,10.066,-13.536,2026-03-16 10:15:43.567765,45.02210235595703,47.36772918701172,0.0019475554581731,Solid line crossing
participant_18,2.0,day,Town10HD_Opt,Solid line crossing,0.001,1.3,2026-03-16 10:16:09.360268,81.41089630126953,25.181486129760746,0.0019189834129065,Solid line crossing
participant_17,10.0,day,Town10HD_Opt,Harsh braking,0.459,0.916,2026-03-16 10:16:11.160777,79.35559844970703,25.647762298583984,0.00192344665993,decel_mps2=6.4
participant_18,2.0,day,Town10HD_Opt,Solid line crossing,22.174,-15.943,2026-03-16 10:16:18.164283,96.02794647216795,23.138961791992188,0.0020755766890943,Solid line crossing
participant_18,2.0,day,Town10HD_Opt,Vehicle-pedestrian collision,42.116,-3.558,2026-03-16 10:16:30.900583,101.92310333251952,-46.07426834106445,0.0021831130143254,Vehicle-pedestrian collision
participant_18,2.0,day,Town10HD_Opt,Solid line crossing,0.159,-2.885,2026-03-16 10:16:39.796598,44.996673583984375,-69.63623809814453,-0.0102236550301313,Solid line crossing
participant_18,2.0,day,Town10HD_Opt,Collision,32.025,4.645,2026-03-16 10:16:51.558548,29.83730697631836,-66.38826751708984,0.0020035170018672,Collision
participant_18,2.0,day,Town10HD_Opt,Harsh braking,51.663,-0.545,2026-03-16 10:17:00.447750,-43.970516204833984,-67.32450866699219,0.001930313068442,decel_mps2=5.7
participant_18,2.0,day,Town10HD_Opt,Red light violation,51.256,-2.471,2026-03-16 10:17:02.288874,-55.658447265625,-68.55297088623047,0.0018956756684929,Red light violation
participant_18,2.0,day,Town10HD_Opt,Vehicle collision,26.751,-1.918,2026-03-16 10:17:13.773623,-109.90290069580078,-24.27791976928711,0.0022768401540815,Vehicle collision
participant_17,10.0,day,Town10HD_Opt,Solid line crossing,6.052,-5.035,2026-03-16 10:18:20.984631,40.48170471191406,52.36203002929688,0.001644363394007,Solid line crossing
participant_17,10.0,day,Town10HD_Opt,Harsh braking,5.075,-1.462,2026-03-16 10:18:33.109566,57.1575813293457,72.46068572998047,0.0019555664621293,decel_mps2=5.2
participant_17,10.0,day,Town10HD_Opt,Vehicle collision,21.28,0.139,2026-03-16 10:18:36.664371,65.86785125732422,71.29127502441406,0.0019983672536909,Vehicle collision
participant_17,10.0,day,Town10HD_Opt,Solid line crossing,33.114,1.683,2026-03-16 10:18:48.898507,95.29464721679688,108.06673431396484,0.0017571258358657,Solid line crossing
participant_17,10.0,day,Town10HD_Opt,Stop sign violation,46.074,-1.638,2026-03-16 10:18:55.456389,58.52604675292969,130.93978881835938,0.0020397566258907,stop_sign_id=946
participant_18,3.0,day,Town10HD_Opt,Collision,32.408,-3.902,2026-03-16 10:31:16.044408,48.25267028808594,-65.88870239257812,0.0016633224440738,Collision
participant_18,3.0,day,Town10HD_Opt,Solid line crossing,40.966,-1.535,2026-03-16 10:31:25.869129,-16.887191772460938,-64.48348236083984,0.0015267943963408,Solid line crossing
participant_18,3.0,day,Town10HD_Opt,Red light violation,49.384,2.617,2026-03-16 10:31:28.161193,-36.86702728271485,-64.01448822021484,0.002070045331493,Red light violation
participant_18,3.0,day,Town10HD_Opt,Solid line crossing,0.0,-0.58,2026-03-16 10:31:49.998762,-110.76128387451172,-6.831332683563232,0.0019191741012036,Solid line crossing
participant_18,3.0,day,Town10HD_Opt,Solid line crossing,33.421,-0.954,2026-03-16 10:32:03.973964,-110.5978012084961,1.2585668563842771,0.0015039443969726,Solid line crossing
participant_18,3.0,day,Town10HD_Opt,Red light violation,27.737,1.984,2026-03-16 10:32:30.513360,39.83950424194336,48.09523010253906,0.0023371505085378,Red light violation
participant_18,3.0,day,Town10HD_Opt,Collision,30.152,-11.854,2026-03-16 10:33:31.582002,42.067909240722656,59.67226409912109,0.0021723937243223,Collision
participant_18,3.0,day,Town10HD_Opt,Solid line crossing,18.768,-10.629,2026-03-16 10:33:33.013908,44.24609756469727,50.46874237060547,0.0021125792991369,Solid line crossing
participant_18,3.0,day,Town10HD_Opt,Harsh braking,27.996,-1.814,2026-03-16 10:33:41.615294,77.18416595458984,28.17047882080078,0.0016269301995635,decel_mps2=5.2
participant_18,3.0,day,Town10HD_Opt,Stop sign violation,44.481,-11.926,2026-03-16 10:33:51.132140,103.73587799072266,-38.55099868774414,0.0019647215958684,stop_sign_id=946
participant_18,4.0,day,Town10HD_Opt,Vehicle-pedestrian collision,6.928,-2.17,2026-03-16 10:45:15.139667,-24.659034729003903,69.43397521972656,0.0019998168572783,Vehicle-pedestrian collision
participant_18,4.0,day,Town10HD_Opt,Stop sign violation,5.76,8.082,2026-03-16 10:46:09.731183,52.43021011352539,27.61496925354004,0.0019760513678193,stop_sign_id=1050
participant_18,4.0,day,Town10HD_Opt,Solid line crossing,18.125,1.796,2026-03-16 10:46:50.988983,107.32737731933594,-1.3954167366027832,0.002120018005371,Solid line crossing
participant_18,4.0,day,Town10HD_Opt,Solid line crossing,22.704,-5.397,2026-03-16 10:47:02.493974,107.54270935058594,-35.514286041259766,0.0020886610727757,Solid line crossing
participant_18,4.0,day,Town10HD_Opt,Solid line crossing,30.231,-5.004,2026-03-16 10:47:08.678642,87.00216674804688,-61.72888946533203,0.0020145797170698,Solid line crossing
participant_18,4.0,day,Town10HD_Opt,Harsh braking,18.202,-2.033,2026-03-16 10:47:23.060383,31.58442115783692,-67.24240112304688,0.0022367094643414,decel_mps2=7.3
participant_18,4.0,day,Town10HD_Opt,Solid line crossing,22.028,-1.206,2026-03-16 10:47:34.243862,-9.433334350585938,-67.74082946777344,0.0021414184011518,Solid line crossing
participant_18,4.0,day,Town10HD_Opt,Stop sign violation,2.428,-0.195,2026-03-16 10:47:49.946310,-22.55983161926269,-68.1631851196289,0.001919784466736,stop_sign_id=900
participant_18,4.0,day,Town10HD_Opt,Solid line crossing,19.789,-0.707,2026-03-16 10:48:09.830969,-66.19849395751953,-68.68301391601562,0.0019967651460319,Solid line crossing
participant_18,4.0,day,Town10HD_Opt,Collision,18.068,-4.825,2026-03-16 10:48:26.829346,-111.683349609375,-30.10951042175293,0.0018667220138013,Collision
participant_18,4.0,day,Town10HD_Opt,Collision,0.0,1.283,2026-03-16 10:48:33.386608,-110.80935668945312,-18.157665252685547,0.0019196319626644,Collision
participant_18,5.0,day,Town10HD_Opt,Solid line crossing,0.006,1.025,2026-03-16 11:01:03.017631,81.48405456542969,25.698381423950195,0.0019188689766451,Solid line crossing
participant_18,5.0,day,Town10HD_Opt,Vehicle-pedestrian collision,0.002,0.677,2026-03-16 11:01:16.012639,81.48526763916016,25.69841766357422,0.0019190978491678,Vehicle-pedestrian collision
participant_18,5.0,day,Town10HD_Opt,Solid line crossing,28.889,-0.707,2026-03-16 11:01:28.675254,107.34352111816406,-22.05085563659668,0.0021376418881118,Solid line crossing
participant_18,5.0,day,Town10HD_Opt,Solid line crossing,32.726,-2.828,2026-03-16 11:01:37.523450,72.35247039794922,-64.61371612548828,0.0022714615333825,Solid line crossing
participant_18,5.0,day,Town10HD_Opt,Solid line crossing,18.113,0.832,2026-03-16 11:01:51.495025,-4.757830619812012,-66.37628173828125,0.0021961973980069,Solid line crossing
participant_18,5.0,day,Town10HD_Opt,Solid line crossing,48.902,-0.465,2026-03-16 11:02:02.888652,-49.161746978759766,-65.56375122070312,0.0021115110721439,Solid line crossing
participant_18,5.0,day,Town10HD_Opt,Solid line crossing,18.302,-4.782,2026-03-16 11:02:15.835741,-110.71652221679688,-19.363393783569336,0.0020499802194535,Solid line crossing
participant_18,5.0,day,Town10HD_Opt,Solid line crossing,9.774,-1.398,2026-03-16 11:02:57.220268,-79.0470962524414,24.88551521301269,0.0018809508765116,Solid line crossing
participant_18,5.0,day,Town10HD_Opt,Solid line crossing,46.743,-2.367,2026-03-16 11:03:10.614392,-22.33840560913086,26.962072372436523,0.0021269607823342,Solid line crossing
participant_18,5.0,day,Town10HD_Opt,Solid line crossing,34.583,4.301,2026-03-16 11:03:15.797324,24.45703315734864,28.05189323425293,0.0023180006537586,Solid line crossing
participant_18,5.0,day,Town10HD_Opt,Solid line crossing,31.429,-12.544,2026-03-16 11:03:28.896288,41.289154052734375,59.67624282836914,0.0018824767321348,Solid line crossing
participant_18,5.0,day,Town10HD_Opt,Vehicle-pedestrian collision,10.998,-0.388,2026-03-16 11:03:39.794416,76.85016632080078,70.36412048339844,0.0019795990083366,Vehicle-pedestrian collision
participant_18,5.0,day,Town10HD_Opt,Harsh braking,37.338,4.303,2026-03-16 11:03:54.713586,93.8201141357422,112.10546875,0.0021614455617964,decel_mps2=6.4
participant_18,5.0,day,Town10HD_Opt,Solid line crossing,26.668,4.289,2026-03-16 11:04:00.321546,71.24040985107422,129.8077850341797,0.0019156264606863,Solid line crossing
participant_18,5.0,day,Town10HD_Opt,Solid line crossing,26.686,0.092,2026-03-16 11:04:14.164685,1.18245530128479,131.31646728515625,0.0020270156674087,Solid line crossing
participant_18,5.0,day,Town10HD_Opt,Solid line crossing,30.74,11.921,2026-03-16 11:04:28.799513,-33.826534271240234,128.84519958496094,0.0020343016367405,Solid line crossing
participant_18,5.0,day,Town10HD_Opt,Solid line crossing,26.773,16.097,2026-03-16 11:04:42.299843,-39.66819381713867,74.90586853027344,0.0020232773385941,Solid line crossing
participant_18,5.0,day,Town10HD_Opt,Vehicle collision,16.007,-0.439,2026-03-16 11:04:47.168939,-19.6110782623291,69.68490600585938,0.0019555282779037,Vehicle collision
participant_18,6.0,day,Town10HD_Opt,Solid line crossing,16.87,-0.672,2026-03-16 11:15:15.244483,-27.64460182189941,69.431396484375,0.0019443510100245,Solid line crossing
participant_18,6.0,day,Town10HD_Opt,Solid line crossing,23.48,-11.13,2026-03-16 11:15:40.922557,43.93117904663086,55.76341247558594,0.0020524214487522,Solid line crossing
participant_18,6.0,day,Town10HD_Opt,Harsh braking,31.434,-3.631,2026-03-16 11:16:33.248482,80.19023895263672,-62.34478759765625,0.0019036867888644,decel_mps2=6.1
participant_18,6.0,day,Town10HD_Opt,Solid line crossing,35.9,-2.598,2026-03-16 11:16:42.948301,29.843324661254883,-66.8721923828125,0.0016390617238357,Solid line crossing
participant_18,6.0,day,Town10HD_Opt,Solid line crossing,34.402,-0.496,2026-03-16 11:16:49.855115,-33.7701416015625,-68.17533111572266,0.0022030253894627,Solid line crossing
participant_18,6.0,day,Town10HD_Opt,Stop sign violation,0.0,-1.316,2026-03-16 11:17:05.850989,-110.81993865966795,-13.806930541992188,0.0020865628030151,stop_sign_id=900
participant_18,6.0,day,Town10HD_Opt,Harsh braking,0.032,4.551,2026-03-16 11:17:14.248036,-110.81319427490234,-13.69276237487793,0.0019192122854292,decel_mps2=7.9
participant_18,6.0,day,Town10HD_Opt,Harsh braking,30.391,-4.204,2026-03-16 11:17:25.780926,-108.46398162841795,11.940075874328612,0.00231822906062,decel_mps2=6.1
participant_18,6.0,day,Town10HD_Opt,Harsh braking,0.0,0.566,2026-03-16 11:17:41.531075,-69.17359924316406,28.036285400390625,0.0019191741012036,decel_mps2=8.1
participant_18,6.0,day,Town10HD_Opt,Solid line crossing,34.121,-25.586,2026-03-16 11:17:54.268175,-38.82366943359375,31.4641056060791,0.0025208273436874,Solid line crossing
participant_18,6.0,day,Town10HD_Opt,Vehicle-pedestrian collision,11.61,-3.558,2026-03-16 11:18:17.945254,40.524681091308594,46.63946533203125,0.0016861347248777,Vehicle-pedestrian collision
participant_18,6.0,day,Town10HD_Opt,Solid line crossing,32.868,-17.808,2026-03-16 11:18:27.207537,43.63206100463867,65.41761016845703,0.0019971085712313,Solid line crossing
participant_18,6.0,day,Town10HD_Opt,Solid line crossing,26.792,24.917,2026-03-16 11:18:40.469851,95.06094360351562,72.87569427490234,0.0022569650318473,Solid line crossing
participant_18,6.0,day,Town10HD_Opt,Solid line crossing,37.721,4.874,2026-03-16 11:18:53.703215,68.25932312011719,130.5138702392578,0.0020768356043845,Solid line crossing
participant_18,6.0,day,Town10HD_Opt,Solid line crossing,0.003,13.514,2026-03-16 11:19:13.686287,-40.992225646972656,122.57750701904295,0.0029337671585381,Solid line crossing
participant_18,6.0,day,Town10HD_Opt,Solid line crossing,16.767,-4.825,2026-03-16 11:19:31.468837,-19.781917572021484,69.9000473022461,0.0019536209292709,Solid line crossing
participant_18,7.0,day,Town10HD_Opt,Harsh braking,26.937,7.941,2026-03-16 11:30:14.400922,-29.089500427246094,69.37748718261719,0.0022087858524173,decel_mps2=7.3
participant_18,7.0,day,Town10HD_Opt,Stop sign violation,0.0,0.0,2026-03-16 11:31:34.778741,44.37602996826172,50.00769805908203,0.0020349882543087,stop_sign_id=900
participant_18,7.0,day,Town10HD_Opt,Collision,0.0,0.0,2026-03-16 11:31:42.994515,44.37602996826172,50.00769805908203,0.0020349882543087,Collision
participant_18,7.0,day,Town10HD_Opt,Harsh braking,0.0,0.0,2026-03-16 11:31:56.701868,44.37602996826172,50.00769805908203,0.0020349882543087,decel_mps2=5.2
participant_18,7.0,day,Town10HD_Opt,Solid line crossing,0.0,0.0,2026-03-16 11:32:09.717905,44.37602996826172,50.00769805908203,0.0020349882543087,Solid line crossing
participant_18,7.0,day,Town10HD_Opt,Solid line crossing,0.0,0.0,2026-03-16 11:32:21.392000,44.37602996826172,50.00769805908203,0.0020349882543087,Solid line crossing
participant_18,8.0,day,Town10HD_Opt,Stop sign violation,39.615,0.63,2026-03-16 11:47:17.018820,-59.27817916870117,-66.22586059570312,0.0019919585902243,stop_sign_id=1300
participant_18,8.0,day,Town10HD_Opt,Stop sign violation,16.239,-0.578,2026-03-16 11:47:29.704711,-109.51904296875,-18.562986373901367,0.0019788360223174,stop_sign_id=1300
participant_18,8.0,day,Town10HD_Opt,Harsh braking,0.828,-0.623,2026-03-16 11:47:41.713545,-110.0838851928711,-5.8202643394470215,0.0019269561162218,decel_mps2=6.4
participant_18,8.0,day,Town10HD_Opt,Solid line crossing,19.739,-0.985,2026-03-16 11:47:51.110577,-110.15825653076172,-3.239508628845215,0.0015726089477539,Solid line crossing
participant_18,8.0,day,Town10HD_Opt,Solid line crossing,14.753,-4.372,2026-03-16 11:48:00.243313,-85.19866180419922,27.45439720153809,0.0020373915322124,Solid line crossing
participant_18,8.0,day,Town10HD_Opt,Solid line crossing,0.04,0.651,2026-03-16 11:48:12.746334,-69.17540740966797,28.223896026611328,0.0019193649059161,Solid line crossing
participant_18,8.0,day,Town10HD_Opt,Vehicle collision,10.843,0.667,2026-03-16 11:48:20.640901,-68.61638641357422,28.229049682617188,0.0014622878516092,Vehicle collision
participant_18,8.0,day,Town10HD_Opt,Solid line crossing,47.838,0.418,2026-03-16 11:48:25.962473,-21.07846069335937,28.151079177856445,0.0020899581722915,Solid line crossing
participant_18,8.0,day,Town10HD_Opt,Solid line crossing,18.318,16.055,2026-03-16 11:48:35.304813,32.5528450012207,28.986417770385746,0.0021002197172492,Solid line crossing
participant_18,8.0,day,Town10HD_Opt,Solid line crossing,2.947,0.289,2026-03-16 11:48:44.785932,40.4913444519043,51.84056091308594,0.0019477843306958,Solid line crossing
participant_18,8.0,day,Town10HD_Opt,Stop sign violation,31.261,-14.746,2026-03-16 11:48:53.551285,48.76880645751953,69.21576690673828,0.0019894407596439,stop_sign_id=946
participant_18,8.0,day,Town10HD_Opt,Solid line crossing,3.347,0.437,2026-03-16 11:49:03.312364,82.73712921142578,69.7586669921875,0.0019517516484484,Solid line crossing
participant_18,8.0,day,Town10HD_Opt,Solid line crossing,34.076,2.633,2026-03-16 11:49:21.554230,96.62857055664062,108.44374084472656,0.0015822219429537,Solid line crossing
participant_18,8.0,day,Town10HD_Opt,Solid line crossing,49.046,0.381,2026-03-16 11:49:26.956035,47.65666961669922,131.10594177246094,0.0021237945184111,Solid line crossing
participant_18,8.0,day,Town10HD_Opt,Stop sign violation,31.838,2.017,2026-03-16 11:49:39.241296,-25.93487930297852,130.04591369628906,0.0022366715129464,stop_sign_id=833
participant_18,8.0,day,Town10HD_Opt,Red light violation,22.182,-0.879,2026-03-16 11:49:56.228016,-36.78360366821289,82.71089935302734,0.105341300368309,Red light violation
participant_18,9.0,day,Town10HD_Opt,Solid line crossing,5.664,0.099,2026-03-16 12:00:24.526301,25.281721115112305,69.8538589477539,0.0016999816289171,Solid line crossing
participant_18,9.0,day,Town10HD_Opt,Vehicle-pedestrian collision,0.001,1.3,2026-03-16 12:01:10.078422,81.41089630126953,25.181486129760746,0.0019189834129065,Vehicle-pedestrian collision
participant_18,9.0,day,Town10HD_Opt,Solid line crossing,29.4,-3.643,2026-03-16 12:01:24.161784,106.17332458496094,5.854928493499756,0.001706504728645,Solid line crossing
participant_18,9.0,day,Town10HD_Opt,Solid line crossing,42.116,-3.558,2026-03-16 12:01:30.795063,101.92310333251952,-46.07426834106445,0.0021831130143254,Solid line crossing
participant_18,9.0,day,Town10HD_Opt,Solid line crossing,16.89,-1.485,2026-03-16 12:01:46.495012,53.06642532348633,-68.08413696289062,0.0014667129144072,Solid line crossing
participant_18,9.0,day,Town10HD_Opt,Harsh braking,52.322,-0.785,2026-03-16 12:01:54.488397,8.438464164733887,-66.77702331542969,0.0016461181221529,decel_mps2=6.7
participant_18,9.0,day,Town10HD_Opt,Stop sign violation,32.705,-2.334,2026-03-16 12:02:05.112223,-77.669189453125,-66.83565521240234,0.0022319792769849,stop_sign_id=900
participant_18,9.0,day,Town10HD_Opt,Solid line crossing,7.466,0.587,2026-03-16 12:02:18.475715,-110.06578826904295,-10.22219944000244,0.0019916915334761,Solid line crossing
participant_18,9.0,day,Town10HD_Opt,Vehicle-pedestrian collision,43.238,-3.648,2026-03-16 12:02:39.180416,-109.93143463134766,8.731232643127441,0.0024993896950036,Vehicle-pedestrian collision
participant_18,10.0,day,Town10HD_Opt,Solid line crossing,7.873,-9.437,2026-03-16 12:16:01.440128,74.2764892578125,25.89304542541504,0.0019924545194953,Solid line crossing
participant_18,10.0,day,Town10HD_Opt,Solid line crossing,0.459,0.916,2026-03-16 12:16:10.848785,79.35559844970703,25.647762298583984,0.00192344665993,Solid line crossing
participant_18,10.0,day,Town10HD_Opt,Stop sign violation,18.203,5.111,2026-03-16 12:16:19.649515,109.1479263305664,6.56766414642334,0.001671714708209,stop_sign_id=678
participant_18,10.0,day,Town10HD_Opt,Solid line crossing,44.56,-5.943,2026-03-16 12:16:31.304169,95.0953369140625,-53.82009506225586,0.0019760131835937,Solid line crossing
participant_18,10.0,day,Town10HD_Opt,Solid line crossing,47.023,-0.726,2026-03-16 12:16:40.807523,33.68385314941406,-67.43778991699219,0.0018770599272102,Solid line crossing
participant_18,10.0,day,Town10HD_Opt,Vehicle-pedestrian collision,13.123,0.649,2026-03-16 12:16:51.539446,-11.651445388793944,-65.26663970947266,0.0019528579432517,Vehicle-pedestrian collision
participant_18,10.0,day,Town10HD_Opt,Stop sign violation,28.575,-1.048,2026-03-16 12:17:00.209543,-59.46430969238281,-68.2103271484375,0.002275199862197,stop_sign_id=946
participant_18,10.0,day,Town10HD_Opt,Solid line crossing,18.476,-0.169,2026-03-16 12:17:14.327474,-110.00995635986328,-18.11701202392578,0.0019585799891501,Solid line crossing
participant_18,10.0,day,Town10HD_Opt,Solid line crossing,0.004,-0.501,2026-03-16 12:17:22.826952,-110.35845184326172,-4.681017875671387,0.0019208145095035,Solid line crossing
participant_18,10.0,day,Town10HD_Opt,Harsh braking,34.697,-1.481,2026-03-16 12:17:34.795030,-110.26731872558594,8.95225715637207,0.0019554519094526,decel_mps2=6.1
participant_18,10.0,day,Town10HD_Opt,Vehicle-pedestrian collision,3.976,1.965,2026-03-16 12:17:52.448969,-69.52076721191406,27.889549255371094,0.0017323684878647,Vehicle-pedestrian collision
participant_18,10.0,day,Town10HD_Opt,Solid line crossing,3.976,1.965,2026-03-16 12:17:53.207782,-69.52076721191406,27.889549255371094,0.0017323684878647,Solid line crossing
participant_18,10.0,day,Town10HD_Opt,Collision,51.147,-0.352,2026-03-16 12:17:57.584437,-35.32180404663086,28.21567726135254,0.0019580840598791,Collision
participant_18,10.0,day,Town10HD_Opt,Stop sign violation,27.013,-0.388,2026-03-16 12:18:00.411840,-14.146693229675291,28.2880973815918,0.00229885103181,stop_sign_id=1062
participant_18,10.0,day,Town10HD_Opt,Solid line crossing,32.065,-0.604,2026-03-16 12:19:22.090811,-41.60774230957031,113.80620574951172,0.0018551634857431,Solid line crossing
participant_18,10.0,day,Town10HD_Opt,Solid line crossing,25.395,8.253,2026-03-16 12:19:35.201440,-31.046283721923828,69.97176361083984,0.0018455504905432,Solid line crossing
participant_18,10.0,day,Town10HD_Opt,Solid line crossing,21.281,-0.298,2026-03-16 12:19:45.691757,10.38084602355957,70.08026885986328,0.002095756586641,Solid line crossing
participant_19,1.0,day,Town10HD_Opt,Harsh braking,15.963,-2.005,2026-03-16 13:00:17.927026,-14.845850944519045,70.27793884277344,0.0019590377341955,decel_mps2=5.5
participant_19,1.0,day,Town10HD_Opt,Solid line crossing,3.634,1.025,2026-03-16 13:01:13.662486,78.75160217285156,25.54976463317871,0.0019545364193618,Solid line crossing
participant_19,1.0,day,Town10HD_Opt,Solid line crossing,3.634,1.025,2026-03-16 13:01:13.952627,78.75160217285156,25.54976463317871,0.0019545364193618,Solid line crossing
participant_19,1.0,day,Town10HD_Opt,Solid line crossing,32.611,-3.799,2026-03-16 13:02:19.878666,-80.47006225585938,-64.84121704101562,0.0019438933813944,Solid line crossing
participant_19,1.0,day,Town10HD_Opt,Solid line crossing,9.433,1.873,2026-03-16 13:02:31.115564,-109.63888549804688,-14.093636512756348,0.0020108032040297,Solid line crossing
participant_19,1.0,day,Town10HD_Opt,Stop sign violation,16.444,-1.648,2026-03-16 13:03:02.189249,-79.41117095947266,27.99500846862793,0.0019694135989993,stop_sign_id=1300
participant_19,1.0,day,Town10HD_Opt,Solid line crossing,1.268,-0.468,2026-03-16 13:03:08.157797,-69.90887451171875,28.222124099731445,0.0018759154481813,Solid line crossing
participant_19,1.0,day,Town10HD_Opt,Solid line crossing,0.006,0.371,2026-03-16 13:03:19.121964,-69.16325378417969,28.22403907775879,0.001919021597132,Solid line crossing
participant_19,1.0,day,Town10HD_Opt,Solid line crossing,5.541,0.348,2026-03-16 13:03:43.043281,40.463008880615234,50.13042068481445,0.0019722366705536,Solid line crossing
participant_19,1.0,day,Town10HD_Opt,Collision,4.831,2.355,2026-03-16 13:04:01.911322,81.77489471435547,69.7387466430664,0.0019653320778161,Collision
participant_19,1.0,day,Town10HD_Opt,Vehicle collision,6.232,11.185,2026-03-16 13:04:44.188422,-40.53553771972656,123.06257629394533,0.0019910049159079,Vehicle collision
participant_19,2.0,day,Town10HD_Opt,Stop sign violation,8.346,-0.491,2026-03-16 13:16:12.385156,-8.643893241882324,-65.82633972167969,0.0019943618681281,stop_sign_id=946
participant_19,2.0,day,Town10HD_Opt,Solid line crossing,24.627,-0.924,2026-03-16 13:16:46.845176,-96.4498062133789,23.17538070678711,0.0017758178291842,Solid line crossing
participant_19,2.0,day,Town10HD_Opt,Solid line crossing,29.131,-0.341,2026-03-16 13:17:19.551440,-62.095703125,25.37736701965332,0.0016287612961605,Solid line crossing
participant_19,2.0,day,Town10HD_Opt,Vehicle collision,24.446,0.644,2026-03-16 13:17:31.890223,19.056819915771484,26.67576026916504,0.0021791839972138,Vehicle collision
participant_19,2.0,day,Town10HD_Opt,Solid line crossing,41.038,-13.819,2026-03-16 13:17:46.612012,46.75856399536133,67.67933654785156,0.0019315718673169,Solid line crossing
participant_19,2.0,day,Town10HD_Opt,Vehicle collision,7.585,-0.012,2026-03-16 13:17:54.514770,83.9327392578125,70.13008880615234,0.0020265197381377,Vehicle collision
participant_19,2.0,day,Town10HD_Opt,Solid line crossing,25.135,-0.766,2026-03-16 13:18:15.382204,-9.211407661437988,132.2056427001953,0.0021735380869358,Solid line crossing
participant_19,2.0,day,Town10HD_Opt,Solid line crossing,24.682,-2.259,2026-03-16 13:18:24.434305,-43.301849365234375,103.59978485107422,0.0021055222023278,Solid line crossing
participant_19,2.0,day,Town10HD_Opt,Solid line crossing,0.25,13.312,2026-03-16 13:18:50.895561,62.98335266113281,23.971784591674805,0.0302357468754053,Solid line crossing
participant_19,2.0,day,Town10HD_Opt,Stop sign violation,10.334,17.401,2026-03-16 13:18:57.548425,63.31822967529297,24.8635196685791,0.0017716598231345,stop_sign_id=833
participant_19,2.0,day,Town10HD_Opt,Solid line crossing,48.489,-4.605,2026-03-16 13:19:14.394009,106.7923583984375,10.287593841552734,0.0020877455826848,Solid line crossing
participant_19,2.0,day,Town10HD_Opt,Solid line crossing,49.273,-11.197,2026-03-16 13:19:22.685706,79.77896881103516,-62.73600006103516,0.0017748641548678,Solid line crossing
participant_19,2.0,day,Town10HD_Opt,Solid line crossing,39.081,1.126,2026-03-16 13:19:33.417133,-14.809537887573242,-64.44108581542969,0.0024095915723592,Solid line crossing
participant_19,2.0,day,Town10HD_Opt,Solid line crossing,0.0,1.128,2026-03-16 13:19:37.432568,-23.60560417175293,-64.6944351196289,0.0019189834129065,Solid line crossing
participant_19,3.0,day,Town10HD_Opt,Stop sign violation,20.254,0.117,2026-03-16 13:30:20.027612,26.8689079284668,69.76286315917969,0.0021987913642078,stop_sign_id=946
participant_19,3.0,day,Town10HD_Opt,Solid line crossing,0.0,-0.797,2026-03-16 13:31:00.320906,66.84580993652344,25.476762771606445,0.0019191741012036,Solid line crossing
participant_19,3.0,day,Town10HD_Opt,Solid line crossing,0.0,-0.656,2026-03-16 13:31:08.081874,66.84580993652344,25.476762771606445,0.0019191741012036,Solid line crossing
participant_19,3.0,day,Town10HD_Opt,Solid line crossing,46.687,-3.822,2026-03-16 13:31:39.096306,101.4979476928711,-45.293304443359375,0.0021396635565906,Solid line crossing
participant_19,3.0,day,Town10HD_Opt,Vehicle-pedestrian collision,14.199,-5.803,2026-03-16 13:31:54.560567,-13.42420482635498,-64.86642456054688,0.0020449447911232,Vehicle-pedestrian collision
participant_19,3.0,day,Town10HD_Opt,Vehicle collision,33.035,0.479,2026-03-16 13:32:10.068689,-34.43396759033203,-65.31774139404297,0.0019495772430673,Vehicle collision
participant_19,3.0,day,Town10HD_Opt,Solid line crossing,38.44,-16.255,2026-03-16 13:33:26.538870,38.95363235473633,42.54581451416016,0.0023048019502311,Solid line crossing
participant_19,3.0,day,Town10HD_Opt,Solid line crossing,48.764,4.584,2026-03-16 13:33:42.740208,96.62456512451172,106.94249725341795,0.0021408081520348,Solid line crossing
participant_19,3.0,day,Town10HD_Opt,Harsh braking,50.052,0.106,2026-03-16 13:33:52.857424,16.124195098876953,132.68295288085938,0.0020414351020008,decel_mps2=7.3
participant_19,3.0,day,Town10HD_Opt,Solid line crossing,23.161,12.762,2026-03-16 13:34:05.283582,-41.62013626098633,77.49248504638672,0.002141609089449,Solid line crossing
participant_19,3.0,day,Town10HD_Opt,Solid line crossing,23.68,-10.567,2026-03-16 13:34:17.085751,31.155500411987305,69.5948257446289,0.0018303298857063,Solid line crossing
participant_19,3.0,day,Town10HD_Opt,Vehicle collision,32.239,5.404,2026-03-16 13:34:29.492060,62.64310836791992,26.47919654846192,0.0019551848527044,Vehicle collision
participant_19,3.0,day,Town10HD_Opt,Solid line crossing,0.0,0.106,2026-03-16 13:34:44.108813,81.00411224365234,26.91552352905273,0.0019193267216905,Solid line crossing
participant_19,3.0,day,Town10HD_Opt,Solid line crossing,18.036,0.385,2026-03-16 13:34:55.780722,107.24610900878906,7.840025901794434,0.0021878813859075,Solid line crossing
participant_19,4.0,day,Town10HD_Opt,Stop sign violation,50.727,-11.762,2026-03-16 13:46:08.448572,93.40110778808594,28.452741622924805,0.0018880462739616,stop_sign_id=1050
participant_19,4.0,day,Town10HD_Opt,Vehicle collision,37.37,-5.744,2026-03-16 13:46:21.873635,89.97241973876953,-56.33723831176758,0.0018958281725645,Vehicle collision
participant_19,4.0,day,Town10HD_Opt,Solid line crossing,44.265,-1.422,2026-03-16 13:46:27.861614,40.46179962158203,-65.7566909790039,0.0022018433082848,Solid line crossing
participant_19,4.0,day,Town10HD_Opt,Solid line crossing,21.277,0.0,2026-03-16 13:47:58.229854,-4.278277397155762,28.693586349487305,0.0018860625568777,Solid line crossing
participant_19,4.0,day,Town10HD_Opt,Solid line crossing,30.494,0.07,2026-03-16 13:48:01.072558,10.615973472595217,28.498056411743164,0.0020683668553829,Solid line crossing
participant_19,4.0,day,Town10HD_Opt,Solid line crossing,16.011,14.501,2026-03-16 13:48:08.925983,40.062767028808594,34.632408142089844,0.0019946289248764,Solid line crossing
participant_19,4.0,day,Town10HD_Opt,Solid line crossing,13.989,-19.707,2026-03-16 13:48:24.602752,47.55562210083008,69.70861053466797,0.0019945525564253,Solid line crossing
participant_19,5.0,day,Town10HD_Opt,Stop sign violation,13.501,13.868,2026-03-16 14:00:16.485212,-24.95501136779785,67.82719421386719,0.001891937223263,stop_sign_id=1200
participant_19,5.0,day,Town10HD_Opt,Vehicle-pedestrian collision,6.236,-10.651,2026-03-16 14:00:42.442193,35.37876510620117,68.91341400146484,0.0019598007202148,Vehicle-pedestrian collision
participant_19,5.0,day,Town10HD_Opt,Stop sign violation,12.349,7.506,2026-03-16 14:01:16.547939,53.24803924560547,27.93854522705078,0.0017709350213408,stop_sign_id=1120
participant_19,5.0,day,Town10HD_Opt,Stop sign violation,17.584,-1.509,2026-03-16 14:01:18.675877,59.5982551574707,26.85485076904297,0.0019112395821139,stop_sign_id=754
participant_19,5.0,day,Town10HD_Opt,Solid line crossing,5.02,-0.002,2026-03-16 14:01:29.756327,79.53733825683594,24.65789031982422,0.0019671248737722,Solid line crossing
participant_19,5.0,day,Town10HD_Opt,Vehicle collision,10.369,-0.773,2026-03-16 14:01:46.192162,85.28617095947266,24.99994850158692,0.0018410109914839,Vehicle collision
participant_19,5.0,day,Town10HD_Opt,Vehicle-pedestrian collision,13.592,-20.241,2026-03-16 14:01:57.218529,109.2259750366211,12.347168922424316,0.0018348693847656,Vehicle-pedestrian collision
participant_19,5.0,day,Town10HD_Opt,Stop sign violation,24.209,-5.035,2026-03-16 14:02:11.025315,103.25282287597656,-45.69716644287109,0.0020382690709084,stop_sign_id=946
participant_19,5.0,day,Town10HD_Opt,Solid line crossing,19.211,-4.365,2026-03-16 14:02:18.442545,84.24230194091797,-63.69119644165039,0.0020079421810805,Solid line crossing
participant_19,5.0,day,Town10HD_Opt,Harsh braking,28.042,-1.003,2026-03-16 14:02:29.521633,30.97986221313477,-67.38677978515625,0.0020291518885642,decel_mps2=4.9
participant_19,5.0,day,Town10HD_Opt,Solid line crossing,7.654,0.073,2026-03-16 14:02:41.722382,-20.579078674316406,-68.23675537109375,0.0020355605520308,Solid line crossing
participant_19,5.0,day,Town10HD_Opt,Solid line crossing,36.147,0.284,2026-03-16 14:02:53.943506,-48.60894393920898,-68.6021728515625,0.0019593429751694,Solid line crossing
participant_19,5.0,day,Town10HD_Opt,Solid line crossing,26.581,-4.629,2026-03-16 14:03:02.530189,-87.84526824951172,-64.8443603515625,0.0019858931191265,Solid line crossing
participant_19,5.0,day,Town10HD_Opt,Collision,13.378,-0.771,2026-03-16 14:03:13.537452,-110.92621612548828,-12.291889190673828,0.0020431517623364,Collision
participant_19,5.0,day,Town10HD_Opt,Harsh braking,11.24,-0.303,2026-03-16 14:03:54.112117,-71.58151245117188,27.632116317749023,0.0018502426100894,decel_mps2=7.9
participant_19,6.0,day,Town10HD_Opt,Solid line crossing,18.966,-0.599,2026-03-16 14:15:33.890074,1.7583065032958984,70.24959564208984,0.002193679800257,Solid line crossing
participant_19,6.0,day,Town10HD_Opt,Solid line crossing,27.596,42.132,2026-03-16 14:15:58.578351,46.16826248168945,29.533447265625,0.0025424575433135,Solid line crossing
participant_19,6.0,day,Town10HD_Opt,Solid line crossing,26.968,7.767,2026-03-16 14:16:04.389180,69.70418548583984,25.173274993896484,0.0020872496534138,Solid line crossing
participant_19,6.0,day,Town10HD_Opt,Solid line crossing,8.002,-1.925,2026-03-16 14:16:07.033265,80.37504577636719,25.33611488342285,0.0021104430779814,Solid line crossing
participant_19,6.0,day,Town10HD_Opt,Solid line crossing,34.49,-15.041,2026-03-16 14:16:18.246822,96.6039047241211,24.82169914245605,0.0019589613657444,Solid line crossing
participant_19,6.0,day,Town10HD_Opt,Solid line crossing,37.015,-8.89,2026-03-16 14:16:30.747882,105.14979553222656,-44.41308975219727,0.0018860625568777,Solid line crossing
participant_19,6.0,day,Town10HD_Opt,Solid line crossing,37.063,2.424,2026-03-16 14:16:44.464379,36.65891647338867,-67.91923522949219,0.0022779845166951,Solid line crossing
participant_19,6.0,day,Town10HD_Opt,Harsh braking,30.243,-3.723,2026-03-16 14:17:07.066382,-110.66095733642578,-37.14831161499024,0.0020463562104851,decel_mps2=5.2
participant_19,6.0,day,Town10HD_Opt,Vehicle collision,0.006,-0.24,2026-03-16 14:17:27.867977,-110.66973114013672,-5.873006343841553,0.0019189071608707,Vehicle collision
participant_19,6.0,day,Town10HD_Opt,Solid line crossing,24.016,4.676,2026-03-16 14:17:41.773615,-91.90037536621094,25.377809524536133,0.0018664931412786,Solid line crossing
participant_19,6.0,day,Town10HD_Opt,Solid line crossing,0.001,-4.207,2026-03-16 14:18:24.330218,87.80623626708984,70.435302734375,0.0024822996929287,Solid line crossing
participant_19,6.0,day,Town10HD_Opt,Solid line crossing,0.0,0.021,2026-03-16 14:18:42.899059,87.80728149414062,70.43538665771484,0.0019191360333934,Solid line crossing
participant_19,6.0,day,Town10HD_Opt,Red light violation,33.526,1.18,2026-03-16 14:19:05.549316,73.81245422363281,136.65505981445312,0.001977882348001,Red light violation
participant_19,6.0,day,Town10HD_Opt,Stop sign violation,26.488,0.263,2026-03-16 14:19:35.175988,-25.68378639221192,70.340087890625,0.0019252776401117,stop_sign_id=754
participant_19,6.0,day,Town10HD_Opt,Stop sign violation,0.0,-0.942,2026-03-16 14:19:48.091461,24.25581741333008,70.2219009399414,0.0019944382365792,stop_sign_id=1062
participant_19,7.0,day,Town10HD_Opt,Solid line crossing,35.45,-10.677,2026-03-16 14:30:22.792432,43.09489822387695,58.72285842895508,0.0019840239547193,Solid line crossing
participant_19,7.0,day,Town10HD_Opt,Harsh braking,36.657,-7.534,2026-03-16 14:30:50.069865,88.42971801757812,24.743671417236328,0.0019359969301149,decel_mps2=6.7
participant_19,7.0,day,Town10HD_Opt,Solid line crossing,16.808,-2.108,2026-03-16 14:30:56.353081,105.15064239501952,8.36112117767334,0.0019525146344676,Solid line crossing
participant_19,7.0,day,Town10HD_Opt,Stop sign violation,43.232,-0.562,2026-03-16 14:31:16.867696,39.12228012084961,-65.3915023803711,0.0018814849900081,stop_sign_id=946
participant_19,7.0,day,Town10HD_Opt,Solid line crossing,50.829,-6.592,2026-03-16 14:31:33.635205,-94.01898956298828,-59.70124053955078,0.0019725037273019,Solid line crossing
participant_19,7.0,day,Town10HD_Opt,Stop sign violation,0.001,-0.808,2026-03-16 14:32:00.677200,-110.74138641357422,-4.8493523597717285,0.0021619796752929,stop_sign_id=1200
participant_19,7.0,day,Town10HD_Opt,Solid line crossing,0.001,-0.808,2026-03-16 14:32:01.551906,-110.74138641357422,-4.8493523597717285,0.0021619796752929,Solid line crossing
participant_19,7.0,day,Town10HD_Opt,Stop sign violation,47.258,0.935,2026-03-16 14:32:41.464969,57.75436401367188,69.87682342529297,0.0019005202921107,stop_sign_id=1120
participant_19,7.0,day,Town10HD_Opt,Solid line crossing,6.736,-0.745,2026-03-16 14:33:25.530644,19.948198318481445,69.71697998046875,0.0019974517636001,Solid line crossing
participant_19,7.0,day,Town10HD_Opt,Solid line crossing,26.174,-0.592,2026-03-16 14:33:33.765909,44.00517654418945,45.810813903808594,0.0017277526203542,Solid line crossing
participant_19,7.0,day,Town10HD_Opt,Solid line crossing,27.996,-1.814,2026-03-16 14:33:41.998395,77.18416595458984,28.17047882080078,0.0016269301995635,Solid line crossing
participant_19,7.0,day,Town10HD_Opt,Stop sign violation,34.784,0.0,2026-03-16 14:34:39.014635,-48.70996856689453,34.351341247558594,0.0020370865240693,stop_sign_id=946
participant_19,8.0,day,Town10HD_Opt,Solid line crossing,21.679,-13.319,2026-03-16 14:45:29.712689,40.45393371582031,64.93411254882812,0.0020036697387695,Solid line crossing
participant_19,8.0,day,Town10HD_Opt,Solid line crossing,23.112,-6.504,2026-03-16 14:45:32.465031,44.70068740844727,54.02166748046875,0.0022387695498764,Solid line crossing
participant_19,8.0,day,Town10HD_Opt,Solid line crossing,13.691,4.308,2026-03-16 14:45:45.667251,62.478397369384766,27.48788833618164,0.0019592284224927,Solid line crossing
participant_19,8.0,day,Town10HD_Opt,Solid line crossing,0.006,0.858,2026-03-16 14:46:01.911320,68.19676971435547,28.18901634216309,0.0019187927246093,Solid line crossing
participant_19,8.0,day,Town10HD_Opt,Solid line crossing,32.799,-3.328,2026-03-16 14:46:17.151161,86.9791488647461,27.79753303527832,0.003997306805104,Solid line crossing
participant_19,8.0,day,Town10HD_Opt,Solid line crossing,21.853,-3.346,2026-03-16 14:46:28.694930,105.95948028564452,-27.650156021118164,0.0022573471069335,Solid line crossing
participant_19,8.0,day,Town10HD_Opt,Solid line crossing,38.989,0.623,2026-03-16 14:46:41.276580,42.08163833618164,-66.1092300415039,0.0019744490273296,Solid line crossing
participant_19,8.0,day,Town10HD_Opt,Stop sign violation,18.506,-0.005,2026-03-16 14:46:52.064558,-4.533103942871094,-67.40455627441406,0.0020404814276844,stop_sign_id=754
participant_19,8.0,day,Town10HD_Opt,Solid line crossing,17.94,-1.556,2026-03-16 14:47:10.051000,-108.77474975585938,-34.89955139160156,0.0022391891106963,Solid line crossing
participant_19,8.0,day,Town10HD_Opt,Harsh braking,18.183,0.63,2026-03-16 14:47:17.041595,-110.58645629882812,-14.71245288848877,0.0020237730350345,decel_mps2=8.1
participant_19,8.0,day,Town10HD_Opt,Solid line crossing,0.002,-0.322,2026-03-16 14:47:31.966222,-110.4499282836914,-5.051635265350342,0.0019191741012036,Solid line crossing
participant_19,8.0,day,Town10HD_Opt,Vehicle-pedestrian collision,11.376,-1.147,2026-03-16 14:47:46.985459,-77.44517517089844,27.89361000061035,0.0020274352282285,Vehicle-pedestrian collision
participant_19,8.0,day,Town10HD_Opt,Collision,24.172,-0.32,2026-03-16 14:48:00.901733,-64.32853698730469,27.924161911010746,0.0017004393739625,Collision
participant_19,8.0,day,Town10HD_Opt,Solid line crossing,15.173,-0.456,2026-03-16 14:48:12.678936,23.58906364440918,28.319000244140625,0.0020235062111169,Solid line crossing
participant_19,8.0,day,Town10HD_Opt,Red light violation,17.698,-0.771,2026-03-16 14:48:26.051664,40.54122543334961,55.879173278808594,0.0018467330373823,Red light violation
participant_19,8.0,day,Town10HD_Opt,Solid line crossing,24.786,-1.568,2026-03-16 14:48:33.877519,62.9130973815918,70.47650909423828,0.0022764587774872,Solid line crossing
participant_19,8.0,day,Town10HD_Opt,Stop sign violation,30.426,5.184,2026-03-16 14:48:58.848273,48.84404754638672,131.07460021972656,0.0023101805709302,stop_sign_id=1050
participant_19,9.0,day,Town10HD_Opt,Solid line crossing,10.71,-1.055,2026-03-16 15:00:12.687434,-27.883283615112305,69.81361389160156,0.001941604539752,Solid line crossing
participant_19,9.0,day,Town10HD_Opt,Stop sign violation,14.996,-0.797,2026-03-16 15:00:30.359585,15.348054885864258,69.69243621826172,0.0019086456159129,stop_sign_id=946
participant_20,1.0,day,Town10HD_Opt,Stop sign violation,0.001,4.263,2026-03-16 15:00:56.543111,67.07096862792969,25.26467514038086,0.0022031015250831,stop_sign_id=754
participant_20,1.0,day,Town10HD_Opt,Red light violation,0.0,6.331,2026-03-16 15:01:05.318480,69.72496032714844,25.29109001159668,0.0019663237035274,Red light violation
participant_19,9.0,day,Town10HD_Opt,Solid line crossing,18.292,4.447,2026-03-16 15:01:15.717896,64.23878479003906,25.28121566772461,0.0020677566062659,Solid line crossing
participant_20,1.0,day,Town10HD_Opt,Harsh braking,31.255,-11.979,2026-03-16 15:01:17.851735,89.27271270751953,29.46712875366211,0.0020297621376812,decel_mps2=6.7
participant_19,9.0,day,Town10HD_Opt,Solid line crossing,0.0,-2.245,2026-03-16 15:01:19.835932,71.8665771484375,24.919940948486328,0.0019322966691106,Solid line crossing
participant_20,1.0,day,Town10HD_Opt,Solid line crossing,33.723,-2.193,2026-03-16 15:01:29.369083,105.8372802734375,-27.49700164794922,0.0016987996641546,Solid line crossing
participant_20,1.0,day,Town10HD_Opt,Vehicle collision,40.429,-3.841,2026-03-16 15:01:30.999707,104.0008773803711,-36.11845779418945,0.0019360352307558,Vehicle collision
participant_20,1.0,day,Town10HD_Opt,Harsh braking,38.257,-1.974,2026-03-16 15:01:41.139222,42.69379806518555,-66.50899505615234,0.0023074336349964,decel_mps2=4.9
participant_19,9.0,day,Town10HD_Opt,Solid line crossing,18.125,1.796,2026-03-16 15:01:50.912684,107.32737731933594,-1.3954167366027832,0.002120018005371,Solid line crossing
participant_20,1.0,day,Town10HD_Opt,Solid line crossing,43.386,0.176,2026-03-16 15:01:58.331201,-39.54990005493164,-68.29503631591797,0.0019453431013971,Solid line crossing
participant_19,9.0,day,Town10HD_Opt,Solid line crossing,21.776,-1.29,2026-03-16 15:02:00.657668,108.78812408447266,-26.194425582885746,0.0019885634537786,Solid line crossing
participant_20,1.0,day,Town10HD_Opt,Solid line crossing,49.267,-5.21,2026-03-16 15:02:04.874921,-96.62828063964844,-58.73188400268555,0.0020502090919762,Solid line crossing
participant_19,9.0,day,Town10HD_Opt,Solid line crossing,13.648,-18.744,2026-03-16 15:02:13.790008,63.57710266113281,-69.46577453613281,0.0020195769611746,Solid line crossing
participant_19,9.0,day,Town10HD_Opt,Stop sign violation,18.901,0.555,2026-03-16 15:02:27.700569,17.221208572387695,-66.81169128417969,0.0020073698833584,stop_sign_id=1062
participant_20,1.0,day,Town10HD_Opt,Solid line crossing,0.052,0.975,2026-03-16 15:02:32.108914,-110.89200592041016,-5.449070930480957,0.0019198226509615,Solid line crossing
participant_19,9.0,day,Town10HD_Opt,Solid line crossing,0.004,0.388,2026-03-16 15:02:40.450523,-22.01359748840332,-68.1447525024414,0.0019240950932726,Solid line crossing
participant_20,1.0,day,Town10HD_Opt,Collision,38.331,1.274,2026-03-16 15:02:41.610659,-88.92791748046875,24.863136291503903,0.0023663323372602,Collision
participant_19,9.0,day,Town10HD_Opt,Solid line crossing,0.006,-0.249,2026-03-16 15:02:54.617636,-22.84749412536621,-68.17276000976562,0.0019189071608707,Solid line crossing
participant_20,1.0,day,Town10HD_Opt,Solid line crossing,20.233,-0.033,2026-03-16 15:02:57.230666,-67.11150360107422,26.204240798950195,0.0016038521425798,Solid line crossing
participant_19,9.0,day,Town10HD_Opt,Solid line crossing,14.618,-0.36,2026-03-16 15:03:07.033992,-55.93345260620117,-68.9952163696289,0.0019380950834602,Solid line crossing
participant_19,9.0,day,Town10HD_Opt,Solid line crossing,20.893,-3.283,2026-03-16 15:03:24.468837,-109.70909118652344,-40.24661636352539,0.0020243835169821,Solid line crossing
participant_19,9.0,day,Town10HD_Opt,Vehicle-pedestrian collision,1.059,0.634,2026-03-16 15:03:35.719913,-110.77910614013672,-17.86648941040039,0.0019243239657953,Vehicle-pedestrian collision
participant_20,1.0,day,Town10HD_Opt,Solid line crossing,6.988,0.893,2026-03-16 15:03:40.118452,80.85965728759766,70.4411392211914,0.0019466399680823,Solid line crossing
participant_20,1.0,day,Town10HD_Opt,Solid line crossing,22.873,11.402,2026-03-16 15:04:24.982221,-40.84976577758789,121.01180267333984,0.0022374719846993,Solid line crossing
participant_20,1.0,day,Town10HD_Opt,Solid line crossing,27.23,12.665,2026-03-16 15:04:36.050570,-34.37453842163086,71.25343322753906,0.0022116848267614,Solid line crossing
participant_20,1.0,day,Town10HD_Opt,Solid line crossing,0.276,4.468,2026-03-16 15:04:47.976384,-11.106465339660645,70.43338012695312,0.0019049071706831,Solid line crossing
participant_19,10.0,day,Town10HD_Opt,Harsh braking,18.036,-3.069,2026-03-16 15:15:19.532618,-16.6281681060791,68.5275650024414,0.0020820617210119,decel_mps2=5.5
participant_19,10.0,day,Town10HD_Opt,Solid line crossing,7.549,-9.586,2026-03-16 15:15:40.854837,34.22856521606445,69.25691986083984,0.0019939041230827,Solid line crossing
participant_19,10.0,day,Town10HD_Opt,Solid line crossing,12.649,-19.353,2026-03-16 15:15:45.763049,40.66867446899414,65.94512176513672,0.001843032776378,Solid line crossing
participant_19,10.0,day,Town10HD_Opt,Solid line crossing,12.294,-4.464,2026-03-16 15:16:18.696159,63.00629425048828,26.157543182373047,0.0020360182970762,Solid line crossing
participant_19,10.0,day,Town10HD_Opt,Solid line crossing,7.24,7.686,2026-03-16 15:16:23.721124,69.73639678955078,24.63411521911621,0.0018845367012545,Solid line crossing
participant_19,10.0,day,Town10HD_Opt,Solid line crossing,0.182,0.282,2026-03-16 15:16:41.962718,81.47390747070312,24.715335845947266,0.0019149398431181,Solid line crossing
participant_20,2.0,day,Town10HD_Opt,Solid line crossing,19.25,-0.846,2026-03-16 15:16:50.405956,106.84666442871094,1.931162476539612,0.0019977188203483,Solid line crossing
participant_19,10.0,day,Town10HD_Opt,Solid line crossing,15.937,-3.745,2026-03-16 15:16:51.312758,101.96031951904295,20.910375595092773,0.0020024108234792,Solid line crossing
participant_20,2.0,day,Town10HD_Opt,Solid line crossing,14.199,1.88,2026-03-16 15:16:52.266526,107.83150482177734,-4.216917514801025,0.0020401764195412,Solid line crossing
participant_19,10.0,day,Town10HD_Opt,Solid line crossing,18.937,7.261,2026-03-16 15:17:00.969450,107.40682220458984,-0.5002077221870422,0.0020275877323001,Solid line crossing
participant_20,2.0,day,Town10HD_Opt,Stop sign violation,24.92,-5.446,2026-03-16 15:17:05.734708,102.36598205566406,-47.59347534179688,0.0019929504487663,stop_sign_id=678
participant_19,10.0,day,Town10HD_Opt,Solid line crossing,23.585,-2.203,2026-03-16 15:17:12.665757,99.95765686035156,-50.30829620361328,0.0020794295705854,Solid line crossing
participant_20,2.0,day,Town10HD_Opt,Stop sign violation,13.648,-18.744,2026-03-16 15:17:13.789390,63.57710266113281,-69.46577453613281,0.0020195769611746,stop_sign_id=1062
participant_19,10.0,day,Town10HD_Opt,Solid line crossing,25.26,-0.792,2026-03-16 15:17:23.738172,57.30744934082031,-67.92973327636719,0.0020277022849768,Solid line crossing
participant_20,2.0,day,Town10HD_Opt,Stop sign violation,12.842,-2.626,2026-03-16 15:17:24.255917,27.96954727172852,-66.9017333984375,0.0020404814276844,stop_sign_id=900
participant_19,10.0,day,Town10HD_Opt,Solid line crossing,18.979,0.562,2026-03-16 15:17:34.616157,-3.133676290512085,-68.1910171508789,0.0022441099863499,Solid line crossing
participant_20,2.0,day,Town10HD_Opt,Solid line crossing,17.825,0.501,2026-03-16 15:17:35.417876,-14.107630729675291,-67.87938690185547,0.0020497513469308,Solid line crossing
participant_19,10.0,day,Town10HD_Opt,Solid line crossing,0.007,0.174,2026-03-16 15:17:47.006001,-21.46320343017578,-68.23546600341797,0.0019188689766451,Solid line crossing
participant_20,2.0,day,Town10HD_Opt,Solid line crossing,1.534,-0.066,2026-03-16 15:17:49.307348,-22.14161491394043,-68.14909362792969,0.0018629073165357,Solid line crossing
participant_20,2.0,day,Town10HD_Opt,Harsh braking,0.005,-0.287,2026-03-16 15:17:53.510708,-22.84727668762207,-68.17276000976562,0.0019192122854292,decel_mps2=6.1
participant_20,2.0,day,Town10HD_Opt,Solid line crossing,18.469,0.634,2026-03-16 15:17:59.142972,-27.804452896118164,-68.39021301269531,0.0020118332467973,Solid line crossing
participant_19,10.0,day,Town10HD_Opt,Harsh braking,24.721,-4.44,2026-03-16 15:18:01.172649,-83.66854095458984,-66.45964813232422,0.0019781875889748,decel_mps2=5.5
participant_19,10.0,day,Town10HD_Opt,Solid line crossing,25.1,1.965,2026-03-16 15:18:11.403091,-110.9933090209961,-19.9505615234375,0.0022542572114616,Solid line crossing
participant_20,2.0,day,Town10HD_Opt,Solid line crossing,23.07,-1.394,2026-03-16 15:18:12.465163,-74.94427490234375,-68.14754486083984,0.0020019148942083,Solid line crossing
participant_20,2.0,day,Town10HD_Opt,Solid line crossing,18.483,-3.601,2026-03-16 15:18:26.350898,-111.30011749267578,-33.249549865722656,0.0021294020116329,Solid line crossing
participant_19,10.0,day,Town10HD_Opt,Solid line crossing,5.597,27.954,2026-03-16 15:19:39.145320,43.46949005126953,43.68626022338867,0.0018882369622588,Solid line crossing
participant_20,3.0,day,Town10HD_Opt,Vehicle-pedestrian collision,33.771,-13.48,2026-03-16 15:31:05.309858,98.53260803222656,21.96739959716797,0.0023817443288862,Vehicle-pedestrian collision
participant_20,3.0,day,Town10HD_Opt,Red light violation,27.358,-12.866,2026-03-16 15:31:05.882753,102.56045532226562,18.55040168762207,0.0022650526370853,Red light violation
participant_20,3.0,day,Town10HD_Opt,Solid line crossing,41.132,-4.211,2026-03-16 15:31:18.222808,90.59162902832033,-57.91563034057617,0.0021228790283203,Solid line crossing
participant_20,3.0,day,Town10HD_Opt,Solid line crossing,37.06,-4.291,2026-03-16 15:31:56.679138,-109.12671661376952,-36.35734939575195,0.0018696212209761,Solid line crossing
participant_20,3.0,day,Town10HD_Opt,Harsh braking,0.001,0.637,2026-03-16 15:32:08.494587,-110.50615692138672,-14.659107208251951,0.0019189834129065,decel_mps2=6.1
participant_20,3.0,day,Town10HD_Opt,Solid line crossing,0.001,1.025,2026-03-16 15:32:17.744275,-110.50615692138672,-14.659107208251951,0.0019190978491678,Solid line crossing
participant_20,3.0,day,Town10HD_Opt,Stop sign violation,0.0,-0.848,2026-03-16 15:32:31.262211,-111.5049285888672,-3.887721538543701,0.0020174025557935,stop_sign_id=678
participant_20,3.0,day,Town10HD_Opt,Solid line crossing,0.006,-1.022,2026-03-16 15:32:41.212348,-111.50493621826172,-3.886509895324707,0.001919021597132,Solid line crossing
participant_20,3.0,day,Town10HD_Opt,Stop sign violation,34.098,-5.697,2026-03-16 15:32:53.722672,-110.96034240722656,7.205135345458984,0.001861915574409,stop_sign_id=900
participant_20,3.0,day,Town10HD_Opt,Solid line crossing,0.03,0.538,2026-03-16 15:33:10.841644,-68.86380004882812,28.152198791503903,0.0019232177874073,Solid line crossing
participant_20,3.0,day,Town10HD_Opt,Stop sign violation,0.147,0.183,2026-03-16 15:33:18.107792,-68.66364288330078,28.1507511138916,0.0019203948322683,stop_sign_id=1300
participant_20,3.0,day,Town10HD_Opt,Solid line crossing,51.363,-0.096,2026-03-16 15:33:29.457891,-50.02034378051758,28.513044357299805,0.0017238998552784,Solid line crossing
participant_20,3.0,day,Town10HD_Opt,Vehicle collision,43.679,0.016,2026-03-16 15:34:25.920646,30.43918228149414,131.4908905029297,0.0020678711589425,Vehicle collision
participant_20,4.0,day,Town10HD_Opt,Stop sign violation,17.536,-0.035,2026-03-16 15:45:22.726760,40.9937744140625,61.04343032836914,0.0015538405859842,stop_sign_id=678
participant_20,4.0,day,Town10HD_Opt,Harsh braking,10.934,19.193,2026-03-16 15:45:32.346745,50.198055267333984,30.247690200805664,0.0020414732862263,decel_mps2=5.5
participant_20,4.0,day,Town10HD_Opt,Stop sign violation,7.072,4.126,2026-03-16 15:45:46.526531,68.27115631103516,24.12911033630371,0.0020491026807576,stop_sign_id=946
participant_20,4.0,day,Town10HD_Opt,Solid line crossing,0.05,0.731,2026-03-16 15:46:01.616734,69.0235824584961,24.13430404663086,0.0019188689766451,Solid line crossing
participant_20,4.0,day,Town10HD_Opt,Solid line crossing,12.596,-0.113,2026-03-16 15:46:18.567706,105.34901428222656,10.528790473937988,0.0020503234118223,Solid line crossing
participant_20,4.0,day,Town10HD_Opt,Solid line crossing,0.0,-0.533,2026-03-16 15:47:10.894505,-24.91430282592773,-65.01899719238281,0.0019194793421775,Solid line crossing
participant_20,4.0,day,Town10HD_Opt,Solid line crossing,0.196,0.054,2026-03-16 15:47:44.874770,-111.02849578857422,-8.512112617492676,0.0019209289457648,Solid line crossing
participant_20,4.0,day,Town10HD_Opt,Solid line crossing,45.004,-26.997,2026-03-16 15:47:58.444104,-98.38892364501952,25.175994873046875,0.0019240950932726,Solid line crossing
participant_20,4.0,day,Town10HD_Opt,Solid line crossing,0.0,-0.27,2026-03-16 15:48:07.057709,-67.49921417236328,26.01396942138672,0.0019195555942133,Solid line crossing
participant_20,4.0,day,Town10HD_Opt,Red light violation,0.0,0.129,2026-03-16 15:48:20.941750,-67.49921417236328,26.01396942138672,0.0019195555942133,Red light violation
participant_20,4.0,day,Town10HD_Opt,Stop sign violation,24.249,0.486,2026-03-16 15:48:36.945840,18.184988021850582,27.04365348815918,0.0022776795085519,stop_sign_id=1120
participant_20,4.0,day,Town10HD_Opt,Solid line crossing,14.787,18.875,2026-03-16 15:48:49.145514,38.75072479248047,32.93219757080078,0.0017670058878138,Solid line crossing
participant_20,4.0,day,Town10HD_Opt,Solid line crossing,29.09,-12.313,2026-03-16 15:49:01.065297,43.43743133544922,64.16744995117188,0.0020370483398437,Solid line crossing
participant_20,4.0,day,Town10HD_Opt,Solid line crossing,6.989,1.1,2026-03-16 15:49:10.625058,78.60090637207031,69.88654327392578,0.0019940948113799,Solid line crossing
participant_20,4.0,day,Town10HD_Opt,Solid line crossing,23.123,13.056,2026-03-16 15:49:27.087175,77.38993835449219,129.03326416015625,0.0022954940795898,Solid line crossing
participant_20,4.0,day,Town10HD_Opt,Solid line crossing,39.054,-0.693,2026-03-16 15:49:39.267516,-2.378792285919189,132.58067321777344,0.0017900085076689,Solid line crossing
participant_20,4.0,day,Town10HD_Opt,Solid line crossing,49.071,9.602,2026-03-16 15:49:50.010106,-51.55921936035156,93.48526763916016,0.0020975493825972,Solid line crossing
participant_20,5.0,day,Town10HD_Opt,Harsh braking,44.772,-3.95,2026-03-16 16:01:00.817798,106.16222381591795,-17.700218200683594,0.0019020843319594,decel_mps2=6.7
participant_20,5.0,day,Town10HD_Opt,Harsh braking,15.047,-0.552,2026-03-16 16:01:13.245883,60.85200881958008,-65.25367736816406,0.0018627166282385,decel_mps2=5.5
participant_20,5.0,day,Town10HD_Opt,Solid line crossing,33.74,-0.233,2026-03-16 16:01:21.046359,10.112174034118652,-64.46663665771484,0.0020996856037527,Solid line crossing
participant_20,5.0,day,Town10HD_Opt,Solid line crossing,0.0,-0.498,2026-03-16 16:01:58.413085,-110.76128387451172,-6.831332683563232,0.0019191741012036,Solid line crossing
participant_20,5.0,day,Town10HD_Opt,Solid line crossing,29.498,-3.872,2026-03-16 16:02:10.698714,-77.58014678955078,28.17070198059082,0.0023373030126094,Solid line crossing
participant_20,5.0,day,Town10HD_Opt,Solid line crossing,38.207,-2.061,2026-03-16 16:02:24.316050,17.33911895751953,28.39504623413086,0.0018973159603774,Solid line crossing
participant_20,5.0,day,Town10HD_Opt,Solid line crossing,31.637,-0.978,2026-03-16 16:02:43.317268,75.16293334960938,70.08480072021484,0.0023825834505259,Solid line crossing
participant_20,5.0,day,Town10HD_Opt,Solid line crossing,27.517,20.147,2026-03-16 16:02:47.385181,91.49092864990234,70.86182403564453,0.0016893767751753,Solid line crossing
participant_20,5.0,day,Town10HD_Opt,Stop sign violation,38.136,2.763,2026-03-16 16:03:37.719460,56.81583023071289,28.044538497924805,0.0019948577973991,stop_sign_id=754
participant_20,5.0,day,Town10HD_Opt,Solid line crossing,45.698,-2.12,2026-03-16 16:03:49.471248,106.0947265625,-20.8769645690918,0.0020196915138512,Solid line crossing
participant_20,5.0,day,Town10HD_Opt,Solid line crossing,51.122,-5.687,2026-03-16 16:03:55.241729,68.6666488647461,-61.30732727050781,0.0019123458769172,Solid line crossing
participant_20,5.0,day,Town10HD_Opt,Vehicle-pedestrian collision,26.117,-2.002,2026-03-16 16:04:19.938999,-31.836355209350582,-64.74375915527344,0.00174034119118,Vehicle-pedestrian collision
participant_20,6.0,day,Town10HD_Opt,Vehicle collision,14.66,-0.921,2026-03-16 16:15:15.622368,-6.263002872467041,68.57073211669922,0.0020386117976158,Vehicle collision
participant_20,6.0,day,Town10HD_Opt,Solid line crossing,0.0,2.064,2026-03-16 16:16:06.631372,74.59008026123047,25.32138633728028,0.0019199752714484,Solid line crossing
participant_20,6.0,day,Town10HD_Opt,Stop sign violation,33.28,-1.067,2026-03-16 16:16:33.837194,103.47225189208984,-45.90089797973633,0.0020803068764507,stop_sign_id=900
participant_20,6.0,day,Town10HD_Opt,Solid line crossing,0.0,1.081,2026-03-16 16:16:59.386917,-3.5411272048950195,-67.44854736328125,0.0019198608351871,Solid line crossing
participant_20,6.0,day,Town10HD_Opt,Red light violation,36.511,5.165,2026-03-16 16:18:54.751691,90.616455078125,119.3952865600586,0.0021341319661587,Red light violation
participant_20,6.0,day,Town10HD_Opt,Solid line crossing,50.374,3.58,2026-03-16 16:19:04.716671,23.78580665588379,133.06822204589844,0.0019590761512517,Solid line crossing
participant_20,6.0,day,Town10HD_Opt,Solid line crossing,15.957,9.208,2026-03-16 16:19:09.662462,-10.32156753540039,136.40707397460938,0.0019648359157145,Solid line crossing
participant_20,6.0,day,Town10HD_Opt,Stop sign violation,9.739,12.34,2026-03-16 16:19:58.510778,51.85845947265625,31.047592163085938,0.0019776532426476,stop_sign_id=754
participant_20,7.0,day,Town10HD_Opt,Solid line crossing,19.289,-2.678,2026-03-16 16:30:23.433569,-13.778270721435549,70.25016784667969,0.0018107222858816,Solid line crossing
participant_20,7.0,day,Town10HD_Opt,Solid line crossing,1.794,-0.059,2026-03-16 16:30:43.191368,23.69596672058105,69.98902130126953,0.0018117141444236,Solid line crossing
participant_20,7.0,day,Town10HD_Opt,Solid line crossing,0.053,-8.545,2026-03-16 16:31:08.142704,44.6500244140625,53.82813262939453,0.002002143766731,Solid line crossing
participant_20,7.0,day,Town10HD_Opt,Solid line crossing,0.0,0.0,2026-03-16 16:31:51.055780,44.37602996826172,50.00769805908203,0.0020349882543087,Solid line crossing
participant_20,7.0,day,Town10HD_Opt,Stop sign violation,0.0,0.0,2026-03-16 16:31:59.145703,44.37602996826172,50.00769805908203,0.0020349882543087,stop_sign_id=754
participant_20,7.0,day,Town10HD_Opt,Stop sign violation,0.0,0.0,2026-03-16 16:32:10.677871,44.37602996826172,50.00769805908203,0.0020349882543087,stop_sign_id=1050
participant_20,7.0,day,Town10HD_Opt,Red light violation,0.0,0.0,2026-03-16 16:32:22.388239,44.37602996826172,50.00769805908203,0.0020349882543087,Red light violation
participant_20,8.0,day,Town10HD_Opt,Harsh braking,12.298,0.125,2026-03-16 16:45:52.457712,44.09156799316406,48.878719329833984,0.0020348739344626,decel_mps2=7.9
participant_20,8.0,day,Town10HD_Opt,Stop sign violation,16.749,6.36,2026-03-16 16:46:16.903317,56.56614303588867,27.265548706054688,0.001822204561904,stop_sign_id=946
participant_20,8.0,day,Town10HD_Opt,Harsh braking,2.271,0.228,2026-03-16 16:46:33.331754,81.37968444824219,24.71223831176757,0.001940841670148,decel_mps2=4.9
participant_20,8.0,day,Town10HD_Opt,Solid line crossing,0.182,0.282,2026-03-16 16:46:41.945263,81.47390747070312,24.715335845947266,0.0019149398431181,Solid line crossing
participant_20,8.0,day,Town10HD_Opt,Red light violation,2.455,4.948,2026-03-16 16:46:43.579841,81.63545989990234,24.72455596923828,0.0018282699165865,Red light violation
participant_20,8.0,day,Town10HD_Opt,Harsh braking,7.762,-3.898,2026-03-16 16:46:52.973313,106.3265609741211,17.866453170776367,0.0019935988821089,decel_mps2=5.5
participant_20,8.0,day,Town10HD_Opt,Vehicle-pedestrian collision,9.112,-26.294,2026-03-16 16:46:56.644045,108.58379364013672,14.894183158874512,0.001829566899687,Vehicle-pedestrian collision
participant_20,8.0,day,Town10HD_Opt,Solid line crossing,24.209,-5.035,2026-03-16 16:47:11.178797,103.25282287597656,-45.69716644287109,0.0020382690709084,Solid line crossing
participant_20,8.0,day,Town10HD_Opt,Harsh braking,22.138,-5.281,2026-03-16 16:47:20.461614,75.2736587524414,-67.1988754272461,0.0020135117229074,decel_mps2=6.7
participant_20,8.0,day,Town10HD_Opt,Solid line crossing,10.869,-0.698,2026-03-16 16:47:37.099474,-9.053305625915527,-68.28167724609375,0.0019930265843868,Solid line crossing
participant_20,8.0,day,Town10HD_Opt,Solid line crossing,18.817,0.087,2026-03-16 16:47:49.778235,-25.332460403442383,-68.23035430908203,0.001904220553115,Solid line crossing
participant_20,8.0,day,Town10HD_Opt,Solid line crossing,18.466,-1.899,2026-03-16 16:47:57.555999,-70.38359832763672,-68.89614868164062,0.0020448302384465,Solid line crossing
participant_20,8.0,day,Town10HD_Opt,Solid line crossing,31.167,-6.0,2026-03-16 16:48:09.035139,-111.59107971191406,-32.2133674621582,0.0020595169626176,Solid line crossing
participant_20,8.0,day,Town10HD_Opt,Solid line crossing,7.51,-2.68,2026-03-16 16:48:38.363813,-99.65872192382812,24.346330642700195,0.0019903564825654,Solid line crossing
participant_20,8.0,day,Town10HD_Opt,Solid line crossing,19.217,0.139,2026-03-16 16:49:18.816870,13.598517417907717,28.4377555847168,0.0022468948736786,Solid line crossing
participant_20,9.0,day,Town10HD_Opt,Solid line crossing,16.455,-0.345,2026-03-16 17:00:34.708528,4.8562846183776855,70.29193115234375,0.0019793319515883,Solid line crossing
participant_20,9.0,day,Town10HD_Opt,Solid line crossing,20.422,-1.894,2026-03-16 17:00:44.968314,26.36941146850586,70.22802734375,0.0016418838640674,Solid line crossing
participant_20,9.0,day,Town10HD_Opt,Solid line crossing,18.047,15.882,2026-03-16 17:00:59.833265,50.9687728881836,28.475765228271484,0.0022962188813835,Solid line crossing
participant_20,9.0,day,Town10HD_Opt,Stop sign violation,0.001,-0.092,2026-03-16 17:01:10.997329,80.92610168457031,25.33636474609375,0.0019188689766451,stop_sign_id=833
participant_20,9.0,day,Town10HD_Opt,Harsh braking,39.0,-15.085,2026-03-16 17:01:19.607661,101.9141616821289,21.21660041809082,0.0019398498116061,decel_mps2=6.4
participant_20,9.0,day,Town10HD_Opt,Harsh braking,29.919,-8.041,2026-03-16 17:01:29.993336,107.33097076416016,-36.99330139160156,0.0018616103334352,decel_mps2=5.5
participant_20,9.0,day,Town10HD_Opt,Solid line crossing,40.778,0.71,2026-03-16 17:01:42.616880,54.11166763305664,-69.16349029541016,0.0017252349061891,Solid line crossing
participant_20,9.0,day,Town10HD_Opt,Solid line crossing,30.795,0.902,2026-03-16 17:01:51.141000,1.4856330156326294,-67.65283203125,0.0019718932453542,Solid line crossing
participant_20,9.0,day,Town10HD_Opt,Harsh braking,29.851,-3.422,2026-03-16 17:02:04.638248,-105.85655212402344,-48.470550537109375,0.0020540617406368,decel_mps2=5.5
participant_20,9.0,day,Town10HD_Opt,Solid line crossing,0.006,-2.068,2026-03-16 17:02:16.657820,-110.66973114013672,-5.873982906341553,0.0019192504696547,Solid line crossing
participant_20,9.0,day,Town10HD_Opt,Stop sign violation,0.006,-0.181,2026-03-16 17:02:29.472602,-110.66973114013672,-5.872905731201172,0.0019189834129065,stop_sign_id=1300
participant_20,9.0,day,Town10HD_Opt,Solid line crossing,21.329,-10.446,2026-03-16 17:02:35.654663,-106.19548797607422,18.579795837402344,0.0020885085687041,Solid line crossing
participant_20,9.0,day,Town10HD_Opt,Solid line crossing,16.223,-20.47,2026-03-16 17:03:16.182684,44.702415466308594,67.7966079711914,0.0018689727876335,Solid line crossing
participant_20,9.0,day,Town10HD_Opt,Harsh braking,0.0,-0.298,2026-03-16 17:03:31.729919,87.80728149414062,70.43538665771484,0.0019190978491678,decel_mps2=4.9
participant_20,9.0,day,Town10HD_Opt,Solid line crossing,0.0,-0.125,2026-03-16 17:03:47.475002,87.80728149414062,70.43538665771484,0.0019191741012036,Solid line crossing
participant_20,9.0,day,Town10HD_Opt,Solid line crossing,30.772,19.401,2026-03-16 17:04:32.552393,-40.14226531982422,75.81181335449219,0.0022346877958625,Solid line crossing
participant_20,9.0,day,Town10HD_Opt,Stop sign violation,17.023,-0.491,2026-03-16 17:04:44.069326,17.36256980895996,70.24993896484375,0.0018873595399782,stop_sign_id=1050
participant_20,10.0,day,Town10HD_Opt,Solid line crossing,33.13,3.316,2026-03-16 17:15:25.859732,44.35581588745117,41.960262298583984,0.0018345641437917,Solid line crossing
participant_20,10.0,day,Town10HD_Opt,Vehicle collision,50.483,-2.012,2026-03-16 17:16:00.629311,73.49349975585938,-66.64099884033203,0.0019937513861805,Vehicle collision
participant_20,10.0,day,Town10HD_Opt,Vehicle-pedestrian collision,41.737,0.021,2026-03-16 17:16:07.575848,12.283106803894045,-65.88131713867188,0.0021242904476821,Vehicle-pedestrian collision
participant_20,10.0,day,Town10HD_Opt,Solid line crossing,6.149,-0.491,2026-03-16 17:16:12.731957,-10.336488723754885,-65.79972839355469,0.0019682310521602,Solid line crossing
participant_20,10.0,day,Town10HD_Opt,Solid line crossing,23.811,-12.168,2026-03-16 17:16:41.917317,-108.14083862304688,15.210887908935549,0.0023035048507153,Solid line crossing
participant_20,10.0,day,Town10HD_Opt,Solid line crossing,5.748,-0.496,2026-03-16 17:16:53.217850,-74.15898132324219,25.60931396484375,0.0020415114704519,Solid line crossing
participant_20,10.0,day,Town10HD_Opt,Stop sign violation,0.865,-1.85,2026-03-16 17:16:59.824480,-70.70417022705078,25.56267738342285,0.0019272613571956,stop_sign_id=678
participant_20,10.0,day,Town10HD_Opt,Stop sign violation,2.082,0.63,2026-03-16 17:17:11.569225,-68.5411605834961,25.5184326171875,0.0019384002080187,stop_sign_id=1062
participant_20,10.0,day,Town10HD_Opt,Solid line crossing,31.969,-2.828,2026-03-16 17:17:28.406311,-6.239550590515137,26.829811096191406,0.0019828414078801,Solid line crossing
participant_20,10.0,day,Town10HD_Opt,Solid line crossing,10.067,9.878,2026-03-16 17:17:35.558920,28.54999732971192,27.22171401977539,0.0020198440179228,Solid line crossing
participant_20,10.0,day,Town10HD_Opt,Vehicle collision,41.038,-13.819,2026-03-16 17:17:46.323417,46.75856399536133,67.67933654785156,0.0019315718673169,Vehicle collision
participant_20,10.0,day,Town10HD_Opt,Collision,36.565,24.996,2026-03-16 17:17:58.404662,93.8615493774414,72.42286682128906,0.0016358565771952,Collision
participant_20,10.0,day,Town10HD_Opt,Solid line crossing,41.595,-0.273,2026-03-16 17:18:11.302447,19.52666664123535,132.2886962890625,0.0021735380869358,Solid line crossing
participant_20,10.0,day,Town10HD_Opt,Stop sign violation,31.962,1.998,2026-03-16 17:18:20.903788,-41.29063034057617,119.9204330444336,0.0020650101359933,stop_sign_id=900
participant_20,10.0,day,Town10HD_Opt,Solid line crossing,40.457,1.777,2026-03-16 17:18:33.048290,-1.4813413619995115,69.38816833496094,0.0023623274173587,Solid line crossing
participant_20,10.0,day,Town10HD_Opt,Solid line crossing,18.19,14.815,2026-03-16 17:18:46.399168,44.39888000488281,38.11292266845703,0.0020599365234375,Solid line crossing
participant_20,10.0,day,Town10HD_Opt,Solid line crossing,13.145,-0.583,2026-03-16 17:19:00.269349,72.60454559326172,24.965723037719727,0.0020058441441506,Solid line crossing
participant_20,10.0,day,Town10HD_Opt,Solid line crossing,37.454,1.403,2026-03-16 17:19:11.428052,84.37755584716797,24.67870140075684,0.0015353774651885,Solid line crossing
participant_20,10.0,day,Town10HD_Opt,Harsh braking,37.086,4.551,2026-03-16 17:19:19.750686,99.05480194091795,-46.29545211791992,0.0020468139555305,decel_mps2=5.2
participant_20,10.0,day,Town10HD_Opt,Solid line crossing,40.992,-1.42,2026-03-16 17:19:30.535803,15.516511917114258,-64.46589660644531,0.0017119598342105,Solid line crossing
participant_20,10.0,day,Town10HD_Opt,Solid line crossing,22.134,-0.693,2026-03-16 17:19:34.042771,-22.123931884765625,-64.6971206665039,0.0024694059975445,Solid line crossing
participant_20,10.0,day,Town10HD_Opt,Solid line crossing,31.941,0.893,2026-03-16 17:19:52.912600,-49.72407531738281,-65.60537719726562,0.0023265075869858,Solid line crossing
participant_21,1.0,day,Town10HD_Opt,Solid line crossing,23.243,4.841,2026-03-17 08:00:53.265205,68.27078247070312,25.66510772705078,0.0021750254090875,Solid line crossing
participant_21,1.0,day,Town10HD_Opt,Vehicle-pedestrian collision,44.447,-5.926,2026-03-17 08:02:13.735796,-103.11898803710938,-45.91029357910156,0.0016791166272014,Vehicle-pedestrian collision
participant_21,1.0,day,Town10HD_Opt,Stop sign violation,16.597,-5.252,2026-03-17 08:02:46.991130,-96.99152374267578,30.25372695922852,0.0019562146626412,stop_sign_id=678
participant_21,1.0,day,Town10HD_Opt,Red light violation,0.006,-0.712,2026-03-17 08:02:57.022405,-68.8399429321289,27.807035446166992,0.0019192122854292,Red light violation
participant_21,1.0,day,Town10HD_Opt,Solid line crossing,14.133,13.721,2026-03-17 08:03:18.771808,42.37923812866211,43.1741828918457,0.0020567697938531,Solid line crossing
participant_21,1.0,day,Town10HD_Opt,Solid line crossing,21.789,-2.93,2026-03-17 08:03:30.337217,63.0322494506836,70.21858978271484,0.0022648230660706,Solid line crossing
participant_21,1.0,day,Town10HD_Opt,Solid line crossing,34.437,5.486,2026-03-17 08:03:51.593271,99.1453094482422,89.86599731445312,0.0019185261335223,Solid line crossing
participant_21,1.0,day,Town10HD_Opt,Solid line crossing,39.497,1.904,2026-03-17 08:03:53.872178,94.71624755859376,111.45018005371094,0.0020771787967532,Solid line crossing
participant_21,1.0,day,Town10HD_Opt,Harsh braking,29.643,14.163,2026-03-17 08:04:19.787177,-36.05986022949219,127.29338836669922,0.0022151938173919,decel_mps2=8.1
participant_21,1.0,day,Town10HD_Opt,Solid line crossing,43.646,3.278,2026-03-17 08:04:39.571800,0.4330486953258514,68.95694732666016,0.0019018177408725,Solid line crossing
participant_21,2.0,day,Town10HD_Opt,Solid line crossing,10.608,4.537,2026-03-17 08:15:54.691204,44.034812927246094,46.52777862548828,0.0019513320876285,Solid line crossing
participant_21,2.0,day,Town10HD_Opt,Solid line crossing,37.249,0.153,2026-03-17 08:17:11.182397,-17.011943817138672,-67.77821350097656,0.0015723418910056,Solid line crossing
participant_21,2.0,day,Town10HD_Opt,Stop sign violation,38.613,-5.423,2026-03-17 08:17:23.683527,-103.63483428955078,-48.52519607543945,0.0020708083175122,stop_sign_id=1300
participant_21,2.0,day,Town10HD_Opt,Solid line crossing,2.562,-0.928,2026-03-17 08:17:37.620069,-110.04119873046876,-7.00869607925415,0.0019441222539171,Solid line crossing
participant_21,2.0,day,Town10HD_Opt,Solid line crossing,29.397,-0.672,2026-03-17 08:17:51.705760,-110.22195434570312,0.9321351647377014,0.0017064666608348,Solid line crossing
participant_21,2.0,day,Town10HD_Opt,Solid line crossing,10.531,-1.394,2026-03-17 08:18:04.400611,-73.90526580810547,28.19344139099121,0.0019922256469726,Solid line crossing
participant_21,2.0,day,Town10HD_Opt,Solid line crossing,0.04,0.651,2026-03-17 08:18:13.481686,-69.17540740966797,28.223896026611328,0.0019193649059161,Solid line crossing
participant_21,2.0,day,Town10HD_Opt,Solid line crossing,26.751,0.096,2026-03-17 08:18:31.308004,17.183116912841797,28.23068618774414,0.0022731779608875,Solid line crossing
participant_21,2.0,day,Town10HD_Opt,Solid line crossing,10.265,1.025,2026-03-17 08:18:41.057987,40.3974723815918,46.96199417114258,0.0020172500517219,Solid line crossing
participant_21,2.0,day,Town10HD_Opt,Stop sign violation,19.908,0.317,2026-03-17 08:18:57.041781,70.54042053222656,69.93769073486328,0.0022112273145467,stop_sign_id=1062
participant_21,2.0,day,Town10HD_Opt,Solid line crossing,4.589,0.653,2026-03-17 08:19:08.062030,85.54678344726562,69.82365417480469,0.0019467925885692,Solid line crossing
participant_21,2.0,day,Town10HD_Opt,Solid line crossing,13.239,4.905,2026-03-17 08:19:19.041776,99.30731964111328,100.41963958740234,0.0019366072956472,Solid line crossing
participant_21,2.0,day,Town10HD_Opt,Solid line crossing,27.13,0.938,2026-03-17 08:19:35.373672,-1.2096620798110962,130.73887634277344,0.0018972395919263,Solid line crossing
participant_21,2.0,day,Town10HD_Opt,Solid line crossing,24.625,9.392,2026-03-17 08:19:40.267027,-30.92343711853028,129.48907470703125,0.0022911452688276,Solid line crossing
participant_21,2.0,day,Town10HD_Opt,Solid line crossing,34.421,0.176,2026-03-17 08:19:51.154102,-42.95351791381836,98.95010375976562,0.0015406417660415,Solid line crossing
participant_21,3.0,day,Town10HD_Opt,Stop sign violation,21.679,-13.319,2026-03-17 08:30:29.316164,40.45393371582031,64.93411254882812,0.0020036697387695,stop_sign_id=900
participant_21,3.0,day,Town10HD_Opt,Vehicle collision,32.228,-16.632,2026-03-17 08:31:21.476841,105.73855590820312,17.428897857666016,0.002007903996855,Vehicle collision
participant_21,3.0,day,Town10HD_Opt,Collision,30.218,-2.452,2026-03-17 08:31:30.108471,103.97900390625,-35.81870651245117,0.0018139648018404,Collision
participant_21,3.0,day,Town10HD_Opt,Vehicle collision,41.917,0.465,2026-03-17 08:31:42.640561,35.06402969360352,-66.1476821899414,0.0019334411481395,Vehicle collision
participant_21,3.0,day,Town10HD_Opt,Harsh braking,18.506,-0.005,2026-03-17 08:31:52.138610,-4.533103942871094,-67.40455627441406,0.0020404814276844,decel_mps2=4.9
participant_21,3.0,day,Town10HD_Opt,Stop sign violation,41.887,-6.675,2026-03-17 08:32:05.837359,-92.1642837524414,-60.02382659912109,0.0020557784009724,stop_sign_id=900
participant_21,3.0,day,Town10HD_Opt,Stop sign violation,12.403,-1.083,2026-03-17 08:32:48.530336,-75.51469421386719,27.913793563842773,0.0018368911696597,stop_sign_id=1050
participant_21,3.0,day,Town10HD_Opt,Solid line crossing,24.172,-0.32,2026-03-17 08:33:00.147647,-64.32853698730469,27.924161911010746,0.0017004393739625,Solid line crossing
participant_21,3.0,day,Town10HD_Opt,Solid line crossing,18.06,8.129,2026-03-17 08:33:14.545512,29.66939926147461,28.94645118713379,0.0020236205309629,Solid line crossing
participant_21,3.0,day,Town10HD_Opt,Solid line crossing,17.698,-0.771,2026-03-17 08:33:26.552997,40.54122543334961,55.879173278808594,0.0018467330373823,Solid line crossing
participant_21,3.0,day,Town10HD_Opt,Solid line crossing,18.544,0.381,2026-03-17 08:33:34.553443,66.72966003417969,70.32351684570312,0.0022425460629165,Solid line crossing
participant_21,3.0,day,Town10HD_Opt,Solid line crossing,7.177,1.156,2026-03-17 08:33:39.801859,79.58499145507812,69.83610534667969,0.0019921110942959,Solid line crossing
participant_21,3.0,day,Town10HD_Opt,Solid line crossing,6.74,1.871,2026-03-17 08:33:41.310568,82.7730941772461,69.81273651123047,0.0019788742065429,Solid line crossing
participant_21,4.0,day,Town10HD_Opt,Stop sign violation,17.989,-5.413,2026-03-17 08:45:54.097499,45.05099487304688,55.03973388671875,0.0020805357489734,stop_sign_id=900
participant_21,4.0,day,Town10HD_Opt,Stop sign violation,0.001,0.681,2026-03-17 08:46:13.398573,80.01837158203125,25.17521476745605,0.0019191360333934,stop_sign_id=1120
participant_21,4.0,day,Town10HD_Opt,Solid line crossing,9.205,-2.337,2026-03-17 08:46:13.627029,80.4405517578125,25.17572784423828,0.0015124510973691,Solid line crossing
participant_21,4.0,day,Town10HD_Opt,Solid line crossing,37.65,-4.591,2026-03-17 08:46:20.818901,106.47745513916016,9.357186317443848,0.0019878386519849,Solid line crossing
participant_21,4.0,day,Town10HD_Opt,Vehicle-pedestrian collision,47.363,-5.645,2026-03-17 08:46:31.226536,92.2947998046875,-55.88995361328125,0.0020268631633371,Vehicle-pedestrian collision
participant_21,4.0,day,Town10HD_Opt,Stop sign violation,33.18,-0.134,2026-03-17 08:46:55.711406,-54.9822883605957,-68.10932159423828,0.0023244475014507,stop_sign_id=1200
participant_21,4.0,day,Town10HD_Opt,Vehicle-pedestrian collision,47.706,-0.576,2026-03-17 08:47:08.118340,-110.31989288330078,-17.887712478637695,0.0016073607839643,Vehicle-pedestrian collision
participant_21,4.0,day,Town10HD_Opt,Red light violation,0.055,-0.599,2026-03-17 08:47:44.371276,-67.46255493164062,27.98999214172364,0.0019195937784388,Red light violation
participant_21,4.0,day,Town10HD_Opt,Solid line crossing,0.006,0.992,2026-03-17 08:48:17.785574,40.4444465637207,52.16389083862305,0.0019187927246093,Solid line crossing
participant_21,4.0,day,Town10HD_Opt,Harsh braking,16.984,-0.204,2026-03-17 08:49:31.072940,-12.511735916137695,69.6348648071289,0.00195899954997,decel_mps2=5.7
participant_21,5.0,day,Town10HD_Opt,Harsh braking,16.859,3.773,2026-03-17 09:00:16.990408,-22.81800079345703,69.46906280517578,0.0019593047909438,decel_mps2=4.9
participant_21,5.0,day,Town10HD_Opt,Solid line crossing,17.437,-2.501,2026-03-17 09:00:26.907459,-7.4766740798950195,70.35539245605469,0.001889266888611,Solid line crossing
participant_21,5.0,day,Town10HD_Opt,Vehicle collision,12.012,-0.844,2026-03-17 09:00:44.970905,25.31319999694824,69.98143768310547,0.0016681288834661,Vehicle collision
participant_21,5.0,day,Town10HD_Opt,Vehicle-pedestrian collision,18.097,-12.903,2026-03-17 09:00:59.514956,43.48098373413086,60.58068084716797,0.0020092010963708,Vehicle-pedestrian collision
participant_21,5.0,day,Town10HD_Opt,Stop sign violation,0.0,0.0,2026-03-17 09:02:06.014208,44.37602996826172,50.00769805908203,0.0020349882543087,stop_sign_id=754
participant_21,5.0,day,Town10HD_Opt,Solid line crossing,0.0,0.0,2026-03-17 09:02:17.698105,44.37602996826172,50.00769805908203,0.0020349882543087,Solid line crossing
participant_21,6.0,day,Town10HD_Opt,Harsh braking,14.013,8.02,2026-03-17 09:15:44.076701,44.13006591796875,38.25394821166992,0.001914749154821,decel_mps2=7.3
participant_21,6.0,day,Town10HD_Opt,Solid line crossing,14.013,8.02,2026-03-17 09:15:44.508863,44.13006591796875,38.25394821166992,0.001914749154821,Solid line crossing
participant_21,6.0,day,Town10HD_Opt,Solid line crossing,13.232,2.784,2026-03-17 09:15:49.371082,53.99116134643555,27.46782493591309,0.0020294189453125,Solid line crossing
participant_21,6.0,day,Town10HD_Opt,Harsh braking,6.569,6.334,2026-03-17 09:15:53.702347,62.10002136230469,25.395959854125977,0.001982154790312,decel_mps2=6.1
participant_21,6.0,day,Town10HD_Opt,Solid line crossing,24.218,-0.907,2026-03-17 09:16:05.520333,73.61448669433594,28.369718551635746,0.001763000502251,Solid line crossing
participant_21,6.0,day,Town10HD_Opt,Red light violation,35.723,-4.848,2026-03-17 09:16:20.372120,95.88162994384766,-50.72178649902344,0.0021395874209702,Red light violation
participant_21,6.0,day,Town10HD_Opt,Stop sign violation,9.449,-1.405,2026-03-17 09:16:40.038530,-11.87629508972168,-66.61343383789062,0.0020095442887395,stop_sign_id=946
participant_21,6.0,day,Town10HD_Opt,Collision,7.508,1.391,2026-03-17 09:17:06.532326,-110.66209411621094,-11.365802764892578,0.0019910431001335,Collision
participant_21,6.0,day,Town10HD_Opt,Solid line crossing,0.99,-1.152,2026-03-17 09:17:13.737862,-110.81430053710938,-6.99747896194458,0.0019285583402961,Solid line crossing
participant_21,6.0,day,Town10HD_Opt,Solid line crossing,28.59,-5.219,2026-03-17 09:17:28.524164,-107.06846618652344,16.28241729736328,0.0021300888620316,Solid line crossing
participant_21,6.0,day,Town10HD_Opt,Solid line crossing,48.034,-0.58,2026-03-17 09:17:51.866716,-39.25554275512695,28.744857788085938,0.0021788405720144,Solid line crossing
participant_21,6.0,day,Town10HD_Opt,Collision,21.447,-14.462,2026-03-17 09:18:21.498342,41.29044342041016,61.89070129394531,0.0022454834543168,Collision
participant_21,6.0,day,Town10HD_Opt,Solid line crossing,32.84,-0.317,2026-03-17 09:18:58.862855,15.375646591186523,130.60617065429688,0.0017558288527652,Solid line crossing
participant_21,6.0,day,Town10HD_Opt,Red light violation,25.034,2.579,2026-03-17 09:19:20.287326,-41.99376678466797,86.47976684570312,0.00203422550112,Red light violation
participant_21,6.0,day,Town10HD_Opt,Harsh braking,18.181,-6.898,2026-03-17 09:19:53.428719,35.92978286743164,68.877685546875,0.0021086500491946,decel_mps2=7.9
participant_21,7.0,day,Town10HD_Opt,Stop sign violation,29.313,-0.134,2026-03-17 09:30:14.228567,-7.202371120452881,69.91899871826172,0.0020855711773037,stop_sign_id=1050
participant_21,7.0,day,Town10HD_Opt,Harsh braking,22.754,-6.334,2026-03-17 09:31:17.134702,92.30626678466795,24.366273880004883,0.0020602417644113,decel_mps2=5.2
participant_21,7.0,day,Town10HD_Opt,Stop sign violation,28.767,-2.193,2026-03-17 09:31:24.684851,106.94873809814452,0.612267255783081,0.0021357727237045,stop_sign_id=1120
participant_21,7.0,day,Town10HD_Opt,Red light violation,47.782,-3.151,2026-03-17 09:31:36.081291,73.12752532958984,-65.88261413574219,0.0019145583501085,Red light violation
participant_21,7.0,day,Town10HD_Opt,Solid line crossing,16.89,-1.485,2026-03-17 09:31:47.116482,53.06642532348633,-68.08413696289062,0.0014667129144072,Solid line crossing
participant_21,7.0,day,Town10HD_Opt,Solid line crossing,51.879,2.953,2026-03-17 09:31:56.776281,-9.082623481750488,-65.68386840820312,0.0018726348644122,Solid line crossing
participant_21,7.0,day,Town10HD_Opt,Solid line crossing,48.979,-5.139,2026-03-17 09:32:09.277641,-97.76719665527344,-56.65282440185547,0.0016069030389189,Solid line crossing
participant_21,7.0,day,Town10HD_Opt,Solid line crossing,12.787,3.109,2026-03-17 09:32:16.810707,-109.97323608398438,-13.757755279541016,0.0019595718476921,Solid line crossing
participant_21,7.0,day,Town10HD_Opt,Stop sign violation,0.131,-0.12,2026-03-17 09:32:32.729801,-110.17945861816406,-5.315342903137207,0.0019204712007194,stop_sign_id=678
participant_21,8.0,day,Town10HD_Opt,Solid line crossing,8.346,-0.491,2026-03-17 09:46:12.104711,-8.643893241882324,-65.82633972167969,0.0019943618681281,Solid line crossing
participant_21,8.0,day,Town10HD_Opt,Solid line crossing,0.128,-0.491,2026-03-17 09:46:18.163004,-13.29719066619873,-65.73330688476562,0.0019458007300272,Solid line crossing
participant_21,8.0,day,Town10HD_Opt,Solid line crossing,36.553,-2.193,2026-03-17 09:46:36.386452,-110.51549530029295,-17.91778564453125,0.0024005889426916,Solid line crossing
participant_21,8.0,day,Town10HD_Opt,Collision,20.556,-0.496,2026-03-17 09:46:50.054978,-80.72708892822266,25.55257797241211,0.002268447773531,Collision
participant_21,8.0,day,Town10HD_Opt,Solid line crossing,0.408,0.289,2026-03-17 09:47:03.774694,-70.21634674072266,25.546581268310547,0.0019231032347306,Solid line crossing
participant_21,8.0,day,Town10HD_Opt,Collision,0.468,-0.188,2026-03-17 09:47:15.978578,-67.4591293334961,25.49940299987793,0.0019233702914789,Collision
participant_21,8.0,day,Town10HD_Opt,Stop sign violation,29.747,6.196,2026-03-17 09:47:23.714690,-29.50716018676757,24.694223403930664,0.0022782133892178,stop_sign_id=678
participant_21,8.0,day,Town10HD_Opt,Harsh braking,10.067,9.878,2026-03-17 09:47:35.209468,28.54999732971192,27.22171401977539,0.0020198440179228,decel_mps2=6.7
participant_21,8.0,day,Town10HD_Opt,Solid line crossing,34.672,-16.037,2026-03-17 09:47:45.322049,41.33466339111328,60.92124557495117,0.0018490218790248,Solid line crossing
participant_21,8.0,day,Town10HD_Opt,Solid line crossing,51.406,-2.358,2026-03-17 09:48:00.480413,99.17262268066406,86.50875854492188,0.0018507003551349,Solid line crossing
participant_21,8.0,day,Town10HD_Opt,Solid line crossing,22.076,-0.985,2026-03-17 09:48:17.558461,-17.437467575073242,132.1303253173828,0.0018848800100386,Solid line crossing
participant_21,8.0,day,Town10HD_Opt,Solid line crossing,43.893,12.92,2026-03-17 09:48:29.140205,-38.57650375366211,71.99286651611328,0.0020307539962232,Solid line crossing
participant_21,8.0,day,Town10HD_Opt,Solid line crossing,19.84,-0.435,2026-03-17 09:48:34.806871,10.82840347290039,69.71268463134766,0.0022910309489816,Solid line crossing
participant_21,8.0,day,Town10HD_Opt,Collision,29.168,-5.862,2026-03-17 09:48:42.772659,44.27640151977539,51.31005859375,0.0022956847678869,Collision
participant_21,8.0,day,Town10HD_Opt,Solid line crossing,0.835,6.734,2026-03-17 09:48:55.016537,61.4938850402832,25.063486099243164,0.0018143843626603,Solid line crossing
participant_21,8.0,day,Town10HD_Opt,Solid line crossing,0.001,-1.011,2026-03-17 09:49:02.471685,76.47274017333984,24.88956642150879,0.0022935103625059,Solid line crossing
participant_21,8.0,day,Town10HD_Opt,Solid line crossing,49.83,-1.812,2026-03-17 09:49:15.972972,107.00772094726562,-9.722834587097168,0.0020125959999859,Solid line crossing
participant_21,8.0,day,Town10HD_Opt,Stop sign violation,40.992,-1.42,2026-03-17 09:49:30.508272,15.516511917114258,-64.46589660644531,0.0017119598342105,stop_sign_id=1050
participant_21,9.0,day,Town10HD_Opt,Solid line crossing,29.422,17.042,2026-03-17 10:00:29.369908,45.9767951965332,34.98228073120117,0.0021121213212609,Solid line crossing
participant_21,9.0,day,Town10HD_Opt,Harsh braking,0.0,-0.012,2026-03-17 10:00:52.857268,82.07105255126953,25.315126419067383,0.0019191360333934,decel_mps2=5.7
participant_22,1.0,day,Town10HD_Opt,Solid line crossing,44.015,0.209,2026-03-17 10:01:07.309019,84.96189880371094,29.00870132446289,0.0016236496157944,Solid line crossing
participant_21,9.0,day,Town10HD_Opt,Stop sign violation,42.449,-6.473,2026-03-17 10:01:17.984048,102.94239807128906,-40.8172492980957,0.0020833967719227,stop_sign_id=1120
participant_22,1.0,day,Town10HD_Opt,Vehicle collision,38.559,-5.366,2026-03-17 10:01:19.100280,99.72130584716795,-45.46355819702149,0.0021504210308194,Vehicle collision
participant_21,9.0,day,Town10HD_Opt,Solid line crossing,6.073,-0.712,2026-03-17 10:01:37.030348,-11.958524703979492,-64.9039077758789,0.0019850917160511,Solid line crossing
participant_21,9.0,day,Town10HD_Opt,Harsh braking,42.202,-3.146,2026-03-17 10:01:56.554811,-109.07736206054688,-33.317420959472656,0.002066955436021,decel_mps2=4.9
participant_22,1.0,day,Town10HD_Opt,Stop sign violation,25.336,-3.53,2026-03-17 10:01:59.485035,-107.57040405273438,-36.35554504394531,0.0021322630345821,stop_sign_id=900
participant_21,9.0,day,Town10HD_Opt,Stop sign violation,18.355,-5.134,2026-03-17 10:02:27.801565,-103.9625244140625,19.44169235229492,0.002299384213984,stop_sign_id=946
participant_22,1.0,day,Town10HD_Opt,Stop sign violation,0.286,0.094,2026-03-17 10:02:41.985176,-70.8147964477539,27.89716911315918,0.0019438933813944,stop_sign_id=946
participant_21,9.0,day,Town10HD_Opt,Vehicle collision,35.181,-0.101,2026-03-17 10:02:53.442818,-32.20684814453125,25.337289810180664,0.0020572280045598,Vehicle collision
participant_21,9.0,day,Town10HD_Opt,Solid line crossing,12.763,7.107,2026-03-17 10:03:03.332935,28.46137809753418,27.66852188110352,0.0020008846186101,Solid line crossing
participant_22,1.0,day,Town10HD_Opt,Stop sign violation,18.175,11.871,2026-03-17 10:03:08.123492,36.98020935058594,31.882259368896484,0.0020608901977539,stop_sign_id=1120
participant_21,9.0,day,Town10HD_Opt,Vehicle collision,8.996,2.525,2026-03-17 10:03:10.330063,40.717063903808594,47.78118896484375,0.0020440288353711,Vehicle collision
participant_22,1.0,day,Town10HD_Opt,Stop sign violation,0.134,0.343,2026-03-17 10:03:18.120071,40.690208435058594,54.1743392944336,0.0019262313144281,stop_sign_id=1050
participant_21,9.0,day,Town10HD_Opt,Solid line crossing,30.248,22.287,2026-03-17 10:03:26.105831,93.53218841552734,72.089111328125,0.0021858208347111,Solid line crossing
participant_22,1.0,day,Town10HD_Opt,Solid line crossing,30.912,0.277,2026-03-17 10:03:48.845853,80.35204315185547,125.48082733154295,0.0019254302605986,Solid line crossing
participant_22,1.0,day,Town10HD_Opt,Harsh braking,31.634,-0.698,2026-03-17 10:03:54.057828,38.50763702392578,130.8939666748047,0.0021492002997547,decel_mps2=6.1
participant_21,9.0,day,Town10HD_Opt,Vehicle collision,0.0,0.728,2026-03-17 10:03:54.513736,-21.629512786865234,131.3065643310547,0.001919517526403,Vehicle collision
participant_21,9.0,day,Town10HD_Opt,Solid line crossing,35.298,15.753,2026-03-17 10:04:08.364142,-35.875244140625,71.20315551757812,0.0020093536004424,Solid line crossing
participant_21,9.0,day,Town10HD_Opt,Solid line crossing,7.256,-0.174,2026-03-17 10:04:19.338112,19.901567459106445,69.90377044677734,0.0018285372061654,Solid line crossing
participant_21,9.0,day,Town10HD_Opt,Solid line crossing,29.701,-0.938,2026-03-17 10:04:28.733540,45.13650894165039,59.32683944702149,0.0019069294212386,Solid line crossing
participant_22,1.0,day,Town10HD_Opt,Solid line crossing,21.545,2.393,2026-03-17 10:04:33.898964,-5.616032600402832,69.9331283569336,0.0019041823688894,Solid line crossing
participant_21,9.0,day,Town10HD_Opt,Stop sign violation,24.922,-2.348,2026-03-17 10:04:38.636802,78.95635223388672,25.40341567993164,0.0024280152283608,stop_sign_id=1300
participant_21,10.0,day,Town10HD_Opt,Stop sign violation,0.0,0.268,2026-03-17 10:15:28.473715,25.78034782409668,70.0119857788086,0.0019565962720662,stop_sign_id=754
participant_21,10.0,day,Town10HD_Opt,Red light violation,0.0,0.268,2026-03-17 10:15:28.677347,25.78034782409668,70.0119857788086,0.0019565962720662,Red light violation
participant_22,2.0,day,Town10HD_Opt,Solid line crossing,22.888,-7.036,2026-03-17 10:15:48.293147,30.577789306640625,69.67668914794922,0.0018384932773187,Solid line crossing
participant_21,10.0,day,Town10HD_Opt,Solid line crossing,13.232,2.784,2026-03-17 10:15:49.420901,53.99116134643555,27.46782493591309,0.0020294189453125,Solid line crossing
participant_21,10.0,day,Town10HD_Opt,Solid line crossing,1.472,1.043,2026-03-17 10:15:58.441804,65.51728820800781,25.252309799194336,0.0019331740913912,Solid line crossing
participant_22,2.0,day,Town10HD_Opt,Solid line crossing,33.033,18.906,2026-03-17 10:16:01.143650,47.448333740234375,31.03884506225586,0.0020396423060446,Solid line crossing
participant_22,2.0,day,Town10HD_Opt,Solid line crossing,0.0,0.275,2026-03-17 10:16:09.634388,80.01773834228516,25.17521095275879,0.0019885634537786,Solid line crossing
participant_21,10.0,day,Town10HD_Opt,Solid line crossing,23.27,-13.285,2026-03-17 10:16:11.592450,107.1353988647461,15.53052043914795,0.0021731948945671,Solid line crossing
participant_22,2.0,day,Town10HD_Opt,Solid line crossing,22.251,-7.908,2026-03-17 10:16:16.742912,91.30245208740234,24.41140365600586,0.0021134566050022,Solid line crossing
participant_21,10.0,day,Town10HD_Opt,Solid line crossing,42.598,-5.512,2026-03-17 10:16:22.824351,84.0030517578125,-60.07539749145508,0.001900787348859,Solid line crossing
participant_22,2.0,day,Town10HD_Opt,Solid line crossing,47.363,-5.645,2026-03-17 10:16:30.682915,92.2947998046875,-55.88995361328125,0.0020268631633371,Solid line crossing
participant_21,10.0,day,Town10HD_Opt,Solid line crossing,19.637,0.522,2026-03-17 10:16:35.904949,3.515449523925781,-65.38166046142578,0.0022324752062559,Solid line crossing
participant_22,2.0,day,Town10HD_Opt,Harsh braking,40.306,0.888,2026-03-17 10:16:40.374662,37.50996780395508,-67.76065826416016,0.0017450713785365,decel_mps2=7.9
participant_21,10.0,day,Town10HD_Opt,Harsh braking,49.409,-0.04,2026-03-17 10:16:47.348897,-42.41153335571289,-66.60599517822266,0.0020711135584861,decel_mps2=4.9
participant_22,2.0,day,Town10HD_Opt,Solid line crossing,15.366,1.175,2026-03-17 10:16:50.045082,-14.950349807739258,-67.61638641357422,0.0020122909918427,Solid line crossing
participant_22,2.0,day,Town10HD_Opt,Solid line crossing,13.299,-0.228,2026-03-17 10:16:51.048160,-17.376935958862305,-67.70181274414062,0.0019846344366669,Solid line crossing
participant_21,10.0,day,Town10HD_Opt,Vehicle collision,29.543,-7.38,2026-03-17 10:16:58.072051,-104.87350463867188,-42.12591552734375,0.0020585632883012,Vehicle collision
participant_22,2.0,day,Town10HD_Opt,Solid line crossing,11.952,-8.754,2026-03-17 10:17:16.790343,-92.76248168945312,26.50074958801269,0.0014599990099668,Solid line crossing
participant_21,10.0,day,Town10HD_Opt,Vehicle-pedestrian collision,0.448,-0.785,2026-03-17 10:17:16.928717,-110.82098388671876,-6.633889198303223,0.0019233702914789,Vehicle-pedestrian collision
participant_22,2.0,day,Town10HD_Opt,Collision,1.564,-0.938,2026-03-17 10:17:32.435120,-68.47598266601562,27.98102569580078,0.0019339751452207,Collision
participant_21,10.0,day,Town10HD_Opt,Solid line crossing,22.689,-0.009,2026-03-17 10:17:35.722483,-82.22450256347656,27.64654922485352,0.0022660444956272,Solid line crossing
participant_21,10.0,day,Town10HD_Opt,Vehicle-pedestrian collision,0.213,0.578,2026-03-17 10:17:43.584847,-70.73075866699219,27.898265838623047,0.0019162368262186,Vehicle-pedestrian collision
participant_21,10.0,day,Town10HD_Opt,Vehicle collision,14.324,-0.031,2026-03-17 10:17:56.374305,-10.148822784423828,28.843706130981445,0.0020412825979292,Vehicle collision
participant_21,10.0,day,Town10HD_Opt,Solid line crossing,30.494,0.07,2026-03-17 10:18:00.950421,10.615973472595217,28.498056411743164,0.0020683668553829,Solid line crossing
participant_22,2.0,day,Town10HD_Opt,Stop sign violation,24.574,4.23,2026-03-17 10:18:07.961705,26.57514762878418,28.353628158569336,0.0018517302814871,stop_sign_id=1200
participant_21,10.0,day,Town10HD_Opt,Solid line crossing,10.844,24.988,2026-03-17 10:18:10.984952,41.95906829833984,38.60721206665039,0.0019766998011618,Solid line crossing
participant_22,2.0,day,Town10HD_Opt,Solid line crossing,0.007,0.801,2026-03-17 10:18:17.238454,40.4444465637207,52.16366195678711,0.0019232177874073,Solid line crossing
participant_21,10.0,day,Town10HD_Opt,Solid line crossing,13.989,-19.707,2026-03-17 10:18:24.471382,47.55562210083008,69.70861053466797,0.0019945525564253,Solid line crossing
participant_21,10.0,day,Town10HD_Opt,Solid line crossing,23.031,-0.7,2026-03-17 10:18:28.289611,60.24599075317383,70.12451171875,0.0020006180275231,Solid line crossing
participant_22,2.0,day,Town10HD_Opt,Vehicle collision,20.44,0.717,2026-03-17 10:18:30.657886,61.27281188964844,70.61067199707031,0.002047348069027,Vehicle collision
participant_21,10.0,day,Town10HD_Opt,Solid line crossing,46.748,3.424,2026-03-17 10:18:42.897936,98.70613861083984,95.41407775878906,0.0019219970563426,Solid line crossing
participant_21,10.0,day,Town10HD_Opt,Vehicle collision,32.84,-0.317,2026-03-17 10:18:58.857233,15.375646591186523,130.60617065429688,0.0017558288527652,Vehicle collision
participant_21,10.0,day,Town10HD_Opt,Solid line crossing,2.053,0.731,2026-03-17 10:19:06.278944,-24.303253173828125,130.80125427246094,0.0018296431517228,Solid line crossing
participant_21,10.0,day,Town10HD_Opt,Stop sign violation,23.169,13.662,2026-03-17 10:19:22.075213,-41.15180587768555,78.01235961914062,0.0021080398000776,stop_sign_id=1300
participant_22,2.0,day,Town10HD_Opt,Vehicle-pedestrian collision,35.518,22.546,2026-03-17 10:19:27.395176,-34.84641647338867,70.72650909423828,0.0020001602824777,Vehicle-pedestrian collision
participant_21,10.0,day,Town10HD_Opt,Solid line crossing,17.805,2.332,2026-03-17 10:19:29.793039,-17.829511642456055,70.43846893310547,0.0018787764711305,Solid line crossing
participant_21,10.0,day,Town10HD_Opt,Solid line crossing,9.095,1.17,2026-03-17 10:19:40.444044,17.164859771728516,70.1813735961914,0.0019429015228524,Solid line crossing
participant_22,3.0,day,Town10HD_Opt,Vehicle-pedestrian collision,39.091,-0.082,2026-03-17 10:31:26.616837,106.77286529541016,-10.468690872192385,0.0023106001317501,Vehicle-pedestrian collision
participant_22,3.0,day,Town10HD_Opt,Solid line crossing,39.408,-4.372,2026-03-17 10:31:33.797675,92.72647094726562,-54.233642578125,0.001983642578125,Solid line crossing
participant_22,3.0,day,Town10HD_Opt,Stop sign violation,33.255,-0.564,2026-03-17 10:31:43.265944,43.90457534790039,-66.81809997558594,0.0018044662429019,stop_sign_id=946
participant_22,3.0,day,Town10HD_Opt,Stop sign violation,12.384,2.457,2026-03-17 10:31:56.336724,-18.70067596435547,-65.30471801757812,0.0020300291944295,stop_sign_id=1062
participant_22,3.0,day,Town10HD_Opt,Vehicle-pedestrian collision,46.522,-6.502,2026-03-17 10:32:07.811448,-92.4070816040039,-58.85854721069336,0.0020736693404614,Vehicle-pedestrian collision
participant_22,3.0,day,Town10HD_Opt,Solid line crossing,0.0,-0.933,2026-03-17 10:32:25.853337,-110.98526763916016,-4.970556735992432,0.0019189834129065,Solid line crossing
participant_22,3.0,day,Town10HD_Opt,Solid line crossing,22.024,-6.798,2026-03-17 10:32:52.219106,-90.64339447021484,25.45585060119629,0.0022669599857181,Solid line crossing
participant_22,3.0,day,Town10HD_Opt,Stop sign violation,43.375,0.392,2026-03-17 10:33:06.589849,-56.320194244384766,24.843151092529297,0.0015809249598532,stop_sign_id=1200
participant_22,3.0,day,Town10HD_Opt,Solid line crossing,25.585,15.218,2026-03-17 10:33:17.982610,33.85734176635742,30.58317375183105,0.0020644378382712,Solid line crossing
participant_22,3.0,day,Town10HD_Opt,Solid line crossing,27.729,-13.995,2026-03-17 10:33:30.823177,48.038211822509766,67.67729187011719,0.0021768568549305,Solid line crossing
participant_22,3.0,day,Town10HD_Opt,Solid line crossing,17.382,1.123,2026-03-17 10:33:44.458902,88.03631591796875,69.91564178466797,0.0020311356056481,Solid line crossing
participant_22,3.0,day,Town10HD_Opt,Solid line crossing,30.422,4.636,2026-03-17 10:33:56.707827,84.92900848388672,122.61067962646484,0.002135848859325,Solid line crossing
participant_22,3.0,day,Town10HD_Opt,Solid line crossing,29.651,-0.266,2026-03-17 10:34:06.584020,34.132320404052734,131.94895935058594,0.0019443511264398,Solid line crossing
participant_22,3.0,day,Town10HD_Opt,Solid line crossing,23.544,1.015,2026-03-17 10:34:13.391949,5.807447910308838,131.31549072265625,0.0018194961594417,Solid line crossing
participant_22,3.0,day,Town10HD_Opt,Solid line crossing,8.334,0.322,2026-03-17 10:34:19.745122,-17.546388626098633,130.9842987060547,0.0019970701541751,Solid line crossing
participant_22,3.0,day,Town10HD_Opt,Solid line crossing,22.66,3.328,2026-03-17 10:34:32.173596,-41.62656021118164,116.25423431396484,0.0021069336216896,Solid line crossing
participant_22,3.0,day,Town10HD_Opt,Solid line crossing,28.25,16.181,2026-03-17 10:34:44.400067,-31.64787483215332,70.0033950805664,0.0020640564616769,Solid line crossing
participant_22,3.0,day,Town10HD_Opt,Solid line crossing,19.918,-0.188,2026-03-17 10:34:54.439478,9.698391914367676,69.95423889160156,0.0021247863769531,Solid line crossing
participant_22,4.0,day,Town10HD_Opt,Solid line crossing,19.531,-8.909,2026-03-17 10:45:51.825642,44.73408889770508,52.793983459472656,0.0021528243087232,Solid line crossing
participant_22,4.0,day,Town10HD_Opt,Harsh braking,0.003,-0.219,2026-03-17 10:46:08.939035,80.9260482788086,25.33636474609375,0.0019209289457648,decel_mps2=6.4
participant_22,4.0,day,Town10HD_Opt,Solid line crossing,22.762,-4.745,2026-03-17 10:46:21.846145,106.47916412353516,4.347347736358643,0.0020779035985469,Solid line crossing
participant_22,4.0,day,Town10HD_Opt,Solid line crossing,23.07,0.743,2026-03-17 10:46:28.526470,107.23715209960938,-26.90336799621582,0.0020801543723791,Solid line crossing
participant_22,4.0,day,Town10HD_Opt,Harsh braking,40.778,0.71,2026-03-17 10:46:42.156129,54.11166763305664,-69.16349029541016,0.0017252349061891,decel_mps2=7.9
participant_22,4.0,day,Town10HD_Opt,Solid line crossing,50.55,-5.616,2026-03-17 10:47:01.735801,-88.61514282226562,-64.85607147216797,0.0019354247488081,Solid line crossing
participant_22,4.0,day,Town10HD_Opt,Vehicle-pedestrian collision,14.531,-0.322,2026-03-17 10:47:32.423574,-110.66466522216795,-4.713459968566895,0.0014022063696756,Vehicle-pedestrian collision
participant_22,4.0,day,Town10HD_Opt,Stop sign violation,0.0,-0.061,2026-03-17 10:48:34.727927,87.80728149414062,70.4354019165039,0.0019190596649423,stop_sign_id=1200
participant_22,4.0,day,Town10HD_Opt,Solid line crossing,39.698,0.364,2026-03-17 10:49:18.122819,2.418417692184448,129.87582397460938,0.0017157363472506,Solid line crossing
participant_22,4.0,day,Town10HD_Opt,Solid line crossing,32.886,-2.294,2026-03-17 10:49:27.996087,-41.8002815246582,101.182373046875,0.0020731734111905,Solid line crossing
participant_22,4.0,day,Town10HD_Opt,Vehicle-pedestrian collision,31.823,-0.219,2026-03-17 10:49:38.220953,-4.030606746673584,69.6895980834961,0.0022883606143295,Vehicle-pedestrian collision
participant_22,4.0,day,Town10HD_Opt,Collision,9.91,-1.448,2026-03-17 10:49:45.932162,22.0587158203125,70.267822265625,0.0020151899661868,Collision
participant_22,5.0,day,Town10HD_Opt,Harsh braking,0.0,0.0,2026-03-17 11:00:16.860461,-41.668582916259766,89.7454833984375,0.0018127440707758,decel_mps2=7.3
participant_22,5.0,day,Town10HD_Opt,Solid line crossing,0.0,0.0,2026-03-17 11:00:45.181096,-41.668582916259766,89.7454833984375,0.0018127440707758,Solid line crossing
participant_22,5.0,day,Town10HD_Opt,Red light violation,0.0,0.0,2026-03-17 11:00:55.092558,-41.668582916259766,89.7454833984375,0.0018127440707758,Red light violation
participant_22,5.0,day,Town10HD_Opt,Solid line crossing,0.0,0.0,2026-03-17 11:01:20.588266,-41.668582916259766,89.7454833984375,0.0018127440707758,Solid line crossing
participant_22,5.0,day,Town10HD_Opt,Vehicle-pedestrian collision,0.0,0.0,2026-03-17 11:01:28.093130,-41.668582916259766,89.7454833984375,0.0018127440707758,Vehicle-pedestrian collision
participant_22,5.0,day,Town10HD_Opt,Solid line crossing,0.0,0.0,2026-03-17 11:01:37.867468,-41.668582916259766,89.7454833984375,0.0018127440707758,Solid line crossing
participant_22,5.0,day,Town10HD_Opt,Solid line crossing,0.0,0.0,2026-03-17 11:01:41.816824,-41.668582916259766,89.7454833984375,0.0018127440707758,Solid line crossing
participant_22,5.0,day,Town10HD_Opt,Red light violation,0.0,0.0,2026-03-17 11:01:50.902201,-41.668582916259766,89.7454833984375,0.0018127440707758,Red light violation
participant_22,5.0,day,Town10HD_Opt,Solid line crossing,0.0,0.0,2026-03-17 11:01:55.261181,-41.668582916259766,89.7454833984375,0.0018127440707758,Solid line crossing
participant_22,5.0,day,Town10HD_Opt,Harsh braking,0.0,0.0,2026-03-17 11:01:57.808466,-41.668582916259766,89.7454833984375,0.0018127440707758,decel_mps2=6.1
participant_22,5.0,day,Town10HD_Opt,Stop sign violation,20.055,0.026,2026-03-17 11:02:14.426315,-41.66858673095703,89.7454833984375,0.5804919004440308,stop_sign_id=754
participant_22,5.0,day,Town10HD_Opt,Solid line crossing,20.055,0.026,2026-03-17 11:02:23.651700,-41.66858673095703,89.7454833984375,0.5804919004440308,Solid line crossing
participant_22,5.0,day,Town10HD_Opt,Solid line crossing,20.055,0.026,2026-03-17 11:02:26.943209,-41.66858673095703,89.7454833984375,0.5804919004440308,Solid line crossing
participant_22,5.0,day,Town10HD_Opt,Harsh braking,20.055,0.026,2026-03-17 11:02:48.959972,-41.66858673095703,89.7454833984375,0.5804919004440308,decel_mps2=6.7
participant_22,5.0,day,Town10HD_Opt,Solid line crossing,20.055,0.026,2026-03-17 11:02:59.646962,-41.66858673095703,89.7454833984375,0.5804919004440308,Solid line crossing
participant_22,5.0,day,Town10HD_Opt,Solid line crossing,20.055,0.026,2026-03-17 11:03:28.489022,-41.66858673095703,89.7454833984375,0.5804919004440308,Solid line crossing
participant_22,5.0,day,Town10HD_Opt,Stop sign violation,20.055,0.026,2026-03-17 11:03:39.382263,-41.66858673095703,89.7454833984375,0.5804919004440308,stop_sign_id=754
participant_22,5.0,day,Town10HD_Opt,Stop sign violation,20.055,0.026,2026-03-17 11:04:02.846096,-41.66858673095703,89.7454833984375,0.5804919004440308,stop_sign_id=1050
participant_22,5.0,day,Town10HD_Opt,Stop sign violation,36.653,15.487,2026-03-17 11:04:13.491358,-33.61806869506836,70.33438873291016,0.0019881057087332,stop_sign_id=754
participant_22,5.0,day,Town10HD_Opt,Stop sign violation,39.819,-4.955,2026-03-17 11:04:33.272313,67.36479949951172,27.85234260559082,0.0024026106111705,stop_sign_id=900
participant_22,5.0,day,Town10HD_Opt,Solid line crossing,0.0,1.267,2026-03-17 11:04:43.317692,79.69007873535156,27.480531692504883,0.0019197463989257,Solid line crossing
participant_22,5.0,day,Town10HD_Opt,Solid line crossing,0.0,12.573,2026-03-17 11:04:55.674173,105.94709777832033,14.97175407409668,0.0019195937784388,Solid line crossing
participant_22,5.0,day,Town10HD_Opt,Stop sign violation,1.707,0.938,2026-03-17 11:05:31.245838,-16.554332733154297,-65.85409545898438,0.0019351958762854,stop_sign_id=900
participant_22,5.0,day,Town10HD_Opt,Solid line crossing,0.002,0.063,2026-03-17 11:05:45.760264,-23.4451904296875,-66.0710220336914,0.0019209289457648,Solid line crossing
participant_22,5.0,day,Town10HD_Opt,Solid line crossing,2.732,0.068,2026-03-17 11:05:56.615041,-23.49427604675293,-66.07231903076172,0.0017855452606454,Solid line crossing
participant_22,5.0,day,Town10HD_Opt,Solid line crossing,47.943,-4.442,2026-03-17 11:06:03.628405,-82.52986145019531,-64.11051177978516,0.00220314017497,Solid line crossing
participant_22,5.0,day,Town10HD_Opt,Solid line crossing,41.235,17.406,2026-03-17 11:07:29.009455,96.54126739501952,75.47296905517578,0.0019593429751694,Solid line crossing
participant_22,5.0,day,Town10HD_Opt,Collision,49.738,-0.404,2026-03-17 11:07:42.022081,15.483365058898926,132.45896911621094,0.0020184707827866,Collision
participant_22,5.0,day,Town10HD_Opt,Solid line crossing,0.001,-0.724,2026-03-17 11:07:48.392936,-18.273027420043945,132.31158447265625,0.0023117065429687,Solid line crossing
participant_22,5.0,day,Town10HD_Opt,Solid line crossing,33.176,6.173,2026-03-17 11:07:55.232479,-25.475135803222656,132.38290405273438,0.0015134429559111,Solid line crossing
participant_22,5.0,day,Town10HD_Opt,Solid line crossing,24.746,-0.369,2026-03-17 11:08:10.644820,-2.155294418334961,69.78218841552734,0.0022843170445412,Solid line crossing
participant_22,5.0,day,Town10HD_Opt,Stop sign violation,0.001,-1.17,2026-03-17 11:08:20.270383,22.3875675201416,70.02324676513672,0.0022470473777502,stop_sign_id=1120
participant_22,5.0,day,Town10HD_Opt,Solid line crossing,17.153,-3.54,2026-03-17 11:08:28.678636,26.674028396606445,70.00013732910156,0.0016104506794363,Solid line crossing
participant_22,5.0,day,Town10HD_Opt,Vehicle-pedestrian collision,0.004,-0.439,2026-03-17 11:08:39.167612,44.33585357666016,39.28426742553711,0.0019288634648546,Vehicle-pedestrian collision
participant_22,6.0,day,Town10HD_Opt,Solid line crossing,25.123,7.993,2026-03-17 11:15:57.668784,44.45264434814453,37.40767288208008,0.0017035682685673,Solid line crossing
participant_22,6.0,day,Town10HD_Opt,Solid line crossing,38.015,-26.897,2026-03-17 11:16:10.649045,96.88096618652344,27.82068252563477,0.0022063062060624,Solid line crossing
participant_22,6.0,day,Town10HD_Opt,Stop sign violation,24.466,-7.739,2026-03-17 11:16:31.291433,89.66725158691406,-57.92019271850586,0.0022278972901403,stop_sign_id=1300
participant_22,6.0,day,Town10HD_Opt,Solid line crossing,24.885,-2.16,2026-03-17 11:16:41.596664,35.059356689453125,-66.37483215332031,0.0018337635556235,Solid line crossing
participant_22,6.0,day,Town10HD_Opt,Solid line crossing,41.172,-0.571,2026-03-17 11:16:48.729046,-24.913238525390625,-68.21878814697266,0.0022058102767914,Solid line crossing
participant_22,6.0,day,Town10HD_Opt,Vehicle collision,39.892,-5.155,2026-03-17 11:17:00.257720,-106.81391143798828,-44.998779296875,0.0021403883583843,Vehicle collision
participant_22,6.0,day,Town10HD_Opt,Solid line crossing,35.661,-4.837,2026-03-17 11:17:02.318029,-110.5835418701172,-32.43268966674805,0.002101058838889,Solid line crossing
participant_22,6.0,day,Town10HD_Opt,Solid line crossing,0.007,5.316,2026-03-17 11:17:15.465005,-110.81301879882812,-13.687642097473145,0.0019187927246093,Solid line crossing
participant_22,6.0,day,Town10HD_Opt,Solid line crossing,30.391,-4.204,2026-03-17 11:17:26.260442,-108.46398162841795,11.940075874328612,0.00231822906062,Solid line crossing
participant_22,6.0,day,Town10HD_Opt,Stop sign violation,9.086,0.096,2026-03-17 11:18:04.336498,10.461591720581056,28.664093017578125,0.0019404218764975,stop_sign_id=1300
participant_22,6.0,day,Town10HD_Opt,Solid line crossing,9.41,-2.753,2026-03-17 11:18:20.189401,40.35378646850586,51.69559860229492,0.0020330427214503,Solid line crossing
participant_22,6.0,day,Town10HD_Opt,Solid line crossing,20.244,2.235,2026-03-17 11:18:38.273789,77.78736114501953,69.83336639404297,0.0019859315361827,Solid line crossing
participant_22,6.0,day,Town10HD_Opt,Solid line crossing,38.902,6.239,2026-03-17 11:18:52.737333,76.96463012695312,128.57208251953125,0.0020857236813753,Solid line crossing
participant_22,6.0,day,Town10HD_Opt,Solid line crossing,21.383,2.875,2026-03-17 11:18:56.413882,53.10690307617188,131.1942596435547,0.0020900343079119,Solid line crossing
participant_22,6.0,day,Town10HD_Opt,Solid line crossing,32.63,0.658,2026-03-17 11:19:04.723636,9.450937271118164,131.2332305908203,0.0018727877177298,Solid line crossing
participant_22,6.0,day,Town10HD_Opt,Solid line crossing,16.767,-4.825,2026-03-17 11:19:31.490084,-19.781917572021484,69.9000473022461,0.0019536209292709,Solid line crossing
participant_22,7.0,day,Town10HD_Opt,Solid line crossing,7.26,17.838,2026-03-17 11:30:48.731557,44.69334030151367,38.36690902709961,0.0019960403442382,Solid line crossing
participant_22,7.0,day,Town10HD_Opt,Harsh braking,4.65,-2.191,2026-03-17 11:31:02.743825,76.44461059570312,25.784324645996094,0.0019635008648037,decel_mps2=5.5
participant_22,7.0,day,Town10HD_Opt,Solid line crossing,45.587,-10.636,2026-03-17 11:31:14.787485,96.30101013183594,26.37979888916016,0.0018226241227239,Solid line crossing
participant_22,7.0,day,Town10HD_Opt,Solid line crossing,24.465,-5.948,2026-03-17 11:31:28.646145,103.90055084228516,-41.56759643554688,0.001782493549399,Solid line crossing
participant_22,7.0,day,Town10HD_Opt,Solid line crossing,23.044,-5.73,2026-03-17 11:31:38.340582,53.07795333862305,-67.40226745605469,0.0018256759503856,Solid line crossing
participant_22,7.0,day,Town10HD_Opt,Solid line crossing,21.793,0.461,2026-03-17 11:31:44.556668,4.564433097839356,-65.67133331298828,0.0022638321388512,Solid line crossing
participant_22,7.0,day,Town10HD_Opt,Stop sign violation,6.755,-0.437,2026-03-17 11:31:48.447928,-5.8152947425842285,-65.43997955322266,0.0019646072760224,stop_sign_id=1200
participant_22,7.0,day,Town10HD_Opt,Solid line crossing,28.575,-1.048,2026-03-17 11:32:00.252694,-59.46430969238281,-68.2103271484375,0.002275199862197,Solid line crossing
participant_22,7.0,day,Town10HD_Opt,Stop sign violation,21.919,-1.899,2026-03-17 11:32:09.881297,-109.06378936767578,-29.446516036987305,0.0022658538073301,stop_sign_id=900
participant_22,7.0,day,Town10HD_Opt,Solid line crossing,0.0,-0.498,2026-03-17 11:32:22.024302,-110.35845184326172,-4.681273937225342,0.0020686339121311,Solid line crossing
participant_22,7.0,day,Town10HD_Opt,Solid line crossing,0.006,-0.324,2026-03-17 11:32:30.310081,-110.35845184326172,-4.680675983428955,0.0019186401041224,Solid line crossing
participant_22,7.0,day,Town10HD_Opt,Solid line crossing,15.927,-0.409,2026-03-17 11:32:44.060023,-77.58564758300781,27.93418884277344,0.0019536209292709,Solid line crossing
participant_22,7.0,day,Town10HD_Opt,Stop sign violation,39.483,-0.038,2026-03-17 11:32:54.687443,-60.86910629272461,27.987836837768555,0.0015428924234583,stop_sign_id=678
participant_22,7.0,day,Town10HD_Opt,Solid line crossing,35.179,7.225,2026-03-17 11:33:45.163452,99.98685455322266,88.27772521972656,0.0023616789840161,Solid line crossing
participant_22,7.0,day,Town10HD_Opt,Vehicle-pedestrian collision,29.89,-0.282,2026-03-17 11:34:00.349180,30.347919464111328,131.10655212402344,0.0020981596317142,Vehicle-pedestrian collision
participant_22,7.0,day,Town10HD_Opt,Solid line crossing,4.547,0.884,2026-03-17 11:34:13.639317,-21.231969833374023,130.45306396484375,0.0019627378787845,Solid line crossing
participant_22,7.0,day,Town10HD_Opt,Solid line crossing,9.074,0.533,2026-03-17 11:34:27.714261,-46.61534118652344,86.20557403564453,0.0019943618681281,Solid line crossing
participant_22,8.0,day,Town10HD_Opt,Solid line crossing,5.295,-2.158,2026-03-17 11:45:45.519291,43.82127380371094,43.4734992980957,0.0019760893192142,Solid line crossing
participant_22,8.0,day,Town10HD_Opt,Solid line crossing,4.812,-0.573,2026-03-17 11:45:52.302989,43.78981399536133,42.74176025390625,0.0018128205556422,Solid line crossing
participant_22,8.0,day,Town10HD_Opt,Red light violation,40.928,13.37,2026-03-17 11:46:08.685957,81.15380859375,25.35149574279785,0.0019546127878129,Red light violation
participant_22,8.0,day,Town10HD_Opt,Solid line crossing,10.185,-0.559,2026-03-17 11:46:15.509878,106.60820770263672,9.697633743286133,0.0020354459993541,Solid line crossing
participant_22,8.0,day,Town10HD_Opt,Solid line crossing,31.434,-3.631,2026-03-17 11:46:33.359355,80.19023895263672,-62.34478759765625,0.0019036867888644,Solid line crossing
participant_22,8.0,day,Town10HD_Opt,Solid line crossing,28.439,-3.182,2026-03-17 11:46:38.053226,54.18646240234375,-64.53390502929688,0.0020192337688058,Solid line crossing
participant_22,8.0,day,Town10HD_Opt,Harsh braking,46.703,-0.703,2026-03-17 11:46:52.955107,-56.48115921020508,-68.23307800292969,0.0018491366645321,decel_mps2=6.1
participant_22,8.0,day,Town10HD_Opt,Vehicle-pedestrian collision,13.902,-1.899,2026-03-17 11:47:04.538695,-110.86133575439452,-14.434450149536133,0.0023790353443473,Vehicle-pedestrian collision
participant_22,8.0,day,Town10HD_Opt,Solid line crossing,0.117,4.657,2026-03-17 11:47:18.023626,-110.81240844726562,-13.67162036895752,0.0019184112315997,Solid line crossing
participant_22,8.0,day,Town10HD_Opt,Stop sign violation,22.774,-5.089,2026-03-17 11:47:27.380338,-107.07020568847656,16.449180603027344,0.0022762676235288,stop_sign_id=1062
participant_22,8.0,day,Town10HD_Opt,Solid line crossing,0.0,-0.073,2026-03-17 11:47:43.599880,-69.17359924316406,28.03630256652832,0.0019190596649423,Solid line crossing
participant_22,8.0,day,Town10HD_Opt,Solid line crossing,37.163,0.754,2026-03-17 11:47:57.735359,-17.34258270263672,28.02098655700684,0.0019068911205977,Solid line crossing
participant_22,8.0,day,Town10HD_Opt,Solid line crossing,23.984,0.303,2026-03-17 11:48:07.446960,19.597702026367188,28.590726852416992,0.0019729614723473,Solid line crossing
participant_22,8.0,day,Town10HD_Opt,Solid line crossing,27.985,15.216,2026-03-17 11:48:11.030620,37.11712646484375,32.698917388916016,0.0020495986100286,Solid line crossing
participant_22,8.0,day,Town10HD_Opt,Solid line crossing,0.0,1.894,2026-03-17 11:48:21.458230,40.36014175415039,52.41485595703125,0.001927719102241,Solid line crossing
participant_22,8.0,day,Town10HD_Opt,Solid line crossing,5.144,-10.672,2026-03-17 11:48:33.959241,64.25255584716797,71.13336944580078,0.0019793317187577,Solid line crossing
participant_22,8.0,day,Town10HD_Opt,Harsh braking,20.244,8.341,2026-03-17 11:48:46.837598,96.44612884521484,103.90804290771484,0.0021623228676617,decel_mps2=6.1
participant_22,8.0,day,Town10HD_Opt,Solid line crossing,28.18,1.789,2026-03-17 11:49:04.150843,14.63316535949707,131.24888610839844,0.0022758478298783,Solid line crossing
participant_22,8.0,day,Town10HD_Opt,Solid line crossing,18.151,0.449,2026-03-17 11:49:30.168297,-25.93181037902832,69.18809509277344,0.0020095824729651,Solid line crossing
participant_22,9.0,day,Town10HD_Opt,Solid line crossing,14.013,8.02,2026-03-17 12:00:44.265764,44.13006591796875,38.25394821166992,0.001914749154821,Solid line crossing
participant_22,9.0,day,Town10HD_Opt,Stop sign violation,0.851,27.831,2026-03-17 12:01:00.171135,65.92094421386719,25.249879837036133,0.0019297027029097,stop_sign_id=1120
participant_22,9.0,day,Town10HD_Opt,Solid line crossing,27.32,-9.583,2026-03-17 12:01:10.925314,105.52729034423828,19.574954986572266,0.002311973599717,Solid line crossing
participant_22,9.0,day,Town10HD_Opt,Solid line crossing,37.37,-5.744,2026-03-17 12:01:21.226398,89.97241973876953,-56.33723831176758,0.0018958281725645,Solid line crossing
participant_22,9.0,day,Town10HD_Opt,Solid line crossing,21.83,2.963,2026-03-17 12:01:33.676379,13.197056770324709,-64.614013671875,0.0019214248750358,Solid line crossing
participant_22,9.0,day,Town10HD_Opt,Harsh braking,25.885,0.902,2026-03-17 12:01:34.839516,9.016618728637695,-64.90633392333984,0.0019218062516301,decel_mps2=5.5
participant_22,9.0,day,Town10HD_Opt,Solid line crossing,37.257,-0.432,2026-03-17 12:01:45.651291,-23.434892654418945,-66.76878356933594,0.0015391159104183,Solid line crossing
participant_22,9.0,day,Town10HD_Opt,Stop sign violation,21.674,-1.798,2026-03-17 12:02:02.608015,-110.49886322021484,-20.80004119873047,0.0022460555192083,stop_sign_id=900
participant_22,9.0,day,Town10HD_Opt,Solid line crossing,3.11,-2.49,2026-03-17 12:02:09.704351,-110.78388214111328,-8.419515609741211,0.0019490050617605,Solid line crossing
participant_22,9.0,day,Town10HD_Opt,Solid line crossing,20.351,-10.461,2026-03-17 12:02:32.811827,-97.12325286865234,26.293190002441406,0.0019719696138054,Solid line crossing
participant_22,9.0,day,Town10HD_Opt,Solid line crossing,5.1,-0.188,2026-03-17 12:02:40.841857,-70.94229125976562,27.89681625366211,0.0019601820968091,Solid line crossing
participant_22,9.0,day,Town10HD_Opt,Solid line crossing,14.324,-0.031,2026-03-17 12:02:56.364280,-10.148822784423828,28.843706130981445,0.0020412825979292,Solid line crossing
participant_22,9.0,day,Town10HD_Opt,Solid line crossing,19.586,-2.459,2026-03-17 12:03:14.324222,41.12656784057617,47.6474609375,0.002072601346299,Solid line crossing
participant_22,9.0,day,Town10HD_Opt,Solid line crossing,13.989,-19.707,2026-03-17 12:03:24.431795,47.55562210083008,69.70861053466797,0.0019945525564253,Solid line crossing
participant_22,9.0,day,Town10HD_Opt,Stop sign violation,42.918,-0.012,2026-03-17 12:03:37.287088,90.7411880493164,69.238525390625,0.0016472624847665,stop_sign_id=754
participant_22,9.0,day,Town10HD_Opt,Solid line crossing,25.775,-0.324,2026-03-17 12:03:57.387412,21.71589088439941,130.65428161621094,0.0021933745592832,Solid line crossing
participant_22,9.0,day,Town10HD_Opt,Solid line crossing,17.776,18.222,2026-03-17 12:04:24.158568,-36.09538650512695,71.85432434082031,0.0019326781621202,Solid line crossing
participant_22,9.0,day,Town10HD_Opt,Solid line crossing,24.526,0.569,2026-03-17 12:04:34.559499,-1.4993226528167725,69.8614730834961,0.001977996667847,Solid line crossing
participant_22,10.0,day,Town10HD_Opt,Solid line crossing,28.384,-17.483,2026-03-17 12:15:19.844259,32.71044158935547,68.80828094482422,0.0022656631190329,Solid line crossing
participant_22,10.0,day,Town10HD_Opt,Solid line crossing,10.246,-3.257,2026-03-17 12:15:37.431557,69.1935806274414,24.86892509460449,0.0017411804292351,Solid line crossing
participant_22,10.0,day,Town10HD_Opt,Solid line crossing,19.39,-16.305,2026-03-17 12:15:53.801928,103.1186981201172,14.896876335144045,0.0020176314283162,Solid line crossing
participant_22,10.0,day,Town10HD_Opt,Solid line crossing,39.652,-10.269,2026-03-17 12:16:04.552648,101.78465270996094,-44.81493377685547,0.0025631331373006,Solid line crossing
participant_22,10.0,day,Town10HD_Opt,Stop sign violation,38.319,2.092,2026-03-17 12:16:19.309011,24.8070011138916,-64.56272888183594,0.0021237563341856,stop_sign_id=946
participant_22,10.0,day,Town10HD_Opt,Solid line crossing,52.45,-0.376,2026-03-17 12:16:27.298289,-25.14714813232422,-64.3856201171875,0.001668281503953,Solid line crossing
participant_22,10.0,day,Town10HD_Opt,Solid line crossing,0.0,-0.543,2026-03-17 12:16:46.641278,-110.76128387451172,-6.831332683563232,0.0019191741012036,Solid line crossing
participant_22,10.0,day,Town10HD_Opt,Solid line crossing,23.723,0.437,2026-03-17 12:17:21.382697,0.5641481876373291,27.795499801635746,0.0022603988181799,Solid line crossing
participant_22,10.0,day,Town10HD_Opt,Stop sign violation,33.934,-15.622,2026-03-17 12:17:38.716491,42.918582916259766,63.87538909912109,0.0017848204588517,stop_sign_id=1200
participant_22,10.0,day,Town10HD_Opt,Solid line crossing,48.688,-12.964,2026-03-17 12:18:18.494251,-15.536518096923828,70.41828155517578,0.0021280669607222,Solid line crossing
participant_22,10.0,day,Town10HD_Opt,Stop sign violation,30.242,-2.899,2026-03-17 12:18:28.314994,27.036699295043945,69.54134368896484,0.0016238784883171,stop_sign_id=1200
participant_22,10.0,day,Town10HD_Opt,Stop sign violation,48.757,-5.354,2026-03-17 12:18:43.182442,86.05133819580078,27.80948638916016,0.0015513610560446,stop_sign_id=833
participant_22,10.0,day,Town10HD_Opt,Red light violation,50.434,-10.771,2026-03-17 12:18:51.951787,97.04827117919922,-47.17140197753906,0.0019125747494399,Red light violation
participant_22,10.0,day,Town10HD_Opt,Solid line crossing,46.892,0.374,2026-03-17 12:19:00.251610,20.20270156860352,-64.68994140625,0.0020709990058094,Solid line crossing
participant_22,10.0,day,Town10HD_Opt,Vehicle collision,0.0,0.182,2026-03-17 12:19:15.544798,-24.189077377319336,-64.75942993164062,0.0019193267216905,Vehicle collision
participant_23,1.0,day,Town10HD_Opt,Solid line crossing,10.308,-0.844,2026-03-17 13:00:16.381775,-3.362250328063965,68.23760223388672,0.0020174405071884,Solid line crossing
participant_23,1.0,day,Town10HD_Opt,Solid line crossing,10.433,-5.224,2026-03-17 13:00:30.539261,31.62936210632324,68.94038391113281,0.0019781873561441,Solid line crossing
participant_23,1.0,day,Town10HD_Opt,Vehicle-pedestrian collision,14.295,-18.304,2026-03-17 13:00:38.420958,45.06968307495117,57.49991607666016,0.0019024276407435,Vehicle-pedestrian collision
participant_23,1.0,day,Town10HD_Opt,Stop sign violation,0.0,1.993,2026-03-17 13:01:07.541077,74.59008026123047,25.32138633728028,0.0019199752714484,stop_sign_id=900
participant_23,1.0,day,Town10HD_Opt,Solid line crossing,35.2,0.489,2026-03-17 13:02:02.215214,-11.14235782623291,-67.69851684570312,0.0015507143689319,Solid line crossing
participant_23,1.0,day,Town10HD_Opt,Solid line crossing,42.744,-5.81,2026-03-17 13:02:16.370439,-109.73631286621094,-30.56027603149414,0.0023635472171008,Solid line crossing
participant_23,1.0,day,Town10HD_Opt,Solid line crossing,24.508,9.337,2026-03-17 13:03:14.293467,27.780744552612305,28.36520004272461,0.0020595549140125,Solid line crossing
participant_23,1.0,day,Town10HD_Opt,Stop sign violation,32.268,6.021,2026-03-17 13:04:00.251157,67.25978088378906,131.7696533203125,0.0018465430475771,stop_sign_id=678
participant_23,1.0,day,Town10HD_Opt,Solid line crossing,6.908,3.302,2026-03-17 13:04:44.036452,23.17411231994629,70.03736877441406,0.0020624918397516,Solid line crossing
participant_23,2.0,day,Town10HD_Opt,Stop sign violation,0.0,0.0,2026-03-17 13:15:13.713018,-41.66858673095703,89.7454833984375,0.0019181441748514,stop_sign_id=754
participant_23,2.0,day,Town10HD_Opt,Stop sign violation,17.708,13.314,2026-03-17 13:15:24.785254,-34.61386489868164,70.8421401977539,0.0018944549374282,stop_sign_id=1200
participant_23,2.0,day,Town10HD_Opt,Solid line crossing,15.14,0.51,2026-03-17 13:15:37.825760,14.625337600708008,70.25946807861328,0.0020220566075295,Solid line crossing
participant_23,2.0,day,Town10HD_Opt,Vehicle-pedestrian collision,10.941,-5.281,2026-03-17 13:15:56.338926,44.92398834228516,49.96747970581055,0.0020237350836396,Vehicle-pedestrian collision
participant_23,2.0,day,Town10HD_Opt,Red light violation,27.248,1.683,2026-03-17 13:16:36.397526,55.51819610595703,-67.72697448730469,0.0022818373981863,Red light violation
participant_23,2.0,day,Town10HD_Opt,Solid line crossing,14.286,-9.964,2026-03-17 13:17:15.329167,-93.953369140625,26.33513832092285,0.0008869171142578,Solid line crossing
participant_23,2.0,day,Town10HD_Opt,Solid line crossing,0.0,0.301,2026-03-17 13:17:50.433479,-67.43798065185547,27.990373611450195,0.0019189834129065,Solid line crossing
participant_23,2.0,day,Town10HD_Opt,Solid line crossing,39.181,-0.298,2026-03-17 13:18:03.113928,-0.3583554029464721,28.41189193725586,0.0021145630162209,Solid line crossing
participant_23,2.0,day,Town10HD_Opt,Solid line crossing,0.007,1.102,2026-03-17 13:18:19.493282,40.4444465637207,52.16398620605469,0.0019189071608707,Solid line crossing
participant_23,2.0,day,Town10HD_Opt,Solid line crossing,30.836,-17.117,2026-03-17 13:18:28.657637,51.43800735473633,70.68669128417969,0.002087326021865,Solid line crossing
participant_23,2.0,day,Town10HD_Opt,Collision,38.928,8.215,2026-03-17 13:18:42.984510,99.98738098144533,81.88229370117188,0.0020100784022361,Collision
participant_23,2.0,day,Town10HD_Opt,Solid line crossing,21.645,4.501,2026-03-17 13:18:52.246462,70.79075622558594,129.33168029785156,0.0020727538503706,Solid line crossing
participant_23,2.0,day,Town10HD_Opt,Harsh braking,11.856,-0.216,2026-03-17 13:19:07.694559,-13.257827758789062,130.1111297607422,0.0019725416786968,decel_mps2=5.2
participant_23,2.0,day,Town10HD_Opt,Harsh braking,18.685,14.445,2026-03-17 13:19:15.967386,-40.76885986328125,120.92771911621094,0.0020738600287586,decel_mps2=7.3
participant_23,2.0,day,Town10HD_Opt,Collision,22.268,-1.201,2026-03-17 13:19:29.437009,-15.94431972503662,69.66356658935547,0.0022664642892777,Collision
participant_23,2.0,day,Town10HD_Opt,Solid line crossing,0.002,-0.167,2026-03-17 13:19:43.260048,25.78075408935547,69.71597290039062,0.001952133141458,Solid line crossing
participant_23,3.0,day,Town10HD_Opt,Vehicle-pedestrian collision,42.635,-0.442,2026-03-17 13:30:18.487766,23.067646026611328,69.48097229003906,0.0017651367234066,Vehicle-pedestrian collision
participant_23,3.0,day,Town10HD_Opt,Harsh braking,38.218,14.631,2026-03-17 13:30:27.139165,44.85109329223633,35.71075820922852,0.0019034957513213,decel_mps2=6.1
participant_23,3.0,day,Town10HD_Opt,Vehicle-pedestrian collision,0.0,0.71,2026-03-17 13:30:38.026523,75.91445922851562,24.730010986328125,0.0019192504696547,Vehicle-pedestrian collision
participant_23,3.0,day,Town10HD_Opt,Solid line crossing,49.491,-1.742,2026-03-17 13:30:52.884690,108.96219635009766,-17.08698081970215,0.0020594405941665,Solid line crossing
participant_23,3.0,day,Town10HD_Opt,Stop sign violation,51.02,1.744,2026-03-17 13:31:02.835163,47.79536437988281,-66.7811050415039,0.00194770807866,stop_sign_id=946
participant_23,3.0,day,Town10HD_Opt,Solid line crossing,6.149,-0.491,2026-03-17 13:31:12.727282,-10.336488723754885,-65.79972839355469,0.0019682310521602,Solid line crossing
participant_23,3.0,day,Town10HD_Opt,Harsh braking,9.46,0.733,2026-03-17 13:31:22.391088,-17.694509506225586,-65.55128479003906,0.0019730376079678,decel_mps2=5.5
participant_23,3.0,day,Town10HD_Opt,Harsh braking,0.607,-2.33,2026-03-17 13:32:00.722049,-70.531494140625,25.555849075317383,0.0019249343313276,decel_mps2=6.7
participant_23,3.0,day,Town10HD_Opt,Harsh braking,0.007,-0.498,2026-03-17 13:34:07.211688,76.47412109375,24.88954734802246,0.0019186401041224,decel_mps2=7.3
participant_23,3.0,day,Town10HD_Opt,Solid line crossing,40.992,-1.42,2026-03-17 13:34:30.504013,15.516511917114258,-64.46589660644531,0.0017119598342105,Solid line crossing
participant_23,3.0,day,Town10HD_Opt,Solid line crossing,0.0,0.336,2026-03-17 13:34:43.376533,-23.60560417175293,-64.6944351196289,0.0019189834129065,Solid line crossing
participant_23,3.0,day,Town10HD_Opt,Harsh braking,22.598,0.15,2026-03-17 13:34:54.394370,-56.06768798828125,-65.22632598876953,0.0022667692974209,decel_mps2=6.1
participant_23,4.0,day,Town10HD_Opt,Solid line crossing,14.275,-0.162,2026-03-17 13:45:19.294474,-12.214317321777344,70.1044921875,0.0019645690917968,Solid line crossing
participant_23,4.0,day,Town10HD_Opt,Solid line crossing,6.588,0.164,2026-03-17 13:45:32.812036,25.11900520324707,69.85414123535156,0.0019855881109833,Solid line crossing
participant_23,4.0,day,Town10HD_Opt,Solid line crossing,15.405,-14.911,2026-03-17 13:45:42.599855,43.33747100830078,65.8675537109375,0.0020376967731863,Solid line crossing
participant_23,4.0,day,Town10HD_Opt,Red light violation,0.003,-24.112,2026-03-17 13:45:46.074504,45.60421752929688,62.34339141845703,0.00192012777552,Red light violation
participant_23,4.0,day,Town10HD_Opt,Vehicle-pedestrian collision,6.172,1.42,2026-03-17 13:45:56.165773,43.92269134521485,43.64780807495117,0.0019782257732003,Vehicle-pedestrian collision
participant_23,4.0,day,Town10HD_Opt,Solid line crossing,11.382,-0.078,2026-03-17 13:46:07.218581,65.28944396972656,26.220109939575195,0.0019796371925622,Solid line crossing
participant_23,4.0,day,Town10HD_Opt,Solid line crossing,0.002,1.255,2026-03-17 13:46:18.364306,80.12686157226562,25.539161682128903,0.0019203948322683,Solid line crossing
participant_23,4.0,day,Town10HD_Opt,Solid line crossing,0.002,1.156,2026-03-17 13:46:30.688996,80.12818908691406,25.53915405273437,0.0019191741012036,Solid line crossing
participant_23,4.0,day,Town10HD_Opt,Solid line crossing,26.579,-5.096,2026-03-17 13:46:44.488644,109.95832061767578,-17.649024963378906,0.0021515653934329,Solid line crossing
participant_23,4.0,day,Town10HD_Opt,Solid line crossing,42.032,-4.707,2026-03-17 13:46:50.203279,91.66985321044922,-57.1876220703125,0.0020278168376535,Solid line crossing
participant_23,4.0,day,Town10HD_Opt,Collision,35.369,0.162,2026-03-17 13:46:58.701038,32.39263916015625,-66.7437973022461,0.0019792555831372,Collision
participant_23,4.0,day,Town10HD_Opt,Harsh braking,30.109,-0.399,2026-03-17 13:47:15.545575,-44.64452362060547,-67.26860046386719,0.0018498993013054,decel_mps2=7.3
participant_23,4.0,day,Town10HD_Opt,Stop sign violation,49.145,0.698,2026-03-17 13:48:23.636955,-41.14769744873047,28.314592361450195,0.002060089027509,stop_sign_id=900
participant_23,4.0,day,Town10HD_Opt,Vehicle collision,26.891,0.916,2026-03-17 13:48:55.177131,60.61674499511719,70.34502410888672,0.0021213912405073,Vehicle collision
participant_23,5.0,day,Town10HD_Opt,Stop sign violation,18.413,-1.062,2026-03-17 14:00:18.481674,9.809179306030272,70.20919036865234,0.0020964050199836,stop_sign_id=1300
participant_23,5.0,day,Town10HD_Opt,Red light violation,5.502,0.334,2026-03-17 14:00:24.595654,25.257116317749023,70.03153991699219,0.0019712066277861,Red light violation
participant_23,5.0,day,Town10HD_Opt,Stop sign violation,9.513,6.31,2026-03-17 14:00:47.605996,44.55786895751953,39.83361053466797,0.0020040511153638,stop_sign_id=1300
participant_23,5.0,day,Town10HD_Opt,Harsh braking,16.294,-0.543,2026-03-17 14:02:15.140224,-110.17827606201172,-13.931396484375,0.0019622039981186,decel_mps2=8.1
participant_23,5.0,day,Town10HD_Opt,Solid line crossing,22.545,-16.426,2026-03-17 14:02:37.085639,-108.71829986572266,20.04027938842773,0.0021001051645725,Solid line crossing
participant_23,5.0,day,Town10HD_Opt,Vehicle-pedestrian collision,27.013,-0.388,2026-03-17 14:03:00.415245,-14.146693229675291,28.2880973815918,0.00229885103181,Vehicle-pedestrian collision
participant_23,5.0,day,Town10HD_Opt,Solid line crossing,18.363,2.391,2026-03-17 14:03:09.498514,24.855133056640625,28.223852157592773,0.0020410537254065,Solid line crossing
participant_23,5.0,day,Town10HD_Opt,Stop sign violation,10.363,-5.03,2026-03-17 14:03:21.810522,40.3935775756836,54.10417175292969,0.0019136810442432,stop_sign_id=754
participant_23,5.0,day,Town10HD_Opt,Solid line crossing,17.37,-7.965,2026-03-17 14:03:35.931661,61.27648162841797,72.05733489990234,0.001689605647698,Solid line crossing
participant_23,5.0,day,Town10HD_Opt,Solid line crossing,29.776,6.061,2026-03-17 14:03:52.018276,86.7593765258789,123.10733795166016,0.0019367217319086,Solid line crossing
participant_23,5.0,day,Town10HD_Opt,Solid line crossing,30.245,0.425,2026-03-17 14:04:23.414481,-43.6752815246582,100.3355712890625,0.0021653366275131,Solid line crossing
participant_23,5.0,day,Town10HD_Opt,Solid line crossing,18.543,0.376,2026-03-17 14:04:37.935354,-15.242525100708008,69.87706756591797,0.0022423553746193,Solid line crossing
participant_23,6.0,day,Town10HD_Opt,Solid line crossing,17.15,-0.092,2026-03-17 14:15:21.561962,19.0302963256836,70.09819793701172,0.0018868636107072,Solid line crossing
participant_23,6.0,day,Town10HD_Opt,Solid line crossing,11.708,-14.393,2026-03-17 14:15:33.710792,37.27200698852539,68.05802154541016,0.0019282912835478,Solid line crossing
participant_23,6.0,day,Town10HD_Opt,Solid line crossing,8.124,6.692,2026-03-17 14:15:46.097230,44.68724822998047,43.59320068359375,0.0019530486315488,Solid line crossing
participant_23,6.0,day,Town10HD_Opt,Solid line crossing,14.566,2.419,2026-03-17 14:15:56.070204,63.76922225952149,25.44995880126953,0.0020355987362563,Solid line crossing
participant_23,6.0,day,Town10HD_Opt,Vehicle collision,21.919,-1.899,2026-03-17 14:17:09.430074,-109.06378936767578,-29.446516036987305,0.0022658538073301,Vehicle collision
participant_23,6.0,day,Town10HD_Opt,Stop sign violation,2.757,-0.498,2026-03-17 14:17:20.522707,-110.35614013671876,-5.01196813583374,0.0019455336732789,stop_sign_id=1300
participant_23,6.0,day,Town10HD_Opt,Solid line crossing,15.927,-0.409,2026-03-17 14:17:43.494908,-77.58564758300781,27.93418884277344,0.0019536209292709,Solid line crossing
participant_23,6.0,day,Town10HD_Opt,Solid line crossing,39.768,18.317,2026-03-17 14:18:43.242436,94.59912872314452,72.48092651367188,0.0022320174612104,Solid line crossing
participant_23,6.0,day,Town10HD_Opt,Solid line crossing,25.235,-1.215,2026-03-17 14:18:47.162311,97.83116149902344,97.9362564086914,0.0020465087145566,Solid line crossing
participant_23,6.0,day,Town10HD_Opt,Solid line crossing,25.246,0.844,2026-03-17 14:19:04.305103,11.17661952972412,131.11219787597656,0.0020729063544422,Solid line crossing
participant_23,6.0,day,Town10HD_Opt,Vehicle-pedestrian collision,3.197,1.013,2026-03-17 14:19:14.719980,-22.1370849609375,130.41763305664062,0.0019495772430673,Vehicle-pedestrian collision
participant_23,6.0,day,Town10HD_Opt,Stop sign violation,19.12,-2.41,2026-03-17 14:19:42.492218,-2.8409762382507324,70.12428283691406,0.0018997192382812,stop_sign_id=946
participant_23,7.0,day,Town10HD_Opt,Vehicle-pedestrian collision,0.651,0.031,2026-03-17 14:31:05.568932,69.70397186279297,24.12600517272949,0.0019254302605986,Vehicle-pedestrian collision
participant_23,7.0,day,Town10HD_Opt,Stop sign violation,26.759,-7.237,2026-03-17 14:31:16.048144,102.67898559570312,17.69832992553711,0.0023355865851044,stop_sign_id=900
participant_23,7.0,day,Town10HD_Opt,Harsh braking,36.711,-4.865,2026-03-17 14:31:27.600066,106.37740325927734,-33.587371826171875,0.0020545197185128,decel_mps2=6.1
participant_23,7.0,day,Town10HD_Opt,Vehicle-pedestrian collision,41.164,6.173,2026-03-17 14:31:38.180683,36.65483856201172,-67.25970458984375,0.0023298263549804,Vehicle-pedestrian collision
participant_23,7.0,day,Town10HD_Opt,Stop sign violation,0.0,-0.536,2026-03-17 14:31:56.419618,-24.9143009185791,-65.01899719238281,0.0019213104387745,stop_sign_id=1300
participant_23,7.0,day,Town10HD_Opt,Solid line crossing,50.207,-1.709,2026-03-17 14:32:18.955845,-59.90626907348633,-65.32342529296875,0.002011566190049,Solid line crossing
participant_23,7.0,day,Town10HD_Opt,Solid line crossing,21.768,-4.733,2026-03-17 14:32:28.137888,-110.85362243652344,-21.69331932067871,0.0021333694458007,Solid line crossing
participant_23,7.0,day,Town10HD_Opt,Solid line crossing,0.0,-0.27,2026-03-17 14:33:07.506838,-67.49921417236328,26.01396942138672,0.0019195555942133,Solid line crossing
participant_23,7.0,day,Town10HD_Opt,Solid line crossing,0.0,0.167,2026-03-17 14:33:19.255882,-67.49921417236328,26.01396942138672,0.0019195555942133,Solid line crossing
participant_23,7.0,day,Town10HD_Opt,Solid line crossing,4.529,3.269,2026-03-17 14:33:54.823914,40.57624816894531,43.167816162109375,0.0019655227661132,Solid line crossing
participant_23,7.0,day,Town10HD_Opt,Red light violation,5.39,1.1,2026-03-17 14:34:11.110486,79.6837387084961,69.84355163574219,0.0019654845818877,Red light violation
participant_23,8.0,day,Town10HD_Opt,Red light violation,20.392,2.588,2026-03-17 14:45:15.616879,-24.97632026672364,69.34669494628906,0.0022508238907903,Red light violation
participant_23,8.0,day,Town10HD_Opt,Solid line crossing,17.437,-2.501,2026-03-17 14:45:26.876699,-7.4766740798950195,70.35539245605469,0.001889266888611,Solid line crossing
participant_23,8.0,day,Town10HD_Opt,Harsh braking,10.46,0.143,2026-03-17 14:45:38.192898,21.867015838623047,69.99227905273438,0.0021389769390225,decel_mps2=5.2
participant_23,8.0,day,Town10HD_Opt,Harsh braking,18.097,-12.903,2026-03-17 14:45:59.048422,43.48098373413086,60.58068084716797,0.0020092010963708,decel_mps2=4.9
participant_23,8.0,day,Town10HD_Opt,Stop sign violation,7.311,-0.116,2026-03-17 14:46:12.521365,44.389404296875,50.22691345214844,0.0022952270228415,stop_sign_id=946
participant_23,8.0,day,Town10HD_Opt,Vehicle-pedestrian collision,0.0,0.0,2026-03-17 14:46:28.700343,44.37602996826172,50.00769805908203,0.0020349882543087,Vehicle-pedestrian collision
participant_23,8.0,day,Town10HD_Opt,Stop sign violation,0.0,0.0,2026-03-17 14:46:39.398306,44.37602996826172,50.00769805908203,0.0020349882543087,stop_sign_id=1300
participant_23,8.0,day,Town10HD_Opt,Solid line crossing,0.0,0.0,2026-03-17 14:46:54.558101,44.37602996826172,50.00769805908203,0.0020349882543087,Solid line crossing
participant_23,9.0,day,Town10HD_Opt,Vehicle collision,11.571,0.566,2026-03-17 15:00:31.007803,20.688396453857425,70.02827453613281,0.0020601653959602,Vehicle collision
participant_24,1.0,day,Town10HD_Opt,Solid line crossing,3.595,7.14,2026-03-17 15:01:00.398713,68.17528533935547,25.24576568603516,0.001940841670148,Solid line crossing
participant_23,9.0,day,Town10HD_Opt,Solid line crossing,6.885,13.47,2026-03-17 15:01:08.668200,47.71191787719727,30.811912536621094,0.001986808842048,Solid line crossing
participant_24,1.0,day,Town10HD_Opt,Solid line crossing,0.18,0.402,2026-03-17 15:01:10.659594,69.72594451904297,25.29111671447754,0.0019150924636051,Solid line crossing
participant_24,1.0,day,Town10HD_Opt,Vehicle-pedestrian collision,31.052,-8.236,2026-03-17 15:01:17.040117,83.9051513671875,28.78650283813477,0.00157375424169,Vehicle-pedestrian collision
participant_24,1.0,day,Town10HD_Opt,Solid line crossing,49.923,0.028,2026-03-17 15:01:24.880254,106.76924896240234,3.40554428100586,0.0017063909908756,Solid line crossing
participant_24,1.0,day,Town10HD_Opt,Solid line crossing,35.91,-4.063,2026-03-17 15:01:32.233511,101.50143432617188,-42.39215087890625,0.0022001643665134,Solid line crossing
participant_24,1.0,day,Town10HD_Opt,Solid line crossing,49.904,0.442,2026-03-17 15:01:38.987774,61.07332992553711,-65.00723266601562,0.0020343016367405,Solid line crossing
participant_24,1.0,day,Town10HD_Opt,Harsh braking,43.386,0.176,2026-03-17 15:01:58.713566,-39.54990005493164,-68.29503631591797,0.0019453431013971,decel_mps2=5.7
participant_24,1.0,day,Town10HD_Opt,Solid line crossing,3.71,-1.786,2026-03-17 15:02:14.468704,-111.4388656616211,-9.716818809509276,0.0019621655810624,Solid line crossing
participant_23,9.0,day,Town10HD_Opt,Harsh braking,25.694,-0.9,2026-03-17 15:02:25.074477,52.86813735961914,-67.55384826660156,0.0020292662084102,decel_mps2=5.7
participant_23,9.0,day,Town10HD_Opt,Solid line crossing,11.869,0.054,2026-03-17 15:02:40.449778,-16.11479377746582,-68.24935150146484,0.0019031142583116,Solid line crossing
participant_23,9.0,day,Town10HD_Opt,Solid line crossing,23.779,-0.428,2026-03-17 15:03:30.128910,-110.49031829833984,4.473243236541748,0.0020542526617646,Solid line crossing
participant_23,9.0,day,Town10HD_Opt,Solid line crossing,4.571,-19.295,2026-03-17 15:03:42.901128,-96.00279235839844,25.894508361816406,0.0018044280586764,Solid line crossing
participant_24,1.0,day,Town10HD_Opt,Harsh braking,34.598,31.536,2026-03-17 15:03:44.321495,99.07958984375,76.54948425292969,0.0023003763053566,decel_mps2=6.1
participant_23,9.0,day,Town10HD_Opt,Red light violation,11.24,-0.303,2026-03-17 15:03:54.178126,-71.58151245117188,27.632116317749023,0.0018502426100894,Red light violation
participant_23,9.0,day,Town10HD_Opt,Stop sign violation,0.659,-0.106,2026-03-17 15:04:06.416525,-66.87890625,27.827842712402344,0.0019034194992855,stop_sign_id=833
participant_23,9.0,day,Town10HD_Opt,Solid line crossing,38.173,0.092,2026-03-17 15:04:14.624690,-16.28121566772461,28.763761520385746,0.0018162154592573,Solid line crossing
participant_23,9.0,day,Town10HD_Opt,Solid line crossing,10.926,8.907,2026-03-17 15:04:28.394491,34.45946502685547,30.71396255493164,0.0020449447911232,Solid line crossing
participant_23,9.0,day,Town10HD_Opt,Solid line crossing,2.795,-3.415,2026-03-17 15:04:44.899568,40.97743225097656,52.51991653442383,0.0019456481095403,Solid line crossing
participant_23,9.0,day,Town10HD_Opt,Solid line crossing,0.368,-4.478,2026-03-17 15:04:52.381389,40.82801055908203,54.16999435424805,0.0019224166171625,Solid line crossing
participant_24,2.0,day,Town10HD_Opt,Collision,26.308,-12.944,2026-03-17 15:15:18.059195,37.26968383789063,64.36132049560547,0.0024455259554088,Collision
participant_23,10.0,day,Town10HD_Opt,Solid line crossing,33.613,-14.683,2026-03-17 15:15:19.327568,32.23390197753906,68.9285659790039,0.0023447799030691,Solid line crossing
participant_24,2.0,day,Town10HD_Opt,Harsh braking,15.235,3.66,2026-03-17 15:15:29.235792,47.26331329345703,38.74935150146485,0.0020198440179228,decel_mps2=6.1
participant_23,10.0,day,Town10HD_Opt,Solid line crossing,29.014,3.773,2026-03-17 15:15:30.382091,61.3922004699707,25.481342315673828,0.0022265624720603,Solid line crossing
participant_23,10.0,day,Town10HD_Opt,Solid line crossing,22.618,-0.818,2026-03-17 15:15:46.124802,82.91168975830078,24.692426681518555,0.0018012619111686,Solid line crossing
participant_24,2.0,day,Town10HD_Opt,Solid line crossing,7.072,4.126,2026-03-17 15:15:46.166124,68.27115631103516,24.12911033630371,0.0020491026807576,Solid line crossing
participant_24,2.0,day,Town10HD_Opt,Solid line crossing,0.0,0.411,2026-03-17 15:15:57.889657,69.01659393310547,24.13434600830078,0.0019194030901417,Solid line crossing
participant_23,10.0,day,Town10HD_Opt,Solid line crossing,49.253,-4.903,2026-03-17 15:15:58.709633,84.3148422241211,-62.44026565551758,0.0020697021391242,Solid line crossing
participant_23,10.0,day,Town10HD_Opt,Solid line crossing,16.026,-0.491,2026-03-17 15:16:10.662120,-4.601004123687744,-65.85771179199219,0.0020204542670398,Solid line crossing
participant_23,10.0,day,Town10HD_Opt,Vehicle-pedestrian collision,20.705,3.191,2026-03-17 15:16:23.519134,-20.28246307373047,-65.48909759521484,0.0018144607311114,Vehicle-pedestrian collision
participant_24,2.0,day,Town10HD_Opt,Solid line crossing,45.658,0.092,2026-03-17 15:16:36.492459,55.51662063598633,-67.52327728271484,0.0019242477137595,Solid line crossing
participant_24,2.0,day,Town10HD_Opt,Stop sign violation,9.154,0.068,2026-03-17 15:16:46.905874,-1.9397222995758057,-65.45976257324219,0.0020581053104251,stop_sign_id=946
participant_24,2.0,day,Town10HD_Opt,Harsh braking,49.145,-0.35,2026-03-17 15:17:17.344465,-48.27703094482422,-65.32899475097656,0.0018769073067232,decel_mps2=5.7
participant_23,10.0,day,Town10HD_Opt,Solid line crossing,18.375,0.261,2026-03-17 15:17:32.968519,22.83974838256836,26.7700424194336,0.0022369765210896,Solid line crossing
participant_24,2.0,day,Town10HD_Opt,Solid line crossing,0.659,-0.489,2026-03-17 15:17:40.620219,-111.03252410888672,-8.826148986816406,0.0019564819522202,Solid line crossing
participant_24,2.0,day,Town10HD_Opt,Stop sign violation,0.176,0.477,2026-03-17 15:17:47.510817,-111.0284423828125,-8.432563781738281,0.0019210433820262,stop_sign_id=1062
participant_24,2.0,day,Town10HD_Opt,Solid line crossing,32.169,-0.355,2026-03-17 15:18:32.387286,-15.816717147827148,27.87916374206543,0.0020811462309211,Solid line crossing
participant_23,10.0,day,Town10HD_Opt,Harsh braking,15.619,-4.089,2026-03-17 15:18:59.146674,70.04579162597656,24.94698715209961,0.0019643784034997,decel_mps2=5.7
participant_24,2.0,day,Town10HD_Opt,Stop sign violation,36.503,11.219,2026-03-17 15:19:20.903142,99.1827392578125,81.05607604980469,0.0019889830145984,stop_sign_id=1300
participant_24,2.0,day,Town10HD_Opt,Stop sign violation,47.62,0.825,2026-03-17 15:19:32.088769,46.8962287902832,133.66542053222656,0.0021339035592973,stop_sign_id=1050
participant_23,10.0,day,Town10HD_Opt,Vehicle-pedestrian collision,3.596,1.673,2026-03-17 15:19:48.998467,-23.794321060180664,-64.69722747802734,0.0017693327972665,Vehicle-pedestrian collision
participant_24,3.0,day,Town10HD_Opt,Harsh braking,10.51,3.502,2026-03-17 15:30:33.755583,56.76597595214844,26.36896133422852,0.0020193478558212,decel_mps2=5.2
participant_24,3.0,day,Town10HD_Opt,Red light violation,19.945,-1.951,2026-03-17 15:31:08.377729,84.12984466552734,25.27779006958008,0.0015732593601569,Red light violation
participant_24,3.0,day,Town10HD_Opt,Solid line crossing,41.986,0.106,2026-03-17 15:31:26.197429,40.98957824707031,-64.61414337158203,0.0021467967890203,Solid line crossing
participant_24,3.0,day,Town10HD_Opt,Harsh braking,24.139,-0.146,2026-03-17 15:31:32.096054,3.1877517700195312,-65.54969787597656,0.0021169276442378,decel_mps2=7.9
participant_24,3.0,day,Town10HD_Opt,Solid line crossing,0.0,-1.316,2026-03-17 15:32:06.444006,-110.26840209960938,-7.842800617218018,0.001919288537465,Solid line crossing
participant_24,3.0,day,Town10HD_Opt,Vehicle-pedestrian collision,11.937,-1.695,2026-03-17 15:32:33.601686,-88.55924987792969,26.06445503234864,0.0020590205676853,Vehicle-pedestrian collision
participant_24,3.0,day,Town10HD_Opt,Stop sign violation,34.064,-0.512,2026-03-17 15:32:55.352659,-20.052364349365234,24.995338439941406,0.0020676038693636,stop_sign_id=678
participant_24,3.0,day,Town10HD_Opt,Stop sign violation,34.96,-0.028,2026-03-17 15:33:42.313924,2.705570697784424,131.6620635986328,0.0020884701516479,stop_sign_id=1050
participant_24,3.0,day,Town10HD_Opt,Solid line crossing,28.266,3.021,2026-03-17 15:33:59.376158,-26.73651123046875,131.0304718017578,0.001648370292969,Solid line crossing
participant_24,3.0,day,Town10HD_Opt,Solid line crossing,38.559,7.249,2026-03-17 15:34:09.089759,-27.430206298828125,69.9581069946289,0.0019832612015306,Solid line crossing
participant_24,3.0,day,Town10HD_Opt,Stop sign violation,36.898,4.325,2026-03-17 15:34:36.102130,62.24082565307617,26.084747314453125,0.0019318393897265,stop_sign_id=754
participant_24,4.0,day,Town10HD_Opt,Solid line crossing,16.859,3.773,2026-03-17 15:45:17.527615,-22.81800079345703,69.46906280517578,0.0019593047909438,Solid line crossing
participant_24,4.0,day,Town10HD_Opt,Vehicle-pedestrian collision,12.012,-0.844,2026-03-17 15:45:45.526218,25.31319999694824,69.98143768310547,0.0016681288834661,Vehicle-pedestrian collision
participant_24,4.0,day,Town10HD_Opt,Stop sign violation,0.0,0.0,2026-03-17 15:46:54.599513,44.37602996826172,50.00769805908203,0.0020349882543087,stop_sign_id=1300
participant_24,4.0,day,Town10HD_Opt,Harsh braking,0.0,0.0,2026-03-17 15:47:14.095978,44.37602996826172,50.00769805908203,0.0020349882543087,decel_mps2=6.4
participant_24,5.0,day,Town10HD_Opt,Stop sign violation,10.78,0.101,2026-03-17 16:00:12.503575,12.956488609313965,69.96377563476562,0.0020227432250976,stop_sign_id=833
participant_24,5.0,day,Town10HD_Opt,Solid line crossing,14.699,-15.174,2026-03-17 16:00:25.934439,46.722782135009766,50.95338821411133,0.0020486449357122,Solid line crossing
participant_24,5.0,day,Town10HD_Opt,Harsh braking,0.0,5.018,2026-03-17 16:00:37.138470,52.07698440551758,28.658422470092773,0.0019190596649423,decel_mps2=6.1
participant_24,5.0,day,Town10HD_Opt,Solid line crossing,18.889,5.259,2026-03-17 16:00:43.386194,60.00384521484375,25.1873722076416,0.0020650101359933,Solid line crossing
participant_24,5.0,day,Town10HD_Opt,Stop sign violation,0.0,4.164,2026-03-17 16:00:49.316150,69.01659393310547,24.13434600830078,0.0019194030901417,stop_sign_id=678
participant_24,5.0,day,Town10HD_Opt,Vehicle-pedestrian collision,49.145,-0.35,2026-03-17 16:02:16.945035,-48.27703094482422,-65.32899475097656,0.0018769073067232,Vehicle-pedestrian collision
participant_24,5.0,day,Town10HD_Opt,Solid line crossing,3.736,0.477,2026-03-17 16:02:51.571509,-111.02760314941406,-8.246529579162598,0.0017399978823959,Solid line crossing
participant_24,5.0,day,Town10HD_Opt,Solid line crossing,0.0,0.167,2026-03-17 16:03:19.372838,-67.49921417236328,26.01396942138672,0.0019195555942133,Solid line crossing
participant_24,5.0,day,Town10HD_Opt,Solid line crossing,34.704,-0.757,2026-03-17 16:03:30.057148,-29.50016021728516,27.90151596069336,0.0020788954570889,Solid line crossing
participant_24,5.0,day,Town10HD_Opt,Solid line crossing,17.985,-0.752,2026-03-17 16:04:07.950931,70.15326690673828,70.4585189819336,0.0021018218249082,Solid line crossing
participant_24,5.0,day,Town10HD_Opt,Solid line crossing,25.222,0.679,2026-03-17 16:04:36.204539,14.158073425292969,133.17645263671875,0.0022891615517437,Solid line crossing
participant_24,5.0,day,Town10HD_Opt,Solid line crossing,18.828,-0.167,2026-03-17 16:04:37.036124,9.10246467590332,132.95068359375,0.0021758270449936,Solid line crossing
participant_24,5.0,day,Town10HD_Opt,Vehicle collision,48.714,0.649,2026-03-17 16:04:48.712974,-48.63372039794922,101.68328857421876,0.0018891524523496,Vehicle collision
participant_24,6.0,day,Town10HD_Opt,Solid line crossing,0.0,0.0,2026-03-17 16:15:16.160921,-41.668582916259766,89.7454833984375,0.0018127440707758,Solid line crossing
participant_24,6.0,day,Town10HD_Opt,Harsh braking,0.0,0.0,2026-03-17 16:15:27.288936,-41.668582916259766,89.7454833984375,0.0018127440707758,decel_mps2=6.7
participant_24,6.0,day,Town10HD_Opt,Solid line crossing,0.0,0.0,2026-03-17 16:16:03.427424,-41.668582916259766,89.7454833984375,0.0018127440707758,Solid line crossing
participant_24,6.0,day,Town10HD_Opt,Red light violation,0.0,0.0,2026-03-17 16:16:03.553120,-41.668582916259766,89.7454833984375,0.0018127440707758,Red light violation
participant_24,6.0,day,Town10HD_Opt,Red light violation,0.0,0.0,2026-03-17 16:16:39.441452,-41.668582916259766,89.7454833984375,0.0018127440707758,Red light violation
participant_24,6.0,day,Town10HD_Opt,Harsh braking,0.0,0.0,2026-03-17 16:16:51.986111,-41.668582916259766,89.7454833984375,0.0018127440707758,decel_mps2=6.4
participant_24,6.0,day,Town10HD_Opt,Solid line crossing,20.055,0.026,2026-03-17 16:17:14.478397,-41.66858673095703,89.7454833984375,0.5804919004440308,Solid line crossing
participant_24,6.0,day,Town10HD_Opt,Solid line crossing,20.055,0.026,2026-03-17 16:17:23.112149,-41.66858673095703,89.7454833984375,0.5804919004440308,Solid line crossing
participant_24,6.0,day,Town10HD_Opt,Solid line crossing,20.055,0.026,2026-03-17 16:18:11.177353,-41.66858673095703,89.7454833984375,0.5804919004440308,Solid line crossing
participant_24,6.0,day,Town10HD_Opt,Solid line crossing,20.055,0.026,2026-03-17 16:18:20.152777,-41.66858673095703,89.7454833984375,0.5804919004440308,Solid line crossing
participant_24,6.0,day,Town10HD_Opt,Solid line crossing,20.055,0.026,2026-03-17 16:18:38.660981,-41.66858673095703,89.7454833984375,0.5804919004440308,Solid line crossing
participant_24,6.0,day,Town10HD_Opt,Solid line crossing,36.653,15.487,2026-03-17 16:19:12.640495,-33.61806869506836,70.33438873291016,0.0019881057087332,Solid line crossing
participant_24,6.0,day,Town10HD_Opt,Vehicle collision,33.04,-12.178,2026-03-17 16:19:22.838643,36.84605407714844,67.55256652832031,0.0021380614489316,Vehicle collision
participant_24,6.0,day,Town10HD_Opt,Vehicle collision,0.0,1.246,2026-03-17 16:19:36.771943,79.68997955322266,27.480531692504883,0.0019877243321388,Vehicle collision
participant_24,6.0,day,Town10HD_Opt,Stop sign violation,0.025,1.239,2026-03-17 16:19:47.715457,79.6901626586914,27.48052978515625,0.001918678288348,stop_sign_id=1050
participant_24,6.0,day,Town10HD_Opt,Stop sign violation,40.088,-4.417,2026-03-17 16:20:09.353046,96.9880828857422,-47.39468765258789,0.0022964859381318,stop_sign_id=754
participant_24,6.0,day,Town10HD_Opt,Solid line crossing,50.261,-6.694,2026-03-17 16:20:11.433253,83.63400268554688,-60.511478424072266,0.0020374679006636,Solid line crossing
participant_24,6.0,day,Town10HD_Opt,Solid line crossing,6.526,0.985,2026-03-17 16:20:33.282528,-18.933549880981445,-65.91978454589844,0.0019694517832249,Solid line crossing
participant_24,6.0,day,Town10HD_Opt,Solid line crossing,0.001,0.068,2026-03-17 16:20:51.386016,-23.44569969177246,-66.0710220336914,0.0019187927246093,Solid line crossing
participant_24,6.0,day,Town10HD_Opt,Vehicle collision,0.001,0.068,2026-03-17 16:20:54.909976,-23.4459228515625,-66.0710220336914,0.0019188689766451,Vehicle collision
participant_24,6.0,day,Town10HD_Opt,Solid line crossing,19.271,-0.822,2026-03-17 16:21:10.950239,-111.15538024902344,-15.606756210327148,0.0022995376493781,Solid line crossing
participant_24,6.0,day,Town10HD_Opt,Stop sign violation,45.065,-9.868,2026-03-17 16:22:23.046738,49.95874786376953,69.2619857788086,0.0018870925996452,stop_sign_id=833
participant_24,6.0,day,Town10HD_Opt,Solid line crossing,0.0,-0.724,2026-03-17 16:22:48.789821,-18.27346611022949,132.3115997314453,0.0019239424727857,Solid line crossing
participant_24,6.0,day,Town10HD_Opt,Vehicle-pedestrian collision,26.962,1.448,2026-03-17 16:23:01.085051,-43.52369689941406,92.10164642333984,0.002296295017004,Vehicle-pedestrian collision
participant_24,6.0,day,Town10HD_Opt,Stop sign violation,37.382,4.334,2026-03-17 16:23:08.122248,-22.44790267944336,70.09561157226562,0.0020127487368881,stop_sign_id=754
participant_24,6.0,day,Town10HD_Opt,Stop sign violation,0.007,-0.273,2026-03-17 16:23:22.103553,22.387842178344727,70.02323913574219,0.0019191741012036,stop_sign_id=1050
participant_24,6.0,day,Town10HD_Opt,Solid line crossing,36.033,-16.386,2026-03-17 16:23:30.827972,36.81487274169922,67.33467864990234,0.0018065260956063,Solid line crossing
participant_24,7.0,day,Town10HD_Opt,Solid line crossing,0.0,1.213,2026-03-17 16:30:21.997767,-10.189590454101562,69.2975082397461,0.0019191360333934,Solid line crossing
participant_24,7.0,day,Town10HD_Opt,Solid line crossing,33.463,-0.216,2026-03-17 16:30:26.860349,4.00746488571167,69.91637420654297,0.0021257400512695,Solid line crossing
participant_24,7.0,day,Town10HD_Opt,Solid line crossing,4.135,-1.916,2026-03-17 16:30:36.788452,19.562820434570312,70.09620666503906,0.001842689467594,Solid line crossing
participant_24,7.0,day,Town10HD_Opt,Stop sign violation,6.757,-0.463,2026-03-17 16:30:46.026250,24.0191593170166,70.06298065185547,0.0016849136445671,stop_sign_id=1050
participant_24,7.0,day,Town10HD_Opt,Solid line crossing,18.907,-9.669,2026-03-17 16:30:49.489524,31.979331970214844,69.14225006103516,0.0020424269605427,Solid line crossing
participant_24,7.0,day,Town10HD_Opt,Solid line crossing,12.502,-9.775,2026-03-17 16:30:59.082217,45.047645568847656,51.80507659912109,0.0020056914072483,Solid line crossing
participant_24,7.0,day,Town10HD_Opt,Solid line crossing,12.709,12.166,2026-03-17 16:31:10.103317,49.99733352661133,29.713979721069336,0.0019757079426199,Solid line crossing
participant_24,7.0,day,Town10HD_Opt,Stop sign violation,15.775,0.555,2026-03-17 16:32:46.982980,-48.77846145629883,-68.63813018798828,0.0020047759171575,stop_sign_id=1300
participant_24,7.0,day,Town10HD_Opt,Solid line crossing,21.836,-0.172,2026-03-17 16:32:56.429348,-66.14309692382812,-69.03555297851562,0.0018779372330754,Solid line crossing
participant_24,7.0,day,Town10HD_Opt,Red light violation,23.843,-4.386,2026-03-17 16:33:09.102085,-105.2553482055664,-49.84797286987305,0.0020135117229074,Red light violation
participant_24,7.0,day,Town10HD_Opt,Stop sign violation,23.832,-0.815,2026-03-17 16:33:23.092533,-110.63096618652344,-14.56395149230957,0.0021705627441406,stop_sign_id=833
participant_24,7.0,day,Town10HD_Opt,Solid line crossing,0.001,0.385,2026-03-17 16:33:34.387892,-110.47982025146484,-6.129034519195557,0.0019189071608707,Solid line crossing
participant_24,7.0,day,Town10HD_Opt,Solid line crossing,0.0,1.108,2026-03-17 16:34:23.885344,-75.61632537841797,24.70873641967773,0.0019196319626644,Solid line crossing
participant_24,8.0,day,Town10HD_Opt,Solid line crossing,8.372,-0.235,2026-03-17 16:45:39.905567,22.948389053344727,70.29530334472656,0.0020814894232898,Solid line crossing
participant_24,8.0,day,Town10HD_Opt,Harsh braking,15.096,6.142,2026-03-17 16:45:53.378034,44.5264778137207,49.75197982788086,0.0020434188190847,decel_mps2=4.9
participant_24,8.0,day,Town10HD_Opt,Solid line crossing,26.968,7.767,2026-03-17 16:46:04.007180,69.70418548583984,25.173274993896484,0.0020872496534138,Solid line crossing
participant_24,8.0,day,Town10HD_Opt,Harsh braking,18.679,4.32,2026-03-17 16:46:15.665305,82.6839370727539,25.381250381469727,0.0014001845847815,decel_mps2=8.1
participant_24,8.0,day,Town10HD_Opt,Solid line crossing,24.301,-2.986,2026-03-17 16:46:29.371622,107.53135681152344,-32.319828033447266,0.0019907378591597,Solid line crossing
participant_24,8.0,day,Town10HD_Opt,Solid line crossing,45.896,-0.912,2026-03-17 16:46:43.149359,46.47774887084961,-68.65813446044922,0.0018981932662427,Solid line crossing
participant_24,8.0,day,Town10HD_Opt,Harsh braking,49.368,-0.548,2026-03-17 16:46:55.322146,-29.502460479736328,-68.66498565673828,0.0018851470667868,decel_mps2=6.4
participant_24,8.0,day,Town10HD_Opt,Solid line crossing,30.667,-6.675,2026-03-17 16:47:09.973401,-112.55249786376952,-19.76736068725586,0.0020324324723333,Solid line crossing
participant_24,8.0,day,Town10HD_Opt,Stop sign violation,0.001,-1.22,2026-03-17 16:47:25.307408,-110.66973114013672,-5.8733110427856445,0.0019191741012036,stop_sign_id=1120
participant_24,8.0,day,Town10HD_Opt,Stop sign violation,14.531,-0.322,2026-03-17 16:47:32.085337,-110.66466522216795,-4.713459968566895,0.0014022063696756,stop_sign_id=1050
participant_24,8.0,day,Town10HD_Opt,Vehicle collision,0.0,-0.298,2026-03-17 16:48:33.205906,87.80728149414062,70.43538665771484,0.0019192122854292,Vehicle collision
participant_24,8.0,day,Town10HD_Opt,Solid line crossing,0.0,-0.284,2026-03-17 16:48:35.597695,87.80728149414062,70.43538665771484,0.0019191360333934,Solid line crossing
participant_24,8.0,day,Town10HD_Opt,Harsh braking,0.69,-5.593,2026-03-17 16:48:48.412342,87.80961608886719,70.43556213378906,0.0019055937882512,decel_mps2=5.2
participant_24,8.0,day,Town10HD_Opt,Solid line crossing,8.618,-0.707,2026-03-17 16:49:48.895857,24.65606689453125,70.21160125732422,0.0015417098766192,Solid line crossing
participant_24,9.0,day,Town10HD_Opt,Solid line crossing,0.748,0.256,2026-03-17 17:00:26.959029,25.810035705566406,70.02996063232422,0.0019021223997697,Solid line crossing
participant_24,9.0,day,Town10HD_Opt,Solid line crossing,7.26,17.838,2026-03-17 17:00:49.150969,44.69334030151367,38.36690902709961,0.0019960403442382,Solid line crossing
participant_24,9.0,day,Town10HD_Opt,Solid line crossing,7.873,-9.437,2026-03-17 17:01:00.565783,74.2764892578125,25.89304542541504,0.0019924545194953,Solid line crossing
participant_24,9.0,day,Town10HD_Opt,Solid line crossing,45.587,-10.636,2026-03-17 17:01:15.410589,96.30101013183594,26.37979888916016,0.0018226241227239,Solid line crossing
participant_24,9.0,day,Town10HD_Opt,Solid line crossing,33.663,-1.883,2026-03-17 17:01:23.770363,108.77725982666016,-22.068891525268555,0.0023454283364117,Solid line crossing
participant_24,9.0,day,Town10HD_Opt,Harsh braking,19.004,1.97,2026-03-17 17:01:36.688928,57.41132736206055,-66.773193359375,0.0022455595899373,decel_mps2=8.1
participant_24,9.0,day,Town10HD_Opt,Stop sign violation,13.567,0.82,2026-03-17 17:01:50.455674,-9.293120384216309,-65.32120513916016,0.0018150710966438,stop_sign_id=833
participant_24,9.0,day,Town10HD_Opt,Solid line crossing,48.985,-0.602,2026-03-17 17:01:57.825022,-43.68733215332031,-68.28601837158203,0.0020577239338308,Solid line crossing
participant_24,9.0,day,Town10HD_Opt,Vehicle-pedestrian collision,16.294,-0.543,2026-03-17 17:02:15.104394,-110.17827606201172,-13.931396484375,0.0019622039981186,Vehicle-pedestrian collision
participant_24,9.0,day,Town10HD_Opt,Harsh braking,0.002,-0.092,2026-03-17 17:02:24.716330,-110.35845184326172,-4.681024551391602,0.0019189834129065,decel_mps2=6.4
participant_24,9.0,day,Town10HD_Opt,Stop sign violation,3.383,-0.331,2026-03-17 17:02:32.393393,-110.35871124267578,-4.628520011901856,0.0017573547083884,stop_sign_id=678
participant_24,9.0,day,Town10HD_Opt,Harsh braking,51.903,-0.031,2026-03-17 17:02:57.329753,-44.088523864746094,28.1550521850586,0.0019041061168536,decel_mps2=5.5
participant_24,9.0,day,Town10HD_Opt,Stop sign violation,16.844,9.885,2026-03-17 17:03:17.263412,41.41006851196289,47.17418670654297,0.0019660948310047,stop_sign_id=946
participant_24,9.0,day,Town10HD_Opt,Solid line crossing,4.547,0.884,2026-03-17 17:04:14.357093,-21.231969833374023,130.45306396484375,0.0019627378787845,Solid line crossing
participant_24,9.0,day,Town10HD_Opt,Solid line crossing,16.254,1.662,2026-03-17 17:04:16.544373,-24.11648368835449,130.30429077148438,0.001417274470441,Solid line crossing
participant_24,9.0,day,Town10HD_Opt,Solid line crossing,32.658,6.057,2026-03-17 17:04:35.640424,-25.947206497192383,69.61840057373047,0.0018441390711814,Solid line crossing
participant_24,10.0,day,Town10HD_Opt,Solid line crossing,35.471,-4.539,2026-03-17 17:16:29.208384,107.28509521484376,-27.5528564453125,0.0018299483926966,Solid line crossing
participant_24,10.0,day,Town10HD_Opt,Stop sign violation,40.841,-3.95,2026-03-17 17:16:34.674728,87.05229949951172,-58.35161972045898,0.002000541659072,stop_sign_id=754
participant_24,10.0,day,Town10HD_Opt,Solid line crossing,42.75,0.031,2026-03-17 17:16:45.562637,28.24127960205078,-66.77410125732422,0.0019451141124591,Solid line crossing
participant_24,10.0,day,Town10HD_Opt,Stop sign violation,47.319,1.043,2026-03-17 17:17:01.984271,-40.46202087402344,-65.03691101074219,0.0016726683825254,stop_sign_id=1050
participant_24,10.0,day,Town10HD_Opt,Solid line crossing,18.162,-5.87,2026-03-17 17:17:14.860077,-110.71632385253906,-23.603666305541992,0.0020502852275967,Solid line crossing
participant_24,10.0,day,Town10HD_Opt,Solid line crossing,0.0,-0.933,2026-03-17 17:17:25.221108,-110.98526763916016,-4.970553398132324,0.0019189834129065,Solid line crossing
participant_24,10.0,day,Town10HD_Opt,Harsh braking,1.946,-1.079,2026-03-17 17:17:42.777677,-110.98542022705078,-4.954165935516357,0.001849555876106,decel_mps2=5.7
participant_24,10.0,day,Town10HD_Opt,Solid line crossing,28.758,-9.425,2026-03-17 17:17:47.433300,-110.1523895263672,10.275959014892578,0.0020808791741728,Solid line crossing
participant_24,10.0,day,Town10HD_Opt,Solid line crossing,16.713,1.062,2026-03-17 17:17:52.670463,-87.31103515625,25.20563697814941,0.0019585418049246,Solid line crossing
participant_24,10.0,day,Town10HD_Opt,Solid line crossing,16.563,13.477,2026-03-17 17:18:20.642749,39.54491424560547,37.53409194946289,0.0019799040164798,Solid line crossing
participant_24,10.0,day,Town10HD_Opt,Stop sign violation,25.202,-5.761,2026-03-17 17:18:27.839523,40.27742767333984,54.77944564819336,0.0017269897507503,stop_sign_id=1300
participant_24,10.0,day,Town10HD_Opt,Red light violation,23.164,10.906,2026-03-17 17:18:45.212349,92.20970153808594,70.31876373291016,-0.0004499435308389,Red light violation
participant_24,10.0,day,Town10HD_Opt,Harsh braking,29.44,7.575,2026-03-17 17:18:50.972327,102.08375549316406,86.01848602294922,0.0017718124436214,decel_mps2=5.7
participant_24,10.0,day,Town10HD_Opt,Stop sign violation,27.06,1.448,2026-03-17 17:19:03.746054,48.004207611083984,132.4561767578125,0.0021159362513571,stop_sign_id=678
participant_24,10.0,day,Town10HD_Opt,Solid line crossing,8.334,0.322,2026-03-17 17:19:19.810665,-17.546388626098633,130.9842987060547,0.0019970701541751,Solid line crossing
participant_24,10.0,day,Town10HD_Opt,Solid line crossing,25.158,14.592,2026-03-17 17:19:31.526961,-41.00537109375,120.42097473144533,0.0020950697362422,Solid line crossing
participant_24,10.0,day,Town10HD_Opt,Solid line crossing,25.591,12.272,2026-03-17 17:19:41.539943,-41.94453048706055,80.43305206298828,0.0020781706552952,Solid line crossing
participant_24,10.0,day,Town10HD_Opt,Solid line crossing,27.556,-0.148,2026-03-17 17:19:55.356324,13.816939353942873,69.91948699951172,0.0017889785813167,Solid line crossing
participant_25,1.0,day,Town10HD_Opt,Solid line crossing,29.709,0.092,2026-03-18 08:00:15.222483,-5.927610397338867,70.053955078125,0.0021210859995335,Solid line crossing
participant_25,1.0,day,Town10HD_Opt,Solid line crossing,32.042,7.92,2026-03-18 08:00:49.796340,52.83291244506836,27.800350189208984,0.001980438362807,Solid line crossing
participant_25,1.0,day,Town10HD_Opt,Solid line crossing,0.033,4.523,2026-03-18 08:00:57.937382,67.07777404785156,25.26421165466309,0.0019242477137595,Solid line crossing
participant_25,1.0,day,Town10HD_Opt,Solid line crossing,0.0,6.305,2026-03-18 08:01:05.496465,69.72501373291016,25.29110145568848,0.0019213485065847,Solid line crossing
participant_25,1.0,day,Town10HD_Opt,Stop sign violation,31.052,-8.236,2026-03-18 08:01:16.949525,83.9051513671875,28.78650283813477,0.00157375424169,stop_sign_id=754
participant_25,1.0,day,Town10HD_Opt,Red light violation,23.023,-1.121,2026-03-18 08:01:29.106906,106.34236907958984,-22.66823959350586,0.0021790692117065,Red light violation
participant_25,1.0,day,Town10HD_Opt,Solid line crossing,44.824,-0.745,2026-03-18 08:01:39.516749,50.132415771484375,-65.8983154296875,0.002139053074643,Solid line crossing
participant_25,1.0,day,Town10HD_Opt,Solid line crossing,13.887,-0.658,2026-03-18 08:01:53.799775,-13.151443481445312,-67.92623138427734,0.0019102096557617,Solid line crossing
participant_25,1.0,day,Town10HD_Opt,Harsh braking,3.18,1.998,2026-03-18 08:02:17.633009,-111.12751007080078,-7.532557964324951,0.0019462966592982,decel_mps2=5.5
participant_25,1.0,day,Town10HD_Opt,Solid line crossing,20.233,-0.033,2026-03-18 08:02:56.412781,-67.11150360107422,26.204240798950195,0.0016038521425798,Solid line crossing
participant_25,2.0,day,Town10HD_Opt,Solid line crossing,29.306,-3.441,2026-03-18 08:17:19.151041,-73.40895080566406,-65.73401641845703,0.0021269989665597,Solid line crossing
participant_25,2.0,day,Town10HD_Opt,Solid line crossing,22.957,0.423,2026-03-18 08:17:28.376690,-109.36309051513672,-23.15206718444824,0.0022732161451131,Solid line crossing
participant_25,2.0,day,Town10HD_Opt,Vehicle-pedestrian collision,2.562,-0.928,2026-03-18 08:17:38.315555,-110.04119873046876,-7.00869607925415,0.0019441222539171,Vehicle-pedestrian collision
participant_25,2.0,day,Town10HD_Opt,Solid line crossing,1.062,-0.933,2026-03-18 08:17:40.977973,-110.07830047607422,-5.988096714019775,0.0019294738303869,Solid line crossing
participant_25,2.0,day,Town10HD_Opt,Solid line crossing,29.397,-0.672,2026-03-18 08:17:52.013753,-110.22195434570312,0.9321351647377014,0.0017064666608348,Solid line crossing
participant_25,2.0,day,Town10HD_Opt,Stop sign violation,1.268,-0.468,2026-03-18 08:18:07.639552,-69.90887451171875,28.222124099731445,0.0018759154481813,stop_sign_id=900
participant_25,2.0,day,Town10HD_Opt,Stop sign violation,0.001,0.515,2026-03-18 08:18:17.206653,-69.16337585449219,28.22403907775879,0.0019190978491678,stop_sign_id=1200
participant_25,2.0,day,Town10HD_Opt,Solid line crossing,17.793,1.114,2026-03-18 08:18:33.311930,25.64852523803711,28.252647399902344,0.0018394851358607,Solid line crossing
participant_25,2.0,day,Town10HD_Opt,Stop sign violation,5.541,0.348,2026-03-18 08:18:43.180350,40.463008880615234,50.13042068481445,0.0019722366705536,stop_sign_id=678
participant_25,2.0,day,Town10HD_Opt,Solid line crossing,19.908,0.317,2026-03-18 08:18:56.676429,70.54042053222656,69.93769073486328,0.0022112273145467,Solid line crossing
participant_25,2.0,day,Town10HD_Opt,Solid line crossing,18.257,5.148,2026-03-18 08:19:13.057593,100.3846435546875,79.05583190917969,0.0021059799473732,Solid line crossing
participant_25,2.0,day,Town10HD_Opt,Solid line crossing,17.035,2.708,2026-03-18 08:19:15.683239,100.58000946044922,90.00450134277344,0.0019177626818418,Solid line crossing
participant_25,2.0,day,Town10HD_Opt,Harsh braking,49.683,-1.678,2026-03-18 08:19:25.868268,59.25876235961914,131.24002075195312,0.0020351791754364,decel_mps2=6.1
participant_25,2.0,day,Town10HD_Opt,Solid line crossing,24.625,9.392,2026-03-18 08:19:40.454673,-30.92343711853028,129.48907470703125,0.0022911452688276,Solid line crossing
participant_25,3.0,day,Town10HD_Opt,Harsh braking,7.522,2.506,2026-03-18 08:31:09.426005,51.48846435546875,28.31068229675293,0.0019909667316824,decel_mps2=4.9
participant_25,3.0,day,Town10HD_Opt,Solid line crossing,14.128,-6.341,2026-03-18 08:31:56.319910,109.13552856445312,-12.403708457946776,0.001840591430664,Solid line crossing
participant_25,3.0,day,Town10HD_Opt,Solid line crossing,30.478,-0.743,2026-03-18 08:32:10.968470,75.16289520263672,-66.19768524169922,0.0020947647280991,Solid line crossing
participant_25,3.0,day,Town10HD_Opt,Stop sign violation,20.427,2.871,2026-03-18 08:32:17.942094,52.15269088745117,-68.21836853027344,0.0019753647502511,stop_sign_id=1200
participant_25,3.0,day,Town10HD_Opt,Harsh braking,24.911,0.437,2026-03-18 08:32:32.758458,-5.318411350250244,-67.51512908935547,0.0020638273563236,decel_mps2=5.2
participant_25,3.0,day,Town10HD_Opt,Solid line crossing,0.006,-0.486,2026-03-18 08:32:43.315807,-22.01397132873535,-68.1447525024414,0.001918678288348,Solid line crossing
participant_25,3.0,day,Town10HD_Opt,Stop sign violation,3.023,-1.709,2026-03-18 08:32:56.810211,-22.919872283935547,-68.1744155883789,0.0017595291137695,stop_sign_id=1062
participant_25,3.0,day,Town10HD_Opt,Solid line crossing,14.618,-0.36,2026-03-18 08:33:07.093794,-55.93345260620117,-68.9952163696289,0.0019380950834602,Solid line crossing
participant_25,3.0,day,Town10HD_Opt,Collision,15.182,-10.096,2026-03-18 08:33:17.662794,-98.13829803466795,-59.4209213256836,0.0019208907615393,Collision
participant_25,3.0,day,Town10HD_Opt,Solid line crossing,15.182,-10.096,2026-03-18 08:33:17.856360,-98.13829803466795,-59.4209213256836,0.0019208907615393,Solid line crossing
participant_25,3.0,day,Town10HD_Opt,Stop sign violation,13.18,2.315,2026-03-18 08:33:30.041489,-110.9797821044922,-19.849346160888672,0.0021036909893155,stop_sign_id=1062
participant_25,4.0,day,Town10HD_Opt,Solid line crossing,9.599,-0.496,2026-03-18 08:46:52.229117,-75.51408386230469,25.60765647888184,0.0020720672328025,Solid line crossing
participant_25,4.0,day,Town10HD_Opt,Collision,3.607,-0.496,2026-03-18 08:46:54.756046,-72.50505065917969,25.6041202545166,0.0019530105637386,Collision
participant_25,4.0,day,Town10HD_Opt,Solid line crossing,0.312,0.289,2026-03-18 08:47:05.128257,-70.15228271484375,25.54518318176269,0.0019220733083784,Solid line crossing
participant_25,4.0,day,Town10HD_Opt,Solid line crossing,0.863,-0.188,2026-03-18 08:47:13.805020,-67.72494506835938,25.50465583801269,0.0019272231729701,Solid line crossing
participant_25,4.0,day,Town10HD_Opt,Solid line crossing,30.451,-1.112,2026-03-18 08:47:26.301114,-16.958845138549805,26.23438262939453,0.0021442794241011,Solid line crossing
participant_25,4.0,day,Town10HD_Opt,Solid line crossing,10.067,9.878,2026-03-18 08:47:35.327890,28.54999732971192,27.22171401977539,0.0020198440179228,Solid line crossing
participant_25,4.0,day,Town10HD_Opt,Solid line crossing,41.038,-13.819,2026-03-18 08:47:45.666681,46.75856399536133,67.67933654785156,0.0019315718673169,Solid line crossing
participant_25,4.0,day,Town10HD_Opt,Stop sign violation,48.877,8.208,2026-03-18 08:48:00.924576,100.27883911132812,98.09903717041016,0.0021257018670439,stop_sign_id=754
participant_25,4.0,day,Town10HD_Opt,Harsh braking,45.845,0.183,2026-03-18 08:48:10.160983,27.19072532653809,132.08961486816406,0.0021523665636777,decel_mps2=4.9
participant_25,4.0,day,Town10HD_Opt,Stop sign violation,24.326,-0.108,2026-03-18 08:48:25.051804,-43.42363357543945,98.03591918945312,0.0020043945405632,stop_sign_id=754
participant_25,4.0,day,Town10HD_Opt,Solid line crossing,30.931,-0.007,2026-03-18 08:48:34.317975,4.817959308624268,69.5167236328125,0.0023443985264748,Solid line crossing
participant_25,4.0,day,Town10HD_Opt,Solid line crossing,19.911,-0.787,2026-03-18 08:48:44.463383,44.13019943237305,45.59292984008789,0.0021879959385842,Solid line crossing
participant_25,4.0,day,Town10HD_Opt,Harsh braking,8.518,-1.302,2026-03-18 08:49:01.638859,75.15306091308594,24.926708221435547,0.0020263672340661,decel_mps2=5.2
participant_25,4.0,day,Town10HD_Opt,Stop sign violation,17.962,-0.125,2026-03-18 08:49:10.271649,78.170654296875,24.846046447753903,0.00140968314372,stop_sign_id=1050
participant_25,4.0,day,Town10HD_Opt,Harsh braking,38.304,-17.423,2026-03-18 08:49:18.780604,104.45330047607422,-39.51070785522461,0.0022539901547133,decel_mps2=6.7
participant_25,4.0,day,Town10HD_Opt,Solid line crossing,49.273,-11.197,2026-03-18 08:49:23.124195,79.77896881103516,-62.73600006103516,0.0017748641548678,Solid line crossing
participant_25,5.0,day,Town10HD_Opt,Solid line crossing,7.246,0.719,2026-03-18 09:01:29.387770,78.1156234741211,24.613014221191406,0.0019834518898278,Solid line crossing
participant_25,5.0,day,Town10HD_Opt,Stop sign violation,0.001,0.132,2026-03-18 09:01:40.500616,81.47489166259766,24.71536636352539,0.0019191360333934,stop_sign_id=1300
participant_25,5.0,day,Town10HD_Opt,Solid line crossing,18.313,-8.541,2026-03-18 09:01:48.014059,91.29106903076172,25.11216926574707,0.0020650101359933,Solid line crossing
participant_25,5.0,day,Town10HD_Opt,Solid line crossing,13.592,-20.241,2026-03-18 09:01:57.024897,109.2259750366211,12.347168922424316,0.0018348693847656,Solid line crossing
participant_25,5.0,day,Town10HD_Opt,Red light violation,23.585,-2.203,2026-03-18 09:02:12.203843,99.95765686035156,-50.30829620361328,0.0020794295705854,Red light violation
participant_25,5.0,day,Town10HD_Opt,Solid line crossing,18.168,-3.476,2026-03-18 09:02:17.563165,87.0491714477539,-62.05426025390625,0.0020621491130441,Solid line crossing
participant_25,5.0,day,Town10HD_Opt,Solid line crossing,24.754,-1.429,2026-03-18 09:02:22.994950,61.67327117919922,-68.20601654052734,0.002021636813879,Solid line crossing
participant_25,5.0,day,Town10HD_Opt,Harsh braking,28.545,0.498,2026-03-18 09:02:30.516796,24.3808708190918,-67.4523696899414,0.0020312117412686,decel_mps2=5.2
participant_25,5.0,day,Town10HD_Opt,Harsh braking,0.007,0.193,2026-03-18 09:02:44.523920,-21.462980270385746,-68.23546600341797,0.0019237517844885,decel_mps2=8.1
participant_25,5.0,day,Town10HD_Opt,Stop sign violation,29.3,0.31,2026-03-18 09:02:52.590111,-35.22651672363281,-68.28655242919922,0.0019224166171625,stop_sign_id=1050
participant_25,5.0,day,Town10HD_Opt,Vehicle-pedestrian collision,31.153,-4.48,2026-03-18 09:03:05.705774,-105.92271423339844,-49.34319686889648,0.0020389938727021,Vehicle-pedestrian collision
participant_25,5.0,day,Town10HD_Opt,Harsh braking,31.167,-6.0,2026-03-18 09:03:09.122294,-111.59107971191406,-32.2133674621582,0.0020595169626176,decel_mps2=7.3
participant_25,5.0,day,Town10HD_Opt,Solid line crossing,13.378,-0.771,2026-03-18 09:03:12.823385,-110.92621612548828,-12.291889190673828,0.0020431517623364,Solid line crossing
participant_25,6.0,day,Town10HD_Opt,Stop sign violation,24.269,-0.324,2026-03-18 09:15:16.611751,13.124107360839844,69.70693969726562,0.0017814254388213,stop_sign_id=1200
participant_25,6.0,day,Town10HD_Opt,Vehicle collision,10.923,-0.491,2026-03-18 09:16:11.282574,-6.977006912231445,-65.84477233886719,0.0020774458535015,Vehicle collision
participant_25,6.0,day,Town10HD_Opt,Vehicle-pedestrian collision,49.793,-12.815,2026-03-18 09:16:33.608665,-103.92241668701172,-44.57258987426758,0.0020130537450313,Vehicle-pedestrian collision
participant_25,6.0,day,Town10HD_Opt,Solid line crossing,31.546,-11.151,2026-03-18 09:16:40.590185,-109.92667388916016,10.723594665527344,0.0026521300897002,Solid line crossing
participant_25,6.0,day,Town10HD_Opt,Vehicle-pedestrian collision,4.631,-0.496,2026-03-18 09:16:53.849842,-73.22673034667969,25.60735321044922,0.001963157672435,Vehicle-pedestrian collision
participant_25,6.0,day,Town10HD_Opt,Solid line crossing,1.359,0.63,2026-03-18 09:17:06.878033,-69.80177307128906,25.53849601745605,0.0019239806570112,Solid line crossing
participant_25,6.0,day,Town10HD_Opt,Solid line crossing,36.051,0.696,2026-03-18 09:17:22.305708,-43.86696243286133,24.73893928527832,0.0020674895495176,Solid line crossing
participant_25,6.0,day,Town10HD_Opt,Solid line crossing,10.067,9.878,2026-03-18 09:17:35.436582,28.54999732971192,27.22171401977539,0.0020198440179228,Solid line crossing
participant_25,6.0,day,Town10HD_Opt,Harsh braking,34.672,-16.037,2026-03-18 09:17:45.292605,41.33466339111328,60.92124557495117,0.0018490218790248,decel_mps2=8.1
participant_25,6.0,day,Town10HD_Opt,Solid line crossing,21.922,8.558,2026-03-18 09:17:57.422860,89.26343536376953,70.55133819580078,0.0017612456576898,Solid line crossing
participant_25,6.0,day,Town10HD_Opt,Solid line crossing,41.267,8.551,2026-03-18 09:18:19.244103,-30.99009895324707,131.67172241210938,0.0018884658347815,Solid line crossing
participant_25,6.0,day,Town10HD_Opt,Stop sign violation,30.931,-0.007,2026-03-18 09:18:33.718389,4.817959308624268,69.5167236328125,0.0023443985264748,stop_sign_id=1120
participant_25,6.0,day,Town10HD_Opt,Vehicle collision,19.911,-0.787,2026-03-18 09:18:44.026432,44.13019943237305,45.59292984008789,0.0021879959385842,Vehicle collision
participant_25,6.0,day,Town10HD_Opt,Solid line crossing,15.157,9.471,2026-03-18 09:18:57.717228,66.28416442871094,24.74149513244629,0.0018141936743631,Solid line crossing
participant_25,6.0,day,Town10HD_Opt,Solid line crossing,0.006,-0.787,2026-03-18 09:19:06.431304,76.47399139404297,24.889551162719727,0.0019189452286809,Solid line crossing
participant_25,6.0,day,Town10HD_Opt,Solid line crossing,49.83,-1.812,2026-03-18 09:19:16.483182,107.00772094726562,-9.722834587097168,0.0020125959999859,Solid line crossing
participant_25,6.0,day,Town10HD_Opt,Harsh braking,46.837,0.32,2026-03-18 09:19:27.034584,39.52866363525391,-64.39629364013672,0.0020920180249959,decel_mps2=5.5
participant_25,7.0,day,Town10HD_Opt,Solid line crossing,8.714,1.363,2026-03-18 09:30:35.121913,66.50763702392578,24.992067337036133,0.002002639696002,Solid line crossing
participant_25,7.0,day,Town10HD_Opt,Solid line crossing,30.416,-8.008,2026-03-18 09:31:04.863416,98.0078582763672,-49.66786575317383,0.002347755478695,Solid line crossing
participant_25,7.0,day,Town10HD_Opt,Stop sign violation,36.159,0.315,2026-03-18 09:31:20.659523,18.27782821655273,-64.48500061035156,0.0021123122423887,stop_sign_id=678
participant_25,7.0,day,Town10HD_Opt,Red light violation,0.0,-0.543,2026-03-18 09:31:46.239153,-110.76128387451172,-6.831332683563232,0.0019191741012036,Red light violation
participant_25,7.0,day,Town10HD_Opt,Solid line crossing,0.0,-0.498,2026-03-18 09:31:55.706918,-110.76128387451172,-6.831332683563232,0.0019191741012036,Solid line crossing
participant_25,7.0,day,Town10HD_Opt,Solid line crossing,20.205,0.435,2026-03-18 09:32:12.178213,-73.22628021240234,28.06790542602539,0.0023264694027602,Solid line crossing
participant_25,7.0,day,Town10HD_Opt,Harsh braking,4.517,-0.909,2026-03-18 09:32:36.102452,40.08216857910156,52.96112823486328,0.0016884231008589,decel_mps2=7.9
participant_25,7.0,day,Town10HD_Opt,Solid line crossing,35.165,6.289,2026-03-18 09:33:14.410860,-43.59471130371094,82.36355590820312,0.0017514419741928,Solid line crossing
participant_25,7.0,day,Town10HD_Opt,Solid line crossing,30.242,-2.899,2026-03-18 09:33:27.849814,27.036699295043945,69.54134368896484,0.0016238784883171,Solid line crossing
participant_25,7.0,day,Town10HD_Opt,Stop sign violation,38.136,2.763,2026-03-18 09:33:37.695149,56.81583023071289,28.044538497924805,0.0019948577973991,stop_sign_id=1120
participant_25,7.0,day,Town10HD_Opt,Red light violation,47.349,-16.791,2026-03-18 09:33:44.345371,94.5782699584961,25.585277557373047,0.0022900009062141,Red light violation
participant_25,7.0,day,Town10HD_Opt,Solid line crossing,0.0,0.182,2026-03-18 09:34:09.207341,-24.18904685974121,-64.75942993164062,0.0019425582140684,Solid line crossing
participant_25,8.0,day,Town10HD_Opt,Solid line crossing,2.667,0.515,2026-03-18 09:46:04.683819,77.87418365478516,25.70937728881836,0.0019359969301149,Solid line crossing
participant_25,8.0,day,Town10HD_Opt,Harsh braking,34.545,-11.289,2026-03-18 09:46:13.535698,87.05238342285156,27.42276382446289,0.0016610717866569,decel_mps2=5.5
participant_25,8.0,day,Town10HD_Opt,Solid line crossing,23.558,-3.457,2026-03-18 09:46:24.965112,107.98562622070312,-28.73004531860352,0.0022770308423787,Solid line crossing
participant_25,8.0,day,Town10HD_Opt,Harsh braking,33.046,-0.472,2026-03-18 09:46:34.919050,66.39778137207031,-65.6539535522461,0.002318954328075,decel_mps2=6.1
participant_25,8.0,day,Town10HD_Opt,Solid line crossing,6.755,-0.437,2026-03-18 09:46:48.600383,-5.8152947425842285,-65.43997955322266,0.0019646072760224,Solid line crossing
participant_25,8.0,day,Town10HD_Opt,Solid line crossing,22.516,-2.701,2026-03-18 09:47:01.622899,-69.85270690917969,-67.43807220458984,0.0021240615751594,Solid line crossing
participant_25,8.0,day,Town10HD_Opt,Solid line crossing,21.919,-1.899,2026-03-18 09:47:09.486763,-109.06378936767578,-29.446516036987305,0.0022658538073301,Solid line crossing
participant_25,8.0,day,Town10HD_Opt,Vehicle-pedestrian collision,2.757,-0.498,2026-03-18 09:47:20.546433,-110.35614013671876,-5.01196813583374,0.0019455336732789,Vehicle-pedestrian collision
participant_25,8.0,day,Town10HD_Opt,Solid line crossing,0.002,-0.324,2026-03-18 09:47:31.076140,-110.35845184326172,-4.680606842041016,0.001919021597132,Solid line crossing
participant_25,8.0,day,Town10HD_Opt,Solid line crossing,34.955,-13.387,2026-03-18 09:47:38.803289,-101.3568115234375,26.253740310668945,0.0019012069096788,Solid line crossing
participant_25,8.0,day,Town10HD_Opt,Stop sign violation,16.924,-0.242,2026-03-18 09:47:42.593082,-80.47384643554688,27.95828628540039,0.0019435500726103,stop_sign_id=1200
participant_25,8.0,day,Town10HD_Opt,Harsh braking,18.429,-0.696,2026-03-18 09:48:01.833819,-8.81472110748291,28.20029640197754,0.0022419737651944,decel_mps2=6.7
participant_25,8.0,day,Town10HD_Opt,Solid line crossing,4.547,0.884,2026-03-18 09:49:14.393921,-21.231969833374023,130.45306396484375,0.0019627378787845,Solid line crossing
participant_25,8.0,day,Town10HD_Opt,Solid line crossing,30.314,15.243,2026-03-18 09:49:18.483820,-34.80679702758789,127.95333099365234,0.002116241492331,Solid line crossing
participant_25,8.0,day,Town10HD_Opt,Harsh braking,23.489,0.637,2026-03-18 09:49:25.118906,-44.72499084472656,95.6783676147461,0.0022640228271484,decel_mps2=7.9
participant_25,9.0,day,Town10HD_Opt,Collision,26.916,-16.295,2026-03-18 10:00:21.916054,43.04829025268555,59.62787628173828,0.0020976257510483,Collision
participant_26,1.0,day,Town10HD_Opt,Vehicle collision,12.613,-2.574,2026-03-18 10:00:40.710350,21.34283828735352,70.26480102539062,0.0018199919722974,Vehicle collision
participant_25,9.0,day,Town10HD_Opt,Solid line crossing,0.0,1.335,2026-03-18 10:00:42.609077,75.91445922851562,24.730010986328125,0.0019192504696547,Solid line crossing
participant_26,1.0,day,Town10HD_Opt,Stop sign violation,17.989,-5.413,2026-03-18 10:00:54.459626,45.05099487304688,55.03973388671875,0.0020805357489734,stop_sign_id=678
participant_26,1.0,day,Town10HD_Opt,Solid line crossing,14.351,0.74,2026-03-18 10:01:06.924475,75.71403503417969,25.13202857971192,0.0020418548956513,Solid line crossing
participant_26,1.0,day,Town10HD_Opt,Solid line crossing,36.617,-12.762,2026-03-18 10:01:20.131903,104.32069396972656,15.468039512634276,0.0018888473277911,Solid line crossing
participant_25,9.0,day,Town10HD_Opt,Stop sign violation,49.114,-5.328,2026-03-18 10:01:29.256543,-72.82317352294922,-67.72858428955078,0.0021310425363481,stop_sign_id=1200
participant_26,1.0,day,Town10HD_Opt,Vehicle-pedestrian collision,47.332,-5.687,2026-03-18 10:01:31.780279,85.6554183959961,-60.81831359863281,0.0020468139555305,Vehicle-pedestrian collision
participant_25,9.0,day,Town10HD_Opt,Solid line crossing,25.552,2.0,2026-03-18 10:01:37.789026,-110.39908599853516,-8.159914016723633,0.0019621276296675,Solid line crossing
participant_26,1.0,day,Town10HD_Opt,Stop sign violation,29.725,0.562,2026-03-18 10:01:39.240199,43.6953353881836,-67.98615264892578,0.0016758346464484,stop_sign_id=1062
participant_25,9.0,day,Town10HD_Opt,Red light violation,4.631,-0.496,2026-03-18 10:01:54.214101,-73.22673034667969,25.60735321044922,0.001963157672435,Red light violation
participant_26,1.0,day,Town10HD_Opt,Collision,33.18,-0.134,2026-03-18 10:01:56.265445,-54.9822883605957,-68.10932159423828,0.0023244475014507,Collision
participant_25,9.0,day,Town10HD_Opt,Solid line crossing,0.408,0.289,2026-03-18 10:02:04.678421,-70.21634674072266,25.546581268310547,0.0019231032347306,Solid line crossing
participant_26,1.0,day,Town10HD_Opt,Solid line crossing,34.613,-1.074,2026-03-18 10:02:07.324306,-110.26094818115234,-24.97054672241211,0.0016938018379732,Solid line crossing
participant_25,9.0,day,Town10HD_Opt,Solid line crossing,36.283,0.315,2026-03-18 10:02:23.623290,-35.43405532836914,24.627241134643555,0.002034263452515,Solid line crossing
participant_25,9.0,day,Town10HD_Opt,Stop sign violation,33.841,3.627,2026-03-18 10:02:28.815150,-0.4373184740543365,26.536909103393555,0.0020047759171575,stop_sign_id=1062
participant_26,1.0,day,Town10HD_Opt,Solid line crossing,0.923,-0.961,2026-03-18 10:02:34.306804,-68.0451431274414,27.985519409179688,0.0019278716063126,Solid line crossing
participant_26,1.0,day,Town10HD_Opt,Solid line crossing,0.055,-0.599,2026-03-18 10:02:43.664853,-67.46255493164062,27.98999214172364,0.0019195937784388,Solid line crossing
participant_25,9.0,day,Town10HD_Opt,Harsh braking,34.672,-16.037,2026-03-18 10:02:44.860010,41.33466339111328,60.92124557495117,0.0018490218790248,decel_mps2=5.5
participant_26,1.0,day,Town10HD_Opt,Solid line crossing,0.0,0.002,2026-03-18 10:02:52.919587,-67.43798065185547,27.990373611450195,0.0019189452286809,Solid line crossing
participant_25,9.0,day,Town10HD_Opt,Solid line crossing,7.585,-0.012,2026-03-18 10:02:54.485071,83.9327392578125,70.13008880615234,0.0020265197381377,Solid line crossing
participant_25,9.0,day,Town10HD_Opt,Solid line crossing,46.835,3.193,2026-03-18 10:03:06.592627,66.7142333984375,128.87139892578125,0.0019772339146584,Solid line crossing
participant_25,9.0,day,Town10HD_Opt,Harsh braking,18.908,-0.83,2026-03-18 10:03:16.298177,-13.105266571044922,132.12826538085938,0.0022406387142837,decel_mps2=4.9
participant_26,1.0,day,Town10HD_Opt,Solid line crossing,0.007,1.008,2026-03-18 10:03:19.334196,40.4444465637207,52.16387176513672,0.0019189452286809,Solid line crossing
participant_26,1.0,day,Town10HD_Opt,Stop sign violation,1.905,-0.388,2026-03-18 10:03:22.696259,40.444332122802734,52.17074203491211,0.0018819427350535,stop_sign_id=1120
participant_25,9.0,day,Town10HD_Opt,Solid line crossing,45.252,11.779,2026-03-18 10:03:29.915097,-28.75040435791016,69.30571746826172,0.0020350646227598,Solid line crossing
participant_25,9.0,day,Town10HD_Opt,Solid line crossing,28.969,-15.79,2026-03-18 10:03:39.986699,33.92864990234375,68.61412811279297,0.0019747542683035,Solid line crossing
participant_25,9.0,day,Town10HD_Opt,Stop sign violation,6.532,-21.405,2026-03-18 10:03:53.806930,62.29364776611328,24.61281394958496,0.0025035094004124,stop_sign_id=1300
participant_25,9.0,day,Town10HD_Opt,Solid line crossing,0.007,-0.498,2026-03-18 10:04:07.309619,76.47412109375,24.88954734802246,0.0019186401041224,Solid line crossing
participant_25,9.0,day,Town10HD_Opt,Red light violation,48.489,-4.605,2026-03-18 10:04:13.978121,106.7923583984375,10.287593841552734,0.0020877455826848,Red light violation
participant_26,1.0,day,Town10HD_Opt,Solid line crossing,23.578,2.61,2026-03-18 10:04:19.953242,-41.87637710571289,101.95299530029295,0.0021445464808493,Solid line crossing
participant_25,9.0,day,Town10HD_Opt,Stop sign violation,37.322,-0.026,2026-03-18 10:04:28.338003,29.429731369018555,-64.24748229980469,0.002326774643734,stop_sign_id=833
participant_26,2.0,day,Town10HD_Opt,Stop sign violation,7.26,17.838,2026-03-18 10:15:49.393431,44.69334030151367,38.36690902709961,0.0019960403442382,stop_sign_id=1120
participant_26,2.0,day,Town10HD_Opt,Solid line crossing,10.722,4.624,2026-03-18 10:15:58.809544,70.22672271728516,25.6413516998291,0.0019024658249691,Solid line crossing
participant_25,10.0,day,Town10HD_Opt,Harsh braking,34.237,6.703,2026-03-18 10:16:02.785003,58.07124710083008,26.3256778717041,0.0019606780260801,decel_mps2=6.1
participant_25,10.0,day,Town10HD_Opt,Harsh braking,0.0,0.275,2026-03-18 10:16:10.348662,80.01773834228516,25.17521095275879,0.0019885634537786,decel_mps2=8.1
participant_26,2.0,day,Town10HD_Opt,Solid line crossing,34.545,-11.289,2026-03-18 10:16:14.357514,87.05238342285156,27.42276382446289,0.0016610717866569,Solid line crossing
participant_25,10.0,day,Town10HD_Opt,Stop sign violation,37.65,-4.591,2026-03-18 10:16:21.020998,106.47745513916016,9.357186317443848,0.0019878386519849,stop_sign_id=1062
participant_26,2.0,day,Town10HD_Opt,Solid line crossing,33.663,-1.883,2026-03-18 10:16:23.742383,108.77725982666016,-22.068891525268555,0.0023454283364117,Solid line crossing
participant_25,10.0,day,Town10HD_Opt,Vehicle collision,24.037,-3.62,2026-03-18 10:16:27.435883,106.20883178710938,-29.629291534423828,0.0021366118453443,Vehicle collision
participant_26,2.0,day,Town10HD_Opt,Solid line crossing,41.213,-3.987,2026-03-18 10:16:34.244042,72.95177459716797,-64.8017807006836,0.002080078003928,Solid line crossing
participant_25,10.0,day,Town10HD_Opt,Solid line crossing,34.567,-0.012,2026-03-18 10:16:42.911358,12.046467781066896,-67.74079895019531,0.002355117816478,Solid line crossing
participant_26,2.0,day,Town10HD_Opt,Vehicle collision,11.837,-0.209,2026-03-18 10:16:47.228702,-2.166879177093506,-65.53152465820312,0.0020313644781708,Vehicle collision
participant_25,10.0,day,Town10HD_Opt,Solid line crossing,31.731,-0.266,2026-03-18 10:16:51.768378,-22.227651596069336,-67.8275375366211,0.0015753555344417,Solid line crossing
participant_26,2.0,day,Town10HD_Opt,Solid line crossing,13.123,0.649,2026-03-18 10:16:51.951370,-11.651445388793944,-65.26663970947266,0.0019528579432517,Solid line crossing
participant_26,2.0,day,Town10HD_Opt,Harsh braking,38.338,-5.73,2026-03-18 10:17:04.115085,-81.52054595947266,-64.9410400390625,0.0018137741135433,decel_mps2=7.9
participant_25,10.0,day,Town10HD_Opt,Harsh braking,28.433,-2.697,2026-03-18 10:17:05.919278,-110.07318878173828,-30.01077079772949,0.002309989882633,decel_mps2=6.7
participant_25,10.0,day,Town10HD_Opt,Solid line crossing,42.752,-11.12,2026-03-18 10:17:13.017911,-103.78136444091795,20.798208236694336,0.0022667311131954,Solid line crossing
participant_26,2.0,day,Town10HD_Opt,Solid line crossing,2.757,-0.498,2026-03-18 10:17:21.122257,-110.35614013671876,-5.01196813583374,0.0019455336732789,Solid line crossing
participant_26,2.0,day,Town10HD_Opt,Solid line crossing,0.004,-0.501,2026-03-18 10:17:22.527467,-110.35845184326172,-4.681017875671387,0.0019208145095035,Solid line crossing
participant_25,10.0,day,Town10HD_Opt,Solid line crossing,8.462,-3.073,2026-03-18 10:17:25.973690,-73.02130889892578,27.87306404113769,0.0019498442998155,Solid line crossing
participant_26,2.0,day,Town10HD_Opt,Red light violation,3.383,-0.331,2026-03-18 10:17:31.835344,-110.35871124267578,-4.628520011901856,0.0017573547083884,Red light violation
participant_25,10.0,day,Town10HD_Opt,Stop sign violation,0.226,-0.256,2026-03-18 10:17:38.577329,-67.57711029052734,27.988649368286133,0.0019211578182876,stop_sign_id=833
participant_26,2.0,day,Town10HD_Opt,Solid line crossing,13.214,0.418,2026-03-18 10:17:44.522360,-74.96613311767578,27.90546417236328,0.0020240400917828,Solid line crossing
participant_25,10.0,day,Town10HD_Opt,Solid line crossing,0.0,0.301,2026-03-18 10:17:49.974953,-67.43798065185547,27.990352630615234,0.0019189452286809,Solid line crossing
participant_26,2.0,day,Town10HD_Opt,Solid line crossing,3.976,1.965,2026-03-18 10:17:53.214576,-69.52076721191406,27.889549255371094,0.0017323684878647,Solid line crossing
participant_26,2.0,day,Town10HD_Opt,Harsh braking,12.955,-3.554,2026-03-18 10:18:17.559001,40.78512191772461,49.72498321533203,0.0020407866686582,decel_mps2=5.5
participant_25,10.0,day,Town10HD_Opt,Solid line crossing,18.096,-6.732,2026-03-18 10:18:25.267047,40.73248672485352,57.68869400024414,0.0020551681518554,Solid line crossing
participant_26,2.0,day,Town10HD_Opt,Stop sign violation,10.952,-8.148,2026-03-18 10:18:27.221214,48.82673263549805,70.57755279541016,0.002025794936344,stop_sign_id=833
participant_26,2.0,day,Town10HD_Opt,Solid line crossing,29.324,16.659,2026-03-18 10:18:42.000546,89.37590789794922,69.96647644042969,0.0020710371900349,Solid line crossing
participant_25,10.0,day,Town10HD_Opt,Harsh braking,20.864,2.313,2026-03-18 10:18:54.396204,62.3668327331543,130.38653564453125,0.0020332718268036,decel_mps2=7.9
participant_25,10.0,day,Town10HD_Opt,Red light violation,26.209,0.15,2026-03-18 10:19:00.662762,4.381891250610352,130.29702758789062,0.0022933196742087,Red light violation
participant_26,2.0,day,Town10HD_Opt,Solid line crossing,21.718,27.083,2026-03-18 10:19:33.376937,-38.83847427368164,73.31697845458984,0.0022140122018754,Solid line crossing
participant_26,2.0,day,Town10HD_Opt,Solid line crossing,19.303,-0.019,2026-03-18 10:19:46.533011,15.139315605163574,70.01643371582031,0.0020919037051498,Solid line crossing
participant_25,10.0,day,Town10HD_Opt,Solid line crossing,18.178,-7.682,2026-03-18 10:19:48.125181,32.99760818481445,68.7580337524414,0.0020696639548987,Solid line crossing
participant_26,3.0,day,Town10HD_Opt,Stop sign violation,37.06,-4.291,2026-03-18 10:31:56.361285,-109.12671661376952,-36.35734939575195,0.0018696212209761,stop_sign_id=946
participant_26,3.0,day,Town10HD_Opt,Solid line crossing,0.001,1.269,2026-03-18 10:32:11.838311,-110.50615692138672,-14.659106254577637,0.001919021597132,Solid line crossing
participant_26,3.0,day,Town10HD_Opt,Solid line crossing,0.006,-1.022,2026-03-18 10:32:41.336621,-111.50493621826172,-3.886509895324707,0.001919021597132,Solid line crossing
participant_26,3.0,day,Town10HD_Opt,Harsh braking,31.187,-8.224,2026-03-18 10:32:56.059480,-106.34722137451172,17.723806381225586,0.0021199416369199,decel_mps2=8.1
participant_26,3.0,day,Town10HD_Opt,Vehicle collision,27.694,0.461,2026-03-18 10:33:26.964466,-64.13239288330078,28.24348831176757,0.0016105270478874,Vehicle collision
participant_26,3.0,day,Town10HD_Opt,Solid line crossing,51.363,-0.096,2026-03-18 10:33:28.987198,-50.02034378051758,28.513044357299805,0.0017238998552784,Solid line crossing
participant_26,3.0,day,Town10HD_Opt,Solid line crossing,37.543,1.161,2026-03-18 10:33:39.021463,20.96422576904297,27.74168586730957,0.0021467208862304,Solid line crossing
participant_26,3.0,day,Town10HD_Opt,Solid line crossing,36.48,-13.078,2026-03-18 10:34:01.727139,43.79361343383789,64.94588470458984,0.0017654800321906,Solid line crossing
participant_26,3.0,day,Town10HD_Opt,Harsh braking,20.045,7.157,2026-03-18 10:34:15.029113,95.3615493774414,105.58210754394533,0.0021197509486228,decel_mps2=5.5
participant_26,3.0,day,Town10HD_Opt,Stop sign violation,25.929,-0.632,2026-03-18 10:34:53.469521,-41.90362548828125,111.00528717041016,0.0019823454786092,stop_sign_id=1050
participant_26,4.0,day,Town10HD_Opt,Stop sign violation,0.0,0.0,2026-03-18 10:45:18.124380,-41.668582916259766,89.7454833984375,0.0018127440707758,stop_sign_id=833
participant_26,4.0,day,Town10HD_Opt,Solid line crossing,0.0,0.0,2026-03-18 10:45:32.273046,-41.668582916259766,89.7454833984375,0.0018127440707758,Solid line crossing
participant_26,4.0,day,Town10HD_Opt,Solid line crossing,0.0,0.0,2026-03-18 10:46:07.367391,-41.668582916259766,89.7454833984375,0.0018127440707758,Solid line crossing
participant_26,4.0,day,Town10HD_Opt,Solid line crossing,0.0,0.0,2026-03-18 10:46:44.291616,-41.668582916259766,89.7454833984375,0.0018127440707758,Solid line crossing
participant_26,4.0,day,Town10HD_Opt,Solid line crossing,0.0,0.0,2026-03-18 10:47:06.803381,-41.668582916259766,89.7454833984375,0.0018127440707758,Solid line crossing
participant_26,4.0,day,Town10HD_Opt,Stop sign violation,0.0,0.0,2026-03-18 10:47:09.766087,-41.668582916259766,89.7454833984375,0.0018127440707758,stop_sign_id=946
participant_26,4.0,day,Town10HD_Opt,Harsh braking,20.055,0.026,2026-03-18 10:47:24.739613,-41.66858673095703,89.7454833984375,0.5804919004440308,decel_mps2=7.3
participant_26,4.0,day,Town10HD_Opt,Stop sign violation,20.055,0.026,2026-03-18 10:47:47.781219,-41.66858673095703,89.7454833984375,0.5804919004440308,stop_sign_id=1200
participant_26,4.0,day,Town10HD_Opt,Solid line crossing,20.055,0.026,2026-03-18 10:48:16.203929,-41.66858673095703,89.7454833984375,0.5804919004440308,Solid line crossing
participant_26,4.0,day,Town10HD_Opt,Stop sign violation,20.055,0.026,2026-03-18 10:48:41.204103,-41.66858673095703,89.7454833984375,0.5804919004440308,stop_sign_id=946
participant_26,4.0,day,Town10HD_Opt,Solid line crossing,20.055,0.026,2026-03-18 10:48:42.390651,-41.66858673095703,89.7454833984375,0.5804919004440308,Solid line crossing
participant_26,4.0,day,Town10HD_Opt,Harsh braking,20.055,0.026,2026-03-18 10:49:04.094572,-41.66858673095703,89.7454833984375,0.5804919004440308,decel_mps2=4.9
participant_26,4.0,day,Town10HD_Opt,Solid line crossing,41.14,-10.31,2026-03-18 10:49:20.698189,25.09815216064453,71.4294204711914,0.0022450636606663,Solid line crossing
participant_26,4.0,day,Town10HD_Opt,Red light violation,15.893,1.187,2026-03-18 10:49:34.693694,76.88418579101562,27.5418643951416,0.0021218871697783,Red light violation
participant_26,4.0,day,Town10HD_Opt,Solid line crossing,10.875,13.726,2026-03-18 10:49:59.603061,106.0549087524414,14.269975662231444,0.0015039824647828,Solid line crossing
participant_26,4.0,day,Town10HD_Opt,Harsh braking,5.085,0.672,2026-03-18 10:50:33.638251,-19.949499130249023,-65.95653533935547,0.0019668578170239,decel_mps2=4.9
participant_26,4.0,day,Town10HD_Opt,Solid line crossing,0.0,0.479,2026-03-18 10:50:38.527775,-21.69395446777344,-66.02725982666016,0.0019192504696547,Solid line crossing
participant_26,4.0,day,Town10HD_Opt,Solid line crossing,2.94,-1.26,2026-03-18 10:50:44.080348,-23.346296310424805,-66.06941986083984,0.0019781875889748,Solid line crossing
participant_26,4.0,day,Town10HD_Opt,Stop sign violation,0.001,0.068,2026-03-18 10:50:55.179328,-23.4459228515625,-66.0710220336914,0.0019188689766451,stop_sign_id=833
participant_26,4.0,day,Town10HD_Opt,Stop sign violation,48.447,-4.794,2026-03-18 10:51:06.918908,-104.4367446899414,-45.64781188964844,0.002204704331234,stop_sign_id=833
participant_26,4.0,day,Town10HD_Opt,Solid line crossing,0.0,-0.724,2026-03-18 10:52:49.016974,-18.27346611022949,132.3115997314453,0.0019239424727857,Solid line crossing
participant_26,4.0,day,Town10HD_Opt,Collision,19.996,2.864,2026-03-18 10:53:02.115670,-43.66325759887695,87.99305725097656,0.0022529219277203,Collision
participant_26,4.0,day,Town10HD_Opt,Vehicle-pedestrian collision,16.716,3.24,2026-03-18 10:53:02.710467,-43.48211288452149,83.9780044555664,0.0019243621500208,Vehicle-pedestrian collision
participant_26,5.0,day,Town10HD_Opt,Solid line crossing,0.597,0.921,2026-03-18 11:01:09.552683,79.26261138916016,25.65117645263672,0.0019247436430305,Solid line crossing
participant_26,5.0,day,Town10HD_Opt,Stop sign violation,18.203,5.111,2026-03-18 11:01:20.290666,109.1479263305664,6.56766414642334,0.001671714708209,stop_sign_id=833
participant_26,5.0,day,Town10HD_Opt,Vehicle-pedestrian collision,34.511,-1.441,2026-03-18 11:01:39.339302,48.09883117675781,-67.68097686767578,0.0016846847720444,Vehicle-pedestrian collision
participant_26,5.0,day,Town10HD_Opt,Harsh braking,11.837,-0.209,2026-03-18 11:01:46.925106,-2.166879177093506,-65.53152465820312,0.0020313644781708,decel_mps2=5.7
participant_26,5.0,day,Town10HD_Opt,Solid line crossing,48.985,-0.602,2026-03-18 11:01:57.433886,-43.68733215332031,-68.28601837158203,0.0020577239338308,Solid line crossing
participant_26,5.0,day,Town10HD_Opt,Solid line crossing,38.338,-5.73,2026-03-18 11:02:03.570134,-81.52054595947266,-64.9410400390625,0.0018137741135433,Solid line crossing
participant_26,5.0,day,Town10HD_Opt,Solid line crossing,48.641,-5.735,2026-03-18 11:02:06.383464,-96.81455993652344,-55.57530975341797,0.0019650650210678,Solid line crossing
participant_26,5.0,day,Town10HD_Opt,Harsh braking,5.11,-0.498,2026-03-18 11:02:19.376964,-110.34115600585938,-6.589216709136963,0.0019679642282426,decel_mps2=8.1
participant_26,5.0,day,Town10HD_Opt,Harsh braking,34.697,-1.481,2026-03-18 11:02:34.461945,-110.26731872558594,8.95225715637207,0.0019554519094526,decel_mps2=5.7
participant_26,5.0,day,Town10HD_Opt,Solid line crossing,7.138,-0.021,2026-03-18 11:02:46.789649,-70.88416290283203,27.892736434936523,0.0019873427227139,Solid line crossing
participant_26,5.0,day,Town10HD_Opt,Harsh braking,17.37,-7.965,2026-03-18 11:03:36.282203,61.27648162841797,72.05733489990234,0.001689605647698,decel_mps2=7.9
participant_26,5.0,day,Town10HD_Opt,Solid line crossing,32.065,-0.604,2026-03-18 11:04:21.825986,-41.60774230957031,113.80620574951172,0.0018551634857431,Solid line crossing
participant_26,5.0,day,Town10HD_Opt,Vehicle-pedestrian collision,25.67,13.2,2026-03-18 11:04:32.055040,-40.82243347167969,76.9534683227539,0.0020576475653797,Vehicle-pedestrian collision
participant_26,5.0,day,Town10HD_Opt,Vehicle collision,22.885,-0.371,2026-03-18 11:04:44.823762,6.498245716094971,70.1158218383789,0.0020898056682199,Vehicle collision
participant_26,6.0,day,Town10HD_Opt,Vehicle-pedestrian collision,9.39,-1.568,2026-03-18 11:15:43.634314,43.91500473022461,46.08433151245117,0.0020543285645544,Vehicle-pedestrian collision
participant_26,6.0,day,Town10HD_Opt,Solid line crossing,0.318,1.645,2026-03-18 11:15:55.617355,43.75282669067383,41.35657501220703,0.0019126510014757,Solid line crossing
participant_26,6.0,day,Town10HD_Opt,Solid line crossing,14.254,-3.255,2026-03-18 11:16:06.059433,66.5230484008789,26.72754096984864,0.0016994099132716,Solid line crossing
participant_26,6.0,day,Town10HD_Opt,Solid line crossing,7.114,-5.931,2026-03-18 11:16:17.282036,106.89371490478516,7.701420307159424,0.0019873806741088,Solid line crossing
participant_26,6.0,day,Town10HD_Opt,Solid line crossing,29.743,-8.439,2026-03-18 11:16:29.670656,93.46471405029295,-54.99243927001953,0.0021565242204815,Solid line crossing
participant_26,6.0,day,Town10HD_Opt,Stop sign violation,45.304,0.073,2026-03-18 11:16:46.826905,-6.288282871246338,-67.71153259277344,0.0021918865386396,stop_sign_id=833
participant_26,6.0,day,Town10HD_Opt,Solid line crossing,46.55,-2.497,2026-03-18 11:16:53.753132,-64.75262451171875,-68.29603576660156,0.0020941160619258,Solid line crossing
participant_26,6.0,day,Town10HD_Opt,Solid line crossing,34.117,-1.156,2026-03-18 11:17:02.864150,-111.00444793701172,-24.303232192993164,0.0020799254998564,Solid line crossing
participant_26,6.0,day,Town10HD_Opt,Solid line crossing,0.117,4.657,2026-03-18 11:17:18.387403,-110.81240844726562,-13.67162036895752,0.0019184112315997,Solid line crossing
participant_26,6.0,day,Town10HD_Opt,Harsh braking,31.092,-16.322,2026-03-18 11:17:29.476403,-99.05426788330078,25.436452865600582,0.0018205646192654,decel_mps2=7.3
participant_26,6.0,day,Town10HD_Opt,Solid line crossing,0.0,-0.073,2026-03-18 11:17:43.680448,-69.17359924316406,28.03630256652832,0.0019190596649423,Solid line crossing
participant_26,6.0,day,Town10HD_Opt,Solid line crossing,32.868,-17.808,2026-03-18 11:18:26.526304,43.63206100463867,65.41761016845703,0.0019971085712313,Solid line crossing
participant_26,6.0,day,Town10HD_Opt,Solid line crossing,21.383,2.875,2026-03-18 11:18:56.973139,53.10690307617188,131.1942596435547,0.0020900343079119,Solid line crossing
participant_26,6.0,day,Town10HD_Opt,Stop sign violation,14.656,18.931,2026-03-18 11:19:15.872740,-41.81510162353516,121.05967712402344,0.0015905004693195,stop_sign_id=1200
participant_26,6.0,day,Town10HD_Opt,Vehicle collision,18.719,14.479,2026-03-18 11:19:26.484241,-36.00859069824219,71.35919952392578,0.0020447538699954,Vehicle collision
participant_26,6.0,day,Town10HD_Opt,Vehicle-pedestrian collision,0.298,0.237,2026-03-18 11:19:45.257798,20.505762100219727,69.71888732910156,0.0020983882714062,Vehicle-pedestrian collision
participant_26,7.0,day,Town10HD_Opt,Solid line crossing,0.0,0.834,2026-03-18 11:30:16.334656,-41.668582916259766,89.7454833984375,0.0019181441748514,Solid line crossing
participant_26,7.0,day,Town10HD_Opt,Solid line crossing,17.444,13.472,2026-03-18 11:30:21.388275,-40.5620231628418,77.12310791015625,0.0019430541433393,Solid line crossing
participant_26,7.0,day,Town10HD_Opt,Stop sign violation,33.27,0.9,2026-03-18 11:30:30.781700,-12.239575386047363,69.79714965820312,0.0016993712633848,stop_sign_id=833
participant_26,7.0,day,Town10HD_Opt,Solid line crossing,24.215,-0.294,2026-03-18 11:30:36.606874,9.235209465026855,70.32595825195312,0.0017890548333525,Solid line crossing
participant_26,7.0,day,Town10HD_Opt,Vehicle-pedestrian collision,5.653,-1.26,2026-03-18 11:30:55.321234,44.44889450073242,45.84954833984375,0.0019818113651126,Vehicle-pedestrian collision
participant_26,7.0,day,Town10HD_Opt,Solid line crossing,0.003,-0.219,2026-03-18 11:31:08.920910,80.9260482788086,25.33636474609375,0.0019209289457648,Solid line crossing
participant_26,7.0,day,Town10HD_Opt,Solid line crossing,35.354,-4.929,2026-03-18 11:31:16.735363,88.99964904785156,25.84832763671875,0.0016714858356863,Solid line crossing
participant_26,7.0,day,Town10HD_Opt,Solid line crossing,29.919,-8.041,2026-03-18 11:31:30.536202,107.33097076416016,-36.99330139160156,0.0018616103334352,Solid line crossing
participant_26,7.0,day,Town10HD_Opt,Harsh braking,17.428,-15.504,2026-03-18 11:31:38.926229,71.0845718383789,-69.98857116699219,0.0017855452606454,decel_mps2=5.7
participant_26,7.0,day,Town10HD_Opt,Solid line crossing,29.851,-3.422,2026-03-18 11:32:05.200742,-105.85655212402344,-48.470550537109375,0.0020540617406368,Solid line crossing
participant_26,7.0,day,Town10HD_Opt,Solid line crossing,0.001,2.12,2026-03-18 11:32:14.154226,-110.66974639892578,-5.883557796478272,0.0023113249335438,Solid line crossing
participant_26,7.0,day,Town10HD_Opt,Harsh braking,0.002,-1.22,2026-03-18 11:32:24.510498,-110.66973114013672,-5.873502731323242,0.001919021597132,decel_mps2=5.5
participant_26,7.0,day,Town10HD_Opt,Harsh braking,18.948,-5.612,2026-03-18 11:32:40.619833,-95.49949645996094,24.59956741333008,0.0018421172862872,decel_mps2=5.2
participant_26,7.0,day,Town10HD_Opt,Vehicle-pedestrian collision,0.0,0.042,2026-03-18 11:33:37.742541,87.80728149414062,70.43538665771484,0.0019191360333934,Vehicle-pedestrian collision
participant_26,7.0,day,Town10HD_Opt,Solid line crossing,0.0,0.042,2026-03-18 11:33:40.167096,87.80728149414062,70.43538665771484,0.0019191360333934,Solid line crossing
participant_26,7.0,day,Town10HD_Opt,Solid line crossing,8.618,-0.707,2026-03-18 11:34:48.604334,24.65606689453125,70.21160125732422,0.0015417098766192,Solid line crossing
participant_26,8.0,day,Town10HD_Opt,Stop sign violation,0.0,-0.797,2026-03-18 11:45:51.706327,66.84580993652344,25.476762771606445,0.0019191741012036,stop_sign_id=1200
participant_26,8.0,day,Town10HD_Opt,Red light violation,0.0,-0.797,2026-03-18 11:46:00.052167,66.84580993652344,25.476762771606445,0.0019191741012036,Red light violation
participant_26,8.0,day,Town10HD_Opt,Solid line crossing,0.0,-1.088,2026-03-18 11:46:01.713698,66.84580993652344,25.476762771606445,0.0019191741012036,Solid line crossing
participant_26,8.0,day,Town10HD_Opt,Solid line crossing,6.511,3.137,2026-03-18 11:46:15.725159,75.00458526611328,24.793598175048828,0.0019825361669063,Solid line crossing
participant_26,8.0,day,Town10HD_Opt,Solid line crossing,2.25,3.24,2026-03-18 11:46:21.140316,79.50917053222656,24.429750442504883,0.0019372558454051,Solid line crossing
participant_26,8.0,day,Town10HD_Opt,Solid line crossing,0.143,3.499,2026-03-18 11:46:26.859692,79.85392761230469,24.41303253173828,0.0019178771181032,Solid line crossing
participant_26,8.0,day,Town10HD_Opt,Vehicle-pedestrian collision,42.608,-3.316,2026-03-18 11:46:40.914676,89.16822052001953,-58.31350326538086,0.0020856475457549,Vehicle-pedestrian collision
participant_26,8.0,day,Town10HD_Opt,Solid line crossing,34.732,-0.743,2026-03-18 11:46:49.724172,13.91287899017334,-65.98741149902344,0.0021076584234833,Solid line crossing
participant_26,8.0,day,Town10HD_Opt,Solid line crossing,48.764,4.584,2026-03-18 11:48:42.662854,96.62456512451172,106.94249725341795,0.0021408081520348,Solid line crossing
participant_26,8.0,day,Town10HD_Opt,Solid line crossing,49.211,2.203,2026-03-18 11:48:57.339441,-24.16783905029297,132.27598571777344,0.0020213699899613,Solid line crossing
participant_26,8.0,day,Town10HD_Opt,Solid line crossing,11.69,-2.146,2026-03-18 11:49:14.898188,24.40530776977539,69.8353042602539,0.0020210647489875,Solid line crossing
participant_26,8.0,day,Town10HD_Opt,Stop sign violation,22.037,20.177,2026-03-18 11:49:25.100433,45.32584381103516,34.361351013183594,0.0021997070871293,stop_sign_id=900
participant_26,8.0,day,Town10HD_Opt,Stop sign violation,0.0,1.191,2026-03-18 11:49:35.533790,81.00411224365234,26.91552352905273,0.0019193267216905,stop_sign_id=946
participant_26,8.0,day,Town10HD_Opt,Stop sign violation,0.0,0.106,2026-03-18 11:49:42.864705,81.00411224365234,26.91552352905273,0.0019193267216905,stop_sign_id=1050
participant_26,9.0,day,Town10HD_Opt,Harsh braking,4.726,5.004,2026-03-18 12:00:36.794598,60.94955825805664,25.598791122436523,0.0019642636179924,decel_mps2=7.9
participant_26,9.0,day,Town10HD_Opt,Solid line crossing,0.0,-0.416,2026-03-18 12:00:45.112413,82.07105255126953,25.315126419067383,0.0019261550623923,Solid line crossing
participant_26,9.0,day,Town10HD_Opt,Solid line crossing,0.0,0.479,2026-03-18 12:00:57.159597,82.07105255126953,25.315126419067383,0.0019191360333934,Solid line crossing
participant_26,9.0,day,Town10HD_Opt,Solid line crossing,38.212,-11.651,2026-03-18 12:01:13.318890,107.3175277709961,4.761279582977295,0.001899414579384,Solid line crossing
participant_26,9.0,day,Town10HD_Opt,Solid line crossing,43.793,-4.223,2026-03-18 12:01:22.243783,75.65970611572266,-63.61140823364258,0.0020977780222892,Solid line crossing
participant_26,9.0,day,Town10HD_Opt,Solid line crossing,47.495,-0.595,2026-03-18 12:01:24.439863,56.7784423828125,-65.07938385009766,0.0020689389202743,Solid line crossing
participant_26,9.0,day,Town10HD_Opt,Vehicle-pedestrian collision,3.196,0.407,2026-03-18 12:01:42.321176,-15.183321952819824,-64.7208023071289,0.0019079589983448,Vehicle-pedestrian collision
participant_26,9.0,day,Town10HD_Opt,Solid line crossing,10.232,-0.559,2026-03-18 12:02:22.021780,-110.27558135986328,-7.302183151245117,0.0014841859228909,Solid line crossing
participant_26,9.0,day,Town10HD_Opt,Solid line crossing,21.192,-9.827,2026-03-18 12:02:31.249137,-94.34010314941406,25.54551124572754,0.0021214291919022,Solid line crossing
participant_26,9.0,day,Town10HD_Opt,Solid line crossing,20.185,-2.72,2026-03-18 12:03:20.438561,65.1257095336914,70.15975189208984,0.0022374717518687,Solid line crossing
participant_26,9.0,day,Town10HD_Opt,Stop sign violation,48.332,1.739,2026-03-18 12:03:35.685738,63.33662414550781,130.4808349609375,0.0020063782576471,stop_sign_id=678
participant_26,9.0,day,Town10HD_Opt,Harsh braking,22.1,0.996,2026-03-18 12:03:45.788848,-14.078369140625,131.5309600830078,0.0019658282399177,decel_mps2=5.7
participant_26,9.0,day,Town10HD_Opt,Harsh braking,36.298,12.599,2026-03-18 12:04:00.115358,-32.28805923461914,129.99110412597656,0.0018167502712458,decel_mps2=6.4
participant_26,9.0,day,Town10HD_Opt,Harsh braking,8.507,1.692,2026-03-18 12:04:17.181627,17.231779098510742,69.95947265625,0.0020006175618618,decel_mps2=5.5
participant_26,10.0,day,Town10HD_Opt,Solid line crossing,5.481,-6.116,2026-03-18 12:15:16.205040,-23.570425033569336,69.25067901611328,0.0019703672733157,Solid line crossing
participant_26,10.0,day,Town10HD_Opt,Solid line crossing,9.578,-5.328,2026-03-18 12:16:47.804177,105.8520965576172,8.0907564163208,0.0017929839668795,Solid line crossing
participant_26,10.0,day,Town10HD_Opt,Solid line crossing,20.065,-1.163,2026-03-18 12:16:59.189089,108.9841079711914,-22.54519271850586,0.0019867706578224,Solid line crossing
participant_26,10.0,day,Town10HD_Opt,Stop sign violation,21.776,-1.29,2026-03-18 12:17:00.614837,108.78812408447266,-26.194425582885746,0.0019885634537786,stop_sign_id=833
participant_26,10.0,day,Town10HD_Opt,Solid line crossing,13.648,-18.744,2026-03-18 12:17:14.638129,63.57710266113281,-69.46577453613281,0.0020195769611746,Solid line crossing
participant_26,10.0,day,Town10HD_Opt,Solid line crossing,18.901,0.555,2026-03-18 12:17:27.858653,17.221208572387695,-66.81169128417969,0.0020073698833584,Solid line crossing
participant_26,10.0,day,Town10HD_Opt,Red light violation,24.911,0.437,2026-03-18 12:17:33.208094,-5.318411350250244,-67.51512908935547,0.0020638273563236,Red light violation
participant_26,10.0,day,Town10HD_Opt,Stop sign violation,0.237,-0.026,2026-03-18 12:17:48.391845,-22.015357971191406,-68.144775390625,0.0019129562424495,stop_sign_id=754
participant_26,10.0,day,Town10HD_Opt,Vehicle collision,0.001,-0.627,2026-03-18 12:17:55.718342,-22.8475341796875,-68.17276000976562,0.0019188689766451,Vehicle collision
participant_26,10.0,day,Town10HD_Opt,Stop sign violation,18.235,-0.399,2026-03-18 12:18:03.387762,-43.40719604492188,-69.04544830322266,0.0020848845597356,stop_sign_id=678
participant_26,10.0,day,Town10HD_Opt,Solid line crossing,18.437,-0.717,2026-03-18 12:18:08.891122,-62.86314392089844,-68.81291198730469,0.0020323181524872,Solid line crossing
participant_26,10.0,day,Town10HD_Opt,Stop sign violation,17.162,-5.888,2026-03-18 12:18:18.740424,-100.7161102294922,-56.686370849609375,0.0018736267229542,stop_sign_id=678
participant_26,10.0,day,Town10HD_Opt,Solid line crossing,0.132,0.975,2026-03-18 12:18:33.802784,-110.8084716796875,-18.148832321166992,0.0019150542793795,Solid line crossing
participant_27,1.0,day,Town10HD_Opt,Stop sign violation,26.695,0.115,2026-03-18 13:00:24.103554,7.756940841674805,70.1150894165039,0.0020422362722456,stop_sign_id=900
participant_27,1.0,day,Town10HD_Opt,Stop sign violation,0.445,-1.45,2026-03-18 13:00:31.897542,25.24859619140625,70.17811584472656,0.0051166913472115,stop_sign_id=678
participant_27,1.0,day,Town10HD_Opt,Solid line crossing,15.272,-4.879,2026-03-18 13:00:45.905604,44.47821044921875,51.60066604614258,0.0018147277878597,Solid line crossing
participant_27,1.0,day,Town10HD_Opt,Solid line crossing,15.539,6.741,2026-03-18 13:00:57.516204,60.94685363769531,25.394725799560547,0.0017464446136727,Solid line crossing
participant_27,1.0,day,Town10HD_Opt,Solid line crossing,37.804,0.446,2026-03-18 13:01:02.785099,82.0129165649414,25.007944107055664,0.0016565703554078,Solid line crossing
participant_27,1.0,day,Town10HD_Opt,Solid line crossing,44.465,-5.612,2026-03-18 13:01:16.643017,97.9542465209961,-51.16786956787109,0.0021488189231604,Solid line crossing
participant_27,1.0,day,Town10HD_Opt,Harsh braking,28.121,0.31,2026-03-18 13:01:24.381489,61.63151168823242,-67.85150909423828,0.0017746734665706,decel_mps2=5.5
participant_27,1.0,day,Town10HD_Opt,Vehicle-pedestrian collision,0.0,-1.897,2026-03-18 13:01:37.367658,-19.738428115844727,-67.67505645751953,0.0019953537266701,Vehicle-pedestrian collision
participant_27,1.0,day,Town10HD_Opt,Solid line crossing,28.597,-5.943,2026-03-18 13:01:47.561196,-65.6121826171875,-68.57515716552734,0.0021455765236169,Solid line crossing
participant_27,1.0,day,Town10HD_Opt,Harsh braking,10.861,-1.718,2026-03-18 13:01:59.874914,-110.5603485107422,-16.246417999267578,0.0021211623679846,decel_mps2=7.9
participant_27,1.0,day,Town10HD_Opt,Solid line crossing,0.001,0.804,2026-03-18 13:02:08.844347,-110.50615692138672,-14.659107208251951,0.0019189834129065,Solid line crossing
participant_27,1.0,day,Town10HD_Opt,Solid line crossing,0.001,-0.827,2026-03-18 13:02:35.926245,-111.50493621826172,-3.886919736862183,0.0019188689766451,Solid line crossing
participant_27,1.0,day,Town10HD_Opt,Solid line crossing,34.098,-5.697,2026-03-18 13:02:53.909916,-110.96034240722656,7.205135345458984,0.001861915574409,Solid line crossing
participant_27,1.0,day,Town10HD_Opt,Solid line crossing,27.771,-8.976,2026-03-18 13:02:58.160880,-98.48027801513672,24.269433975219727,0.0021047974005341,Solid line crossing
participant_27,1.0,day,Town10HD_Opt,Solid line crossing,17.024,-20.445,2026-03-18 13:03:02.372225,-85.44126892089844,28.25952911376953,0.0019104765960946,Solid line crossing
participant_27,1.0,day,Town10HD_Opt,Solid line crossing,0.046,1.318,2026-03-18 13:03:23.153676,-68.5944595336914,28.15033912658692,0.0019193649059161,Solid line crossing
participant_27,1.0,day,Town10HD_Opt,Solid line crossing,29.299,6.99,2026-03-18 13:03:39.894601,26.878074645996094,27.828155517578125,0.0023091505281627,Solid line crossing
participant_27,1.0,day,Town10HD_Opt,Solid line crossing,0.006,-0.512,2026-03-18 13:03:57.944936,40.50016403198242,52.65913391113281,0.0019186401041224,Solid line crossing
participant_27,1.0,day,Town10HD_Opt,Solid line crossing,0.0,-0.308,2026-03-18 13:04:36.118732,-23.72301483154297,130.8882293701172,0.0020035551860928,Solid line crossing
participant_27,1.0,day,Town10HD_Opt,Solid line crossing,22.157,13.175,2026-03-18 13:04:50.006266,-40.13644027709961,123.912109375,0.0022797393612563,Solid line crossing
participant_27,2.0,day,Town10HD_Opt,Stop sign violation,42.635,-0.442,2026-03-18 13:15:18.251062,23.067646026611328,69.48097229003906,0.0017651367234066,stop_sign_id=678
participant_27,2.0,day,Town10HD_Opt,Stop sign violation,33.13,3.316,2026-03-18 13:15:25.790558,44.35581588745117,41.960262298583984,0.0018345641437917,stop_sign_id=833
participant_27,2.0,day,Town10HD_Opt,Solid line crossing,29.014,3.773,2026-03-18 13:15:30.340908,61.3922004699707,25.481342315673828,0.0022265624720603,Solid line crossing
participant_27,2.0,day,Town10HD_Opt,Stop sign violation,0.0,0.606,2026-03-18 13:15:37.102618,75.91445922851562,24.730010986328125,0.0019203185802325,stop_sign_id=1050
participant_27,2.0,day,Town10HD_Opt,Solid line crossing,49.491,-1.742,2026-03-18 13:15:53.149210,108.96219635009766,-17.08698081970215,0.0020594405941665,Solid line crossing
participant_27,2.0,day,Town10HD_Opt,Solid line crossing,51.02,1.744,2026-03-18 13:16:03.408407,47.79536437988281,-66.7811050415039,0.00194770807866,Solid line crossing
participant_27,2.0,day,Town10HD_Opt,Vehicle collision,8.346,-0.491,2026-03-18 13:16:11.934678,-8.643893241882324,-65.82633972167969,0.0019943618681281,Vehicle collision
participant_27,2.0,day,Town10HD_Opt,Solid line crossing,0.077,0.324,2026-03-18 13:16:19.175995,-13.331626892089844,-65.73247528076172,0.0019237136002629,Solid line crossing
participant_27,2.0,day,Town10HD_Opt,Stop sign violation,52.334,0.832,2026-03-18 13:16:25.544569,-35.128501892089844,-66.04484558105469,0.0016349791549146,stop_sign_id=1300
participant_27,2.0,day,Town10HD_Opt,Solid line crossing,0.607,-2.33,2026-03-18 13:17:01.134833,-70.531494140625,25.555849075317383,0.0019249343313276,Solid line crossing
participant_27,2.0,day,Town10HD_Opt,Solid line crossing,8.881,9.959,2026-03-18 13:17:37.647876,34.04475021362305,29.108619689941406,0.0019546889234334,Solid line crossing
participant_27,2.0,day,Town10HD_Opt,Vehicle collision,0.0,0.336,2026-03-18 13:19:42.488204,-23.60560417175293,-64.6944351196289,0.0019189834129065,Vehicle collision
participant_27,2.0,day,Town10HD_Opt,Solid line crossing,49.438,-11.549,2026-03-18 13:19:58.161154,-80.59142303466797,-65.85081481933594,0.0020283507183194,Solid line crossing
participant_27,3.0,day,Town10HD_Opt,Solid line crossing,17.444,13.472,2026-03-18 13:30:21.121004,-40.5620231628418,77.12310791015625,0.0019430541433393,Solid line crossing
participant_27,3.0,day,Town10HD_Opt,Solid line crossing,17.854,0.966,2026-03-18 13:30:30.115870,-18.259639739990234,69.73931121826172,0.0016290282364934,Solid line crossing
participant_27,3.0,day,Town10HD_Opt,Stop sign violation,31.886,-6.86,2026-03-18 13:30:46.369404,30.9062557220459,69.88153839111328,0.0016388320364058,stop_sign_id=754
participant_27,3.0,day,Town10HD_Opt,Solid line crossing,45.138,-4.11,2026-03-18 13:32:00.986200,-77.80867767333984,-68.11298370361328,0.0018400573171675,Solid line crossing
participant_27,3.0,day,Town10HD_Opt,Solid line crossing,9.873,-15.376,2026-03-18 13:32:39.696691,-98.0009536743164,24.09532356262207,0.0018248367123305,Solid line crossing
participant_27,3.0,day,Town10HD_Opt,Harsh braking,41.792,-1.248,2026-03-18 13:32:53.705636,1.7683336734771729,28.212158203125,0.0023685074411332,decel_mps2=7.9
participant_27,3.0,day,Town10HD_Opt,Red light violation,11.091,11.871,2026-03-18 13:33:06.082856,41.044960021972656,39.505149841308594,0.0018431472126394,Red light violation
participant_27,3.0,day,Town10HD_Opt,Solid line crossing,6.035,1.436,2026-03-18 13:33:12.088755,40.82654571533203,52.4849739074707,0.0016700744163244,Solid line crossing
participant_27,3.0,day,Town10HD_Opt,Solid line crossing,0.001,-4.207,2026-03-18 13:33:24.491371,87.80623626708984,70.435302734375,0.0024822996929287,Solid line crossing
participant_27,3.0,day,Town10HD_Opt,Solid line crossing,0.0,-0.061,2026-03-18 13:33:35.048290,87.80728149414062,70.4354019165039,0.0019190596649423,Solid line crossing
participant_27,3.0,day,Town10HD_Opt,Stop sign violation,0.69,-5.593,2026-03-18 13:33:48.515035,87.80961608886719,70.43556213378906,0.0019055937882512,stop_sign_id=1050
participant_27,3.0,day,Town10HD_Opt,Solid line crossing,36.746,9.88,2026-03-18 13:33:55.246143,100.21781158447266,95.8235855102539,0.0022355269175022,Solid line crossing
participant_27,3.0,day,Town10HD_Opt,Harsh braking,30.745,22.276,2026-03-18 13:34:03.920041,78.73045349121094,139.29815673828125,0.0020114898215979,decel_mps2=6.4
participant_27,3.0,day,Town10HD_Opt,Solid line crossing,45.102,-2.838,2026-03-18 13:34:09.061209,47.536014556884766,129.90138244628906,0.0018691634759306,Solid line crossing
participant_27,3.0,day,Town10HD_Opt,Vehicle-pedestrian collision,40.915,2.05,2026-03-18 13:34:10.377053,36.92130661010742,129.70431518554688,0.0023070906754583,Vehicle-pedestrian collision
participant_27,3.0,day,Town10HD_Opt,Solid line crossing,29.478,0.677,2026-03-18 13:34:20.727823,-20.70553398132324,130.10946655273438,0.0019022369524464,Solid line crossing
participant_27,3.0,day,Town10HD_Opt,Solid line crossing,33.387,-1.199,2026-03-18 13:34:31.157043,-42.22171401977539,81.26839447021484,0.0019488143734633,Solid line crossing
participant_27,3.0,day,Town10HD_Opt,Stop sign violation,35.005,-3.384,2026-03-18 13:34:51.117837,33.62132263183594,69.45217895507812,0.0016774367541074,stop_sign_id=900
participant_27,4.0,day,Town10HD_Opt,Solid line crossing,6.155,4.402,2026-03-18 13:45:35.886482,59.99991226196289,25.729433059692383,0.0019698331598192,Solid line crossing
participant_27,4.0,day,Town10HD_Opt,Stop sign violation,48.923,0.945,2026-03-18 13:46:50.006169,-67.31074523925781,-65.68545532226562,0.0020790097769349,stop_sign_id=1120
participant_27,4.0,day,Town10HD_Opt,Stop sign violation,0.0,-1.387,2026-03-18 13:47:09.795515,-110.26840209960938,-7.842800617218018,0.001919288537465,stop_sign_id=754
participant_27,4.0,day,Town10HD_Opt,Solid line crossing,21.192,-9.827,2026-03-18 13:47:30.945243,-94.34010314941406,25.54551124572754,0.0021214291919022,Solid line crossing
participant_27,4.0,day,Town10HD_Opt,Harsh braking,0.0,-0.912,2026-03-18 13:47:36.720423,-85.71751403808594,26.18885040283203,0.0019277953542768,decel_mps2=6.1
participant_27,4.0,day,Town10HD_Opt,Red light violation,8.139,-0.938,2026-03-18 13:47:43.734501,-85.16883850097656,26.207460403442383,0.0016267786268144,Red light violation
participant_27,4.0,day,Town10HD_Opt,Harsh braking,32.924,7.696,2026-03-18 13:48:25.835619,86.71637725830078,69.25138854980469,0.0019429781241342,decel_mps2=5.5
participant_27,4.0,day,Town10HD_Opt,Solid line crossing,41.473,0.62,2026-03-18 13:48:38.898894,24.67499542236328,131.83599853515625,0.0021453090012073,Solid line crossing
participant_27,4.0,day,Town10HD_Opt,Solid line crossing,38.698,0.049,2026-03-18 13:48:40.283834,17.641557693481445,131.80255126953125,0.0021320339292287,Solid line crossing
participant_27,4.0,day,Town10HD_Opt,Stop sign violation,47.513,5.408,2026-03-18 13:49:04.949408,-44.86920166015625,89.33814239501953,0.0021848671603947,stop_sign_id=1050
participant_27,4.0,day,Town10HD_Opt,Harsh braking,0.0,-0.305,2026-03-18 13:49:40.296601,81.69859313964844,25.33742332458496,0.0019304656889289,decel_mps2=5.5
participant_27,5.0,day,Town10HD_Opt,Solid line crossing,16.711,3.514,2026-03-18 14:00:33.593393,62.71493911743164,25.44536781311035,0.0019698715768754,Solid line crossing
participant_27,5.0,day,Town10HD_Opt,Solid line crossing,0.0,1.307,2026-03-18 14:00:40.246451,66.84580993652344,25.476762771606445,0.0019191741012036,Solid line crossing
participant_27,5.0,day,Town10HD_Opt,Harsh braking,0.0,-0.402,2026-03-18 14:02:03.760884,-17.132688522338867,-64.93910217285156,0.0019193649059161,decel_mps2=5.2
participant_27,5.0,day,Town10HD_Opt,Vehicle collision,49.916,1.941,2026-03-18 14:02:16.939472,-99.6962890625,-51.560882568359375,0.0020189667120575,Vehicle collision
participant_27,5.0,day,Town10HD_Opt,Solid line crossing,43.069,-10.07,2026-03-18 14:02:21.022984,-113.34886169433594,-15.178750991821287,0.0023625562898814,Solid line crossing
participant_27,5.0,day,Town10HD_Opt,Solid line crossing,0.0,-0.728,2026-03-18 14:02:30.342426,-113.01976013183594,-5.37881326675415,0.0019190978491678,Solid line crossing
participant_27,5.0,day,Town10HD_Opt,Solid line crossing,43.36,-9.964,2026-03-18 14:02:45.740504,-112.55281829833984,9.750043869018556,0.0017491149483248,Solid line crossing
participant_27,5.0,day,Town10HD_Opt,Harsh braking,2.949,-1.083,2026-03-18 14:02:59.343869,-70.62875366210938,24.25438117980957,0.0019474410219118,decel_mps2=7.3
participant_27,5.0,day,Town10HD_Opt,Stop sign violation,0.1,0.247,2026-03-18 14:03:10.347964,-68.71974182128906,24.285829544067383,0.0019200515234842,stop_sign_id=1050
participant_27,5.0,day,Town10HD_Opt,Solid line crossing,46.41,-0.2,2026-03-18 14:03:18.641993,-17.850149154663086,25.618581771850582,0.0021976470015943,Solid line crossing
participant_27,5.0,day,Town10HD_Opt,Stop sign violation,31.38,-6.903,2026-03-18 14:03:29.320044,42.069786071777344,58.77228927612305,0.0016626357100903,stop_sign_id=1120
participant_27,5.0,day,Town10HD_Opt,Solid line crossing,15.757,-1.032,2026-03-18 14:04:15.932249,26.702436447143555,69.8323974609375,0.0017721175681799,Solid line crossing
participant_27,6.0,day,Town10HD_Opt,Solid line crossing,33.839,-13.421,2026-03-18 14:15:22.515714,41.09604263305664,62.2112922668457,0.001977882348001,Solid line crossing
participant_27,6.0,day,Town10HD_Opt,Red light violation,34.087,21.405,2026-03-18 14:15:30.275103,49.47064208984375,29.534826278686523,0.0020236205309629,Red light violation
participant_27,6.0,day,Town10HD_Opt,Solid line crossing,0.0,0.348,2026-03-18 14:15:44.327575,77.37723541259766,24.63260269165039,0.0019198989029973,Solid line crossing
participant_27,6.0,day,Town10HD_Opt,Solid line crossing,20.303,-11.544,2026-03-18 14:15:51.773720,99.05630493164062,20.420684814453125,0.0022039413452148,Solid line crossing
participant_27,6.0,day,Town10HD_Opt,Solid line crossing,48.84,-0.935,2026-03-18 14:18:17.027037,-23.631568908691406,67.16395568847656,0.0021277235355228,Solid line crossing
participant_27,6.0,day,Town10HD_Opt,Solid line crossing,12.743,-1.417,2026-03-18 14:18:23.599090,16.581050872802734,69.7674331665039,0.0020622252486646,Solid line crossing
participant_27,6.0,day,Town10HD_Opt,Stop sign violation,34.797,-0.079,2026-03-18 14:19:25.669005,-48.69296646118164,-35.57815170288086,0.0020241546444594,stop_sign_id=1120
participant_27,6.0,day,Town10HD_Opt,Solid line crossing,34.761,0.0,2026-03-18 14:19:40.405388,-48.68672561645508,42.46702575683594,0.0019531631842255,Solid line crossing
participant_27,6.0,day,Town10HD_Opt,Stop sign violation,32.783,-0.05,2026-03-18 14:19:45.571773,-52.03634643554688,84.65409088134766,0.0020824051462113,stop_sign_id=1300
participant_27,7.0,day,Town10HD_Opt,Collision,24.215,-0.294,2026-03-18 14:30:35.683322,9.235209465026855,70.32595825195312,0.0017890548333525,Collision
participant_27,7.0,day,Town10HD_Opt,Stop sign violation,31.059,-0.418,2026-03-18 14:31:45.065018,30.689287185668945,-67.84234619140625,0.0022448729723691,stop_sign_id=1200
participant_27,7.0,day,Town10HD_Opt,Solid line crossing,28.565,0.59,2026-03-18 14:31:51.913739,-5.714474201202393,-67.81982421875,0.0021805572323501,Solid line crossing
participant_27,7.0,day,Town10HD_Opt,Stop sign violation,11.826,-11.192,2026-03-18 14:32:38.721668,-101.07774353027344,22.8408317565918,0.0020368956029415,stop_sign_id=754
participant_27,7.0,day,Town10HD_Opt,Solid line crossing,34.746,-29.08,2026-03-18 14:32:45.826554,-66.98606872558594,31.652000427246094,0.0498697273433208,Solid line crossing
participant_27,7.0,day,Town10HD_Opt,Harsh braking,22.294,5.813,2026-03-18 14:32:56.500755,14.64593505859375,27.14065933227539,0.0022732161451131,decel_mps2=6.4
participant_27,7.0,day,Town10HD_Opt,Harsh braking,17.599,5.46,2026-03-18 14:33:07.941394,41.16628646850586,46.5814208984375,0.0019178390502929,decel_mps2=5.2
participant_27,7.0,day,Town10HD_Opt,Harsh braking,21.102,-20.874,2026-03-18 14:33:17.577645,48.32735061645508,70.08396911621094,0.001971130259335,decel_mps2=6.1
participant_27,7.0,day,Town10HD_Opt,Solid line crossing,40.942,-8.494,2026-03-18 14:33:54.309138,99.4058609008789,86.43074798583984,0.0017314910655841,Solid line crossing
participant_27,7.0,day,Town10HD_Opt,Harsh braking,39.74,-2.621,2026-03-18 14:34:07.710234,54.88518905639648,130.60064697265625,0.0018570327665656,decel_mps2=5.2
participant_27,7.0,day,Town10HD_Opt,Solid line crossing,31.313,0.78,2026-03-18 14:34:20.340526,-14.204190254211426,130.2017364501953,0.0023773193825036,Solid line crossing
participant_27,7.0,day,Town10HD_Opt,Solid line crossing,23.262,10.684,2026-03-18 14:34:34.510401,-31.31104850769043,70.83037567138672,0.0021170806139707,Solid line crossing
participant_27,7.0,day,Town10HD_Opt,Solid line crossing,31.823,-0.219,2026-03-18 14:34:38.086296,-4.030606746673584,69.6895980834961,0.0022883606143295,Solid line crossing
participant_27,7.0,day,Town10HD_Opt,Solid line crossing,27.645,-25.597,2026-03-18 14:34:53.562011,46.62691116333008,63.50399398803711,0.0024324797559529,Solid line crossing
participant_27,8.0,day,Town10HD_Opt,Solid line crossing,0.0,0.0,2026-03-18 14:45:16.159716,-41.668582916259766,89.7454833984375,0.0018127440707758,Solid line crossing
participant_27,8.0,day,Town10HD_Opt,Solid line crossing,0.0,0.0,2026-03-18 14:45:34.412127,-41.668582916259766,89.7454833984375,0.0018127440707758,Solid line crossing
participant_27,8.0,day,Town10HD_Opt,Vehicle-pedestrian collision,0.0,0.0,2026-03-18 14:45:43.379359,-41.668582916259766,89.7454833984375,0.0018127440707758,Vehicle-pedestrian collision
participant_27,8.0,day,Town10HD_Opt,Red light violation,0.0,0.0,2026-03-18 14:46:30.552598,-41.668582916259766,89.7454833984375,0.0018127440707758,Red light violation
participant_27,8.0,day,Town10HD_Opt,Harsh braking,0.0,0.0,2026-03-18 14:46:49.194021,-41.668582916259766,89.7454833984375,0.0018127440707758,decel_mps2=5.7
participant_27,8.0,day,Town10HD_Opt,Harsh braking,0.0,0.0,2026-03-18 14:46:56.979606,-41.668582916259766,89.7454833984375,0.0018127440707758,decel_mps2=6.7
participant_27,8.0,day,Town10HD_Opt,Red light violation,0.0,0.0,2026-03-18 14:47:07.412646,-41.668582916259766,89.7454833984375,0.0018127440707758,Red light violation
participant_27,8.0,day,Town10HD_Opt,Solid line crossing,20.055,0.026,2026-03-18 14:47:19.275575,-41.66858673095703,89.7454833984375,0.5804919004440308,Solid line crossing
participant_27,8.0,day,Town10HD_Opt,Solid line crossing,20.055,0.026,2026-03-18 14:48:06.225834,-41.66858673095703,89.7454833984375,0.5804919004440308,Solid line crossing
participant_27,8.0,day,Town10HD_Opt,Harsh braking,20.055,0.026,2026-03-18 14:48:25.916804,-41.66858673095703,89.7454833984375,0.5804919004440308,decel_mps2=5.5
participant_27,8.0,day,Town10HD_Opt,Stop sign violation,20.055,0.026,2026-03-18 14:48:35.834789,-41.66858673095703,89.7454833984375,0.5804919004440308,stop_sign_id=833
participant_27,8.0,day,Town10HD_Opt,Solid line crossing,20.055,0.026,2026-03-18 14:48:49.824151,-41.66858673095703,89.7454833984375,0.5804919004440308,Solid line crossing
participant_27,8.0,day,Town10HD_Opt,Solid line crossing,20.055,0.026,2026-03-18 14:49:02.766240,-41.66858673095703,89.7454833984375,0.5804919004440308,Solid line crossing
participant_27,8.0,day,Town10HD_Opt,Vehicle collision,43.326,-0.637,2026-03-18 14:49:17.549900,-6.039551734924316,70.06848907470703,0.0019911574199795,Vehicle collision
participant_27,8.0,day,Town10HD_Opt,Solid line crossing,35.239,-9.595,2026-03-18 14:49:21.992605,31.55178451538086,70.23368835449219,0.002187309321016,Solid line crossing
participant_27,8.0,day,Town10HD_Opt,Solid line crossing,48.784,-1.516,2026-03-18 14:50:14.462524,58.33048629760742,-65.9096450805664,0.0020796584431082,Solid line crossing
participant_27,8.0,day,Town10HD_Opt,Solid line crossing,0.0,-0.254,2026-03-18 14:51:20.294671,-111.10130310058594,-7.754228115081787,0.0019197082147002,Solid line crossing
participant_27,8.0,day,Town10HD_Opt,Solid line crossing,0.0,-0.021,2026-03-18 14:51:36.090009,-111.10130310058594,-7.754228115081787,0.0019197082147002,Solid line crossing
participant_27,8.0,day,Town10HD_Opt,Vehicle collision,34.013,0.646,2026-03-18 14:51:45.861334,-82.20001983642578,26.340660095214844,0.0023877334315329,Vehicle collision
participant_27,8.0,day,Town10HD_Opt,Solid line crossing,0.0,1.293,2026-03-18 14:51:53.192432,-67.40583801269531,26.164337158203125,0.0019196319626644,Solid line crossing
participant_27,8.0,day,Town10HD_Opt,Stop sign violation,48.873,0.256,2026-03-18 14:52:06.550111,2.7631053924560547,26.773168563842773,0.0018712615128606,stop_sign_id=1120
participant_27,8.0,day,Town10HD_Opt,Solid line crossing,35.5,15.307,2026-03-18 14:52:27.770341,89.12130737304688,71.1683120727539,0.0019160461379215,Solid line crossing
participant_27,8.0,day,Town10HD_Opt,Solid line crossing,46.288,-7.446,2026-03-18 14:53:49.010124,92.47600555419922,24.156524658203125,0.0022429274395108,Solid line crossing
participant_27,9.0,day,Town10HD_Opt,Stop sign violation,24.215,-0.294,2026-03-18 15:00:36.461000,9.235209465026855,70.32595825195312,0.0017890548333525,stop_sign_id=1062
participant_27,9.0,day,Town10HD_Opt,Solid line crossing,0.01,-0.263,2026-03-18 15:00:43.070802,24.02345466613769,70.28388214111328,0.0019189452286809,Solid line crossing
participant_28,1.0,day,Town10HD_Opt,Solid line crossing,36.553,-2.193,2026-03-18 15:01:35.763044,-110.51549530029295,-17.91778564453125,0.0024005889426916,Solid line crossing
participant_28,1.0,day,Town10HD_Opt,Stop sign violation,41.046,-2.847,2026-03-18 15:01:40.205123,-110.56499481201172,4.383416175842285,0.0020372772123664,stop_sign_id=1200
participant_28,1.0,day,Town10HD_Opt,Stop sign violation,29.821,-5.664,2026-03-18 15:01:48.524864,-91.76890563964844,24.471498489379883,0.0019270324846729,stop_sign_id=833
participant_28,1.0,day,Town10HD_Opt,Vehicle collision,2.497,-1.516,2026-03-18 15:01:55.829920,-71.79670715332031,25.59749984741211,0.0019429778913035,Vehicle collision
participant_27,9.0,day,Town10HD_Opt,Stop sign violation,30.243,-3.723,2026-03-18 15:02:07.434867,-110.66095733642578,-37.14831161499024,0.0020463562104851,stop_sign_id=946
participant_28,1.0,day,Town10HD_Opt,Solid line crossing,2.708,0.63,2026-03-18 15:02:10.060293,-68.96293640136719,25.5245361328125,0.0019186401041224,Solid line crossing
participant_27,9.0,day,Town10HD_Opt,Solid line crossing,0.006,-1.22,2026-03-18 15:02:21.165565,-110.66973114013672,-5.873777389526367,0.0019187545403838,Solid line crossing
participant_28,1.0,day,Town10HD_Opt,Stop sign violation,36.051,0.696,2026-03-18 15:02:22.468752,-43.86696243286133,24.73893928527832,0.0020674895495176,stop_sign_id=1200
participant_28,1.0,day,Town10HD_Opt,Stop sign violation,13.475,15.078,2026-03-18 15:02:39.180446,35.48879623413086,29.95459175109864,0.0016964721726253,stop_sign_id=678
participant_28,1.0,day,Town10HD_Opt,Solid line crossing,15.182,-7.603,2026-03-18 15:02:51.785874,79.22172546386719,70.57278442382812,0.0018358611268922,Solid line crossing
participant_27,9.0,day,Town10HD_Opt,Solid line crossing,50.85,0.268,2026-03-18 15:02:53.585859,-6.537242412567139,28.42057037353516,0.0019652938935905,Solid line crossing
participant_27,9.0,day,Town10HD_Opt,Solid line crossing,17.875,2.758,2026-03-18 15:02:59.237401,27.834672927856445,28.0388412475586,0.0022108077537268,Solid line crossing
participant_28,1.0,day,Town10HD_Opt,Stop sign violation,48.158,8.78,2026-03-18 15:03:02.687585,97.28965759277344,109.16846466064452,0.0021633910946547,stop_sign_id=1300
participant_27,9.0,day,Town10HD_Opt,Solid line crossing,14.61,13.86,2026-03-18 15:03:04.352739,39.415000915527344,35.24270248413086,0.0020465468987822,Solid line crossing
participant_28,1.0,day,Town10HD_Opt,Solid line crossing,48.788,0.752,2026-03-18 15:03:08.454922,47.06338882446289,131.590087890625,0.0021026611793786,Solid line crossing
participant_27,9.0,day,Town10HD_Opt,Stop sign violation,23.48,-4.195,2026-03-18 15:03:13.663987,40.77346420288086,55.87125015258789,0.0017332839779555,stop_sign_id=900
participant_28,1.0,day,Town10HD_Opt,Solid line crossing,31.962,1.998,2026-03-18 15:03:21.496669,-41.29063034057617,119.9204330444336,0.0020650101359933,Solid line crossing
participant_28,1.0,day,Town10HD_Opt,Solid line crossing,42.909,18.362,2026-03-18 15:03:28.062450,-43.31591033935547,77.727783203125,0.0020006180275231,Solid line crossing
participant_28,1.0,day,Town10HD_Opt,Solid line crossing,35.938,-10.831,2026-03-18 15:03:42.187166,43.48964309692383,57.06698226928711,0.0020117568783462,Solid line crossing
participant_28,1.0,day,Town10HD_Opt,Vehicle-pedestrian collision,9.097,5.832,2026-03-18 15:03:49.949697,62.72360229492188,23.911434173583984,0.0322401784360408,Vehicle-pedestrian collision
participant_27,9.0,day,Town10HD_Opt,Solid line crossing,26.069,-3.144,2026-03-18 15:04:00.853799,90.74991607666016,128.885498046875,0.0020412825979292,Solid line crossing
participant_28,1.0,day,Town10HD_Opt,Solid line crossing,0.001,-1.011,2026-03-18 15:04:02.166464,76.47274017333984,24.88956642150879,0.0022935103625059,Solid line crossing
participant_27,9.0,day,Town10HD_Opt,Solid line crossing,16.582,-3.339,2026-03-18 15:04:13.149733,20.83152961730957,129.18731689453125,0.0019599150400608,Solid line crossing
participant_28,1.0,day,Town10HD_Opt,Stop sign violation,49.83,-1.812,2026-03-18 15:04:16.299157,107.00772094726562,-9.722834587097168,0.0020125959999859,stop_sign_id=1200
participant_27,9.0,day,Town10HD_Opt,Solid line crossing,33.133,7.19,2026-03-18 15:04:22.008502,-28.603561401367188,129.74954223632812,0.0021826170850545,Solid line crossing
participant_28,1.0,day,Town10HD_Opt,Solid line crossing,46.837,0.32,2026-03-18 15:04:26.736369,39.52866363525391,-64.39629364013672,0.0020920180249959,Solid line crossing
participant_27,10.0,day,Town10HD_Opt,Stop sign violation,15.759,-1.189,2026-03-18 15:15:18.839399,-11.635316848754885,70.20758819580078,0.0018915557302534,stop_sign_id=754
participant_27,10.0,day,Town10HD_Opt,Solid line crossing,0.005,0.143,2026-03-18 15:15:33.636573,25.778697967529297,70.18305206298828,0.0019221495604142,Solid line crossing
participant_27,10.0,day,Town10HD_Opt,Harsh braking,19.732,-11.245,2026-03-18 15:15:40.874781,41.14941787719727,63.212547302246094,0.0020631407387554,decel_mps2=5.5
participant_28,2.0,day,Town10HD_Opt,Solid line crossing,11.647,-14.938,2026-03-18 15:15:49.071488,40.415138244628906,64.34837341308594,0.0016253279754891,Solid line crossing
participant_28,2.0,day,Town10HD_Opt,Solid line crossing,15.895,-14.678,2026-03-18 15:15:50.246022,41.7842025756836,62.38373565673828,0.0020659638103097,Solid line crossing
participant_27,10.0,day,Town10HD_Opt,Vehicle-pedestrian collision,22.334,15.921,2026-03-18 15:15:51.976739,47.29093551635742,31.321983337402344,0.0020005798432976,Vehicle-pedestrian collision
participant_27,10.0,day,Town10HD_Opt,Stop sign violation,43.554,-4.176,2026-03-18 15:16:04.016837,92.04856872558594,24.13783836364746,0.0020584869198501,stop_sign_id=1120
participant_27,10.0,day,Town10HD_Opt,Stop sign violation,43.554,-4.176,2026-03-18 15:16:04.663640,92.04856872558594,24.13783836364746,0.0020584869198501,stop_sign_id=678
participant_27,10.0,day,Town10HD_Opt,Solid line crossing,50.551,-4.001,2026-03-18 15:16:15.362952,105.79447174072266,-36.613887786865234,0.001851882901974,Solid line crossing
participant_27,10.0,day,Town10HD_Opt,Collision,40.426,0.999,2026-03-18 15:16:33.710772,-8.178996086120605,-67.18917083740234,0.0022639846429228,Collision
participant_28,2.0,day,Town10HD_Opt,Solid line crossing,18.125,1.796,2026-03-18 15:16:50.828274,107.32737731933594,-1.3954167366027832,0.002120018005371,Solid line crossing
participant_28,2.0,day,Town10HD_Opt,Vehicle-pedestrian collision,27.724,-4.006,2026-03-18 15:17:06.716968,96.45205688476562,-54.63285827636719,0.0020028303842991,Vehicle-pedestrian collision
participant_28,2.0,day,Town10HD_Opt,Solid line crossing,22.617,0.653,2026-03-18 15:17:19.380380,48.40724182128906,-67.95392608642578,0.0019730376079678,Solid line crossing
participant_28,2.0,day,Town10HD_Opt,Collision,18.306,3.518,2026-03-18 15:17:26.883821,20.43098258972168,-66.6258544921875,0.0021117019932717,Collision
participant_28,2.0,day,Town10HD_Opt,Vehicle-pedestrian collision,2.428,-0.195,2026-03-18 15:17:49.803742,-22.55983161926269,-68.1631851196289,0.001919784466736,Vehicle-pedestrian collision
participant_28,2.0,day,Town10HD_Opt,Solid line crossing,0.001,-0.627,2026-03-18 15:17:56.634194,-22.8475341796875,-68.17276000976562,0.0019188689766451,Solid line crossing
participant_28,2.0,day,Town10HD_Opt,Solid line crossing,25.999,-2.24,2026-03-18 15:18:14.784801,-88.87395477294922,-64.76779174804688,0.0020315169822424,Solid line crossing
participant_28,2.0,day,Town10HD_Opt,Vehicle collision,19.296,-4.714,2026-03-18 15:18:22.110231,-106.66937255859376,-47.86223602294922,0.0020197294652462,Vehicle collision
participant_28,2.0,day,Town10HD_Opt,Solid line crossing,0.132,0.975,2026-03-18 15:18:33.839736,-110.8084716796875,-18.148832321166992,0.0019150542793795,Solid line crossing
participant_27,10.0,day,Town10HD_Opt,Solid line crossing,23.137,7.197,2026-03-18 15:18:43.663061,40.70613479614258,41.92875289916992,0.0023204039316624,Solid line crossing
participant_27,10.0,day,Town10HD_Opt,Solid line crossing,49.331,1.13,2026-03-18 15:19:08.185766,81.97602081298828,70.1092758178711,0.0020910261664539,Solid line crossing
participant_28,3.0,day,Town10HD_Opt,Solid line crossing,41.456,-4.707,2026-03-18 15:31:48.754795,97.18354034423828,-52.41421890258789,0.0020238875877112,Solid line crossing
participant_28,3.0,day,Town10HD_Opt,Stop sign violation,14.612,-0.609,2026-03-18 15:32:04.784327,-0.4807808101177215,-67.51737976074219,0.0020409391727298,stop_sign_id=1062
participant_28,3.0,day,Town10HD_Opt,Solid line crossing,22.957,0.423,2026-03-18 15:32:27.692438,-109.36309051513672,-23.15206718444824,0.0022732161451131,Solid line crossing
participant_28,3.0,day,Town10HD_Opt,Solid line crossing,1.062,-0.933,2026-03-18 15:32:41.431138,-110.07830047607422,-5.988096714019775,0.0019294738303869,Solid line crossing
participant_28,3.0,day,Town10HD_Opt,Solid line crossing,28.133,-10.942,2026-03-18 15:32:56.410963,-101.3384780883789,22.53884696960449,0.0019829559605568,Solid line crossing
participant_28,3.0,day,Town10HD_Opt,Stop sign violation,0.051,0.099,2026-03-18 15:33:12.668889,-69.1827392578125,28.22386741638184,0.0019194411579519,stop_sign_id=946
participant_28,3.0,day,Town10HD_Opt,Solid line crossing,10.843,0.667,2026-03-18 15:33:19.806198,-68.61638641357422,28.229049682617188,0.0014622878516092,Solid line crossing
participant_28,3.0,day,Town10HD_Opt,Solid line crossing,33.439,-0.176,2026-03-18 15:33:29.886044,11.813904762268066,28.25959205627441,0.0021237563341856,Solid line crossing
participant_28,3.0,day,Town10HD_Opt,Vehicle collision,17.793,1.114,2026-03-18 15:33:33.167400,25.64852523803711,28.252647399902344,0.0018394851358607,Vehicle collision
participant_28,3.0,day,Town10HD_Opt,Solid line crossing,0.018,-0.056,2026-03-18 15:33:45.934421,40.49516677856445,52.10049819946289,0.0019472503336146,Solid line crossing
participant_28,3.0,day,Town10HD_Opt,Solid line crossing,19.908,0.317,2026-03-18 15:33:57.077446,70.54042053222656,69.93769073486328,0.0022112273145467,Solid line crossing
participant_28,3.0,day,Town10HD_Opt,Solid line crossing,2.388,0.493,2026-03-18 15:34:03.853035,83.41360473632812,69.771728515625,0.0019421004690229,Solid line crossing
participant_28,3.0,day,Town10HD_Opt,Solid line crossing,15.893,2.845,2026-03-18 15:34:17.254720,100.3291015625,93.78498840332033,0.0019307708134874,Solid line crossing
participant_28,3.0,day,Town10HD_Opt,Solid line crossing,49.23,5.713,2026-03-18 15:34:24.977118,67.97248077392578,131.30140686035156,0.0020767974201589,Solid line crossing
participant_28,3.0,day,Town10HD_Opt,Solid line crossing,27.13,0.938,2026-03-18 15:34:34.806957,-1.2096620798110962,130.73887634277344,0.0018972395919263,Solid line crossing
participant_28,3.0,day,Town10HD_Opt,Harsh braking,26.952,20.524,2026-03-18 15:34:55.364977,-39.42841339111328,86.33360290527344,-0.0489210113883018,decel_mps2=6.1
participant_28,4.0,day,Town10HD_Opt,Red light violation,0.0,0.0,2026-03-18 15:45:14.024178,-41.668582916259766,89.7454833984375,0.0018127440707758,Red light violation
participant_28,4.0,day,Town10HD_Opt,Solid line crossing,0.0,0.0,2026-03-18 15:45:23.716372,-41.668582916259766,89.7454833984375,0.0018127440707758,Solid line crossing
participant_28,4.0,day,Town10HD_Opt,Stop sign violation,0.0,0.0,2026-03-18 15:45:36.571097,-41.668582916259766,89.7454833984375,0.0018127440707758,stop_sign_id=678
participant_28,4.0,day,Town10HD_Opt,Solid line crossing,0.0,0.0,2026-03-18 15:45:51.605033,-41.668582916259766,89.7454833984375,0.0018127440707758,Solid line crossing
participant_28,4.0,day,Town10HD_Opt,Solid line crossing,0.0,0.0,2026-03-18 15:46:13.939626,-41.668582916259766,89.7454833984375,0.0018127440707758,Solid line crossing
participant_28,4.0,day,Town10HD_Opt,Solid line crossing,0.0,0.0,2026-03-18 15:47:04.514315,-41.668582916259766,89.7454833984375,0.0018127440707758,Solid line crossing
participant_28,4.0,day,Town10HD_Opt,Stop sign violation,20.055,0.026,2026-03-18 15:47:27.412522,-41.66858673095703,89.7454833984375,0.5804919004440308,stop_sign_id=1300
participant_28,4.0,day,Town10HD_Opt,Stop sign violation,20.055,0.026,2026-03-18 15:47:33.310065,-41.66858673095703,89.7454833984375,0.5804919004440308,stop_sign_id=1300
participant_28,4.0,day,Town10HD_Opt,Stop sign violation,20.055,0.026,2026-03-18 15:48:18.455941,-41.66858673095703,89.7454833984375,0.5804919004440308,stop_sign_id=678
participant_28,4.0,day,Town10HD_Opt,Harsh braking,20.055,0.026,2026-03-18 15:48:32.786137,-41.66858673095703,89.7454833984375,0.5804919004440308,decel_mps2=6.4
participant_28,4.0,day,Town10HD_Opt,Solid line crossing,20.055,0.026,2026-03-18 15:48:38.962352,-41.66858673095703,89.7454833984375,0.5804919004440308,Solid line crossing
participant_28,4.0,day,Town10HD_Opt,Solid line crossing,20.055,0.026,2026-03-18 15:49:03.624008,-41.66858673095703,89.7454833984375,0.5804919004440308,Solid line crossing
participant_28,4.0,day,Town10HD_Opt,Stop sign violation,45.605,2.097,2026-03-18 15:49:19.674852,17.358776092529297,70.62250518798828,0.0020299910102039,stop_sign_id=1050
participant_28,4.0,day,Town10HD_Opt,Solid line crossing,32.083,3.33,2026-03-18 15:49:28.952466,44.08182144165039,41.0302734375,0.0016926955431699,Solid line crossing
participant_28,4.0,day,Town10HD_Opt,Solid line crossing,0.0,1.518,2026-03-18 15:49:42.469309,79.69007873535156,27.480531692504883,0.0019197463989257,Solid line crossing
participant_28,4.0,day,Town10HD_Opt,Solid line crossing,0.025,1.239,2026-03-18 15:49:48.275253,79.6901626586914,27.48052978515625,0.001918678288348,Solid line crossing
participant_28,4.0,day,Town10HD_Opt,Solid line crossing,26.879,-0.132,2026-03-18 15:50:21.492312,-0.2765546441078186,-65.92723083496094,0.0022937774192541,Solid line crossing
participant_28,4.0,day,Town10HD_Opt,Solid line crossing,5.085,0.672,2026-03-18 15:50:33.589549,-19.949499130249023,-65.95653533935547,0.0019668578170239,Solid line crossing
participant_28,4.0,day,Town10HD_Opt,Stop sign violation,0.0,-0.679,2026-03-18 15:50:45.204382,-23.44513320922852,-66.0710220336914,0.001964149530977,stop_sign_id=1050
participant_28,4.0,day,Town10HD_Opt,Collision,48.591,-5.787,2026-03-18 15:51:04.736355,-90.48140716552734,-60.46189880371094,0.0021832275670021,Collision
participant_28,4.0,day,Town10HD_Opt,Solid line crossing,0.001,-0.08,2026-03-18 15:51:14.944016,-111.10130310058594,-7.754528522491455,0.0021817015949636,Solid line crossing
participant_28,4.0,day,Town10HD_Opt,Vehicle collision,0.122,1.278,2026-03-18 15:51:56.652752,-67.40618133544922,26.164325714111328,0.001919784466736,Vehicle collision
participant_28,4.0,day,Town10HD_Opt,Vehicle-pedestrian collision,50.514,-0.421,2026-03-18 15:52:37.640762,56.17546844482422,131.53598022460938,0.0019615935161709,Vehicle-pedestrian collision
participant_28,4.0,day,Town10HD_Opt,Solid line crossing,34.536,-0.388,2026-03-18 15:53:00.288552,-43.188236236572266,97.48162078857422,0.0023542784620076,Solid line crossing
participant_28,4.0,day,Town10HD_Opt,Solid line crossing,35.263,15.773,2026-03-18 15:53:06.450713,-35.15763092041016,70.58657836914062,0.0021488952916115,Solid line crossing
participant_28,4.0,day,Town10HD_Opt,Solid line crossing,32.362,-0.362,2026-03-18 15:53:09.629090,-7.195286273956299,69.90087127685547,0.0022837065625935,Solid line crossing
participant_28,4.0,day,Town10HD_Opt,Stop sign violation,0.001,-1.17,2026-03-18 15:53:20.031479,22.3875675201416,70.02324676513672,0.0022470473777502,stop_sign_id=946
participant_28,5.0,day,Town10HD_Opt,Red light violation,32.635,-2.17,2026-03-18 16:01:20.504007,78.78280639648438,-64.23639678955078,0.0022906111553311,Red light violation
participant_28,5.0,day,Town10HD_Opt,Solid line crossing,39.494,0.421,2026-03-18 16:01:25.102441,55.711795806884766,-67.61988067626953,0.0017037200741469,Solid line crossing
participant_28,5.0,day,Town10HD_Opt,Stop sign violation,26.623,-5.049,2026-03-18 16:01:54.364441,-104.54077911376952,-47.79914093017578,0.0021468352060765,stop_sign_id=946
participant_28,5.0,day,Town10HD_Opt,Vehicle-pedestrian collision,0.001,1.17,2026-03-18 16:02:04.510910,-110.50615692138672,-14.65910530090332,0.0019192122854292,Vehicle-pedestrian collision
participant_28,5.0,day,Town10HD_Opt,Harsh braking,0.001,1.269,2026-03-18 16:02:14.253982,-110.50615692138672,-14.659106254577637,0.001919021597132,decel_mps2=7.9
participant_28,5.0,day,Town10HD_Opt,Stop sign violation,0.0,-0.968,2026-03-18 16:02:44.089816,-111.50493621826172,-3.886516332626343,0.0019189071608707,stop_sign_id=678
participant_28,5.0,day,Town10HD_Opt,Solid line crossing,12.43,-0.7,2026-03-18 16:02:52.001685,-111.57750701904295,-2.9459645748138428,0.001509323134087,Solid line crossing
participant_28,5.0,day,Town10HD_Opt,Solid line crossing,0.009,0.646,2026-03-18 16:03:12.546504,-68.85914611816406,28.15219116210937,0.0019186019198969,Solid line crossing
participant_28,5.0,day,Town10HD_Opt,Solid line crossing,39.613,0.063,2026-03-18 16:03:32.260328,-23.01993751525879,28.39207649230957,0.0021043014712631,Solid line crossing
participant_28,5.0,day,Town10HD_Opt,Solid line crossing,27.245,3.74,2026-03-18 16:04:19.316722,85.2308349609375,122.74567413330078,0.0022033690474927,Solid line crossing
participant_28,5.0,day,Town10HD_Opt,Solid line crossing,19.505,-0.585,2026-03-18 16:04:33.196827,-18.12406349182129,131.32997131347656,0.0023089598398655,Solid line crossing
participant_28,5.0,day,Town10HD_Opt,Stop sign violation,0.007,0.143,2026-03-18 16:04:42.907426,-23.72944450378418,130.8881378173828,0.0019188689766451,stop_sign_id=678
participant_28,6.0,day,Town10HD_Opt,Solid line crossing,24.453,-6.782,2026-03-18 16:15:23.566416,44.22084426879883,55.16961288452149,0.0021498871501535,Solid line crossing
participant_28,6.0,day,Town10HD_Opt,Solid line crossing,31.546,-11.151,2026-03-18 16:16:41.060335,-109.92667388916016,10.723594665527344,0.0026521300897002,Solid line crossing
participant_28,6.0,day,Town10HD_Opt,Vehicle-pedestrian collision,4.631,-0.496,2026-03-18 16:16:53.843487,-73.22673034667969,25.60735321044922,0.001963157672435,Vehicle-pedestrian collision
participant_28,6.0,day,Town10HD_Opt,Solid line crossing,1.124,-0.188,2026-03-18 16:17:13.558586,-67.89955139160156,25.50805854797364,0.0019297408871352,Solid line crossing
participant_28,6.0,day,Town10HD_Opt,Solid line crossing,30.989,0.987,2026-03-18 16:17:24.708857,-24.31540870666504,25.30219459533692,0.0019864654168486,Solid line crossing
participant_28,6.0,day,Town10HD_Opt,Solid line crossing,22.48,-1.163,2026-03-18 16:17:42.710981,40.493896484375,50.104251861572266,0.0022901534102857,Solid line crossing
participant_28,6.0,day,Town10HD_Opt,Vehicle-pedestrian collision,13.596,-0.146,2026-03-18 16:17:51.318389,76.79718780517578,70.6414566040039,0.002045287983492,Vehicle-pedestrian collision
participant_28,6.0,day,Town10HD_Opt,Harsh braking,44.551,-1.095,2026-03-18 16:18:05.413329,76.80180358886719,125.58712768554688,0.0020458220969885,decel_mps2=6.1
participant_28,6.0,day,Town10HD_Opt,Vehicle collision,18.908,-0.83,2026-03-18 16:18:16.381750,-13.105266571044922,132.12826538085938,0.0022406387142837,Vehicle collision
participant_28,6.0,day,Town10HD_Opt,Vehicle-pedestrian collision,24.326,-0.108,2026-03-18 16:18:25.437794,-43.42363357543945,98.03591918945312,0.0020043945405632,Vehicle-pedestrian collision
participant_28,6.0,day,Town10HD_Opt,Stop sign violation,27.057,-8.89,2026-03-18 16:18:39.185992,29.307247161865234,69.74711608886719,0.0021202850621193,stop_sign_id=1300
participant_28,6.0,day,Town10HD_Opt,Harsh braking,18.213,6.886,2026-03-18 16:18:44.738163,44.02130126953125,41.26763916015625,0.0020495222415775,decel_mps2=5.2
participant_28,6.0,day,Town10HD_Opt,Solid line crossing,1.117,-17.798,2026-03-18 16:18:53.138702,62.9869270324707,23.97999763488769,0.0352937318384647,Solid line crossing
participant_28,6.0,day,Town10HD_Opt,Solid line crossing,0.001,-1.011,2026-03-18 16:19:02.308984,76.47274017333984,24.88956642150879,0.0022935103625059,Solid line crossing
participant_28,6.0,day,Town10HD_Opt,Solid line crossing,44.491,-15.277,2026-03-18 16:19:18.250010,105.63640594482422,-32.509281158447266,0.0022840881720185,Solid line crossing
participant_28,6.0,day,Town10HD_Opt,Solid line crossing,48.11,-1.485,2026-03-18 16:19:25.837447,47.87268829345703,-64.5348129272461,0.0020747375674545,Solid line crossing
participant_28,7.0,day,Town10HD_Opt,Solid line crossing,3.875,5.387,2026-03-18 16:30:55.254827,63.90489196777344,25.280092239379883,0.0019563292153179,Solid line crossing
participant_28,7.0,day,Town10HD_Opt,Solid line crossing,38.71,-11.887,2026-03-18 16:31:09.764733,100.5918960571289,25.40351104736328,0.0024244308006018,Solid line crossing
participant_28,7.0,day,Town10HD_Opt,Solid line crossing,37.37,-5.744,2026-03-18 16:31:21.041018,89.97241973876953,-56.33723831176758,0.0018958281725645,Solid line crossing
participant_28,7.0,day,Town10HD_Opt,Solid line crossing,3.909,-1.361,2026-03-18 16:31:43.760171,-15.57997989654541,-66.69991302490234,0.0019707106985151,Solid line crossing
participant_28,7.0,day,Town10HD_Opt,Stop sign violation,34.307,-6.96,2026-03-18 16:31:51.022056,-80.94226837158203,-64.28895568847656,0.0023695754352957,stop_sign_id=900
participant_28,7.0,day,Town10HD_Opt,Solid line crossing,12.733,1.095,2026-03-18 16:32:04.260226,-110.5814437866211,-14.87165355682373,0.0020390700083225,Solid line crossing
participant_28,7.0,day,Town10HD_Opt,Stop sign violation,0.448,-0.785,2026-03-18 16:32:16.054231,-110.82098388671876,-6.633889198303223,0.0019233702914789,stop_sign_id=1050
participant_28,7.0,day,Town10HD_Opt,Stop sign violation,0.286,0.094,2026-03-18 16:32:41.911404,-70.8147964477539,27.89716911315918,0.0019438933813944,stop_sign_id=900
participant_28,7.0,day,Town10HD_Opt,Stop sign violation,14.324,-0.031,2026-03-18 16:32:56.329990,-10.148822784423828,28.843706130981445,0.0020412825979292,stop_sign_id=1200
participant_28,7.0,day,Town10HD_Opt,Solid line crossing,27.33,-0.317,2026-03-18 16:33:02.662985,17.503185272216797,28.58381462097168,0.0021321487147361,Solid line crossing
participant_28,7.0,day,Town10HD_Opt,Solid line crossing,12.836,6.135,2026-03-18 16:33:05.167039,28.39085960388184,28.90553092956543,0.0019703672733157,Solid line crossing
participant_28,7.0,day,Town10HD_Opt,Stop sign violation,18.48,7.475,2026-03-18 16:33:06.321532,31.055912017822266,29.3975772857666,0.0018342208350077,stop_sign_id=1300
participant_28,7.0,day,Town10HD_Opt,Harsh braking,20.566,-5.016,2026-03-18 16:33:20.764037,40.7592887878418,58.23432922363281,0.0019176101777702,decel_mps2=8.1
participant_28,7.0,day,Town10HD_Opt,Stop sign violation,20.208,5.063,2026-03-18 16:33:26.973256,56.34078979492188,70.12506866455078,0.0019845580682158,stop_sign_id=678
participant_28,7.0,day,Town10HD_Opt,Harsh braking,9.165,3.337,2026-03-18 16:34:15.452310,-41.72593688964844,102.46732330322266,0.0020070648752152,decel_mps2=5.7
participant_28,8.0,day,Town10HD_Opt,Solid line crossing,22.731,4.813,2026-03-18 16:45:19.204367,-41.66880798339844,83.63672637939453,0.0020090483594685,Solid line crossing
participant_28,8.0,day,Town10HD_Opt,Stop sign violation,20.422,-1.894,2026-03-18 16:45:45.076437,26.36941146850586,70.22802734375,0.0016418838640674,stop_sign_id=754
participant_28,8.0,day,Town10HD_Opt,Solid line crossing,21.087,-12.655,2026-03-18 16:45:51.316497,44.73417282104492,56.48880386352539,0.0019940566271543,Solid line crossing
participant_28,8.0,day,Town10HD_Opt,Solid line crossing,27.596,42.132,2026-03-18 16:45:59.140919,46.16826248168945,29.533447265625,0.0025424575433135,Solid line crossing
participant_28,8.0,day,Town10HD_Opt,Solid line crossing,28.082,8.37,2026-03-18 16:46:02.832290,64.9725112915039,26.077157974243164,0.0021511840168386,Solid line crossing
participant_28,8.0,day,Town10HD_Opt,Solid line crossing,2.575,-0.472,2026-03-18 16:46:15.192629,80.9584732055664,25.33652114868164,0.0018051146762445,Solid line crossing
participant_28,8.0,day,Town10HD_Opt,Harsh braking,32.924,-1.191,2026-03-18 16:46:26.588439,106.5791015625,-16.03557777404785,0.0020931244362145,decel_mps2=5.2
participant_28,8.0,day,Town10HD_Opt,Stop sign violation,25.123,-2.108,2026-03-18 16:46:35.270084,85.09413146972656,-63.7412223815918,0.0021730042062699,stop_sign_id=900
participant_28,8.0,day,Town10HD_Opt,Red light violation,45.138,-4.11,2026-03-18 16:47:00.861247,-77.80867767333984,-68.11298370361328,0.0018400573171675,Red light violation
participant_28,8.0,day,Town10HD_Opt,Vehicle-pedestrian collision,16.198,7.415,2026-03-18 16:47:12.290702,-110.77027130126952,-10.160140991210938,0.0020024490077048,Vehicle-pedestrian collision
participant_28,8.0,day,Town10HD_Opt,Solid line crossing,0.006,-0.421,2026-03-18 16:47:19.514330,-110.66973114013672,-5.873818397521973,0.0019188689766451,Solid line crossing
participant_28,8.0,day,Town10HD_Opt,Solid line crossing,0.001,-0.256,2026-03-18 16:47:26.665482,-110.66973114013672,-5.87315559387207,0.0019191741012036,Solid line crossing
participant_28,8.0,day,Town10HD_Opt,Solid line crossing,11.826,-11.192,2026-03-18 16:47:38.118459,-101.07774353027344,22.8408317565918,0.0020368956029415,Solid line crossing
participant_28,8.0,day,Town10HD_Opt,Solid line crossing,0.0,-0.162,2026-03-18 16:48:44.383644,87.80728149414062,70.43538665771484,0.0019191741012036,Solid line crossing
participant_28,8.0,day,Town10HD_Opt,Solid line crossing,12.978,0.244,2026-03-18 16:49:40.975106,8.349004745483398,70.00794982910156,0.0020413207821547,Solid line crossing
participant_28,8.0,day,Town10HD_Opt,Solid line crossing,35.005,-3.384,2026-03-18 16:49:51.475171,33.62132263183594,69.45217895507812,0.0016774367541074,Solid line crossing
participant_28,9.0,day,Town10HD_Opt,Vehicle-pedestrian collision,10.78,0.101,2026-03-18 17:00:12.183386,12.956488609313965,69.96377563476562,0.0020227432250976,Vehicle-pedestrian collision
participant_28,9.0,day,Town10HD_Opt,Harsh braking,17.768,-1.361,2026-03-18 17:00:27.712612,47.17232131958008,46.14931106567383,0.001749305636622,decel_mps2=6.4
participant_28,9.0,day,Town10HD_Opt,Solid line crossing,0.001,4.143,2026-03-18 17:00:47.436209,69.01622772216797,24.13431739807129,0.0022197721991688,Solid line crossing
participant_28,9.0,day,Town10HD_Opt,Stop sign violation,0.0,1.191,2026-03-18 17:00:51.886435,69.01659393310547,24.13434600830078,0.0019194030901417,stop_sign_id=1120
participant_28,9.0,day,Town10HD_Opt,Solid line crossing,35.862,-16.161,2026-03-18 17:01:15.543052,99.4419403076172,22.1181640625,0.0020607374608516,Solid line crossing
participant_28,9.0,day,Town10HD_Opt,Solid line crossing,23.927,0.768,2026-03-18 17:01:42.521225,15.798784255981444,-65.52594757080078,0.0019856260623782,Solid line crossing
participant_28,9.0,day,Town10HD_Opt,Vehicle collision,14.926,0.376,2026-03-18 17:01:53.216015,-21.502838134765625,-65.15150451660156,0.0020298766903579,Vehicle collision
participant_28,9.0,day,Town10HD_Opt,Solid line crossing,0.0,-0.533,2026-03-18 17:02:11.228073,-24.91430282592773,-65.01899719238281,0.0019194793421775,Solid line crossing
participant_28,9.0,day,Town10HD_Opt,Solid line crossing,1.346,-0.489,2026-03-18 17:02:38.364517,-111.04386138916016,-9.782938957214355,0.0018776321085169,Solid line crossing
participant_28,9.0,day,Town10HD_Opt,Solid line crossing,0.468,-0.489,2026-03-18 17:02:41.224953,-111.03077697753906,-8.69467830657959,0.0019237517844885,Solid line crossing
participant_28,9.0,day,Town10HD_Opt,Stop sign violation,0.198,0.477,2026-03-18 17:02:48.068922,-111.02843475341795,-8.417792320251465,0.0019117355113849,stop_sign_id=678
participant_28,9.0,day,Town10HD_Opt,Solid line crossing,42.753,5.356,2026-03-18 17:03:00.421726,-81.98529815673828,25.352983474731445,0.0023551939520984,Solid line crossing
participant_28,9.0,day,Town10HD_Opt,Solid line crossing,35.432,-1.05,2026-03-18 17:03:28.487047,-43.99111557006836,27.21455192565918,0.0020153045188635,Solid line crossing
participant_28,9.0,day,Town10HD_Opt,Solid line crossing,5.904,5.108,2026-03-18 17:03:40.927209,29.55542182922364,27.77766799926757,0.0016873549902811,Solid line crossing
participant_28,9.0,day,Town10HD_Opt,Solid line crossing,4.529,3.269,2026-03-18 17:03:54.297695,40.57624816894531,43.167816162109375,0.0019655227661132,Solid line crossing
participant_28,9.0,day,Town10HD_Opt,Solid line crossing,29.09,-12.313,2026-03-18 17:04:01.676680,43.43743133544922,64.16744995117188,0.0020370483398437,Solid line crossing
participant_28,9.0,day,Town10HD_Opt,Harsh braking,44.382,-19.451,2026-03-18 17:04:25.565882,86.90176391601562,119.49464416503906,0.002168922452256,decel_mps2=6.7
participant_28,9.0,day,Town10HD_Opt,Solid line crossing,39.054,-0.693,2026-03-18 17:04:38.954893,-2.378792285919189,132.58067321777344,0.0017900085076689,Solid line crossing
participant_28,9.0,day,Town10HD_Opt,Harsh braking,48.714,0.649,2026-03-18 17:04:48.607838,-48.63372039794922,101.68328857421876,0.0018891524523496,decel_mps2=7.9
participant_28,10.0,day,Town10HD_Opt,Harsh braking,30.249,-0.216,2026-03-18 17:15:18.195878,-14.363697052001951,69.69117736816406,0.002057418692857,decel_mps2=5.7
participant_28,10.0,day,Town10HD_Opt,Harsh braking,25.068,-15.304,2026-03-18 17:15:39.155850,41.65084838867188,63.48649597167969,0.0022714228834956,decel_mps2=7.3
participant_28,10.0,day,Town10HD_Opt,Vehicle collision,26.693,17.02,2026-03-18 17:15:59.010665,46.057273864746094,33.03730392456055,0.0020431135781109,Vehicle collision
participant_28,10.0,day,Town10HD_Opt,Harsh braking,41.308,-21.675,2026-03-18 17:16:09.892555,90.17890167236328,28.017539978027344,0.0020296860020607,decel_mps2=8.1
participant_28,10.0,day,Town10HD_Opt,Solid line crossing,35.495,-2.217,2026-03-18 17:16:20.252582,107.16429138183594,-2.008547306060791,0.0016933064907789,Solid line crossing
participant_28,10.0,day,Town10HD_Opt,Solid line crossing,26.655,-5.806,2026-03-18 17:16:35.817277,63.75675201416016,-65.59422302246094,0.0020514677744358,Solid line crossing
participant_28,10.0,day,Town10HD_Opt,Harsh braking,50.447,0.599,2026-03-18 17:16:43.932114,19.432954788208008,-67.09962463378906,0.0018496706616133,decel_mps2=6.1
participant_28,10.0,day,Town10HD_Opt,Solid line crossing,43.268,-6.369,2026-03-18 17:16:57.648926,-95.97525787353516,-58.51703643798828,0.0019779205322265,Solid line crossing
participant_28,10.0,day,Town10HD_Opt,Vehicle-pedestrian collision,0.04,4.884,2026-03-18 17:17:13.148806,-110.8135986328125,-13.698490142822266,0.0019193649059161,Vehicle-pedestrian collision
participant_28,10.0,day,Town10HD_Opt,Vehicle-pedestrian collision,0.059,2.562,2026-03-18 17:17:20.155607,-110.8111572265625,-13.641094207763672,0.0019219970563426,Vehicle-pedestrian collision
participant_28,10.0,day,Town10HD_Opt,Solid line crossing,31.092,-16.322,2026-03-18 17:17:30.089001,-99.05426788330078,25.436452865600582,0.0018205646192654,Solid line crossing
participant_28,10.0,day,Town10HD_Opt,Vehicle collision,13.754,-0.571,2026-03-18 17:17:35.760497,-75.1441421508789,28.190813064575195,0.0020415873732417,Vehicle collision
participant_28,10.0,day,Town10HD_Opt,Solid line crossing,0.0,-0.073,2026-03-18 17:17:43.531005,-69.17359924316406,28.03630256652832,0.0019190596649423,Solid line crossing
participant_28,10.0,day,Town10HD_Opt,Solid line crossing,25.844,0.273,2026-03-18 17:17:55.978478,-28.42020606994629,28.62423515319824,0.001909103593789,Solid line crossing
participant_28,10.0,day,Town10HD_Opt,Solid line crossing,24.086,13.253,2026-03-18 17:18:09.397514,31.806564331054688,29.417388916015625,0.0018616869347169,Solid line crossing
participant_28,10.0,day,Town10HD_Opt,Harsh braking,34.131,0.376,2026-03-18 17:18:39.137961,82.24083709716797,69.8579330444336,0.0015194710576906,decel_mps2=6.1
participant_28,10.0,day,Town10HD_Opt,Red light violation,39.915,10.214,2026-03-18 17:18:51.111023,87.99590301513672,120.46942901611328,0.0017592625226825,Red light violation
participant_28,10.0,day,Town10HD_Opt,Vehicle collision,28.18,1.789,2026-03-18 17:19:04.059657,14.63316535949707,131.24888610839844,0.0022758478298783,Vehicle collision
participant_28,10.0,day,Town10HD_Opt,Solid line crossing,18.196,8.379,2026-03-18 17:19:26.225829,-38.79286956787109,74.6173095703125,0.0020384979434311,Solid line crossing
participant_29,1.0,day,Town10HD_Opt,Harsh braking,4.061,7.591,2026-03-19 08:01:00.204874,67.47929382324219,25.251407623291016,0.0018257523188367,decel_mps2=6.7
participant_29,1.0,day,Town10HD_Opt,Stop sign violation,31.255,-11.979,2026-03-19 08:01:18.263501,89.27271270751953,29.46712875366211,0.0020297621376812,stop_sign_id=900
participant_29,1.0,day,Town10HD_Opt,Stop sign violation,32.718,3.627,2026-03-19 08:01:36.273538,85.1944580078125,-58.62838745117188,0.0021387480664998,stop_sign_id=833
participant_29,1.0,day,Town10HD_Opt,Red light violation,20.343,0.357,2026-03-19 08:01:48.662209,1.4286431074142456,-67.84304809570312,0.0021702190861105,Red light violation
participant_29,1.0,day,Town10HD_Opt,Solid line crossing,13.887,-0.658,2026-03-19 08:01:53.492248,-13.151443481445312,-67.92623138427734,0.0019102096557617,Solid line crossing
participant_29,1.0,day,Town10HD_Opt,Solid line crossing,13.887,-0.658,2026-03-19 08:01:53.987446,-13.151443481445312,-67.92623138427734,0.0019102096557617,Solid line crossing
participant_29,1.0,day,Town10HD_Opt,Solid line crossing,18.768,4.169,2026-03-19 08:04:00.132137,65.51200866699219,130.93316650390625,0.0020223997998982,Solid line crossing
participant_29,2.0,day,Town10HD_Opt,Harsh braking,35.52,1.288,2026-03-19 08:15:17.947086,17.409252166748047,69.8684310913086,0.002175292931497,decel_mps2=7.3
participant_29,2.0,day,Town10HD_Opt,Solid line crossing,0.0,-0.797,2026-03-19 08:15:52.264290,66.84580993652344,25.476762771606445,0.0019191741012036,Solid line crossing
participant_29,2.0,day,Town10HD_Opt,Solid line crossing,0.0,-0.905,2026-03-19 08:16:03.403838,66.84580993652344,25.476762771606445,0.0019191741012036,Solid line crossing
participant_29,2.0,day,Town10HD_Opt,Solid line crossing,3.46,-1.02,2026-03-19 08:16:20.212860,78.84559631347656,24.48076820373535,0.0019520568894222,Solid line crossing
participant_29,2.0,day,Town10HD_Opt,Stop sign violation,49.11,-3.542,2026-03-19 08:16:37.582868,106.47450256347656,-29.255216598510746,0.002111091511324,stop_sign_id=900
participant_29,2.0,day,Town10HD_Opt,Solid line crossing,40.648,-1.38,2026-03-19 08:16:48.508768,29.22421646118164,-66.28466796875,0.0021335983183234,Solid line crossing
participant_29,2.0,day,Town10HD_Opt,Harsh braking,18.246,2.647,2026-03-19 08:16:54.398479,-10.564651489257812,-64.62300872802734,0.0022529982961714,decel_mps2=5.7
participant_29,2.0,day,Town10HD_Opt,Red light violation,49.086,16.739,2026-03-19 08:18:57.925101,-32.67399215698242,130.75965881347656,0.0020697021391242,Red light violation
participant_29,2.0,day,Town10HD_Opt,Solid line crossing,23.161,12.762,2026-03-19 08:19:04.838286,-41.62013626098633,77.49248504638672,0.002141609089449,Solid line crossing
participant_29,2.0,day,Town10HD_Opt,Solid line crossing,41.951,0.414,2026-03-19 08:19:11.335508,4.897247314453125,69.25164794921875,0.0023318480234593,Solid line crossing
participant_29,2.0,day,Town10HD_Opt,Harsh braking,16.535,-0.51,2026-03-19 08:19:14.064221,21.15717506408692,69.76406860351562,0.0019744110759347,decel_mps2=5.5
participant_29,2.0,day,Town10HD_Opt,Solid line crossing,27.374,9.133,2026-03-19 08:19:24.234051,44.21458435058594,39.98945617675781,0.0021586227230727,Solid line crossing
participant_29,2.0,day,Town10HD_Opt,Harsh braking,0.0,1.191,2026-03-19 08:19:34.971724,81.00411224365234,26.91552352905273,0.0019193267216905,decel_mps2=7.3
participant_29,2.0,day,Town10HD_Opt,Solid line crossing,48.898,-3.796,2026-03-19 08:19:53.117569,98.97811126708984,23.36508560180664,0.0017224120674654,Solid line crossing
participant_29,3.0,day,Town10HD_Opt,Vehicle collision,22.011,0.108,2026-03-19 08:30:24.826567,12.089914321899414,70.07616424560547,0.0022054670844227,Vehicle collision
participant_29,3.0,day,Town10HD_Opt,Harsh braking,33.771,-13.48,2026-03-19 08:31:04.949902,98.53260803222656,21.96739959716797,0.0023817443288862,decel_mps2=7.3
participant_29,3.0,day,Town10HD_Opt,Stop sign violation,21.306,-3.318,2026-03-19 08:31:40.790106,-23.104625701904297,-67.85722351074219,0.0018188857939094,stop_sign_id=946
participant_29,3.0,day,Town10HD_Opt,Collision,35.358,-3.822,2026-03-19 08:31:48.950205,-76.14437103271484,-67.54450988769531,0.0018232344882562,Collision
participant_29,3.0,day,Town10HD_Opt,Vehicle collision,0.001,1.276,2026-03-19 08:32:11.021007,-110.50615692138672,-14.659107208251951,0.0019189834129065,Vehicle collision
participant_29,3.0,day,Town10HD_Opt,Stop sign violation,0.001,-3.356,2026-03-19 08:32:26.346917,-111.3218231201172,-6.33464241027832,0.0018614578293636,stop_sign_id=946
participant_29,3.0,day,Town10HD_Opt,Harsh braking,0.006,-0.383,2026-03-19 08:32:33.797183,-111.50493621826172,-3.88708758354187,0.001919288537465,decel_mps2=7.9
participant_29,3.0,day,Town10HD_Opt,Solid line crossing,27.771,-8.976,2026-03-19 08:32:57.862300,-98.48027801513672,24.269433975219727,0.0021047974005341,Solid line crossing
participant_29,3.0,day,Town10HD_Opt,Stop sign violation,0.03,0.538,2026-03-19 08:33:10.886697,-68.86380004882812,28.152198791503903,0.0019232177874073,stop_sign_id=1300
participant_29,3.0,day,Town10HD_Opt,Solid line crossing,0.046,1.318,2026-03-19 08:33:23.132105,-68.5944595336914,28.15033912658692,0.0019193649059161,Solid line crossing
participant_29,3.0,day,Town10HD_Opt,Stop sign violation,14.443,-0.242,2026-03-19 08:33:49.409969,40.56935501098633,47.33918762207031,0.0018117141444236,stop_sign_id=1300
participant_29,3.0,day,Town10HD_Opt,Red light violation,28.143,-1.85,2026-03-19 08:34:12.578191,98.05281829833984,96.55592346191406,0.0022733306977897,Red light violation
participant_29,3.0,day,Town10HD_Opt,Vehicle-pedestrian collision,43.679,0.016,2026-03-19 08:34:26.114795,30.43918228149414,131.4908905029297,0.0020678711589425,Vehicle-pedestrian collision
participant_29,3.0,day,Town10HD_Opt,Solid line crossing,22.157,13.175,2026-03-19 08:34:50.211848,-40.13644027709961,123.912109375,0.0022797393612563,Solid line crossing
participant_29,4.0,day,Town10HD_Opt,Solid line crossing,21.087,-12.655,2026-03-19 08:45:50.697663,44.73417282104492,56.48880386352539,0.0019940566271543,Solid line crossing
participant_29,4.0,day,Town10HD_Opt,Stop sign violation,0.0,-0.637,2026-03-19 08:46:07.748634,80.92591857910156,25.33636474609375,0.0019775771070271,stop_sign_id=1062
participant_29,4.0,day,Town10HD_Opt,Solid line crossing,18.679,4.32,2026-03-19 08:46:15.682895,82.6839370727539,25.381250381469727,0.0014001845847815,Solid line crossing
participant_29,4.0,day,Town10HD_Opt,Solid line crossing,24.301,-2.986,2026-03-19 08:46:28.973531,107.53135681152344,-32.319828033447266,0.0019907378591597,Solid line crossing
participant_29,4.0,day,Town10HD_Opt,Stop sign violation,20.034,0.101,2026-03-19 08:46:35.896942,80.32896423339844,-66.04759216308594,0.0021656416356563,stop_sign_id=833
participant_29,4.0,day,Town10HD_Opt,Solid line crossing,37.063,2.424,2026-03-19 08:46:44.036653,36.65891647338867,-67.91923522949219,0.0022779845166951,Solid line crossing
participant_29,4.0,day,Town10HD_Opt,Solid line crossing,32.922,-5.092,2026-03-19 08:47:04.440408,-101.94822692871094,-54.397499084472656,0.0022719192784279,Solid line crossing
participant_29,4.0,day,Town10HD_Opt,Solid line crossing,0.006,-1.22,2026-03-19 08:47:21.958049,-110.66973114013672,-5.873672962188721,0.0019187163561582,Solid line crossing
participant_29,4.0,day,Town10HD_Opt,Stop sign violation,24.104,-9.751,2026-03-19 08:47:35.431265,-108.8565673828125,14.130844116210938,0.0022917937021702,stop_sign_id=1062
participant_29,4.0,day,Town10HD_Opt,Solid line crossing,0.0,-0.298,2026-03-19 08:48:34.063842,87.80728149414062,70.4354019165039,0.0019189834129065,Solid line crossing
participant_29,4.0,day,Town10HD_Opt,Harsh braking,0.0,0.021,2026-03-19 08:48:43.553834,87.80728149414062,70.43538665771484,0.0019191360333934,decel_mps2=6.4
participant_29,4.0,day,Town10HD_Opt,Solid line crossing,18.106,0.592,2026-03-19 08:49:39.912913,4.684092044830322,69.83905792236328,0.0022424696944653,Solid line crossing
participant_29,4.0,day,Town10HD_Opt,Harsh braking,5.847,-0.987,2026-03-19 08:49:47.163102,24.003847122192383,70.22795867919922,0.0020244598854333,decel_mps2=4.9
participant_29,5.0,day,Town10HD_Opt,Solid line crossing,10.778,-13.528,2026-03-19 09:00:37.353528,40.98853302001953,65.27257537841797,0.0017607879126444,Solid line crossing
participant_29,5.0,day,Town10HD_Opt,Solid line crossing,14.566,2.419,2026-03-19 09:00:55.682405,63.76922225952149,25.44995880126953,0.0020355987362563,Solid line crossing
participant_29,5.0,day,Town10HD_Opt,Solid line crossing,6.056,-1.619,2026-03-19 09:01:02.202898,75.50248718261719,25.8310775756836,0.0019764709286391,Solid line crossing
participant_29,5.0,day,Town10HD_Opt,Red light violation,2.667,0.515,2026-03-19 09:01:04.691029,77.87418365478516,25.70937728881836,0.0019359969301149,Red light violation
participant_29,5.0,day,Town10HD_Opt,Solid line crossing,25.97,-8.646,2026-03-19 09:01:17.214709,106.86548614501952,16.547710418701172,0.0023083877749741,Solid line crossing
participant_29,5.0,day,Town10HD_Opt,Solid line crossing,33.046,-0.472,2026-03-19 09:01:34.928835,66.39778137207031,-65.6539535522461,0.002318954328075,Solid line crossing
participant_29,5.0,day,Town10HD_Opt,Stop sign violation,47.023,-0.726,2026-03-19 09:01:40.677214,33.68385314941406,-67.43778991699219,0.0018770599272102,stop_sign_id=833
participant_29,5.0,day,Town10HD_Opt,Stop sign violation,13.567,0.82,2026-03-19 09:01:50.831527,-9.293120384216309,-65.32120513916016,0.0018150710966438,stop_sign_id=754
participant_29,5.0,day,Town10HD_Opt,Solid line crossing,24.884,-1.464,2026-03-19 09:02:01.067102,-65.7034683227539,-67.869140625,0.0021308516152203,Solid line crossing
participant_29,5.0,day,Town10HD_Opt,Solid line crossing,16.294,-0.543,2026-03-19 09:02:15.268714,-110.17827606201172,-13.931396484375,0.0019622039981186,Solid line crossing
participant_29,5.0,day,Town10HD_Opt,Solid line crossing,0.006,-0.324,2026-03-19 09:02:29.588002,-110.35845184326172,-4.680675983428955,0.0019186401041224,Solid line crossing
participant_29,5.0,day,Town10HD_Opt,Solid line crossing,34.955,-13.387,2026-03-19 09:02:38.838138,-101.3568115234375,26.253740310668945,0.0019012069096788,Solid line crossing
participant_29,5.0,day,Town10HD_Opt,Vehicle-pedestrian collision,51.903,-0.031,2026-03-19 09:02:56.507491,-44.088523864746094,28.1550521850586,0.0019041061168536,Vehicle-pedestrian collision
participant_29,5.0,day,Town10HD_Opt,Harsh braking,25.991,-14.879,2026-03-19 09:03:24.051360,41.423973083496094,61.71893310546875,0.0019446563674136,decel_mps2=8.1
participant_29,5.0,day,Town10HD_Opt,Stop sign violation,16.328,0.677,2026-03-19 09:04:25.749158,-45.66861724853516,91.15594482421876,0.0019758224952965,stop_sign_id=1120
participant_29,5.0,day,Town10HD_Opt,Solid line crossing,25.395,8.253,2026-03-19 09:04:34.499491,-31.046283721923828,69.97176361083984,0.0018455504905432,Solid line crossing
participant_29,5.0,day,Town10HD_Opt,Solid line crossing,19.303,-0.019,2026-03-19 09:04:47.106502,15.139315605163574,70.01643371582031,0.0020919037051498,Solid line crossing
participant_29,6.0,day,Town10HD_Opt,Harsh braking,8.606,-0.674,2026-03-19 09:15:54.817714,74.147705078125,25.35002899169922,0.0021814336068928,decel_mps2=5.7
participant_29,6.0,day,Town10HD_Opt,Vehicle-pedestrian collision,19.781,-2.346,2026-03-19 09:16:29.978500,108.47014617919922,-24.00960922241211,0.0019747926853597,Vehicle-pedestrian collision
participant_29,6.0,day,Town10HD_Opt,Solid line crossing,25.684,1.565,2026-03-19 09:16:44.803229,43.77264022827149,-67.41210174560547,0.0022900381591171,Solid line crossing
participant_29,6.0,day,Town10HD_Opt,Solid line crossing,29.489,0.627,2026-03-19 09:16:51.190620,12.940064430236816,-67.09783935546875,0.0020188523922115,Solid line crossing
participant_29,6.0,day,Town10HD_Opt,Solid line crossing,49.13,-1.838,2026-03-19 09:17:04.866768,-34.88186264038086,-67.94266510009766,0.0020763394422829,Solid line crossing
participant_29,6.0,day,Town10HD_Opt,Solid line crossing,0.0,2.2,2026-03-19 09:17:20.844048,-111.05374908447266,-12.31220817565918,0.0020240016747266,Solid line crossing
participant_29,6.0,day,Town10HD_Opt,Solid line crossing,3.719,0.881,2026-03-19 09:17:30.540580,-111.29761505126952,-8.494340896606445,0.0019493482541292,Solid line crossing
participant_29,6.0,day,Town10HD_Opt,Collision,19.473,-2.565,2026-03-19 09:18:24.785619,41.18923568725586,52.89913558959961,0.0015990464016795,Collision
participant_29,6.0,day,Town10HD_Opt,Solid line crossing,4.394,1.333,2026-03-19 09:18:40.147002,81.72706604003906,70.48491668701172,0.0019611737225204,Solid line crossing
participant_29,6.0,day,Town10HD_Opt,Solid line crossing,29.007,26.843,2026-03-19 09:18:48.111139,96.52000427246094,73.20327758789062,0.002186622004956,Solid line crossing
participant_29,6.0,day,Town10HD_Opt,Solid line crossing,47.609,6.144,2026-03-19 09:19:02.745734,43.79839706420898,131.7391815185547,0.0019211582839488,Solid line crossing
participant_29,6.0,day,Town10HD_Opt,Stop sign violation,7.336,4.485,2026-03-19 09:19:15.683026,-21.14898109436035,135.18190002441406,0.0019715116359293,stop_sign_id=1120
participant_29,6.0,day,Town10HD_Opt,Solid line crossing,13.369,4.426,2026-03-19 09:19:33.615124,-28.94521141052246,69.60274505615234,0.0020443720277398,Solid line crossing
participant_29,6.0,day,Town10HD_Opt,Solid line crossing,31.137,5.42,2026-03-19 09:19:53.322336,43.9355697631836,45.88482284545898,0.0022167575079947,Solid line crossing
participant_29,7.0,day,Town10HD_Opt,Stop sign violation,12.915,0.564,2026-03-19 09:30:13.857894,14.874279022216797,69.95905303955078,0.0018257522024214,stop_sign_id=1050
participant_29,7.0,day,Town10HD_Opt,Red light violation,12.293,-9.275,2026-03-19 09:30:25.994742,46.973426818847656,48.73857879638672,0.0019681549165397,Red light violation
participant_29,7.0,day,Town10HD_Opt,Solid line crossing,13.994,10.254,2026-03-19 09:30:41.194476,53.05162048339844,27.958534240722656,0.0014840697403997,Solid line crossing
participant_29,7.0,day,Town10HD_Opt,Solid line crossing,0.0,4.164,2026-03-19 09:30:49.439425,69.01659393310547,24.13434600830078,0.0019194030901417,Solid line crossing
participant_29,7.0,day,Town10HD_Opt,Stop sign violation,0.0,0.411,2026-03-19 09:30:59.230291,69.01659393310547,24.13434600830078,0.0019194030901417,stop_sign_id=1200
participant_29,7.0,day,Town10HD_Opt,Stop sign violation,39.215,-22.725,2026-03-19 09:32:22.484748,-99.85107421875,-54.27375411987305,0.0022942351642996,stop_sign_id=946
participant_29,7.0,day,Town10HD_Opt,Solid line crossing,0.196,0.054,2026-03-19 09:32:44.293684,-111.02849578857422,-8.512112617492676,0.0019209289457648,Solid line crossing
participant_29,7.0,day,Town10HD_Opt,Vehicle-pedestrian collision,45.004,-26.997,2026-03-19 09:32:58.565711,-98.38892364501952,25.175994873046875,0.0019240950932726,Vehicle-pedestrian collision
participant_29,7.0,day,Town10HD_Opt,Solid line crossing,0.0,0.931,2026-03-19 09:33:09.850940,-67.49921417236328,26.01396942138672,0.0019195555942133,Solid line crossing
participant_29,7.0,day,Town10HD_Opt,Stop sign violation,0.0,0.129,2026-03-19 09:33:21.059123,-67.49921417236328,26.01396942138672,0.0019195555942133,stop_sign_id=1200
participant_29,7.0,day,Town10HD_Opt,Solid line crossing,0.074,8.914,2026-03-19 09:33:42.177378,29.72952079772949,27.808631896972656,0.0019296645186841,Solid line crossing
participant_29,7.0,day,Town10HD_Opt,Solid line crossing,4.529,3.269,2026-03-19 09:33:54.793378,40.57624816894531,43.167816162109375,0.0019655227661132,Solid line crossing
participant_29,7.0,day,Town10HD_Opt,Vehicle-pedestrian collision,6.989,1.1,2026-03-19 09:34:10.795591,78.60090637207031,69.88654327392578,0.0019940948113799,Vehicle-pedestrian collision
participant_29,7.0,day,Town10HD_Opt,Harsh braking,19.44,4.832,2026-03-19 09:34:17.363563,85.65724182128906,69.7945327758789,0.0016649627359583,decel_mps2=5.2
participant_29,7.0,day,Town10HD_Opt,Stop sign violation,33.098,17.336,2026-03-19 09:34:19.548893,95.54695129394533,73.87921142578125,0.0019704818259924,stop_sign_id=900
participant_29,7.0,day,Town10HD_Opt,Solid line crossing,49.579,2.294,2026-03-19 09:34:31.116835,55.54066467285156,133.31103515625,0.001589851337485,Solid line crossing
participant_29,7.0,day,Town10HD_Opt,Solid line crossing,38.638,-0.12,2026-03-19 09:34:40.074202,-9.239056587219238,132.49154663085938,0.0020691298414021,Solid line crossing
participant_29,7.0,day,Town10HD_Opt,Stop sign violation,39.224,10.797,2026-03-19 09:34:52.149574,-43.70376205444336,73.12812042236328,0.0022129057906568,stop_sign_id=946
participant_29,8.0,day,Town10HD_Opt,Solid line crossing,1.106,-0.249,2026-03-19 09:46:07.588576,78.92133331298828,25.665746688842773,0.0019295882666483,Solid line crossing
participant_29,8.0,day,Town10HD_Opt,Solid line crossing,13.654,-1.314,2026-03-19 09:46:19.177003,108.74288940429688,8.975893020629883,0.002047958318144,Solid line crossing
participant_29,8.0,day,Town10HD_Opt,Solid line crossing,44.56,-5.943,2026-03-19 09:46:30.949812,95.0953369140625,-53.82009506225586,0.0019760131835937,Solid line crossing
participant_29,8.0,day,Town10HD_Opt,Red light violation,12.813,7.924,2026-03-19 09:46:53.798363,-18.12189483642578,-65.21672821044922,0.0020408248528838,Red light violation
participant_29,8.0,day,Town10HD_Opt,Stop sign violation,38.338,-5.73,2026-03-19 09:47:03.737736,-81.52054595947266,-64.9410400390625,0.0018137741135433,stop_sign_id=1120
participant_29,8.0,day,Town10HD_Opt,Solid line crossing,6.656,-0.498,2026-03-19 09:47:17.540998,-110.32743072509766,-7.625881671905518,0.0019828032236546,Solid line crossing
participant_29,8.0,day,Town10HD_Opt,Solid line crossing,0.007,-0.132,2026-03-19 09:47:24.141741,-110.35845184326172,-4.681189060211182,0.0019189452286809,Solid line crossing
participant_29,8.0,day,Town10HD_Opt,Solid line crossing,29.162,-20.777,2026-03-19 09:47:38.071197,-106.21673583984376,23.600629806518555,0.0018645477248355,Solid line crossing
participant_29,8.0,day,Town10HD_Opt,Solid line crossing,10.153,0.404,2026-03-19 09:47:46.119300,-72.90666961669922,27.897436141967773,0.0020154952071607,Solid line crossing
participant_29,8.0,day,Town10HD_Opt,Collision,39.483,-0.038,2026-03-19 09:47:55.087581,-60.86910629272461,27.987836837768555,0.0015428924234583,Collision
participant_29,8.0,day,Town10HD_Opt,Stop sign violation,18.429,-0.696,2026-03-19 09:48:02.356942,-8.81472110748291,28.20029640197754,0.0022419737651944,stop_sign_id=1050
participant_29,8.0,day,Town10HD_Opt,Stop sign violation,16.437,0.228,2026-03-19 09:48:08.778175,21.87428474426269,28.1506462097168,0.0019760893192142,stop_sign_id=1050
participant_29,9.0,day,Town10HD_Opt,Solid line crossing,19.939,-14.048,2026-03-19 10:00:40.079495,43.948204040527344,59.8652458190918,0.0019475559238344,Solid line crossing
participant_29,9.0,day,Town10HD_Opt,Harsh braking,9.917,1.391,2026-03-19 10:00:55.012265,64.43141174316406,25.52408599853516,0.0017798998160287,decel_mps2=8.1
participant_30,1.0,day,Town10HD_Opt,Solid line crossing,50.727,-11.762,2026-03-19 10:01:07.989570,93.40110778808594,28.452741622924805,0.0018880462739616,Solid line crossing
participant_29,9.0,day,Town10HD_Opt,Vehicle-pedestrian collision,0.0,-0.042,2026-03-19 10:01:10.259213,69.72502136230469,25.29110336303711,0.001919288537465,Vehicle-pedestrian collision
participant_29,9.0,day,Town10HD_Opt,Solid line crossing,20.332,-15.652,2026-03-19 10:01:22.150393,104.5275650024414,20.13047981262207,0.0022414776030927,Solid line crossing
participant_30,1.0,day,Town10HD_Opt,Stop sign violation,19.637,0.522,2026-03-19 10:01:35.157389,3.515449523925781,-65.38166046142578,0.0022324752062559,stop_sign_id=900
participant_29,9.0,day,Town10HD_Opt,Solid line crossing,49.904,0.442,2026-03-19 10:01:38.931725,61.07332992553711,-65.00723266601562,0.0020343016367405,Solid line crossing
participant_30,1.0,day,Town10HD_Opt,Harsh braking,7.255,-1.45,2026-03-19 10:01:41.779755,-13.347447395324709,-66.6619644165039,0.0019885634537786,decel_mps2=5.5
participant_29,9.0,day,Town10HD_Opt,Red light violation,17.698,0.907,2026-03-19 10:01:49.992993,-1.8539791107177728,-67.85681915283203,0.0018701932858675,Red light violation
participant_30,1.0,day,Town10HD_Opt,Stop sign violation,34.307,-6.96,2026-03-19 10:01:51.639016,-80.94226837158203,-64.28895568847656,0.0023695754352957,stop_sign_id=900
participant_29,9.0,day,Town10HD_Opt,Solid line crossing,48.927,-0.402,2026-03-19 10:02:00.811881,-58.4031982421875,-68.8055419921875,0.0019722748547792,Solid line crossing
participant_29,9.0,day,Town10HD_Opt,Vehicle collision,1.009,1.504,2026-03-19 10:02:21.509120,-110.96216583251952,-6.087080478668213,0.001928977901116,Vehicle collision
participant_29,9.0,day,Town10HD_Opt,Solid line crossing,0.416,1.069,2026-03-19 10:02:25.100868,-110.91879272460938,-5.692076206207275,0.0019232940394431,Solid line crossing
participant_30,1.0,day,Town10HD_Opt,Harsh braking,22.689,-0.009,2026-03-19 10:02:35.538297,-82.22450256347656,27.64654922485352,0.0022660444956272,decel_mps2=5.5
participant_29,9.0,day,Town10HD_Opt,Solid line crossing,29.641,1.314,2026-03-19 10:02:43.057954,-82.939208984375,25.03632926940918,0.0023174663074314,Solid line crossing
participant_29,9.0,day,Town10HD_Opt,Stop sign violation,0.006,0.223,2026-03-19 10:02:54.767600,-69.25863647460938,26.051239013671875,0.0019189452286809,stop_sign_id=1300
participant_30,1.0,day,Town10HD_Opt,Solid line crossing,18.392,0.202,2026-03-19 10:02:55.295245,-13.042458534240724,28.76874732971192,0.0022417830768972,Solid line crossing
participant_29,9.0,day,Town10HD_Opt,Harsh braking,17.872,-5.087,2026-03-19 10:03:34.323538,67.00023651123047,70.14547729492188,0.0022844308987259,decel_mps2=8.1
participant_30,1.0,day,Town10HD_Opt,Solid line crossing,28.699,3.123,2026-03-19 10:04:03.635729,-18.63544464111328,130.95835876464844,0.0019495009910315,Solid line crossing
participant_29,9.0,day,Town10HD_Opt,Vehicle collision,29.353,0.251,2026-03-19 10:04:08.837760,14.835355758666992,130.3184814453125,0.002054824726656,Vehicle collision
participant_29,9.0,day,Town10HD_Opt,Vehicle collision,18.723,2.153,2026-03-19 10:04:20.652694,-23.301103591918945,129.80775451660156,0.002129096770659,Vehicle collision
participant_29,9.0,day,Town10HD_Opt,Solid line crossing,24.562,3.825,2026-03-19 10:04:37.309090,-29.917930603027344,70.4076919555664,0.0021361538674682,Solid line crossing
participant_30,2.0,day,Town10HD_Opt,Solid line crossing,16.859,3.773,2026-03-19 10:15:17.362733,-22.81800079345703,69.46906280517578,0.0019593047909438,Solid line crossing
participant_29,10.0,day,Town10HD_Opt,Harsh braking,0.0,0.348,2026-03-19 10:15:45.258150,77.37723541259766,24.63260269165039,0.0019198989029973,decel_mps2=8.1
participant_29,10.0,day,Town10HD_Opt,Solid line crossing,19.39,-16.305,2026-03-19 10:15:54.202993,103.1186981201172,14.896876335144045,0.0020176314283162,Solid line crossing
participant_29,10.0,day,Town10HD_Opt,Solid line crossing,39.652,-10.269,2026-03-19 10:16:03.756655,101.78465270996094,-44.81493377685547,0.0025631331373006,Solid line crossing
participant_29,10.0,day,Town10HD_Opt,Collision,43.232,-0.562,2026-03-19 10:16:16.966539,39.12228012084961,-65.3915023803711,0.0018814849900081,Collision
participant_29,10.0,day,Town10HD_Opt,Solid line crossing,48.228,-0.895,2026-03-19 10:16:31.927011,-74.62016296386719,-65.35731506347656,0.001952972379513,Solid line crossing
participant_30,2.0,day,Town10HD_Opt,Stop sign violation,0.0,0.0,2026-03-19 10:16:41.055188,44.37602996826172,50.00769805908203,0.0020349882543087,stop_sign_id=1062
participant_30,2.0,day,Town10HD_Opt,Solid line crossing,0.0,0.0,2026-03-19 10:16:44.485643,44.37602996826172,50.00769805908203,0.0020349882543087,Solid line crossing
participant_29,10.0,day,Town10HD_Opt,Solid line crossing,0.0,-0.519,2026-03-19 10:16:49.116293,-110.76128387451172,-6.831332683563232,0.0019191741012036,Solid line crossing
participant_29,10.0,day,Town10HD_Opt,Stop sign violation,0.267,-0.639,2026-03-19 10:17:01.908289,-110.74136352539062,-4.847705841064453,0.0019194030901417,stop_sign_id=678
participant_30,2.0,day,Town10HD_Opt,Solid line crossing,0.0,0.0,2026-03-19 10:17:04.636063,44.37602996826172,50.00769805908203,0.0020349882543087,Solid line crossing
participant_29,10.0,day,Town10HD_Opt,Harsh braking,48.407,0.059,2026-03-19 10:17:14.680298,-52.46533966064453,28.04503059387207,0.0021876906976103,decel_mps2=8.1
participant_30,2.0,day,Town10HD_Opt,Solid line crossing,0.0,0.0,2026-03-19 10:17:15.503717,44.37602996826172,50.00769805908203,0.0020349882543087,Solid line crossing
participant_30,2.0,day,Town10HD_Opt,Vehicle-pedestrian collision,0.0,0.0,2026-03-19 10:17:22.927205,44.37602996826172,50.00769805908203,0.0020349882543087,Vehicle-pedestrian collision
participant_29,10.0,day,Town10HD_Opt,Solid line crossing,24.004,22.86,2026-03-19 10:17:26.663747,34.932315826416016,30.031147003173828,0.0020993424113839,Solid line crossing
participant_29,10.0,day,Town10HD_Opt,Solid line crossing,47.557,11.523,2026-03-19 10:17:47.797421,97.77811431884766,76.68895721435547,0.0015827560564503,Solid line crossing
participant_29,10.0,day,Town10HD_Opt,Solid line crossing,51.052,0.738,2026-03-19 10:17:58.345580,43.905521392822266,132.6691131591797,0.0019518660847097,Solid line crossing
participant_29,10.0,day,Town10HD_Opt,Solid line crossing,45.05,30.467,2026-03-19 10:18:07.111629,-42.128944396972656,131.13612365722656,0.0020854950416833,Solid line crossing
participant_29,10.0,day,Town10HD_Opt,Solid line crossing,35.944,0.136,2026-03-19 10:18:19.665042,3.303177833557129,69.7440185546875,0.0023947523441165,Solid line crossing
participant_29,10.0,day,Town10HD_Opt,Stop sign violation,30.152,-11.854,2026-03-19 10:18:30.785320,42.067909240722656,59.67226409912109,0.0021723937243223,stop_sign_id=900
participant_29,10.0,day,Town10HD_Opt,Solid line crossing,49.485,-6.248,2026-03-19 10:18:45.897060,105.70437622070312,9.025368690490724,0.0021090698428452,Solid line crossing
participant_29,10.0,day,Town10HD_Opt,Stop sign violation,50.15,1.85,2026-03-19 10:18:56.977292,48.52758026123047,-64.1832275390625,0.0019702529534697,stop_sign_id=900
participant_29,10.0,day,Town10HD_Opt,Solid line crossing,0.0,0.182,2026-03-19 10:19:12.629063,-24.189077377319336,-64.75942993164062,0.0019193267216905,Solid line crossing
participant_30,3.0,day,Town10HD_Opt,Solid line crossing,9.103,-2.231,2026-03-19 10:31:42.640865,102.78462982177734,16.93914794921875,0.0048106764443218,Solid line crossing
participant_30,3.0,day,Town10HD_Opt,Stop sign violation,18.125,1.796,2026-03-19 10:31:50.810752,107.32737731933594,-1.3954167366027832,0.002120018005371,stop_sign_id=678
participant_30,3.0,day,Town10HD_Opt,Solid line crossing,14.128,-6.341,2026-03-19 10:31:55.673749,109.13552856445312,-12.403708457946776,0.001840591430664,Solid line crossing
participant_30,3.0,day,Town10HD_Opt,Stop sign violation,21.347,-3.879,2026-03-19 10:32:03.547229,106.4388656616211,-39.19296646118164,0.0020816421601921,stop_sign_id=900
participant_30,3.0,day,Town10HD_Opt,Harsh braking,31.053,-5.527,2026-03-19 10:32:09.668859,82.16093444824219,-64.01371002197266,0.0020209120120853,decel_mps2=5.7
participant_30,3.0,day,Town10HD_Opt,Stop sign violation,22.617,0.653,2026-03-19 10:32:18.607147,48.40724182128906,-67.95392608642578,0.0019730376079678,stop_sign_id=1050
participant_30,3.0,day,Town10HD_Opt,Solid line crossing,18.901,0.555,2026-03-19 10:32:28.026859,17.221208572387695,-66.81169128417969,0.0020073698833584,Solid line crossing
participant_30,3.0,day,Town10HD_Opt,Solid line crossing,22.381,0.808,2026-03-19 10:32:30.492364,8.789474487304688,-67.02024841308594,0.0019987106788903,Solid line crossing
participant_30,3.0,day,Town10HD_Opt,Solid line crossing,0.135,-0.012,2026-03-19 10:32:47.250394,-22.013561248779297,-68.14470672607422,0.0019180679228156,Solid line crossing
participant_30,3.0,day,Town10HD_Opt,Solid line crossing,11.905,1.194,2026-03-19 10:32:58.053357,-24.215553283691406,-68.21263885498047,0.0016495513264089,Solid line crossing
participant_30,3.0,day,Town10HD_Opt,Solid line crossing,14.618,-0.36,2026-03-19 10:33:07.450737,-55.93345260620117,-68.9952163696289,0.0019380950834602,Solid line crossing
participant_30,3.0,day,Town10HD_Opt,Solid line crossing,18.19,-3.902,2026-03-19 10:33:19.930315,-102.63643646240234,-54.24097442626953,0.0020814894232898,Solid line crossing
participant_30,3.0,day,Town10HD_Opt,Solid line crossing,18.068,-4.825,2026-03-19 10:33:27.364857,-111.683349609375,-30.10951042175293,0.0018667220138013,Solid line crossing
participant_30,4.0,day,Town10HD_Opt,Solid line crossing,6.681,0.092,2026-03-19 10:45:19.316695,-10.619271278381348,69.27540588378906,0.002059974707663,Solid line crossing
participant_30,4.0,day,Town10HD_Opt,Red light violation,31.802,-1.243,2026-03-19 10:45:25.864535,-2.078397274017334,69.73027801513672,0.0017221831949427,Red light violation
participant_30,4.0,day,Town10HD_Opt,Solid line crossing,7.11,0.55,2026-03-19 10:45:38.999314,21.49638938903809,70.0767593383789,0.0018708419520407,Solid line crossing
participant_30,4.0,day,Town10HD_Opt,Stop sign violation,13.529,-15.548,2026-03-19 10:45:56.963398,44.795536041259766,56.62749862670898,0.0018994903657585,stop_sign_id=678
participant_30,4.0,day,Town10HD_Opt,Solid line crossing,30.19,-0.176,2026-03-19 10:46:36.967907,107.12330627441406,-1.9098587036132808,0.0018540191231295,Solid line crossing
participant_30,4.0,day,Town10HD_Opt,Solid line crossing,6.912,-0.486,2026-03-19 10:47:50.126036,-54.414642333984375,-68.84077453613281,0.0018911742372438,Solid line crossing
participant_30,4.0,day,Town10HD_Opt,Solid line crossing,17.259,-8.971,2026-03-19 10:48:11.074654,-108.69312286376952,-43.09355926513672,0.0019651793409138,Solid line crossing
participant_30,4.0,day,Town10HD_Opt,Stop sign violation,17.549,0.651,2026-03-19 10:48:23.780444,-110.54006958007812,-10.901725769042969,0.0021715925540775,stop_sign_id=1120
participant_30,4.0,day,Town10HD_Opt,Stop sign violation,0.001,0.773,2026-03-19 10:48:36.514443,-110.47982025146484,-6.128986835479736,0.0019187163561582,stop_sign_id=678
participant_30,5.0,day,Town10HD_Opt,Stop sign violation,0.777,0.049,2026-03-19 11:00:57.080427,68.2679214477539,28.196754455566406,0.0018783569103106,stop_sign_id=754
participant_30,5.0,day,Town10HD_Opt,Stop sign violation,3.635,0.026,2026-03-19 11:01:08.116120,69.51190948486328,28.421527862548828,0.0019590377341955,stop_sign_id=1300
participant_30,5.0,day,Town10HD_Opt,Solid line crossing,32.204,-5.912,2026-03-19 11:01:18.484433,92.55208587646484,26.571006774902344,0.0020515823271125,Solid line crossing
participant_30,5.0,day,Town10HD_Opt,Solid line crossing,23.47,-0.933,2026-03-19 11:01:29.073809,105.13445281982422,-31.29162979125977,0.0019196319626644,Solid line crossing
participant_30,5.0,day,Town10HD_Opt,Vehicle collision,25.398,-0.28,2026-03-19 11:01:45.867066,13.07120132446289,-66.80826568603516,0.002287826500833,Vehicle collision
participant_30,5.0,day,Town10HD_Opt,Solid line crossing,15.047,0.193,2026-03-19 11:01:51.220615,-1.4696815013885498,-67.29617309570312,0.0016436385922133,Solid line crossing
participant_30,5.0,day,Town10HD_Opt,Stop sign violation,45.306,-0.543,2026-03-19 11:01:57.201432,-26.96152687072754,-67.89082336425781,0.0017758560134097,stop_sign_id=833
participant_30,5.0,day,Town10HD_Opt,Stop sign violation,37.468,-4.799,2026-03-19 11:02:07.810263,-101.61619567871094,-50.24335861206055,0.0020624159369617,stop_sign_id=1062
participant_30,5.0,day,Town10HD_Opt,Harsh braking,0.002,-0.073,2026-03-19 11:02:24.648026,-110.4499282836914,-5.052239418029785,0.0019193267216905,decel_mps2=8.1
participant_30,5.0,day,Town10HD_Opt,Stop sign violation,0.006,-0.115,2026-03-19 11:02:26.251268,-110.4499282836914,-5.0519561767578125,0.0019189452286809,stop_sign_id=946
participant_30,5.0,day,Town10HD_Opt,Solid line crossing,0.06,0.136,2026-03-19 11:02:56.140562,-67.79032897949219,27.94974708557129,0.0019198989029973,Solid line crossing
participant_30,5.0,day,Town10HD_Opt,Solid line crossing,19.237,0.216,2026-03-19 11:03:11.784807,20.568824768066406,28.256872177124023,0.002251548692584,Solid line crossing
participant_30,5.0,day,Town10HD_Opt,Red light violation,31.343,-13.499,2026-03-19 11:03:31.382508,50.22213745117188,69.56024932861328,0.0019123839447274,Red light violation
participant_30,5.0,day,Town10HD_Opt,Solid line crossing,8.644,1.871,2026-03-19 11:03:40.131259,81.41027069091797,69.80931091308594,0.0018798827659338,Solid line crossing
participant_30,6.0,day,Town10HD_Opt,Solid line crossing,20.117,-0.254,2026-03-19 11:15:18.365945,-41.66748428344727,87.54084014892578,0.0017077636439353,Solid line crossing
participant_30,6.0,day,Town10HD_Opt,Collision,27.67,-13.144,2026-03-19 11:15:47.634571,36.14463806152344,68.4831771850586,0.0022524641826748,Collision
participant_30,6.0,day,Town10HD_Opt,Solid line crossing,19.639,-13.124,2026-03-19 11:16:01.029043,54.11708450317383,28.925905227661133,0.0020237730350345,Solid line crossing
participant_30,6.0,day,Town10HD_Opt,Solid line crossing,22.734,3.815,2026-03-19 11:16:04.648502,74.1540298461914,25.10774040222168,0.0022281645797193,Solid line crossing
participant_30,6.0,day,Town10HD_Opt,Stop sign violation,0.0,-0.444,2026-03-19 11:16:14.501761,80.92632293701172,25.33636474609375,0.0019190596649423,stop_sign_id=900
participant_30,6.0,day,Town10HD_Opt,Harsh braking,24.408,0.329,2026-03-19 11:16:26.972933,106.96598052978516,-22.78570556640625,0.0022528457920998,decel_mps2=8.1
participant_30,6.0,day,Town10HD_Opt,Solid line crossing,29.919,-8.041,2026-03-19 11:16:30.490722,107.33097076416016,-36.99330139160156,0.0018616103334352,Solid line crossing
participant_30,6.0,day,Town10HD_Opt,Stop sign violation,15.922,-0.014,2026-03-19 11:16:37.638257,76.54896545410156,-67.86388397216797,0.0019928358960896,stop_sign_id=1120
participant_30,6.0,day,Town10HD_Opt,Red light violation,40.028,-5.574,2026-03-19 11:17:03.509548,-97.55677795410156,-59.06648254394531,0.0023149107582867,Red light violation
participant_30,6.0,day,Town10HD_Opt,Vehicle-pedestrian collision,0.001,-0.256,2026-03-19 11:17:26.865176,-110.66973114013672,-5.87315559387207,0.0019191741012036,Vehicle-pedestrian collision
participant_30,6.0,day,Town10HD_Opt,Solid line crossing,18.948,-5.612,2026-03-19 11:17:41.196002,-95.49949645996094,24.59956741333008,0.0018421172862872,Solid line crossing
participant_30,6.0,day,Town10HD_Opt,Solid line crossing,0.0,-0.298,2026-03-19 11:18:34.367607,87.80728149414062,70.4354019165039,0.0019189834129065,Solid line crossing
participant_30,6.0,day,Town10HD_Opt,Solid line crossing,37.948,-19.674,2026-03-19 11:19:52.392849,42.45987319946289,67.26935577392578,0.0021747970022261,Solid line crossing
participant_30,7.0,day,Town10HD_Opt,Solid line crossing,0.0,0.0,2026-03-19 11:30:18.560557,-41.668582916259766,89.7454833984375,0.0018127440707758,Solid line crossing
participant_30,7.0,day,Town10HD_Opt,Solid line crossing,0.0,0.0,2026-03-19 11:30:31.682284,-41.668582916259766,89.7454833984375,0.0018127440707758,Solid line crossing
participant_30,7.0,day,Town10HD_Opt,Solid line crossing,0.0,0.0,2026-03-19 11:30:40.116297,-41.668582916259766,89.7454833984375,0.0018127440707758,Solid line crossing
participant_30,7.0,day,Town10HD_Opt,Solid line crossing,0.0,0.0,2026-03-19 11:30:56.385179,-41.668582916259766,89.7454833984375,0.0018127440707758,Solid line crossing
participant_30,7.0,day,Town10HD_Opt,Solid line crossing,0.0,0.0,2026-03-19 11:31:06.214160,-41.668582916259766,89.7454833984375,0.0018127440707758,Solid line crossing
participant_30,7.0,day,Town10HD_Opt,Solid line crossing,0.0,0.0,2026-03-19 11:31:14.532965,-41.668582916259766,89.7454833984375,0.0018127440707758,Solid line crossing
participant_30,7.0,day,Town10HD_Opt,Solid line crossing,0.0,0.0,2026-03-19 11:32:12.589594,-41.668582916259766,89.7454833984375,0.0018127440707758,Solid line crossing
participant_30,7.0,day,Town10HD_Opt,Solid line crossing,20.055,0.026,2026-03-19 11:32:40.493668,-41.66858673095703,89.7454833984375,0.5804919004440308,Solid line crossing
participant_30,7.0,day,Town10HD_Opt,Stop sign violation,20.055,0.026,2026-03-19 11:32:48.820996,-41.66858673095703,89.7454833984375,0.5804919004440308,stop_sign_id=1120
participant_30,7.0,day,Town10HD_Opt,Solid line crossing,20.055,0.026,2026-03-19 11:33:41.080700,-41.66858673095703,89.7454833984375,0.5804919004440308,Solid line crossing
participant_30,7.0,day,Town10HD_Opt,Solid line crossing,21.297,0.284,2026-03-19 11:34:07.172906,-41.680419921875,86.73046875,0.0017942427657544,Solid line crossing
participant_30,7.0,day,Town10HD_Opt,Stop sign violation,45.605,2.097,2026-03-19 11:34:19.652317,17.358776092529297,70.62250518798828,0.0020299910102039,stop_sign_id=1050
participant_30,7.0,day,Town10HD_Opt,Solid line crossing,39.819,-4.955,2026-03-19 11:34:33.568408,67.36479949951172,27.85234260559082,0.0024026106111705,Solid line crossing
participant_30,7.0,day,Town10HD_Opt,Stop sign violation,0.0,1.241,2026-03-19 11:34:47.548487,79.69007873535156,27.480531692504883,0.0019197463989257,stop_sign_id=1120
participant_30,7.0,day,Town10HD_Opt,Stop sign violation,49.638,-7.187,2026-03-19 11:35:11.649605,75.59596252441406,-64.00747680664062,0.0021031571086496,stop_sign_id=1062
participant_30,7.0,day,Town10HD_Opt,Solid line crossing,4.06,0.644,2026-03-19 11:35:27.541095,-14.960026741027832,-65.82855224609375,0.0019580840598791,Solid line crossing
participant_30,7.0,day,Town10HD_Opt,Solid line crossing,0.0,0.651,2026-03-19 11:35:37.122413,-21.69395065307617,-66.02725982666016,0.001922607421875,Solid line crossing
participant_30,7.0,day,Town10HD_Opt,Stop sign violation,0.006,0.068,2026-03-19 11:35:50.022747,-23.44575309753418,-66.0710220336914,0.0019189834129065,stop_sign_id=1300
participant_30,7.0,day,Town10HD_Opt,Solid line crossing,49.691,-0.785,2026-03-19 11:36:03.462630,-71.2130126953125,-66.34365844726562,0.0020716858562082,Solid line crossing
participant_30,7.0,day,Town10HD_Opt,Solid line crossing,0.0,-0.045,2026-03-19 11:36:16.172667,-111.10130310058594,-7.7542405128479,0.0019293975783511,Solid line crossing
participant_30,7.0,day,Town10HD_Opt,Solid line crossing,36.198,19.295,2026-03-19 11:37:09.760373,35.70630645751953,31.47093963623047,0.0024023437872529,Solid line crossing
participant_30,7.0,day,Town10HD_Opt,Solid line crossing,15.81,-0.724,2026-03-19 11:37:45.918088,-14.370884895324709,132.2025604248047,0.0020257185678929,Solid line crossing
participant_30,7.0,day,Town10HD_Opt,Solid line crossing,19.996,2.864,2026-03-19 11:38:02.142083,-43.66325759887695,87.99305725097656,0.0022529219277203,Solid line crossing
participant_30,7.0,day,Town10HD_Opt,Vehicle-pedestrian collision,15.582,0.597,2026-03-19 11:38:14.191435,8.926942825317383,69.7089614868164,0.0020135496743023,Vehicle-pedestrian collision
participant_30,7.0,day,Town10HD_Opt,Red light violation,0.13,-0.338,2026-03-19 11:38:25.119037,22.45471954345703,70.02381896972656,0.0019176482455804,Red light violation
participant_30,7.0,day,Town10HD_Opt,Solid line crossing,11.472,0.282,2026-03-19 11:38:36.033874,44.44427490234375,42.20542907714844,0.0020512389019131,Solid line crossing
participant_30,7.0,day,Town10HD_Opt,Solid line crossing,0.037,-7.185,2026-03-19 11:38:53.190230,105.47708892822266,12.683856964111328,0.0019690704066306,Solid line crossing
participant_30,8.0,day,Town10HD_Opt,Solid line crossing,19.732,-11.245,2026-03-19 11:45:41.084768,41.14941787719727,63.212547302246094,0.0020631407387554,Solid line crossing
participant_30,8.0,day,Town10HD_Opt,Solid line crossing,21.506,0.484,2026-03-19 11:46:11.976589,107.75764465332033,-12.442447662353516,0.0021251677535474,Solid line crossing
participant_30,8.0,day,Town10HD_Opt,Solid line crossing,10.861,-1.718,2026-03-19 11:47:00.218426,-110.5603485107422,-16.246417999267578,0.0021211623679846,Solid line crossing
participant_30,8.0,day,Town10HD_Opt,Solid line crossing,0.001,1.269,2026-03-19 11:47:15.198558,-110.50615692138672,-14.659107208251951,0.0019189834129065,Solid line crossing
participant_30,8.0,day,Town10HD_Opt,Collision,7.624,0.31,2026-03-19 11:47:28.793702,-111.34732818603516,-6.004682540893555,0.0015784072456881,Collision
participant_30,8.0,day,Town10HD_Opt,Solid line crossing,0.005,-1.022,2026-03-19 11:47:40.381797,-111.50493621826172,-3.886693239212036,0.0019191360333934,Solid line crossing
participant_30,8.0,day,Town10HD_Opt,Vehicle collision,0.551,0.71,2026-03-19 11:47:51.537034,-111.50519561767578,-3.88241457939148,0.0019053268479183,Vehicle collision
participant_30,8.0,day,Town10HD_Opt,Solid line crossing,27.771,-8.976,2026-03-19 11:47:57.980268,-98.48027801513672,24.269433975219727,0.0021047974005341,Solid line crossing
participant_30,8.0,day,Town10HD_Opt,Solid line crossing,0.009,0.646,2026-03-19 11:48:12.211099,-68.85914611816406,28.15219116210937,0.0019186019198969,Solid line crossing
participant_30,8.0,day,Town10HD_Opt,Solid line crossing,0.088,0.183,2026-03-19 11:48:20.257084,-68.62356567382812,28.1503849029541,0.0019198226509615,Solid line crossing
participant_30,8.0,day,Town10HD_Opt,Harsh braking,37.272,0.266,2026-03-19 11:48:32.755910,-16.19780921936035,28.37049102783203,0.0021376037038862,decel_mps2=6.4
participant_30,8.0,day,Town10HD_Opt,Solid line crossing,4.093,-1.093,2026-03-19 11:48:59.591603,40.501094818115234,52.73761749267578,0.0017166137695312,Solid line crossing
participant_30,8.0,day,Town10HD_Opt,Red light violation,35.484,10.555,2026-03-19 11:49:12.230045,99.50230407714844,89.04828643798828,0.0020964432042092,Red light violation
participant_30,8.0,day,Town10HD_Opt,Stop sign violation,44.478,0.658,2026-03-19 11:49:25.170182,38.15394973754883,131.73826599121094,0.0020719526801258,stop_sign_id=900
participant_30,8.0,day,Town10HD_Opt,Solid line crossing,33.308,-0.959,2026-03-19 11:49:29.289892,10.34099578857422,131.0568084716797,0.0017704772762954,Solid line crossing
participant_30,8.0,day,Town10HD_Opt,Solid line crossing,0.249,0.031,2026-03-19 11:49:46.487502,-23.729310989379883,130.88816833496094,0.0019178771181032,Solid line crossing
participant_30,9.0,day,Town10HD_Opt,Solid line crossing,7.26,17.838,2026-03-19 12:00:48.516997,44.69334030151367,38.36690902709961,0.0019960403442382,Solid line crossing
participant_30,9.0,day,Town10HD_Opt,Stop sign violation,7.873,-9.437,2026-03-19 12:01:00.519729,74.2764892578125,25.89304542541504,0.0019924545194953,stop_sign_id=754
participant_30,9.0,day,Town10HD_Opt,Solid line crossing,1.106,-0.249,2026-03-19 12:01:08.387665,78.92133331298828,25.665746688842773,0.0019295882666483,Solid line crossing
participant_30,9.0,day,Town10HD_Opt,Solid line crossing,17.747,-3.478,2026-03-19 12:01:25.915523,107.25146484375,-32.282466888427734,0.0021560669410973,Solid line crossing
participant_30,9.0,day,Town10HD_Opt,Stop sign violation,41.213,-3.987,2026-03-19 12:01:33.516371,72.95177459716797,-64.8017807006836,0.002080078003928,stop_sign_id=754
participant_30,9.0,day,Town10HD_Opt,Vehicle-pedestrian collision,28.72,0.352,2026-03-19 12:01:44.371848,9.021342277526855,-65.82276153564453,0.0023103712592273,Vehicle-pedestrian collision
participant_30,9.0,day,Town10HD_Opt,Solid line crossing,28.575,-1.048,2026-03-19 12:02:00.057041,-59.46430969238281,-68.2103271484375,0.002275199862197,Solid line crossing
participant_30,9.0,day,Town10HD_Opt,Harsh braking,49.495,-5.028,2026-03-19 12:02:06.849499,-102.2146987915039,-48.87092590332031,0.0020141983404755,decel_mps2=5.2
participant_30,9.0,day,Town10HD_Opt,Solid line crossing,21.919,-1.899,2026-03-19 12:02:09.539515,-109.06378936767578,-29.446516036987305,0.0022658538073301,Solid line crossing
participant_30,9.0,day,Town10HD_Opt,Solid line crossing,5.11,-0.498,2026-03-19 12:02:19.229138,-110.34115600585938,-6.589216709136963,0.0019679642282426,Solid line crossing
participant_30,9.0,day,Town10HD_Opt,Harsh braking,0.006,-0.195,2026-03-19 12:02:27.928625,-110.35845184326172,-4.680725574493408,0.0019187927246093,decel_mps2=5.2
participant_30,9.0,day,Town10HD_Opt,Solid line crossing,36.17,-0.482,2026-03-19 12:02:40.255336,-95.06797790527344,27.326505661010746,0.0020637894049286,Solid line crossing
participant_30,9.0,day,Town10HD_Opt,Solid line crossing,52.09,0.012,2026-03-19 12:02:55.736281,-52.88488006591797,28.066062927246094,0.0016196441138163,Solid line crossing
participant_30,9.0,day,Town10HD_Opt,Harsh braking,19.392,-7.955,2026-03-19 12:03:23.276430,40.40699768066406,56.4532356262207,0.0017080307006835,decel_mps2=4.9
participant_30,9.0,day,Town10HD_Opt,Solid line crossing,24.518,-1.857,2026-03-19 12:04:05.051764,6.830523490905762,130.87384033203125,0.0020677947904914,Solid line crossing
participant_30,9.0,day,Town10HD_Opt,Vehicle-pedestrian collision,26.425,13.889,2026-03-19 12:04:20.780580,-41.15083312988281,118.81656646728516,0.0020680236630141,Vehicle-pedestrian collision
participant_30,9.0,day,Town10HD_Opt,Solid line crossing,25.67,13.2,2026-03-19 12:04:31.539495,-40.82243347167969,76.9534683227539,0.0020576475653797,Solid line crossing
participant_30,10.0,day,Town10HD_Opt,Solid line crossing,22.369,5.621,2026-03-19 12:15:14.325669,-25.948659896850582,68.96581268310547,0.0020311356056481,Solid line crossing
participant_30,10.0,day,Town10HD_Opt,Solid line crossing,22.179,0.063,2026-03-19 12:15:25.001754,-6.792703628540039,69.49063110351562,0.0017848586430773,Solid line crossing
participant_30,10.0,day,Town10HD_Opt,Stop sign violation,0.068,0.002,2026-03-19 12:15:33.253802,18.965272903442383,70.10509490966797,0.0019841003231704,stop_sign_id=754
participant_30,10.0,day,Town10HD_Opt,Solid line crossing,0.001,-0.099,2026-03-19 12:15:41.831900,23.447078704833984,70.06795501708984,0.0019276427337899,Solid line crossing
participant_30,10.0,day,Town10HD_Opt,Vehicle-pedestrian collision,13.959,-10.519,2026-03-19 12:15:52.255627,39.03229522705078,65.31388854980469,0.0019078444456681,Vehicle-pedestrian collision
participant_30,10.0,day,Town10HD_Opt,Solid line crossing,7.635,1.318,2026-03-19 12:16:03.276160,44.69614028930664,45.94892501831055,0.0018923187162727,Solid line crossing
participant_30,10.0,day,Town10HD_Opt,Solid line crossing,14.224,-3.304,2026-03-19 12:16:42.476000,107.87285614013672,-27.54473876953125,0.0020426558330655,Solid line crossing
participant_30,10.0,day,Town10HD_Opt,Harsh braking,15.225,-2.13,2026-03-19 12:17:11.716199,15.269618034362791,-67.58704376220703,0.0020154570229351,decel_mps2=6.1
participant_30,10.0,day,Town10HD_Opt,Solid line crossing,0.001,0.491,2026-03-19 12:17:32.833999,-10.818389892578123,-68.0813980102539,0.0019189071608707,Solid line crossing
participant_30,10.0,day,Town10HD_Opt,Red light violation,24.249,1.775,2026-03-19 12:17:44.318378,-36.91492462158203,-68.42093658447266,0.0018992613768205,Red light violation
participant_30,10.0,day,Town10HD_Opt,Solid line crossing,21.836,-0.172,2026-03-19 12:17:56.064878,-66.14309692382812,-69.03555297851562,0.0018779372330754,Solid line crossing
participant_30,10.0,day,Town10HD_Opt,Harsh braking,21.531,-4.044,2026-03-19 12:18:07.363034,-100.4884033203125,-56.20672225952149,0.0019945525564253,decel_mps2=6.7
participant_30,10.0,day,Town10HD_Opt,Vehicle-pedestrian collision,7.181,-7.454,2026-03-19 12:18:17.949582,-110.47775268554688,-33.13631820678711,0.0018160247709602,Vehicle-pedestrian collision
participant_30,10.0,day,Town10HD_Opt,Solid line crossing,0.0,0.486,2026-03-19 12:18:29.764610,-110.47982025146484,-6.129508972167969,0.0019189834129065,Solid line crossing
participant_30,10.0,day,Town10HD_Opt,Solid line crossing,0.001,0.063,2026-03-19 12:18:46.940520,-110.47981262207033,-6.1280717849731445,0.0019189071608707,Solid line crossing
participant_30,10.0,day,Town10HD_Opt,Stop sign violation,0.0,1.108,2026-03-19 12:19:27.171379,-75.61632537841797,24.70873641967773,0.0019196319626644,stop_sign_id=833
participant_31,1,day,Town10HD_Opt,Solid line crossing,17.585,30.063,2026-03-13T12:30:00.248478,56.67252731323242,27.9942626953125,0.001980094937607646,Solid
participant_31,2,day,Town10HD_Opt,Solid line crossing,18.0,4.865,2026-03-13T12:56:54.683715,-27.499008178710938,69.03313446044922,0.0019820022862404585,SolidSolid
participant_31,2,day,Town10HD_Opt,Harsh braking,13.186,0.068,2026-03-13T12:57:08.392067,23.83724021911621,69.65876007080078,0.0021419143304228783,decel_mps2=4.152
participant_31,2,day,Town10HD_Opt,Vehicle collision,8.995,4.641,2026-03-13T12:58:14.088129,59.53413772583008,25.920759201049805,0.0020031356252729893,vehicle.ford.mustang
participant_31,2,day,Town10HD_Opt,Vehicle collision,0.001,-0.338,2026-03-13T12:58:17.417097,59.556854248046875,25.928749084472656,0.0019190596649423242,vehicle.ford.mustang
participant_31,3,day,Town10HD_Opt,Vehicle collision,11.485,7.948,2026-03-13T13:05:32.340980,-80.2436294555664,24.332731246948242,0.001998748630285263,vehicle.carlamotors.european_hgv
participant_31,4,day,Town10HD_Opt,Vehicle collision,38.106,-0.07,2026-03-13T13:12:19.171701,1.9235917329788208,26.464330673217773,0.0019484711810946465,vehicle.ford.mustang