{
  "config": {
    "H": 3,
    "T": 1,
    "n_states": 4
  },
  "selected_model_family": "hgb",
  "candidate_metrics": {
    "hmm": {
      "val": {
        "auc_roc": 0.7930612286630099,
        "avg_precision": 0.5237761489966636,
        "n_samples": 3635
      },
      "test": {
        "auc_roc": 0.8132748873836978,
        "avg_precision": 0.5625819525404772,
        "n_samples": 4731
      }
    },
    "hgb": {
      "val": {
        "auc_roc": 0.8330029278224932,
        "avg_precision": 0.5882419227601547,
        "n_samples": 3635
      },
      "test": {
        "auc_roc": 0.848579002317412,
        "avg_precision": 0.6089356727858838,
        "n_samples": 4731
      }
    }
  },
  "split_sizes": {
    "train_users": 19,
    "val_users": 5,
    "test_users": 6
  },
  "n_features": 21,
  "risk_vs_error_corr": 0.9645712038153147,
  "val_auc_roc": 0.8330029278224932,
  "val_avg_precision": 0.5882419227601547,
  "test_auc_roc": 0.848579002317412,
  "test_avg_precision": 0.6089356727858838,
  "feature_family_importance": {
    "other": 0.060153716158235365,
    "heart_rate": 0.04347911342993421,
    "emotion": 0.024274124227603267,
    "distraction": 0.01258182237779506,
    "arousal": 0.00888677017141164,
    "baseline": 0.0
  }
}