id,distracted_route,trial,response_time,clean_recovery_s,matched_progress,order_subgroup,clean_observation_s_recovery,clean_observation_s_control,clean_observation_s_delta,future_event_clean_recovery,future_event_clean_control,future_event_clean_delta,future_risk_score_clean_recovery,future_risk_score_clean_control,future_risk_score_clean_delta,future_event_fixed_5_15_recovery,future_event_fixed_5_15_control,future_event_fixed_5_15_delta,future_risk_score_fixed_5_15_recovery,future_risk_score_fixed_5_15_control,future_risk_score_fixed_5_15_delta,hr_pre10_recovery,hr_pre10_control,hr_pre10_delta,hr_post5_recovery,hr_post5_control,hr_post5_delta,hr_delta_post5_pre10_recovery,hr_delta_post5_pre10_control,hr_delta_post5_pre10_delta,hr_slope_pre10_recovery,hr_slope_pre10_control,hr_slope_pre10_delta,hr_slope_post5_recovery,hr_slope_post5_control,hr_slope_post5_delta,hr_slope_change_recovery,hr_slope_change_control,hr_slope_change_delta,hr_burden_plus3_post5_recovery,hr_burden_plus3_post5_control,hr_burden_plus3_post5_delta,hr_coverage_post5_recovery,hr_coverage_post5_control,hr_coverage_post5_delta
0A01,P2,0,2025-07-09 14:02:09.235000+00:00,8.996,0.015957446808510637,D second,3,3,0,0,0,0,0.0,0.0,0.0,0,0,0,0.0,0.0,0.0,76.16666666666667,78.6,-2.433333333333323,75.2,76.6,-1.3999999999999915,-0.9666666666666686,-2.0,1.0333333333333314,-0.771428571428574,-0.300000000000006,-0.47142857142856803,0.19999999999998483,0.19999999999998264,2.192690473634684e-15,0.9714285714285589,0.4999999999999886,0.47142857142857025,0.0,0.0,0.0,1.0,1.0,0.0
0A01,P2,1,2025-07-09 14:02:19.058000+00:00,10.369,0.0425531914893617,D second,5,5,0,0,0,0,0.0,0.0,0.0,0,0,0,0.0,0.0,0.0,75.5,77.6,-2.0999999999999943,73.4,78.0,-4.599999999999994,-2.0999999999999943,0.4000000000000057,-2.5,0.09090909090909363,0.1939393939393941,-0.10303030303030047,-0.4000000000000139,-0.4000000000000133,-6.106226635438361e-16,-0.4909090909091075,-0.5939393939394074,0.10303030303029992,0.0,0.0,0.0,1.0,1.0,0.0
0A01,P2,2,2025-07-09 14:02:30.129000+00:00,8.396,0.07180851063829788,D second,3,3,0,0,0,0,0.0,0.0,0.0,0,0,0,0.0,0.0,0.0,73.3,77.4,-4.1000000000000085,73.0,76.6,-3.5999999999999943,-0.29999999999999716,-0.8000000000000114,0.5000000000000142,0.09090909090909015,-0.20606060606060683,0.296969696969697,-1.1640144055955422e-14,-0.3000000000000021,0.29999999999999044,-0.09090909090910179,-0.09393939393939527,0.003030303030293474,0.0,0.0,0.0,1.0,1.0,0.0
0A01,P2,3,2025-07-09 14:02:39.732000+00:00,8.773,0.09840425531914894,D second,3,3,0,0,0,0,0.0,0.0,0.0,0,0,0,0.0,0.0,0.0,73.1,76.8,-3.700000000000003,74.0,76.8,-2.799999999999997,0.9000000000000057,0.0,0.9000000000000057,0.06666666666666712,-0.024242424242416523,0.09090909090908364,0.3999999999999977,0.09999999999999144,0.30000000000000626,0.3333333333333306,0.12424242424240797,0.20909090909092262,0.0,0.0,0.0,1.0,1.0,0.0
0A01,P2,5,2025-07-09 14:02:58.620000+00:00,9.412,0.14893617021276595,D second,4,4,0,0,0,0,0.0,0.0,0.0,0,0,0,0.0,0.0,0.0,74.0,78.8,-4.799999999999997,75.6,74.0,1.5999999999999943,1.5999999999999943,-4.799999999999997,6.3999999999999915,-0.09696969696969615,-0.060606060606056576,-0.036363636363639575,0.4999999999999957,-6.496579164659306e-15,0.5000000000000022,0.5969696969696918,0.06060606060605008,0.5363636363636417,0.0,0.0,0.0,1.0,1.0,0.0
0A01,P2,6,2025-07-09 14:03:08.790000+00:00,9.059,0.17553191489361702,D second,4,4,0,0,0,0,0.0,0.0,0.0,0,0,0,0.0,0.0,0.0,77.3,74.3,3.0,78.4,69.2,9.200000000000003,1.1000000000000085,-5.099999999999994,6.200000000000003,0.5757575757575792,-0.2606060606060607,0.83636363636364,-1.2309423601367922e-14,-1.0000000000000027,0.9999999999999903,-0.5757575757575916,-0.7393939393939419,0.16363636363635037,1.0,0.0,1.0,1.0,1.0,0.0
0A01,P2,7,2025-07-09 14:03:18.613000+00:00,9.58,0.20212765957446807,D second,4,4,0,0,0,0,0.0,0.0,0.0,0,0,0,0.0,0.0,0.0,78.6,68.4,10.199999999999989,71.6,72.4,-0.8000000000000114,-7.0,4.0,-11.0,-0.0727272727272672,-0.7757575757575753,0.7030303030303081,-0.5000000000000108,2.499999999999997,-3.0000000000000075,-0.42727272727274357,3.2757575757575723,-3.703030303030316,0.0,0.0,0.0,1.0,1.0,0.0
0A01,P2,8,2025-07-09 14:03:28.911000+00:00,19.027,0.22872340425531915,D second,10,10,0,0,0,0,0.0,0.0,0.0,0,0,0,0.0,0.0,0.0,71.1,73.2,-2.1000000000000085,71.2,82.8,-11.599999999999994,0.10000000000000853,9.599999999999994,-9.499999999999986,-0.19999999999999934,1.8424242424242436,-2.042424242424243,0.19999999999999182,-8.818818799658584e-15,0.20000000000000065,0.39999999999999114,-1.8424242424242525,2.2424242424242435,0.0,1.0,-1.0,1.0,1.0,0.0
0A01,P2,10,2025-07-09 14:03:48.656000+00:00,9.145,0.28191489361702127,D second,4,4,0,0,0,0,0.0,0.0,0.0,0,0,0,0.0,0.0,0.0,75.7,76.7,-1.0,78.0,72.4,5.599999999999994,2.299999999999997,-4.299999999999997,6.599999999999994,0.1515151515151524,-0.7333333333333338,0.8848484848484862,-0.3000000000000095,0.6999999999999857,-0.9999999999999952,-0.45151515151516186,1.4333333333333196,-1.8848484848484814,0.8,0.0,0.8,1.0,1.0,0.0
0A01,P2,11,2025-07-09 14:03:58.861000+00:00,9.032,0.30851063829787234,D second,4,4,0,0,0,0,0.0,0.0,0.0,0,0,0,0.0,0.0,0.0,77.4,73.0,4.400000000000006,72.6,73.6,-1.0,-4.800000000000011,0.5999999999999943,-5.400000000000006,-0.27878787878787953,0.12121212121212223,-0.40000000000000174,-0.5000000000000027,-0.3000000000000078,-0.19999999999999485,-0.22121212121212314,-0.42121212121213003,0.2000000000000069,0.0,0.0,0.0,1.0,1.0,0.0
0A01,P2,12,2025-07-09 14:04:08.536000+00:00,8.141,0.3351063829787234,D second,3,3,0,0,0,0,0.0,0.0,0.0,0,0,0,0.0,0.0,0.0,73.8,75.5,-1.7000000000000028,79.2,78.4,0.7999999999999972,5.400000000000006,2.9000000000000057,2.5,0.48484848484848353,0.6606060606060635,-0.17575757575758,0.8999999999999916,-0.500000000000004,1.3999999999999955,0.41515151515150805,-1.1606060606060675,1.5757575757575757,1.0,0.0,1.0,1.0,1.0,0.0
0A01,P2,13,2025-07-09 14:04:18.096000+00:00,9.935,0.35904255319148937,D second,4,4,0,0,0,0,0.0,0.0,0.0,0,0,0,0.0,0.0,0.0,79.0,77.9,1.0999999999999943,79.0,74.8,4.200000000000003,0.0,-3.1000000000000085,3.1000000000000085,0.13333333333333616,-0.3696969696969687,0.5030303030303048,-8.059562612555538e-15,-0.20000000000000062,0.19999999999999257,-0.1333333333333442,0.16969696969696807,-0.3030303030303123,1.0,0.0,1.0,1.0,1.0,0.0
0A01,P2,14,2025-07-09 14:04:29.002000+00:00,9.343,0.3882978723404255,D second,4,4,0,0,0,0,0.0,0.0,0.0,0,0,0,0.0,0.0,0.0,78.2,72.5,5.700000000000003,74.2,72.4,1.7999999999999972,-4.0,-0.09999999999999432,-3.9000000000000057,-0.5454545454545455,-0.8666666666666604,0.32121212121211484,0.1999999999999975,1.1999999999999904,-0.9999999999999929,0.745454545454543,2.066666666666651,-1.321212121212108,0.0,0.0,0.0,1.0,1.0,0.0
0A01,P2,15,2025-07-09 14:04:39.488000+00:00,8.718,0.4148936170212766,D second,3,3,0,0,0,0,0.0,0.0,0.0,0,0,0,0.0,0.0,0.0,73.9,72.4,1.5,72.0,76.0,-4.0,-1.9000000000000057,3.5999999999999943,-5.5,-0.1515151515151458,0.860606060606061,-1.0121212121212069,-5.200494384623844e-15,-5.198128715046503e-15,-2.3656695773410155e-18,0.1515151515151406,-0.8606060606060663,1.0121212121212069,0.0,0.0,0.0,1.0,1.0,0.0
0A01,P2,16,2025-07-09 14:04:49.057000+00:00,8.911,0.44148936170212766,D second,3,3,0,0,0,0,0.0,0.0,0.0,0,0,0,0.0,0.0,0.0,71.5,75.9,-4.400000000000006,73.6,77.0,-3.4000000000000057,2.0999999999999943,1.0999999999999943,1.0,-0.24848484848484706,0.05454545454545911,-0.30303030303030615,1.9999999999999942,0.0999999999999937,1.9000000000000006,2.2484848484848414,0.045454545454534596,2.2030303030303067,0.2,0.0,0.2,1.0,1.0,0.0
0A01,P2,17,2025-07-09 14:04:58.862000+00:00,8.993,0.46808510638297873,D second,3,3,0,0,0,0,0.0,0.0,0.0,0,0,0,0.0,0.0,0.0,77.8,76.5,1.2999999999999972,80.2,76.2,4.0,2.4000000000000057,-0.29999999999999716,2.700000000000003,1.5030303030303052,-0.01818181818181862,1.5212121212121237,-0.2000000000000132,0.1999999999999962,-0.4000000000000094,-1.7030303030303184,0.21818181818181484,-1.9212121212121334,1.0,0.0,1.0,1.0,1.0,0.0
0A01,P2,18,2025-07-09 14:05:08.700000+00:00,9.343,0.4946808510638298,D second,4,4,0,0,0,0,0.0,0.0,0.0,1,0,1,3.0,0.0,3.0,80.2,77.0,3.200000000000003,76.2,79.4,-3.200000000000003,-4.0,2.4000000000000057,-6.400000000000006,-0.08484848484848141,0.424242424242426,-0.5090909090909074,-0.8000000000000043,-0.5000000000000131,-0.29999999999999116,-0.7151515151515229,-0.9242424242424391,0.2090909090909162,0.2,0.0,0.2,1.0,1.0,0.0
0A01,P2,19,2025-07-09 14:05:18.865000+00:00,8.853,0.5212765957446809,D second,3,3,0,0,0,0,0.0,0.0,0.0,0,0,0,0.0,0.0,0.0,76.0,79.0,-3.0,73.2,79.8,-6.599999999999994,-2.799999999999997,0.7999999999999972,-3.5999999999999943,-0.15757575757575537,-0.2424242424242422,0.08484848484848684,-0.20000000000000664,0.19999999999999943,-0.4000000000000061,-0.042424242424251274,0.4424242424242416,-0.48484848484849286,0.0,0.0,0.0,1.0,1.0,0.0
0A01,P2,20,2025-07-09 14:05:28.404000+00:00,10.274,0.5452127659574468,D second,5,5,0,0,0,0,0.0,0.0,0.0,0,0,0,0.0,0.0,0.0,73.9,79.3,-5.3999999999999915,73.8,78.8,-5.0,-0.10000000000000853,-0.5,0.3999999999999915,0.04242424242424224,0.18787878787878753,-0.14545454545454528,-0.6999999999999993,0.29999999999999083,-0.9999999999999901,-0.7424242424242415,0.1121212121212033,-0.8545454545454448,0.0,0.0,0.0,1.0,1.0,0.0
0A01,P2,21,2025-07-09 14:05:39.411000+00:00,11.795,0.574468085106383,D second,6,6,0,0,0,0,0.0,0.0,0.0,0,0,0,0.0,0.0,0.0,73.4,78.3,-4.8999999999999915,81.6,77.0,4.599999999999994,8.199999999999989,-1.2999999999999972,9.499999999999986,0.10909090909091283,-0.17575757575757275,0.2848484848484856,0.9999999999999947,-4.168942602871812e-15,0.9999999999999989,0.8909090909090819,0.1757575757575686,0.7151515151515133,1.0,0.0,1.0,1.0,1.0,0.0
0A01,P2,23,2025-07-09 14:05:58.547000+00:00,9.731,0.6276595744680851,D second,4,4,0,0,0,0,0.0,0.0,0.0,0,0,0,0.0,0.0,0.0,76.2,83.5,-7.299999999999997,73.6,76.2,-2.6000000000000085,-2.6000000000000085,-7.299999999999997,4.699999999999989,-0.3515151515151471,-0.321212121212118,-0.03030303030302911,-0.3000000000000078,1.6999999999999953,-2.000000000000003,0.0515151515151393,2.0212121212121135,-1.9696969696969742,0.0,0.2,-0.2,1.0,1.0,0.0
0A01,P2,24,2025-07-09 14:06:09.423000+00:00,8.596,0.6542553191489362,D second,3,3,0,0,0,0,0.0,0.0,0.0,0,0,0,0.0,0.0,0.0,74.3,80.6,-6.299999999999997,77.0,83.0,-6.0,2.700000000000003,2.4000000000000057,0.29999999999999716,0.22424242424242624,1.9757575757575756,-1.7515151515151492,0.7999999999999949,-2.600000000000008,3.400000000000003,0.5757575757575687,-4.575757575757583,5.151515151515152,0.4,0.6,-0.19999999999999996,1.0,1.0,0.0
0A01,P2,25,2025-07-09 14:06:18.787000+00:00,9.295,0.6808510638297872,D second,4,4,0,0,1,-1,0.0,1.0,-1.0,0,1,-1,0.0,6.0,-6.0,77.3,82.1,-4.799999999999997,75.6,70.2,5.3999999999999915,-1.7000000000000028,-11.899999999999991,10.199999999999989,0.0666666666666663,-1.7272727272727262,1.7939393939393924,0.5999999999999999,-0.8000000000000056,1.4000000000000055,0.5333333333333335,0.9272727272727206,-0.39393939393938704,0.2,0.0,0.2,1.0,1.0,0.0
0A01,P2,26,2025-07-09 14:06:28.783000+00:00,8.853,0.7074468085106383,D second,3,3,0,0,0,0,0.0,0.0,0.0,0,0,0,0.0,0.0,0.0,77.5,70.6,6.900000000000006,77.0,72.4,4.599999999999994,-0.5,1.8000000000000114,-2.3000000000000114,0.6848484848484857,-0.3272727272727281,1.0121212121212138,-1.5999999999999996,0.599999999999989,-2.1999999999999886,-2.284848484848485,0.927272727272717,-3.212121212121202,0.4,0.0,0.4,1.0,1.0,0.0
0A01,P2,27,2025-07-09 14:06:38.328000+00:00,9.358,0.7313829787234043,D second,4,4,0,0,0,0,0.0,0.0,0.0,0,0,0,0.0,0.0,0.0,76.4,72.1,4.300000000000011,74.2,81.0,-6.799999999999997,-2.200000000000003,8.900000000000006,-11.100000000000009,-0.6666666666666677,0.5272727272727277,-1.1939393939393954,-0.5000000000000071,2.999999999999992,-3.499999999999999,0.16666666666666063,2.4727272727272642,-2.3060606060606035,0.0,0.6,-0.6,1.0,1.0,0.0
0A01,P2,28,2025-07-09 14:06:48.424000+00:00,10.504,0.7579787234042553,D second,5,5,0,0,0,0,0.0,0.0,0.0,0,0,0,0.0,0.0,0.0,74.0,82.5,-8.5,74.0,81.6,-7.599999999999994,0.0,-0.9000000000000057,0.9000000000000057,-0.012121212121208851,1.5090909090909113,-1.5212121212121201,-0.40000000000001223,-1.299999999999999,0.8999999999999867,-0.38787878787880337,-2.8090909090909104,2.421212121212107,0.0,0.6,-0.6,1.0,1.0,0.0
0A01,P2,29,2025-07-09 14:07:00.303000+00:00,7.702,0.7898936170212766,D second,2,2,0,0,0,0,0.0,0.0,0.0,0,1,-1,0.0,5.0,-5.0,73.6,79.2,-5.6000000000000085,73.4,74.6,-1.1999999999999886,-0.19999999999998863,-4.6000000000000085,4.40000000000002,0.12121212121212584,-0.9818181818181766,1.1030303030303024,-0.5000000000000066,0.4999999999999928,-0.9999999999999993,-0.6212121212121324,1.4818181818181695,-2.1030303030303017,0.0,0.0,0.0,1.0,1.0,0.0
0A01,P2,30,2025-07-09 14:07:08.721000+00:00,9.601,0.8138297872340425,D second,4,4,0,0,1,-1,0.0,5.0,-5.0,0,1,-1,0.0,5.0,-5.0,73.1,75.5,-2.4000000000000057,76.2,74.2,2.0,3.1000000000000085,-1.2999999999999972,4.400000000000006,-0.2727272727272701,0.09090909090909292,-0.36363636363636304,-0.10000000000000417,-1.0000000000000107,0.9000000000000065,0.17272727272726593,-1.0909090909091035,1.2636363636363694,0.0,0.0,0.0,1.0,1.0,0.0
0A01,P2,31,2025-07-09 14:07:18.989000+00:00,9.496,0.8404255319148937,D second,4,4,0,0,0,0,0.0,0.0,0.0,0,0,0,0.0,0.0,0.0,74.9,73.2,1.7000000000000028,75.4,72.4,3.0,0.5,-0.7999999999999972,1.2999999999999972,-0.47878787878788,-0.7393939393939423,0.2606060606060623,0.2999999999999969,0.39999999999999836,-0.10000000000000148,0.7787878787878768,1.1393939393939405,-0.3606060606060637,0.0,0.0,0.0,1.0,1.0,0.0
0A01,P2,32,2025-07-09 14:07:29.035000+00:00,9.033,0.8670212765957447,D second,4,4,0,0,0,0,0.0,0.0,0.0,0,0,0,0.0,0.0,0.0,76.4,72.8,3.6000000000000085,79.4,73.8,5.6000000000000085,3.0,1.0,2.0,0.3757575757575761,0.4848484848484908,-0.10909090909091468,0.3999999999999981,0.09999999999998728,0.3000000000000108,0.024242424242421956,-0.38484848484850354,0.4090909090909255,1.0,0.0,1.0,1.0,1.0,0.0
0A01,P2,33,2025-07-09 14:07:38.781000+00:00,9.467,0.8936170212765957,D second,4,4,0,0,0,0,0.0,0.0,0.0,0,0,0,0.0,0.0,0.0,80.2,74.0,6.200000000000003,80.2,75.2,5.0,0.0,1.2000000000000028,-1.2000000000000028,0.26666666666666616,-0.12121212121212105,0.3878787878787872,0.1999999999999892,-1.1729455110012437e-14,0.20000000000000093,-0.06666666666667698,0.12121212121210932,-0.1878787878787863,1.0,0.0,1.0,1.0,1.0,0.0
0A01,P2,34,2025-07-09 14:07:48.939000+00:00,9.255,0.9202127659574468,D second,4,4,0,0,0,0,0.0,0.0,0.0,0,0,0,0.0,0.0,0.0,79.6,73.9,5.699999999999989,77.8,72.0,5.799999999999997,-1.7999999999999972,-1.9000000000000057,0.10000000000000853,-0.2909090909090897,-0.3818181818181835,0.09090909090909383,-7.70098722106041e-15,-5.200494384623844e-15,-2.500492836436567e-15,0.29090909090908196,0.3818181818181783,-0.09090909090909632,0.8,0.0,0.8,1.0,1.0,0.0
0A02,P2,0,2025-07-10 08:43:23.623000+00:00,7.745,0.02756892230576441,D second,2,2,0,0,0,0,0.0,0.0,0.0,0,0,0,0.0,0.0,0.0,64.5,59.2,5.299999999999997,63.4,58.6,4.799999999999997,-1.1000000000000014,-0.6000000000000014,-0.5,0.07878787878787624,-0.3878787878787907,0.46666666666666695,-0.7999999999999995,-0.30000000000001165,-0.49999999999998784,-0.8787878787878758,0.08787878787877906,-0.9666666666666548,1.0,0.0,1.0,1.0,1.0,0.0
0A02,P2,1,2025-07-10 08:43:32.958000+00:00,8.63,0.05012531328320802,D second,3,3,0,0,0,0,0.0,0.0,0.0,0,0,0,0.0,0.0,0.0,62.1,58.1,4.0,58.2,56.0,2.200000000000003,-3.8999999999999986,-2.1000000000000014,-1.7999999999999972,-0.624242424242424,-0.272727272727272,-0.35151515151515206,-0.20000000000000456,-5.117763092143714e-15,-0.19999999999999946,0.4242424242424195,0.2727272727272669,0.1515151515151526,0.0,0.0,0.0,1.0,1.0,0.0
0A02,P2,2,2025-07-10 08:43:43.463000+00:00,8.161,0.07518796992481203,D second,3,3,0,0,0,0,0.0,0.0,0.0,0,0,0,0.0,0.0,0.0,57.2,56.4,0.8000000000000043,53.8,56.4,-2.6000000000000014,-3.4000000000000057,0.0,-3.4000000000000057,-0.3515151515151502,0.07272727272727326,-0.4242424242424235,-1.1000000000000048,-7.801092128693856e-15,-1.099999999999997,-0.7484848484848545,-0.07272727272728106,-0.6757575757575734,0.0,0.0,0.0,1.0,1.0,0.0
0A02,P2,3,2025-07-10 08:43:52.940000+00:00,8.061,0.10025062656641603,D second,3,3,0,0,0,0,0.0,0.0,0.0,0,0,0,0.0,0.0,0.0,53.0,57.4,-4.399999999999999,52.8,59.8,-7.0,-0.20000000000000284,2.3999999999999986,-2.6000000000000014,-0.39999999999999963,0.36363636363636376,-0.7636363636363634,0.19999999999999252,0.7999999999999956,-0.6000000000000031,0.5999999999999921,0.43636363636363185,0.16363636363636025,0.0,0.0,0.0,1.0,1.0,0.0
0A02,P2,4,2025-07-10 08:44:02.262000+00:00,9.487,0.12280701754385964,D second,4,4,0,0,0,0,0.0,0.0,0.0,0,1,-1,0.0,5.0,-5.0,52.4,60.0,-7.600000000000001,52.0,60.8,-8.799999999999997,-0.3999999999999986,0.7999999999999972,-1.1999999999999957,-0.04848484848484737,0.3272727272727293,-0.3757575757575767,-9.23450754084248e-15,-0.8000000000000076,0.7999999999999984,0.04848484848483813,-1.127272727272737,1.1757575757575751,0.0,0.4,-0.4,1.0,1.0,0.0
0A02,P2,5,2025-07-10 08:44:13.337000+00:00,9.066,0.15037593984962405,D second,4,4,0,0,0,0,0.0,0.0,0.0,0,0,0,0.0,0.0,0.0,53.0,59.5,-6.5,54.6,58.6,-4.0,1.6000000000000014,-0.8999999999999986,2.5,0.2909090909090934,-0.5393939393939386,0.8303030303030321,0.49999999999999284,0.2999999999999951,0.19999999999999774,0.20909090909089945,0.8393939393939338,-0.6303030303030344,0.0,0.0,0.0,1.0,1.0,0.0
0A02,P2,6,2025-07-10 08:44:24.335000+00:00,8.981,0.17794486215538846,D second,3,3,0,0,0,0,0.0,0.0,0.0,0,0,0,0.0,0.0,0.0,56.0,59.6,-3.6000000000000014,57.4,61.2,-3.8000000000000043,1.3999999999999986,1.6000000000000014,-0.20000000000000284,0.37575757575757524,0.2545454545454597,0.12121212121211555,0.2999999999999938,0.1999999999999934,0.10000000000000042,-0.07575757575758141,-0.054545454545466276,-0.02121212121211513,0.0,0.2,-0.2,1.0,1.0,0.0
0A02,P2,7,2025-07-10 08:44:33.922000+00:00,7.723,0.20300751879699247,D second,2,2,0,0,0,0,0.0,0.0,0.0,0,0,0,0.0,0.0,0.0,57.5,61.9,-4.399999999999999,56.2,63.2,-7.0,-1.2999999999999972,1.3000000000000043,-2.6000000000000014,0.030303030303032105,0.3333333333333354,-0.3030303030303033,-0.20000000000000664,-0.20000000000000429,-2.3592239273284576e-15,-0.23030303030303875,-0.5333333333333397,0.3030303030303009,0.0,1.0,-1.0,1.0,1.0,0.0
0A02,P2,8,2025-07-10 08:44:43.323000+00:00,8.624,0.22556390977443608,D second,3,3,0,0,0,0,0.0,0.0,0.0,0,0,0,0.0,0.0,0.0,56.5,63.7,-7.200000000000003,56.0,68.0,-12.0,-0.5,4.299999999999997,-4.799999999999997,-0.0060606060606040735,0.1393939393939418,-0.14545454545454586,-5.117763092143714e-15,-0.8000000000000048,0.7999999999999997,0.006060606060598956,-0.9393939393939466,0.9454545454545455,0.0,1.0,-1.0,1.0,1.0,0.0
0A02,P2,9,2025-07-10 08:44:54.188000+00:00,9.851,0.2531328320802005,D second,4,4,0,0,0,0,0.0,0.0,0.0,0,0,0,0.0,0.0,0.0,56.0,65.1,-9.099999999999994,56.0,59.4,-3.3999999999999986,0.0,-5.699999999999996,5.699999999999996,1.1244361822628438e-15,-1.0727272727272723,1.0727272727272734,-5.117763092143714e-15,-0.7000000000000126,0.7000000000000075,-6.242199274406558e-15,0.3727272727272597,-0.3727272727272659,0.0,0.0,0.0,1.0,1.0,0.0
0A02,P2,10,2025-07-10 08:45:05.189000+00:00,7.609,0.2807017543859649,D second,2,2,0,0,0,0,0.0,0.0,0.0,0,0,0,0.0,0.0,0.0,56.5,58.5,-2.0,58.0,57.2,0.7999999999999972,1.5,-1.2999999999999972,2.799999999999997,0.17575757575757833,-0.3939393939393935,0.5696969696969718,-7.711115487003307e-15,0.19999999999999082,-0.19999999999999854,-0.17575757575758605,0.5939393939393843,-0.7696969696969704,0.0,0.0,0.0,1.0,1.0,0.0
0A02,P2,11,2025-07-10 08:45:13.646000+00:00,7.518,0.3032581453634085,D second,2,2,0,0,0,0,0.0,0.0,0.0,0,0,0,0.0,0.0,0.0,58.2,58.2,0.0,57.2,61.6,-4.399999999999999,-1.0,3.3999999999999986,-4.399999999999999,0.09696969696969929,0.4484848484848494,-0.3515151515151501,-0.2000000000000074,0.09999999999999049,-0.2999999999999979,-0.29696969696970665,-0.3484848484848589,0.051515151515152235,0.0,0.6,-0.6,1.0,1.0,0.0
0A02,P2,12,2025-07-10 08:45:22.754000+00:00,8.197,0.3258145363408521,D second,3,3,0,0,0,0,0.0,0.0,0.0,0,0,0,0.0,0.0,0.0,57.3,61.6,-4.300000000000004,57.2,61.8,-4.599999999999994,-0.09999999999999432,0.19999999999999574,-0.29999999999999005,-0.15151515151515127,0.230303030303029,-0.3818181818181803,0.19999999999999082,-0.20000000000000132,0.39999999999999214,0.3515151515151421,-0.4303030303030303,0.7818181818181724,0.0,0.8,-0.8,1.0,1.0,0.0
0A02,P2,13,2025-07-10 08:45:32.163000+00:00,8.747,0.3483709273182957,D second,3,3,0,0,0,0,0.0,0.0,0.0,0,0,0,0.0,0.0,0.0,57.1,61.1,-4.0,53.6,59.8,-6.199999999999996,-3.5,-1.3000000000000043,-2.1999999999999957,-0.030303030303028007,-0.4060606060606033,0.3757575757575753,-0.30000000000000565,0.1999999999999938,-0.49999999999999944,-0.26969696969697765,0.6060606060605971,-0.8757575757575747,0.0,0.0,0.0,1.0,1.0,0.0
0A02,P2,14,2025-07-10 08:45:41.235000+00:00,10.921,0.37092731829573933,D second,5,5,0,0,0,0,0.0,0.0,0.0,0,0,0,0.0,0.0,0.0,53.8,59.3,-5.5,55.6,59.0,-3.3999999999999986,1.8000000000000043,-0.29999999999999716,2.1000000000000014,-0.15757575757575612,-0.12727272727272826,-0.03030303030302786,1.1000000000000005,-7.329371407955073e-16,1.1000000000000012,1.2575757575757567,0.12727272727272754,1.130303030303029,0.0,0.0,0.0,1.0,1.0,0.0
0A02,P2,15,2025-07-10 08:45:53.618000+00:00,8.493,0.40350877192982454,D second,3,3,0,0,0,0,0.0,0.0,0.0,0,0,0,0.0,0.0,0.0,56.8,59.2,-2.4000000000000057,54.0,59.8,-5.799999999999997,-2.799999999999997,0.5999999999999943,-3.3999999999999915,-0.290909090909088,0.03636363636364009,-0.3272727272727281,-1.7644889225475395e-15,0.1999999999999938,-0.19999999999999557,0.29090909090908623,0.1636363636363537,0.12727272727273253,0.0,0.0,0.0,1.0,1.0,0.0
0A02,P2,16,2025-07-10 08:46:03.353000+00:00,8.078,0.42606516290726815,D second,3,3,0,0,0,0,0.0,0.0,0.0,0,0,0,0.0,0.0,0.0,53.7,59.3,-5.599999999999994,53.8,57.4,-3.6000000000000014,0.09999999999999432,-1.8999999999999986,1.999999999999993,-0.23636363636363503,-0.1272727272727237,-0.10909090909091132,0.19999999999999118,-0.500000000000007,0.6999999999999982,0.4363636363636262,-0.3727272727272833,0.8090909090909095,0.0,0.0,0.0,1.0,1.0,0.0
0A02,P2,17,2025-07-10 08:46:12.335000+00:00,9.043,0.44862155388471175,D second,4,4,0,0,0,0,0.0,0.0,0.0,0,0,0,0.0,0.0,0.0,53.3,57.1,-3.8000000000000043,55.2,57.4,-2.1999999999999957,1.9000000000000057,0.29999999999999716,1.6000000000000085,0.006060606060607648,-0.2969696969696961,0.30303030303030376,0.5999999999999956,0.4999999999999986,0.09999999999999704,0.593939393939388,0.7969696969696947,-0.20303030303030667,0.0,0.0,0.0,1.0,1.0,0.0
0A02,P2,18,2025-07-10 08:46:22.299000+00:00,10.303,0.47368421052631576,D second,5,5,0,0,0,0,0.0,0.0,0.0,0,0,0,0.0,0.0,0.0,56.6,58.0,-1.3999999999999986,56.2,59.0,-2.799999999999997,-0.3999999999999986,1.0,-1.3999999999999986,0.4969696969696987,0.278787878787881,0.2181818181818177,-0.20000000000000664,-7.329371407955073e-16,-0.20000000000000592,-0.6969696969697053,-0.27878787878788175,-0.4181818181818236,0.0,0.0,0.0,1.0,1.0,0.0
0A02,P2,19,2025-07-10 08:46:33.713000+00:00,8.551,0.5037593984962406,D second,3,3,0,0,0,0,0.0,0.0,0.0,0,0,0,0.0,0.0,0.0,55.3,58.6,-3.3000000000000043,52.2,58.2,-6.0,-3.0999999999999943,-0.3999999999999986,-2.6999999999999957,-0.29696969696969466,-0.14545454545454475,-0.1515151515151499,-3.5985851303040854e-15,0.19999999999999707,-0.20000000000000068,0.29696969696969105,0.3454545454545418,-0.04848484848485074,0.0,0.0,0.0,1.0,1.0,0.0
0A02,P2,20,2025-07-10 08:46:43.280000+00:00,8.898,0.5263157894736842,D second,3,3,0,0,0,0,0.0,0.0,0.0,0,0,0,0.0,0.0,0.0,52.2,58.1,-5.899999999999999,53.4,57.6,-4.200000000000003,1.1999999999999957,-0.5,1.6999999999999957,-0.07272727272727157,-0.006060606060604459,-0.06666666666666711,0.49999999999998956,0.299999999999992,0.19999999999999757,0.5727272727272611,0.30606060606059643,0.26666666666666466,0.0,0.0,0.0,1.0,1.0,0.0
0A02,P2,21,2025-07-10 08:46:52.833000+00:00,9.066,0.5513784461152882,D second,4,4,0,0,0,0,0.0,0.0,0.0,0,0,0,0.0,0.0,0.0,53.6,57.4,-3.799999999999997,52.4,55.8,-3.3999999999999986,-1.2000000000000028,-1.6000000000000014,0.3999999999999986,0.14545454545454845,-0.07272727272727246,0.21818181818182092,-0.4000000000000063,-0.10000000000000787,-0.29999999999999843,-0.5454545454545547,-0.027272727272735414,-0.5181818181818193,0.0,0.0,0.0,1.0,1.0,0.0
0A02,P2,22,2025-07-10 08:47:02.798000+00:00,8.012,0.5764411027568922,D second,3,3,0,0,0,0,0.0,0.0,0.0,0,0,0,0.0,0.0,0.0,52.2,56.4,-4.199999999999996,52.2,58.2,-6.0,0.0,1.8000000000000043,-1.8000000000000043,-0.1090909090909077,0.09696969696969844,-0.20606060606060614,-0.20000000000000087,0.6999999999999986,-0.8999999999999995,-0.09090909090909317,0.6030303030303001,-0.6939393939393933,0.0,0.0,0.0,1.0,1.0,0.0
0A02,P2,23,2025-07-10 08:47:11.535000+00:00,10.132,0.5989974937343359,D second,5,5,0,0,0,0,0.0,0.0,0.0,0,0,0,0.0,0.0,0.0,52.2,58.4,-6.199999999999996,53.8,58.4,-4.600000000000001,1.5999999999999943,0.0,1.5999999999999943,0.012121212121212945,0.2666666666666651,-0.2545454545454522,0.49999999999999933,-0.30000000000000693,0.8000000000000063,0.4878787878787864,-0.566666666666672,1.0545454545454584,0.0,0.0,0.0,1.0,1.0,0.0
0A02,P2,24,2025-07-10 08:47:22.465000+00:00,9.864,0.6240601503759399,D second,4,4,0,0,0,0,0.0,0.0,0.0,0,0,0,0.0,0.0,0.0,54.9,58.8,-3.8999999999999986,55.8,58.2,-2.4000000000000057,0.8999999999999986,-0.5999999999999943,1.499999999999993,0.3939393939393952,0.06060606060606138,0.3333333333333338,-0.2,-0.20000000000000456,4.551914400963142e-15,-0.5939393939393952,-0.26060606060606595,-0.33333333333332926,0.0,0.0,0.0,1.0,1.0,0.0
0A02,P2,25,2025-07-10 08:47:33.005000+00:00,9.353,0.6516290726817042,D second,4,4,0,0,0,0,0.0,0.0,0.0,0,0,0,0.0,0.0,0.0,56.4,57.2,-0.8000000000000043,56.8,56.6,0.19999999999999574,0.3999999999999986,-0.6000000000000014,1.0,0.16969696969697198,-0.3515151515151502,0.5212121212121222,0.0999999999999967,0.29999999999999694,-0.20000000000000023,-0.06969696969697528,0.6515151515151472,-0.7212121212121224,0.0,0.0,0.0,1.0,1.0,0.0
0A02,P2,26,2025-07-10 08:47:43.429000+00:00,9.231,0.6766917293233082,D second,4,4,0,0,0,0,0.0,0.0,0.0,0,0,0,0.0,0.0,0.0,56.3,56.2,0.09999999999999432,56.2,55.4,0.8000000000000043,-0.09999999999999432,-0.8000000000000043,0.70000000000001,-0.21212121212120877,-0.18181818181818235,-0.030303030303026418,0.7999999999999944,0.29999999999999566,0.4999999999999987,1.012121212121203,0.48181818181817804,0.5303030303030251,0.0,0.0,0.0,1.0,1.0,0.0
0A02,P2,27,2025-07-10 08:47:53.782000+00:00,8.988,0.7042606516290727,D second,3,3,0,0,0,0,0.0,0.0,0.0,0,0,0,0.0,0.0,0.0,58.3,55.6,2.6999999999999957,59.2,55.8,3.4000000000000057,0.9000000000000057,0.19999999999999574,0.70000000000001,0.5636363636363668,0.07272727272727468,0.4909090909090921,-0.2000000000000113,0.19999999999998913,-0.40000000000000047,-0.7636363636363781,0.12727272727271444,-0.8909090909090925,0.0,0.0,0.0,1.0,1.0,0.0
0A02,P2,28,2025-07-10 08:48:03.786000+00:00,8.268,0.7293233082706767,D second,3,3,0,0,0,0,0.0,0.0,0.0,0,0,0,0.0,0.0,0.0,58.6,56.2,2.3999999999999986,53.8,58.6,-4.800000000000004,-4.800000000000004,2.3999999999999986,-7.200000000000003,-0.3636363636363616,0.27878787878787936,-0.642424242424241,0.2999999999999904,-8.667192685426588e-16,0.2999999999999913,0.663636363636352,-0.27878787878788025,0.9424242424242323,0.0,0.0,0.0,1.0,1.0,0.0
0A02,P2,29,2025-07-10 08:48:12.962000+00:00,8.561,0.7518796992481203,D second,3,3,0,0,0,0,0.0,0.0,0.0,0,0,0,0.0,0.0,0.0,54.4,57.1,-2.700000000000003,56.0,54.2,1.7999999999999972,1.6000000000000014,-2.8999999999999986,4.5,0.14545454545454586,-0.5515151515151502,0.696969696969696,0.5999999999999956,0.7999999999999992,-0.2000000000000035,0.4545454545454498,1.3515151515151493,-0.8969696969696995,0.0,0.0,0.0,1.0,1.0,0.0
0A02,P2,30,2025-07-10 08:48:22.510000+00:00,10.834,0.7769423558897243,D second,5,5,0,0,0,0,0.0,0.0,0.0,0,1,-1,0.0,3.0,-3.0,56.7,55.2,1.5,56.8,57.2,-0.4000000000000057,0.09999999999999432,2.0,-1.9000000000000057,0.2969696969696983,0.46060606060606235,-0.16363636363636402,-0.20000000000000084,0.39999999999999203,-0.5999999999999929,-0.49696969696969917,-0.06060606060607032,-0.43636363636362885,0.0,0.0,0.0,1.0,1.0,0.0
0A02,P2,31,2025-07-10 08:48:33.988000+00:00,7.433,0.8045112781954887,D second,2,2,0,0,0,0,0.0,0.0,0.0,0,0,0,0.0,0.0,0.0,55.7,58.8,-3.0999999999999943,55.0,59.2,-4.200000000000003,-0.7000000000000028,0.4000000000000057,-1.1000000000000085,-0.36969696969696947,0.38787878787879,-0.7575757575757595,0.5999999999999928,0.19999999999999807,0.3999999999999947,0.9696969696969622,-0.18787878787879192,1.1575757575757541,0.0,0.0,0.0,1.0,1.0,0.0
0A02,P2,32,2025-07-10 08:48:42.348000+00:00,8.994,0.8245614035087719,D second,3,3,0,0,0,0,0.0,0.0,0.0,0,0,0,0.0,0.0,0.0,54.7,59.4,-4.699999999999996,55.0,58.0,-3.0,0.29999999999999716,-1.3999999999999986,1.6999999999999957,0.09090909090909224,-0.02424242424242503,0.11515151515151728,0.40000000000000013,-7.711115487003307e-15,0.40000000000000785,0.30909090909090786,0.024242424242417317,0.28484848484849057,0.0,0.0,0.0,1.0,1.0,0.0
0A03,P2,0,2025-07-10 14:36:33.919000+00:00,7.749,0.034666666666666665,D second,2,2,0,0,0,0,0.0,0.0,0.0,0,0,0,0.0,0.0,0.0,78.5,95.8,-17.299999999999997,81.0,98.6,-17.599999999999994,2.5,2.799999999999997,-0.29999999999999716,0.2000000000000046,1.5757575757575766,-1.375757575757572,1.3999999999999957,-2.800000000000004,4.199999999999999,1.199999999999991,-4.37575757575758,5.575757575757572,0.4,0.4,0.0,1.0,1.0,0.0
0A03,P2,1,2025-07-10 14:36:42.480000+00:00,9.478,0.056,D second,4,4,0,0,0,0,0.0,0.0,0.0,0,0,0,0.0,0.0,0.0,79.8,97.6,-17.799999999999997,75.8,89.4,-13.600000000000009,-4.0,-8.199999999999989,4.199999999999989,0.15757575757575706,-1.6363636363636382,1.7939393939393953,0.4999999999999902,-0.10000000000000633,0.5999999999999965,0.3424242424242331,1.536363636363632,-1.1939393939393987,0.0,0.0,0.0,1.0,1.0,0.0
0A03,P2,2,2025-07-10 14:36:52.900000+00:00,8.828,0.08533333333333333,D second,3,3,0,0,0,0,0.0,0.0,0.0,0,0,0,0.0,0.0,0.0,77.7,92.2,-14.5,89.2,101.8,-12.599999999999994,11.5,9.599999999999994,1.9000000000000057,0.6606060606060613,0.9212121212121269,-0.2606060606060656,1.9999999999999907,1.7999999999999872,0.2000000000000035,1.3393939393939294,0.8787878787878602,0.4606060606060691,1.0,0.6,0.4,1.0,1.0,0.0
0A03,P2,3,2025-07-10 14:37:02.822000+00:00,8.658,0.112,D second,3,3,0,0,0,0,0.0,0.0,0.0,0,0,0,0.0,0.0,0.0,91.3,104.7,-13.400000000000006,82.2,112.4,-30.200000000000003,-9.099999999999994,7.700000000000003,-16.799999999999997,0.7333333333333292,1.206060606060611,-0.47272727272728177,-1.2000000000000106,0.49999999999999045,-1.700000000000001,-1.9333333333333398,-0.7060606060606205,-1.2272727272727193,0.4,1.0,-0.6,1.0,1.0,0.0
0A03,P2,4,2025-07-10 14:37:12.465000+00:00,9.505,0.136,D second,4,4,0,0,0,0,0.0,0.0,0.0,0,0,0,0.0,0.0,0.0,81.2,112.1,-30.89999999999999,82.4,112.6,-30.19999999999999,1.2000000000000028,0.5,0.7000000000000028,-1.0545454545454498,0.5757575757575754,-1.630303030303025,1.5999999999999905,-0.4000000000000065,1.9999999999999971,2.65454545454544,-0.9757575757575818,3.630303030303022,0.4,1.0,-0.6,1.0,1.0,0.0
0A03,P2,5,2025-07-10 14:37:22.732000+00:00,8.968,0.16533333333333333,D second,3,3,0,0,0,0,0.0,0.0,0.0,0,0,0,0.0,0.0,0.0,85.6,110.7,-25.10000000000001,91.2,106.2,-15.0,5.6000000000000085,-4.5,10.100000000000009,0.8000000000000013,-0.4545454545454549,1.2545454545454562,1.2999999999999967,-2.300000000000015,3.6000000000000116,0.49999999999999545,-1.84545454545456,2.3454545454545555,1.0,0.8,0.19999999999999996,1.0,1.0,0.0
0A03,P2,6,2025-07-10 14:37:32.617000+00:00,8.71,0.192,D second,3,3,0,0,0,0,0.0,0.0,0.0,0,0,0,0.0,0.0,0.0,91.7,101.2,-9.5,86.8,90.4,-3.6000000000000085,-4.900000000000006,-10.799999999999997,5.8999999999999915,0.24848484848485142,-1.8666666666666634,2.115151515151515,-1.3000000000000076,-1.9000000000000072,0.5999999999999996,-1.548484848484859,-0.03333333333334387,-1.5151515151515151,1.0,0.0,1.0,1.0,1.0,0.0
0A03,P2,7,2025-07-10 14:37:42.229000+00:00,9.201,0.216,D second,4,4,0,0,0,0,0.0,0.0,0.0,0,0,0,0.0,0.0,0.0,86.3,90.5,-4.200000000000003,84.0,87.4,-3.4000000000000057,-2.299999999999997,-3.0999999999999943,0.7999999999999972,-0.781818181818177,-1.1090909090909102,0.32727272727273327,0.9999999999999961,-0.3000000000000016,1.2999999999999976,1.781818181818173,0.8090909090909086,0.9727272727272644,0.8,0.0,0.8,1.0,1.0,0.0
0A03,P2,8,2025-07-10 14:37:52.586000+00:00,8.994,0.24533333333333332,D second,3,3,0,0,0,0,0.0,0.0,0.0,0,0,0,0.0,0.0,0.0,85.8,88.6,-2.799999999999997,83.2,91.2,-8.0,-2.5999999999999943,2.6000000000000085,-5.200000000000003,0.375757575757575,0.3878787878787907,-0.012121212121215696,-0.8000000000000143,0.3999999999999903,-1.2000000000000046,-1.1757575757575893,0.012121212121199598,-1.1878787878787889,0.6,0.0,0.6,1.0,1.0,0.0
0A03,P2,9,2025-07-10 14:38:02.370000+00:00,9.257,0.2693333333333333,D second,4,4,0,0,0,0,0.0,0.0,0.0,0,0,0,0.0,0.0,0.0,82.7,91.8,-9.099999999999994,81.8,94.4,-12.600000000000009,-0.9000000000000057,2.6000000000000085,-3.500000000000014,-0.5757575757575738,0.40000000000000013,-0.9757575757575739,0.7999999999999978,0.5999999999999889,0.20000000000000895,1.3757575757575715,0.19999999999998874,1.1757575757575829,0.4,0.0,0.4,1.0,1.0,0.0
0A03,P2,10,2025-07-10 14:38:12.977000+00:00,9.672,0.2986666666666667,D second,4,4,0,0,0,0,0.0,0.0,0.0,0,0,0,0.0,0.0,0.0,82.9,95.2,-12.299999999999997,88.4,98.4,-10.0,5.5,3.200000000000003,2.299999999999997,0.22424242424242197,0.3515151515151565,-0.12727272727273453,1.8999999999999826,0.49999999999999206,1.3999999999999906,1.6757575757575607,0.14848484848483556,1.5272727272727251,1.0,0.0,1.0,1.0,1.0,0.0
0A03,P2,11,2025-07-10 14:38:23.580000+00:00,8.079,0.328,D second,3,3,0,0,0,0,0.0,0.0,0.0,0,0,0,0.0,0.0,0.0,89.4,98.4,-9.0,85.0,96.8,-11.799999999999997,-4.400000000000006,-1.6000000000000085,-2.799999999999997,-0.1939393939393937,-0.09696969696969825,-0.09696969696969544,-4.16421126371713e-15,-0.20000000000000773,0.20000000000000356,0.19393939393938953,-0.10303030303030948,0.296969696969699,1.0,0.0,1.0,1.0,1.0,0.0
0A03,P2,12,2025-07-10 14:38:32.537000+00:00,9.924,0.352,D second,4,4,0,0,0,0,0.0,0.0,0.0,0,0,0,0.0,0.0,0.0,84.7,95.5,-10.799999999999997,82.4,86.6,-4.199999999999989,-2.299999999999997,-8.900000000000006,6.6000000000000085,-0.2484848484848469,-0.6848484848484833,0.4363636363636364,-0.3000000000000023,-1.3000000000000025,1.0000000000000002,-0.05151515151515543,-0.6151515151515192,0.5636363636363638,0.4,0.0,0.4,1.0,1.0,0.0
0A03,P2,13,2025-07-10 14:38:43.342000+00:00,8.31,0.37866666666666665,D second,3,3,0,0,0,0,0.0,0.0,0.0,0,0,0,0.0,0.0,0.0,81.6,86.3,-4.700000000000003,83.2,86.0,-2.799999999999997,1.6000000000000085,-0.29999999999999716,1.9000000000000057,-0.3151515151515153,-0.6242424242424235,0.3090909090909082,0.4999999999999919,-0.6000000000000099,1.1000000000000019,0.8151515151515072,0.02424242424241363,0.7909090909090936,0.8,0.0,0.8,1.0,1.0,0.0
0A03,P2,14,2025-07-10 14:38:53.128000+00:00,8.785,0.4053333333333333,D second,3,3,0,0,0,0,0.0,0.0,0.0,0,0,0,0.0,0.0,0.0,84.4,86.4,-2.0,87.8,88.6,-0.7999999999999972,3.3999999999999915,2.1999999999999886,1.2000000000000028,0.5333333333333293,0.1696969696969719,0.36363636363635743,-0.8000000000000052,-0.2999999999999987,-0.5000000000000064,-1.3333333333333344,-0.4696969696969706,-0.8636363636363638,1.0,0.0,1.0,1.0,1.0,0.0
0A03,P2,15,2025-07-10 14:39:02.877000+00:00,9.684,0.432,D second,4,4,0,0,0,0,0.0,0.0,0.0,0,0,0,0.0,0.0,0.0,84.7,88.7,-4.0,76.0,89.8,-13.799999999999997,-8.700000000000003,1.0999999999999943,-9.799999999999997,-1.2424242424242442,0.15151515151515296,-1.3939393939393971,0.3999999999999912,-1.100000000000009,1.5000000000000002,1.6424242424242355,-1.251515151515162,2.893939393939397,0.0,0.0,0.0,1.0,1.0,0.0
0A03,P2,16,2025-07-10 14:39:13.430000+00:00,8.196,0.45866666666666667,D second,3,3,0,0,0,0,0.0,0.0,0.0,0,0,0,0.0,0.0,0.0,77.0,89.5,-12.5,84.8,88.4,-3.6000000000000085,7.799999999999997,-1.0999999999999943,8.899999999999991,0.4242424242424226,-0.4181818181818185,0.8424242424242411,1.9999999999999951,-1.0000000000000107,3.0000000000000058,1.5757575757575726,-0.5818181818181922,2.157575757575765,0.8,0.0,0.8,1.0,1.0,0.0
0A03,P2,17,2025-07-10 14:39:22.513000+00:00,9.523,0.48533333333333334,D second,4,4,0,0,0,0,0.0,0.0,0.0,0,0,0,0.0,0.0,0.0,86.8,85.0,1.7999999999999972,85.4,81.6,3.8000000000000114,-1.3999999999999915,-3.4000000000000057,2.000000000000014,0.8848484848484837,-1.1030303030303015,1.9878787878787851,-3.000000000000013,-0.30000000000000365,-2.700000000000009,-3.8848484848484963,0.8030303030302979,-4.687878787878795,0.8,0.0,0.8,1.0,1.0,0.0
0A03,P2,18,2025-07-10 14:39:33.167000+00:00,8.576,0.512,D second,3,3,0,0,0,0,0.0,0.0,0.0,1,0,1,3.0,0.0,3.0,79.1,80.1,-1.0,72.0,80.6,-8.599999999999994,-7.099999999999994,0.5,-7.599999999999994,-2.3818181818181787,-0.5515151515151523,-1.8303030303030265,0.19999999999999576,0.39999999999998587,-0.1999999999999901,2.5818181818181745,0.9515151515151381,1.6303030303030364,0.0,0.0,0.0,1.0,1.0,0.0
0A03,P2,19,2025-07-10 14:39:42.715000+00:00,9.179,0.5386666666666666,D second,4,4,0,1,0,1,1.0,0.0,1.0,1,0,1,1.0,0.0,1.0,73.0,80.3,-7.299999999999997,75.4,82.2,-6.799999999999997,2.4000000000000057,1.9000000000000057,0.5,0.35151515151515045,0.030303030303032174,0.3212121212121183,1.5999999999999943,0.7999999999999998,0.7999999999999945,1.2484848484848439,0.7696969696969677,0.4787878787878762,0.0,0.0,0.0,1.0,1.0,0.0
0A03,P2,20,2025-07-10 14:39:52.818000+00:00,9.318,0.5653333333333334,D second,4,4,0,0,0,0,0.0,0.0,0.0,0,0,0,0.0,0.0,0.0,78.6,82.6,-4.0,83.2,84.2,-1.0,4.6000000000000085,1.6000000000000085,3.0,1.1878787878787904,0.33939393939393375,0.8484848484848566,0.29999999999998944,-0.3000000000000085,0.5999999999999979,-0.887878787878801,-0.6393939393939423,-0.24848484848485874,0.8,0.0,0.8,1.0,1.0,0.0
0A03,P2,21,2025-07-10 14:40:03.796000+00:00,8.409,0.5946666666666667,D second,3,3,0,0,0,0,0.0,0.0,0.0,0,0,0,0.0,0.0,0.0,84.4,83.7,0.7000000000000028,81.0,74.4,6.599999999999994,-3.4000000000000057,-9.299999999999997,5.8999999999999915,0.2181818181818166,-0.12727272727272462,0.34545454545454124,-1.0000000000000082,-0.40000000000000613,-0.6000000000000021,-1.218181818181825,-0.2727272727272815,-0.9454545454545434,0.2,0.0,0.2,1.0,1.0,0.0
0A03,P2,22,2025-07-10 14:40:13.707000+00:00,8.307,0.6213333333333333,D second,3,3,0,0,0,0,0.0,0.0,0.0,0,0,0,0.0,0.0,0.0,81.3,74.0,7.299999999999997,81.8,75.4,6.3999999999999915,0.5,1.4000000000000057,-0.9000000000000057,-0.030303030303029888,-0.2545454545454543,0.2242424242424244,1.0999999999999905,1.4999999999999905,-0.3999999999999999,1.1303030303030204,1.7545454545454446,-0.6242424242424243,0.4,0.0,0.4,1.0,1.0,0.0
0A03,P2,23,2025-07-10 14:40:23.333000+00:00,10.458,0.6453333333333333,D second,5,5,0,0,0,0,0.0,0.0,0.0,0,0,0,0.0,0.0,0.0,82.4,76.1,6.300000000000011,79.8,81.2,-1.4000000000000057,-2.6000000000000085,5.1000000000000085,-7.700000000000017,0.400000000000001,1.012121212121212,-0.612121212121211,-0.9000000000000018,0.7999999999999943,-1.6999999999999962,-1.300000000000003,-0.2121212121212177,-1.0878787878787852,0.0,0.0,0.0,1.0,1.0,0.0
0A03,P2,25,2025-07-10 14:40:42.725000+00:00,9.058,0.6986666666666667,D second,4,4,0,0,0,0,0.0,0.0,0.0,0,0,0,0.0,0.0,0.0,80.4,82.9,-2.5,83.6,82.6,1.0,3.1999999999999886,-0.30000000000001137,3.5,0.569696969696969,0.40606060606060435,0.1636363636363647,-1.2128007245175476e-15,-0.7000000000000095,0.7000000000000083,-0.5696969696969703,-1.106060606060614,0.5363636363636437,1.0,0.0,1.0,1.0,1.0,0.0
0A03,P2,26,2025-07-10 14:40:53.067000+00:00,8.729,0.7253333333333334,D second,3,3,0,0,0,0,0.0,0.0,0.0,0,1,-1,0.0,3.0,-3.0,83.1,82.8,0.29999999999999716,86.2,80.0,6.200000000000003,3.1000000000000085,-2.799999999999997,5.900000000000006,-0.018181818181817362,-0.30303030303030154,0.2848484848484842,0.19999999999998713,-0.8000000000000077,0.9999999999999949,0.2181818181818045,-0.49696969696970617,0.7151515151515107,1.0,0.0,1.0,1.0,1.0,0.0
0A03,P2,27,2025-07-10 14:41:03.004000+00:00,8.607,0.752,D second,3,3,0,0,0,0,0.0,0.0,0.0,0,0,0,0.0,0.0,0.0,86.1,81.8,4.299999999999997,82.4,86.2,-3.799999999999997,-3.6999999999999886,4.400000000000006,-8.099999999999994,-0.1393939393939376,0.6424242424242452,-0.7818181818181829,0.9999999999999933,0.19999999999998713,0.8000000000000063,1.139393939393931,-0.4424242424242581,1.5818181818181891,0.4,0.0,0.4,1.0,1.0,0.0
0A03,P2,28,2025-07-10 14:41:12.740000+00:00,11.711,0.7786666666666666,D second,6,6,0,0,0,0,0.0,0.0,0.0,0,0,0,0.0,0.0,0.0,83.1,86.0,-2.9000000000000057,78.8,86.8,-8.0,-4.299999999999997,0.7999999999999972,-5.099999999999994,0.18787878787879153,-0.09696969696969589,0.2848484848484874,-0.30000000000000815,0.7999999999999944,-1.1000000000000025,-0.4878787878787997,0.8969696969696903,-1.38484848484849,0.0,0.0,0.0,1.0,1.0,0.0
0A03,P2,30,2025-07-10 14:41:32.414000+00:00,9.419,0.8293333333333334,D second,4,4,0,0,0,0,0.0,0.0,0.0,0,0,0,0.0,0.0,0.0,79.9,91.3,-11.399999999999991,80.4,97.2,-16.799999999999997,0.5,5.900000000000006,-5.400000000000006,-0.006060606060605192,0.16363636363636336,-0.16969696969696854,-0.20000000000000678,1.2999999999999883,-1.4999999999999951,-0.1939393939394016,1.136363636363625,-1.3303030303030265,0.0,0.0,0.0,1.0,1.0,0.0
0A03,P2,31,2025-07-10 14:41:42.687000+00:00,11.743,0.8586666666666667,D second,6,6,0,0,0,0,0.0,0.0,0.0,0,0,0,0.0,0.0,0.0,76.6,98.8,-22.200000000000003,71.2,96.0,-24.799999999999997,-5.3999999999999915,-2.799999999999997,-2.5999999999999943,-1.2242424242424255,0.2303030303030277,-1.4545454545454533,0.3999999999999917,-1.2000000000000086,1.6000000000000003,1.6242424242424172,-1.4303030303030364,3.054545454545454,0.0,0.0,0.0,1.0,1.0,0.0
0A04,P2,1,2025-07-11 12:36:38.773000+00:00,7.949,0.03455723542116631,D second,2,2,0,0,0,0,0.0,0.0,0.0,0,0,0,0.0,0.0,0.0,56.5,58.6,-2.1000000000000014,57.8,57.0,0.7999999999999972,1.2999999999999972,-1.6000000000000014,2.8999999999999986,-0.030303030303030675,0.27878787878788064,-0.3090909090909113,0.19999999999999768,-0.1000000000000144,0.3000000000000121,0.23030303030302834,-0.37878787878789505,0.6090909090909233,0.0,0.0,0.0,1.0,1.0,0.0
0A04,P2,3,2025-07-11 12:36:57.510000+00:00,9.672,0.0755939524838013,D second,4,4,0,0,0,0,0.0,0.0,0.0,0,0,0,0.0,0.0,0.0,58.0,60.5,-2.5,59.0,61.6,-2.6000000000000014,1.0,1.1000000000000014,-0.10000000000000142,0.14545454545454847,0.36969696969697063,-0.22424242424242216,-7.329371407955073e-16,0.19999999999999357,-0.1999999999999943,-0.1454545454545492,-0.16969696969697706,0.024242424242427868,0.0,0.0,0.0,1.0,1.0,0.0
0A04,P2,5,2025-07-11 12:37:17.608000+00:00,9.146,0.11879049676025918,D second,4,4,0,0,0,0,0.0,0.0,0.0,0,0,0,0.0,0.0,0.0,57.8,68.1,-10.299999999999997,58.0,69.6,-11.599999999999994,0.20000000000000284,1.5,-1.2999999999999972,0.0242424242424246,0.10303030303030655,-0.07878787878788196,-7.711115487003307e-15,0.4999999999999936,-0.5000000000000013,-0.024242424242432312,0.3969696969696871,-0.42121212121211943,0.0,1.0,-1.0,1.0,1.0,0.0
0A04,P2,6,2025-07-11 12:37:27.519000+00:00,10.176,0.14038876889848811,D second,5,5,0,0,0,0,0.0,0.0,0.0,0,0,0,0.0,0.0,0.0,58.0,70.3,-12.299999999999997,58.4,72.2,-13.800000000000004,0.3999999999999986,1.9000000000000057,-1.500000000000007,-1.8800429345455284e-16,0.39393939393939337,-0.39393939393939353,0.2999999999999895,0.19999999999999363,0.09999999999999587,0.29999999999998966,-0.19393939393939974,0.4939393939393894,0.0,1.0,-1.0,1.0,1.0,0.0
0A04,P2,7,2025-07-11 12:37:38.016000+00:00,8.484,0.16198704103671707,D second,3,3,0,0,0,0,0.0,0.0,0.0,0,0,0,0.0,0.0,0.0,59.4,72.6,-13.199999999999996,61.0,70.8,-9.799999999999997,1.6000000000000014,-1.7999999999999972,3.3999999999999986,0.3757575757575771,0.14545454545454625,0.23030303030303087,-5.383478925215814e-15,-1.000000000000007,1.0000000000000018,-0.3757575757575825,-1.1454545454545533,0.7696969696969708,0.0,1.0,-1.0,1.0,1.0,0.0
0A04,P2,8,2025-07-11 12:37:47.970000+00:00,8.734,0.183585313174946,D second,3,3,0,0,0,0,0.0,0.0,0.0,0,0,0,0.0,0.0,0.0,60.4,68.7,-8.300000000000004,58.0,65.8,-7.799999999999997,-2.3999999999999986,-2.9000000000000057,0.5000000000000071,-0.24242424242424326,-0.8181818181818186,0.5757575757575752,-7.711115487003307e-15,-0.20000000000001356,0.20000000000000584,0.24242424242423555,0.6181818181818051,-0.3757575757575695,0.0,1.0,-1.0,1.0,1.0,0.0
0A04,P2,9,2025-07-11 12:37:58.103000+00:00,8.131,0.20518358531317496,D second,3,3,0,0,0,0,0.0,0.0,0.0,0,0,0,0.0,0.0,0.0,58.3,65.7,-7.400000000000006,60.2,67.6,-7.3999999999999915,1.9000000000000057,1.8999999999999915,1.4210854715202004e-14,0.12727272727273065,-0.05454545454545372,0.18181818181818438,0.2999999999999926,0.399999999999987,-0.09999999999999437,0.17272727272726196,0.4545454545454407,-0.28181818181817875,0.0,1.0,-1.0,1.0,1.0,0.0
0A04,P2,10,2025-07-11 12:38:07.677000+00:00,8.397,0.2267818574514039,D second,3,3,0,0,0,0,0.0,0.0,0.0,0,0,0,0.0,0.0,0.0,59.6,67.3,-7.699999999999996,57.4,65.8,-8.399999999999999,-2.200000000000003,-1.5,-0.7000000000000028,-0.19393939393939308,-0.11515151515151285,-0.07878787878788023,-0.30000000000000904,-0.20000000000001356,-0.09999999999999548,-0.10606060606061596,-0.0848484848485007,-0.021212121212115256,0.0,1.0,-1.0,1.0,1.0,0.0
0A04,P2,11,2025-07-11 12:38:17.649000+00:00,9.805,0.24838012958963282,D second,4,4,0,0,0,0,0.0,0.0,0.0,0,0,0,0.0,0.0,0.0,57.2,65.1,-7.8999999999999915,57.8,62.6,-4.800000000000004,0.5999999999999943,-2.499999999999993,3.099999999999987,-0.09696969696969525,-0.2969696969696997,0.20000000000000445,0.2999999999999937,-0.5000000000000056,0.7999999999999993,0.396969696969689,-0.20303030303030584,0.5999999999999948,0.0,0.2,-0.2,1.0,1.0,0.0
0A04,P2,12,2025-07-11 12:38:28.213000+00:00,8.169,0.26997840172786175,D second,3,3,0,0,0,0,0.0,0.0,0.0,0,0,0,0.0,0.0,0.0,58.9,63.3,-4.399999999999999,59.6,65.8,-6.199999999999996,0.7000000000000028,2.5,-1.7999999999999972,0.36969696969697163,0.20000000000000173,0.1696969696969699,-0.10000000000000887,0.19999999999999066,-0.29999999999999954,-0.4696969696969805,-1.1074474670635936e-14,-0.4696969696969694,0.0,1.0,-1.0,1.0,1.0,0.0
0A04,P2,13,2025-07-11 12:38:37.541000+00:00,8.837,0.2915766738660907,D second,3,3,0,0,0,0,0.0,0.0,0.0,0,0,0,0.0,0.0,0.0,59.6,65.8,-6.199999999999996,58.8,65.0,-6.200000000000003,-0.8000000000000043,-0.7999999999999972,-7.105427357601002e-15,8.640113224060014e-16,0.0969696969696965,-0.09696969696969564,-0.5000000000000032,-1.2667344765170475e-15,-0.500000000000002,-0.5000000000000041,-0.09696969696969776,-0.40303030303030635,0.0,1.0,-1.0,1.0,1.0,0.0
0A04,P2,14,2025-07-11 12:38:47.892000+00:00,8.555,0.31317494600431967,D second,3,3,0,0,0,0,0.0,0.0,0.0,0,0,0,0.0,0.0,0.0,58.4,65.0,-6.600000000000001,58.4,64.8,-6.399999999999999,0.0,-0.20000000000000284,0.20000000000000284,-0.18181818181818102,-1.6821343494055487e-15,-0.18181818181817933,0.09999999999999215,-0.20000000000000007,0.2999999999999922,0.2818181818181732,-0.19999999999999837,0.4818181818181716,0.0,1.0,-1.0,1.0,1.0,0.0
0A04,P2,15,2025-07-11 12:38:57.258000+00:00,10.012,0.3326133909287257,D second,5,5,0,0,0,0,0.0,0.0,0.0,0,0,0,0.0,0.0,0.0,58.2,63.4,-5.199999999999996,57.2,57.8,-0.5999999999999943,-1.0,-5.600000000000001,4.600000000000001,-0.024242424242423788,-0.6060606060606051,0.5818181818181813,-0.2000000000000074,-0.5000000000000077,0.30000000000000027,-0.1757575757575836,0.10606060606059742,-0.281818181818181,0.0,0.0,0.0,1.0,1.0,0.0
0A04,P2,16,2025-07-11 12:39:07.973000+00:00,8.706,0.3563714902807775,D second,3,3,0,0,0,0,0.0,0.0,0.0,0,0,0,0.0,0.0,0.0,57.0,57.6,-0.6000000000000014,57.8,58.0,-0.20000000000000284,0.7999999999999972,0.3999999999999986,0.3999999999999986,-3.735669112657809e-18,-0.08484848484848571,0.08484848484848571,0.19999999999999768,-7.711115487003307e-15,0.2000000000000054,0.19999999999999768,0.084848484848478,0.11515151515151968,0.0,0.0,0.0,1.0,1.0,0.0
0A04,P2,17,2025-07-11 12:39:18.548000+00:00,10.331,0.3801295896328294,D second,5,5,0,0,0,0,0.0,0.0,0.0,0,0,0,0.0,0.0,0.0,58.1,59.3,-1.1999999999999957,57.4,60.6,-3.200000000000003,-0.7000000000000028,1.3000000000000043,-2.000000000000007,0.04242424242424335,0.47878787878788187,-0.4363636363636385,-0.30000000000000904,-0.9999999999999986,0.6999999999999895,-0.3424242424242524,-1.4787878787878803,1.1363636363636278,0.0,0.0,0.0,1.0,1.0,0.0
0A04,P2,19,2025-07-11 12:39:38.507000+00:00,8.506,0.42332613390928725,D second,3,3,0,0,0,0,0.0,0.0,0.0,0,0,0,0.0,0.0,0.0,57.2,57.6,-0.3999999999999986,58.0,57.0,1.0,0.7999999999999972,-0.6000000000000014,1.3999999999999986,0.24242424242424393,-0.10909090909090846,0.3515151515151524,-7.711115487003307e-15,-1.4940417503207583e-15,-6.217073736682549e-15,-0.24242424242425165,0.10909090909090696,-0.3515151515151586,0.0,0.0,0.0,1.0,1.0,0.0
0A04,P2,20,2025-07-11 12:39:48.440000+00:00,8.489,0.4427645788336933,D second,3,3,0,0,0,0,0.0,0.0,0.0,0,0,0,0.0,0.0,0.0,58.4,57.0,1.3999999999999986,57.8,57.2,0.5999999999999943,-0.6000000000000014,0.20000000000000284,-0.8000000000000043,0.14545454545454672,-3.735669112657809e-18,0.14545454545454672,-0.800000000000008,0.19999999999999082,-0.9999999999999989,-0.9454545454545548,0.19999999999999082,-1.1454545454545455,0.0,0.0,0.0,1.0,1.0,0.0
0A04,P2,21,2025-07-11 12:39:58.481000+00:00,8.435,0.46436285097192226,D second,3,3,0,0,0,0,0.0,0.0,0.0,0,0,0,0.0,0.0,0.0,57.4,57.6,-0.20000000000000284,58.8,59.4,-0.6000000000000014,1.3999999999999986,1.7999999999999972,-0.3999999999999986,-0.21818181818181825,0.20606060606060725,-0.42424242424242553,0.19999999999999354,0.2999999999999938,-0.10000000000000028,0.41818181818181177,0.09393939393938658,0.3242424242424252,0.0,0.0,0.0,1.0,1.0,0.0
0A04,P2,22,2025-07-11 12:40:08.001000+00:00,8.494,0.48596112311015116,D second,3,3,0,0,0,0,0.0,0.0,0.0,0,0,0,0.0,0.0,0.0,58.3,59.7,-1.4000000000000057,56.2,60.4,-4.199999999999996,-2.0999999999999943,0.6999999999999957,-2.79999999999999,-0.18787878787878964,0.1272727272727295,-0.3151515151515192,0.19999999999999293,0.29999999999999927,-0.10000000000000633,0.3878787878787826,0.17272727272726976,0.21515151515151285,0.0,0.0,0.0,1.0,1.0,0.0
0A04,P2,23,2025-07-11 12:40:18.018000+00:00,8.934,0.5075593952483801,D second,3,3,0,0,0,0,0.0,0.0,0.0,0,0,0,0.0,0.0,0.0,57.0,60.3,-3.299999999999997,56.8,59.0,-2.200000000000003,-0.20000000000000284,-1.2999999999999972,1.0999999999999943,0.24242424242424104,0.0181818181818224,0.22424242424241864,-0.20000000000000084,-0.6000000000000075,0.4000000000000067,-0.4424242424242419,-0.6181818181818299,0.17575757575758805,0.0,0.0,0.0,1.0,1.0,0.0
0A04,P2,24,2025-07-11 12:40:28.059000+00:00,9.762,0.5291576673866091,D second,4,4,0,0,0,0,0.0,0.0,0.0,0,0,0,0.0,0.0,0.0,56.4,59.1,-2.700000000000003,55.4,59.0,-3.6000000000000014,-1.0,-0.10000000000000142,-0.8999999999999986,-0.14545454545454223,-0.006060606060602959,-0.13939393939393926,-6.7730888513078336e-15,-7.329371407955073e-16,-6.040151710512326e-15,0.14545454545453546,0.006060606060602226,0.13939393939393324,0.0,0.0,0.0,1.0,1.0,0.0
0A04,P2,25,2025-07-11 12:40:39.259000+00:00,7.794,0.5529157667386609,D second,2,2,0,0,0,0,0.0,0.0,0.0,0,0,0,0.0,0.0,0.0,56.1,59.0,-2.8999999999999986,57.0,57.8,-0.7999999999999972,0.8999999999999986,-1.2000000000000028,2.1000000000000014,0.27272727272727415,-7.209489410672719e-16,0.27272727272727487,-1.4940417503207583e-15,-0.800000000000008,0.8000000000000066,-0.27272727272727565,-0.8000000000000074,0.5272727272727318,0.0,0.0,0.0,1.0,1.0,0.0
0A04,P2,26,2025-07-11 12:40:48.989000+00:00,7.786,0.5745140388768899,D second,2,2,0,0,0,0,0.0,0.0,0.0,0,0,0,0.0,0.0,0.0,57.1,56.8,0.30000000000000426,58.2,56.0,2.200000000000003,1.1000000000000014,-0.7999999999999972,1.8999999999999986,0.054545454545458796,-0.40000000000000024,0.454545454545459,0.19999999999999707,-5.117763092143714e-15,0.20000000000000218,0.1454545454545383,0.39999999999999514,-0.25454545454545685,0.0,0.0,0.0,1.0,1.0,0.0
0A04,P2,27,2025-07-11 12:40:58.685000+00:00,9.235,0.5961123110151187,D second,4,4,0,0,0,0,0.0,0.0,0.0,0,0,0,0.0,0.0,0.0,58.9,55.6,3.299999999999997,60.0,56.2,3.799999999999997,1.1000000000000014,0.6000000000000014,0.5,0.27272727272727526,-0.14545454545454384,0.4181818181818191,-6.412665037390505e-15,0.7999999999999944,-0.8000000000000008,-0.2727272727272817,0.9454545454545382,-1.21818181818182,0.0,0.0,0.0,1.0,1.0,0.0
0A04,P2,29,2025-07-11 12:41:17.143000+00:00,9.746,0.6349892008639308,D second,4,4,0,0,0,0,0.0,0.0,0.0,0,0,0,0.0,0.0,0.0,59.9,57.5,2.3999999999999986,60.0,57.0,3.0,0.10000000000000142,-0.5,0.6000000000000014,0.15151515151515169,-0.22424242424242255,0.37575757575757424,-6.412665037390505e-15,-1.4940417503207583e-15,-4.918623287069747e-15,-0.1515151515151581,0.22424242424242105,-0.3757575757575792,0.0,0.0,0.0,1.0,1.0,0.0
0A04,P2,30,2025-07-11 12:41:28.394000+00:00,8.239,0.6587473002159827,D second,3,3,0,0,0,0,0.0,0.0,0.0,0,0,0,0.0,0.0,0.0,60.8,57.0,3.799999999999997,61.0,57.4,3.6000000000000014,0.20000000000000284,0.3999999999999986,-0.19999999999999574,0.27878787878788086,-3.735669112657809e-18,0.27878787878788086,-0.40000000000000807,-0.30000000000000904,-0.09999999999999903,-0.6787878787878889,-0.30000000000000904,-0.3787878787878799,0.2,0.0,0.2,1.0,1.0,0.0
0A04,P2,31,2025-07-11 12:41:37.552000+00:00,9.905,0.6803455723542117,D second,4,4,0,0,0,0,0.0,0.0,0.0,0,0,0,0.0,0.0,0.0,60.4,57.6,2.799999999999997,59.0,58.0,1.0,-1.3999999999999986,0.3999999999999986,-1.7999999999999972,-0.2545454545454544,0.048484848484848894,-0.3030303030303033,-7.329371407955073e-16,-7.711115487003307e-15,6.9781783462078e-15,0.2545454545454537,-0.0484848484848566,0.3030303030303103,0.0,0.0,0.0,1.0,1.0,0.0
0A04,P2,32,2025-07-11 12:41:48.246000+00:00,8.558,0.7019438444924406,D second,3,3,0,0,0,0,0.0,0.0,0.0,0,0,0,0.0,0.0,0.0,59.0,58.2,0.7999999999999972,58.0,58.6,-0.6000000000000014,-1.0,0.3999999999999986,-1.3999999999999986,-7.209489410672719e-16,0.09696969696969929,-0.09696969696970001,-7.711115487003307e-15,-0.30000000000001165,0.30000000000000393,-6.990166545936035e-15,-0.39696969696971096,0.39696969696970397,0.0,0.0,0.0,1.0,1.0,0.0
0A04,P2,33,2025-07-11 12:41:57.725000+00:00,9.017,0.7235421166306696,D second,4,4,0,0,0,0,0.0,0.0,0.0,0,0,0,0.0,0.0,0.0,58.4,58.5,-0.10000000000000142,58.2,59.8,-1.5999999999999943,-0.19999999999999574,1.2999999999999972,-1.499999999999993,0.14545454545454672,-0.09090909090909065,0.23636363636363739,-0.20000000000000456,0.1999999999999938,-0.39999999999999836,-0.3454545454545513,0.29090909090908446,-0.6363636363636358,0.0,0.0,0.0,1.0,1.0,0.0
0A04,P2,34,2025-07-11 12:42:07.308000+00:00,9.269,0.7429805615550756,D second,4,4,0,0,0,0,0.0,0.0,0.0,0,0,0,0.0,0.0,0.0,58.5,60.0,-1.5,59.8,60.4,-0.6000000000000014,1.2999999999999972,0.3999999999999986,0.8999999999999986,0.05454545454545397,0.19393939393939305,-0.13939393939393907,-0.20000000000000448,-0.3000000000000074,0.10000000000000295,-0.25454545454545846,-0.49393939393940045,0.239393939393942,0.0,0.0,0.0,1.0,1.0,0.0
0A04,P2,35,2025-07-11 12:42:17.364000+00:00,9.231,0.7645788336933045,D second,4,4,0,0,0,0,0.0,0.0,0.0,0,0,0,0.0,0.0,0.0,59.5,60.0,-0.5,60.0,58.0,2.0,0.5,-2.0,2.5,-0.0909090909090895,-0.2545454545454555,0.16363636363636602,-6.412665037390505e-15,-7.711115487003307e-15,1.2984504496128022e-15,0.09090909090908308,0.2545454545454478,-0.16363636363636472,0.0,0.0,0.0,1.0,1.0,0.0
0A04,P2,36,2025-07-11 12:42:27.179000+00:00,9.425,0.7861771058315334,D second,4,4,0,0,0,0,0.0,0.0,0.0,0,0,0,0.0,0.0,0.0,60.3,57.6,2.6999999999999957,61.0,57.6,3.3999999999999986,0.7000000000000028,0.0,0.7000000000000028,0.1272727272727282,-0.14545454545454373,0.27272727272727193,-5.383478925215814e-15,0.299999999999992,-0.2999999999999974,-0.1272727272727336,0.4454545454545357,-0.5727272727272693,0.0,0.0,0.0,1.0,1.0,0.0
0A04,P2,37,2025-07-11 12:42:37.430000+00:00,9.109,0.8077753779697624,D second,4,4,0,0,0,0,0.0,0.0,0.0,0,0,0,0.0,0.0,0.0,60.9,58.4,2.5,58.8,59.0,-0.20000000000000284,-2.1000000000000014,0.6000000000000014,-2.700000000000003,-0.054545454545452454,0.33939393939393986,-0.3939393939393923,-0.20000000000000626,-7.329371407955073e-16,-0.20000000000000553,-0.1454545454545538,-0.3393939393939406,0.19393939393938678,0.0,0.0,0.0,1.0,1.0,0.0
0A04,P2,38,2025-07-11 12:42:47.266000+00:00,9.621,0.8293736501079914,D second,4,4,0,0,0,0,0.0,0.0,0.0,0,0,0,0.0,0.0,0.0,58.2,58.5,-0.29999999999999716,60.6,57.4,3.200000000000003,2.3999999999999986,-1.1000000000000014,3.5,-0.14545454545454417,-0.3212121212121232,0.17575757575757905,0.29999999999999194,0.2999999999999938,-1.887379141862766e-15,0.4454545454545361,0.6212121212121171,-0.175757575757581,0.0,0.0,0.0,1.0,1.0,0.0
0A04,P2,39,2025-07-11 12:42:58.498000+00:00,8.163,0.8531317494600432,D second,3,3,0,0,0,0,0.0,0.0,0.0,0,0,0,0.0,0.0,0.0,60.5,58.3,2.200000000000003,58.2,58.0,0.20000000000000284,-2.299999999999997,-0.29999999999999716,-2.0,-0.1272727272727258,0.2242424242424254,-0.3515151515151512,-0.20000000000000456,-0.40000000000000857,0.200000000000004,-0.07272727272727877,-0.624242424242434,0.5515151515151553,0.0,0.0,0.0,1.0,1.0,0.0
0A04,P2,40,2025-07-11 12:43:07.334000+00:00,9.171,0.8725701943844493,D second,4,4,0,0,0,0,0.0,0.0,0.0,0,0,0,0.0,0.0,0.0,58.8,58.0,0.7999999999999972,61.0,57.4,3.6000000000000014,2.200000000000003,-0.6000000000000014,2.8000000000000043,0.1818181818181848,-0.21818181818181787,0.4000000000000027,-5.383478925215814e-15,-0.10000000000000984,0.10000000000000446,-0.18181818181819018,0.11818181818180802,-0.2999999999999982,0.0,0.0,0.0,1.0,1.0,0.0
0A04,P2,41,2025-07-11 12:43:17.400000+00:00,9.371,0.8941684665226782,D second,4,4,0,0,0,0,0.0,0.0,0.0,0,0,0,0.0,0.0,0.0,60.9,57.0,3.8999999999999986,62.2,58.0,4.200000000000003,1.3000000000000043,1.0,0.30000000000000426,-0.04242424242424294,-0.1454545454545418,0.10303030303029886,-0.30000000000000354,0.5999999999999976,-0.9000000000000012,-0.2575757575757606,0.7454545454545395,-1.0030303030303,0.8,0.0,0.8,1.0,1.0,0.0
0A04,P2,42,2025-07-11 12:43:29.097000+00:00,7.801,0.9200863930885529,D second,2,2,0,0,0,0,0.0,0.0,0.0,0,0,0,0.0,0.0,0.0,60.1,58.4,1.7000000000000028,57.2,56.6,0.6000000000000014,-2.8999999999999986,-1.7999999999999972,-1.1000000000000014,-0.5757575757575776,-0.16969696969696643,-0.4060606060606111,-0.2000000000000074,-0.30000000000000515,0.09999999999999776,0.3757575757575702,-0.13030303030303872,0.5060606060606089,0.0,0.0,0.0,1.0,1.0,0.0
0A04,P2,43,2025-07-11 12:43:37.857000+00:00,8.727,0.9395248380129589,D second,3,3,0,0,0,0,0.0,0.0,0.0,0,0,0,0.0,0.0,0.0,57.2,56.5,0.7000000000000028,57.0,56.4,0.6000000000000014,-0.20000000000000284,-0.10000000000000142,-0.10000000000000142,-0.09696969696969525,-0.1515151515151548,0.054545454545459546,-1.4940417503207583e-15,0.29999999999999205,-0.29999999999999355,0.09696969696969375,0.4515151515151469,-0.3545454545454531,0.0,0.0,0.0,1.0,1.0,0.0
0A05,P2,2,2025-07-14 15:32:33.375000+00:00,10.378,0.10459183673469388,D second,5,5,0,0,0,0,0.0,0.0,0.0,0,0,0,0.0,0.0,0.0,77.0,82.4,-5.400000000000006,75.2,82.0,-6.799999999999997,-1.7999999999999972,-0.4000000000000057,-1.3999999999999915,-0.4363636363636376,-0.2545454545454503,-0.18181818181818732,-0.2000000000000131,0.5999999999999854,-0.7999999999999985,0.2363636363636245,0.8545454545454357,-0.6181818181818113,0.0,0.0,0.0,1.0,1.0,0.0
0A05,P2,3,2025-07-14 15:32:47.414000+00:00,7.302,0.14030612244897958,D second,2,2,0,0,0,0,0.0,0.0,0.0,0,0,0,0.0,0.0,0.0,77.9,80.4,-2.5,79.6,79.4,0.19999999999998863,1.6999999999999886,-1.0,2.6999999999999886,0.4181818181818163,-0.6909090909090899,1.1090909090909062,-4.569623398479733e-15,0.7000000000000026,-0.7000000000000072,-0.4181818181818209,1.3909090909090924,-1.8090909090909133,0.0,0.0,0.0,1.0,1.0,0.0
0A05,P2,4,2025-07-14 15:32:56.801000+00:00,7.106,0.16581632653061223,D second,2,2,0,0,0,0,0.0,0.0,0.0,0,0,0,0.0,0.0,0.0,78.5,80.6,-2.0999999999999943,80.2,82.6,-2.3999999999999915,1.7000000000000028,2.0,-0.29999999999999716,-0.4181818181818156,0.775757575757579,-1.1939393939393945,1.7999999999999945,-0.30000000000000965,2.100000000000004,2.2181818181818103,-1.0757575757575886,3.293939393939399,0.4,0.0,0.4,1.0,1.0,0.0
0A05,P2,5,2025-07-14 15:33:06.058000+00:00,7.609,0.18877551020408162,D second,2,2,0,0,0,0,0.0,0.0,0.0,0,1,-1,0.0,5.0,-5.0,80.9,82.7,-1.7999999999999972,77.8,81.2,-3.4000000000000057,-3.1000000000000085,-1.5,-1.6000000000000085,0.7575757575757557,-0.17575757575757475,0.9333333333333305,-0.30000000000001176,0.199999999999991,-0.5000000000000028,-1.0575757575757674,0.37575757575756574,-1.4333333333333331,0.0,0.0,0.0,1.0,1.0,0.0
0A05,P2,7,2025-07-14 15:33:27.022000+00:00,16.034,0.2423469387755102,D second,10,10,0,1,0,1,8.0,0.0,8.0,1,0,1,8.0,0.0,8.0,80.9,86.7,-5.799999999999997,82.2,88.6,-6.3999999999999915,1.2999999999999972,1.8999999999999915,-0.5999999999999943,0.36969696969696947,0.1515151515151507,0.21818181818181878,0.1999999999999897,0.299999999999988,-0.09999999999999828,-0.16969696969697975,0.1484848484848373,-0.31818181818181707,1.0,1.0,0.0,1.0,1.0,0.0
0A05,P2,9,2025-07-14 15:33:45.287000+00:00,8.767,0.288265306122449,D second,3,3,0,0,0,0,0.0,0.0,0.0,0,0,0,0.0,0.0,0.0,80.8,86.3,-5.5,86.4,86.6,-0.19999999999998863,5.6000000000000085,0.29999999999999716,5.300000000000011,1.2151173887932075e-15,-0.23636363636363342,0.23636363636363464,0.19999999999998913,-1.2932531991146477e-14,0.20000000000000207,0.1999999999999879,0.23636363636362048,-0.03636363636363257,1.0,1.0,0.0,1.0,1.0,0.0
0A05,P2,10,2025-07-14 15:33:55.298000+00:00,8.158,0.3137755102040816,D second,3,3,0,0,0,0,0.0,0.0,0.0,0,0,0,0.0,0.0,0.0,85.1,85.3,-0.20000000000000284,83.6,85.6,-2.0,-1.5,0.29999999999999716,-1.7999999999999972,-0.5030303030303029,-0.36969696969696775,-0.1333333333333352,0.39999999999999597,0.9999999999999895,-0.5999999999999934,0.9030303030302989,1.3696969696969572,-0.46666666666665835,1.0,0.8,0.19999999999999996,1.0,1.0,0.0
0A05,P2,11,2025-07-14 15:34:05.181000+00:00,10.593,0.3392857142857143,D second,5,5,0,0,0,0,0.0,0.0,0.0,0,0,0,0.0,0.0,0.0,84.6,85.0,-0.4000000000000057,84.0,83.6,0.4000000000000057,-0.5999999999999943,-1.4000000000000057,0.8000000000000114,0.3636363636363652,0.06060606060606501,0.3030303030303002,-0.4000000000000053,0.2999999999999914,-0.6999999999999966,-0.7636363636363706,0.2393939393939264,-1.003030303030297,1.0,0.6,0.4,1.0,1.0,0.0
0A05,P2,12,2025-07-14 15:34:17.963000+00:00,7.937,0.37244897959183676,D second,2,2,0,0,0,0,0.0,0.0,0.0,0,0,0,0.0,0.0,0.0,82.8,84.3,-1.5,82.6,83.0,-0.4000000000000057,-0.20000000000000284,-1.2999999999999972,1.0999999999999943,-0.1939393939393941,0.1030303030303055,-0.2969696969696996,-6.671135521252186e-15,0.5999999999999909,-0.5999999999999975,0.19393939393938744,0.4969696969696854,-0.303030303030298,1.0,0.4,0.6,1.0,1.0,0.0
0A05,P2,14,2025-07-14 15:34:33.263000+00:00,19.751,0.4107142857142857,D second,10,10,0,0,0,0,0.0,0.0,0.0,0,0,0,0.0,0.0,0.0,79.0,81.3,-2.299999999999997,81.8,82.0,-0.20000000000000284,2.799999999999997,0.7000000000000028,2.0999999999999943,-0.2666666666666673,-0.8181818181818175,0.5515151515151502,0.7999999999999978,1.0999999999999894,-0.2999999999999916,1.066666666666665,1.9181818181818069,-0.8515151515151418,0.8,0.2,0.6000000000000001,1.0,1.0,0.0
0A05,P2,17,2025-07-14 15:35:04.133000+00:00,10.672,0.4897959183673469,D second,5,5,0,0,0,0,0.0,0.0,0.0,1,0,1,3.0,0.0,3.0,79.6,78.6,1.0,77.4,81.4,-4.0,-2.1999999999999886,2.8000000000000114,-5.0,-0.36363636363636187,-0.14545454545454314,-0.21818181818181873,-0.7000000000000016,-0.20000000000000986,-0.4999999999999918,-0.33636363636363975,-0.05454545454546672,-0.28181818181817303,0.0,0.0,0.0,1.0,1.0,0.0
0A05,P2,19,2025-07-14 15:35:24.302000+00:00,8.439,0.5408163265306123,D second,3,3,0,0,0,0,0.0,0.0,0.0,0,0,0,0.0,0.0,0.0,76.8,78.5,-1.7000000000000028,76.2,79.8,-3.5999999999999943,-0.5999999999999943,1.2999999999999972,-1.8999999999999915,-0.07272727272727057,0.6000000000000011,-0.6727272727272716,-0.8000000000000043,-0.5000000000000051,-0.29999999999999916,-0.7272727272727337,-1.1000000000000063,0.3727272727272726,0.0,0.0,0.0,1.0,1.0,0.0
0A05,P2,20,2025-07-14 15:35:35.050000+00:00,7.831,0.5688775510204082,D second,2,2,0,0,0,0,0.0,0.0,0.0,0,0,0,0.0,0.0,0.0,77.9,79.5,-1.5999999999999943,83.2,79.2,4.0,5.299999999999997,-0.29999999999999716,5.599999999999994,0.7696969696969738,-0.17575757575757853,0.9454545454545523,-0.7000000000000085,0.7999999999999956,-1.500000000000004,-1.4696969696969822,0.9757575757575742,-2.4454545454545564,1.0,0.0,1.0,1.0,1.0,0.0
0A05,P2,22,2025-07-14 15:35:56.646000+00:00,24.671,0.625,D second,10,10,0,0,0,0,0.0,0.0,0.0,0,0,0,0.0,0.0,0.0,83.2,81.8,1.4000000000000057,82.2,79.6,2.6000000000000085,-1.0,-2.200000000000003,1.2000000000000028,0.5696969696969727,-0.32727272727272383,0.8969696969696965,-0.8000000000000067,0.29999999999999327,-1.1,-1.3696969696969794,0.6272727272727171,-1.9969696969696966,1.0,0.0,1.0,1.0,1.0,0.0
0A05,P2,25,2025-07-14 15:36:24.514000+00:00,10.179,0.6964285714285714,D second,5,5,0,0,0,0,0.0,0.0,0.0,0,1,-1,0.0,5.0,-5.0,80.1,77.5,2.5999999999999943,81.2,73.4,7.799999999999997,1.1000000000000085,-4.099999999999994,5.200000000000003,0.018181818181820845,-0.612121212121214,0.6303030303030348,0.199999999999991,1.2999999999999883,-1.0999999999999972,0.18181818181817014,1.9121212121212023,-1.7303030303030322,1.0,0.0,1.0,1.0,1.0,0.0
0A05,P2,27,2025-07-14 15:36:44.427000+00:00,10.579,0.7448979591836735,D second,5,5,0,0,0,0,0.0,0.0,0.0,0,0,0,0.0,0.0,0.0,80.4,77.6,2.8000000000000114,76.8,80.8,-4.0,-3.6000000000000085,3.200000000000003,-6.800000000000011,-0.254545454545455,0.7878787878787865,-1.0424242424242416,-1.5000000000000049,0.49999999999999456,-1.9999999999999996,-1.2454545454545498,-0.28787878787879195,-0.9575757575757579,0.0,0.0,0.0,1.0,1.0,0.0
0A05,P2,30,2025-07-14 15:37:13.551000+00:00,20.026,0.8214285714285714,D second,10,10,0,0,1,-1,0.0,5.0,-5.0,0,1,-1,0.0,5.0,-5.0,79.7,82.5,-2.799999999999997,78.4,81.6,-3.1999999999999886,-1.2999999999999972,-0.9000000000000057,-0.3999999999999915,0.15151515151514877,0.1636363636363657,-0.012121212121216918,-1.2309423601367922e-14,-0.49999999999999944,0.4999999999999871,-0.15151515151516107,-0.6636363636363651,0.5121212121212041,0.0,0.0,0.0,1.0,1.0,0.0
0A05,P2,32,2025-07-14 15:37:36.038000+00:00,17.623,0.8775510204081632,D second,10,10,0,1,0,1,3.0,0.0,3.0,1,0,1,3.0,0.0,3.0,78.5,81.1,-2.5999999999999943,76.6,88.6,-12.0,-1.9000000000000057,7.5,-9.400000000000006,-0.24848484848484653,0.43030303030303063,-0.6787878787878772,-0.5000000000000038,1.2999999999999885,-1.7999999999999923,-0.25151515151515724,0.8696969696969579,-1.121212121212115,0.0,1.0,-1.0,1.0,1.0,0.0
0A06,P2,0,2025-07-16 08:53:00.646000+00:00,9.301,0.1712707182320442,D second,4,4,0,0,0,0,0.0,0.0,0.0,0,0,0,0.0,0.0,0.0,80.8,85.5,-4.700000000000003,80.6,84.4,-3.8000000000000114,-0.20000000000000284,-1.0999999999999943,0.8999999999999915,0.09696969696969922,0.2969696969697009,-0.20000000000000168,-0.10000000000000585,-5.059615248144669e-15,-0.10000000000000078,-0.19696969696970507,-0.29696969696970593,0.10000000000000087,0.0,0.0,0.0,1.0,1.0,0.0
0A06,P2,3,2025-07-16 08:53:29.338000+00:00,8.342,0.24861878453038674,D second,3,3,0,0,0,0,0.0,0.0,0.0,0,0,0,0.0,0.0,0.0,81.8,83.8,-2.0,83.6,84.6,-1.0,1.7999999999999972,0.7999999999999972,1.0,0.09696969696969517,1.504089900022264e-15,0.09696969696969367,0.2999999999999914,0.6999999999999955,-0.40000000000000413,0.20303030303029623,0.699999999999994,-0.4969696969696977,0.0,0.0,0.0,1.0,1.0,0.0
0A06,P2,4,2025-07-16 08:53:39.113000+00:00,8.58,0.27624309392265195,D second,3,3,0,0,0,0,0.0,0.0,0.0,0,0,0,0.0,0.0,0.0,84.1,85.6,-1.5,87.0,84.6,2.4000000000000057,2.9000000000000057,-1.0,3.9000000000000057,0.24848484848484612,0.38787878787879027,-0.13939393939394415,0.1999999999999926,-0.10000000000000403,0.2999999999999966,-0.048484848484853516,-0.4878787878787943,0.4393939393939408,1.0,0.0,1.0,1.0,1.0,0.0
0A06,P2,5,2025-07-16 08:53:48.974000+00:00,8.73,0.30386740331491713,D second,3,3,0,0,0,0,0.0,0.0,0.0,0,0,0,0.0,0.0,0.0,86.5,85.3,1.2000000000000028,86.0,88.0,-2.0,-0.5,2.700000000000003,-3.200000000000003,-0.1272727272727307,0.27272727272727604,-0.40000000000000674,-0.4000000000000125,-8.100336841401267e-15,-0.4000000000000044,-0.2727272727272818,-0.27272727272728414,2.3314683517128287e-15,1.0,1.0,0.0,1.0,1.0,0.0
0A06,P2,6,2025-07-16 08:53:58.966000+00:00,10.66,0.3314917127071823,D second,5,5,0,0,0,0,0.0,0.0,0.0,0,0,0,0.0,0.0,0.0,85.1,88.0,-2.9000000000000057,85.0,89.2,-4.200000000000003,-0.09999999999999432,1.2000000000000028,-1.2999999999999972,-0.2969696969696958,4.4100572293693114e-15,-0.29696969696970016,-4.16421126371713e-15,0.2999999999999956,-0.29999999999999977,0.2969696969696916,0.2999999999999912,-0.003030303030299608,1.0,1.0,0.0,1.0,1.0,0.0
0A06,P2,8,2025-07-16 08:54:19.452000+00:00,8.277,0.3867403314917127,D second,3,3,0,0,0,0,0.0,0.0,0.0,0,0,0,0.0,0.0,0.0,83.4,80.3,3.1000000000000085,83.2,79.2,4.0,-0.20000000000000284,-1.0999999999999943,0.8999999999999915,-0.09696969696969726,-0.05454545454545259,-0.04242424242424467,0.1999999999999967,-0.20000000000000825,0.40000000000000496,0.296969696969694,-0.14545454545455566,0.44242424242424966,0.0,0.0,0.0,1.0,1.0,0.0
0A06,P2,9,2025-07-16 08:54:29.712000+00:00,8.026,0.4171270718232044,D second,3,3,0,0,0,0,0.0,0.0,0.0,0,0,0,0.0,0.0,0.0,83.8,79.4,4.3999999999999915,84.2,80.2,4.0,0.4000000000000057,0.7999999999999972,-0.3999999999999915,0.16969696969697004,0.18181818181818207,-0.012121212121212033,0.19999999999999438,-0.2000000000000132,0.40000000000000757,0.030303030303024336,-0.38181818181819527,0.4121212121212196,0.2,0.0,0.2,1.0,1.0,0.0
0A06,P2,10,2025-07-16 08:54:39.181000+00:00,9.722,0.4419889502762431,D second,4,4,0,0,0,0,0.0,0.0,0.0,0,0,0,0.0,0.0,0.0,84.9,80.9,4.0,85.6,82.0,3.5999999999999943,0.6999999999999886,1.0999999999999943,-0.4000000000000057,0.2969696969696981,0.1757575757575775,0.1212121212121206,-0.10000000000000267,-1.168091828480115e-14,-0.09999999999999098,-0.39696969696970075,-0.17575757575758919,-0.22121212121211156,1.0,0.0,1.0,1.0,1.0,0.0
0A06,P2,11,2025-07-16 08:54:50.295000+00:00,9.062,0.4723756906077348,D second,4,4,0,0,0,0,0.0,0.0,0.0,0,0,0,0.0,0.0,0.0,86.1,82.3,3.799999999999997,88.2,83.0,5.200000000000003,2.1000000000000085,0.7000000000000028,1.4000000000000057,0.284848484848481,0.12727272727273164,0.15757575757574938,-1.30000000000001,-1.2486345627538144e-14,-1.2999999999999976,-1.5848484848484912,-0.12727272727274413,-1.457575757575747,1.0,0.0,1.0,1.0,1.0,0.0
0A06,P2,13,2025-07-16 08:55:09.346000+00:00,10.528,0.5248618784530387,D second,5,5,0,0,0,0,0.0,0.0,0.0,0,0,0,0.0,0.0,0.0,83.5,81.9,1.5999999999999943,86.2,80.4,5.799999999999997,2.700000000000003,-1.5,4.200000000000003,0.5515151515151494,-0.36969696969696675,0.9212121212121162,-0.8000000000000016,-0.5000000000000052,-0.2999999999999964,-1.3515151515151511,-0.13030303030303847,-1.2212121212121128,1.0,0.0,1.0,1.0,1.0,0.0
0A06,P2,14,2025-07-16 08:55:21.408000+00:00,8.336,0.5580110497237569,D second,3,3,0,0,0,0,0.0,0.0,0.0,0,0,0,0.0,0.0,0.0,84.4,80.6,3.8000000000000114,83.8,80.0,3.799999999999997,-0.6000000000000085,-0.5999999999999943,-1.4210854715202004e-14,-0.2303030303030324,0.21818181818181828,-0.4484848484848507,-0.20000000000001364,-1.038483350476569e-14,-0.20000000000000326,0.030303030303018758,-0.21818181818182866,0.24848484848484742,0.0,0.0,0.0,1.0,1.0,0.0
0A06,P2,15,2025-07-16 08:55:31.873000+00:00,7.842,0.5883977900552486,D second,2,2,0,0,0,0,0.0,0.0,0.0,0,1,-1,0.0,5.0,-5.0,83.8,79.8,4.0,84.2,80.4,3.799999999999997,0.4000000000000057,0.6000000000000085,-0.20000000000000284,0.07272727272727303,4.1318129116726787e-16,0.07272727272727261,-0.40000000000001157,0.2999999999999953,-0.7000000000000068,-0.4727272727272846,0.29999999999999494,-0.7727272727272796,0.4,0.0,0.4,1.0,1.0,0.0
0A06,P2,17,2025-07-16 08:55:49.630000+00:00,9.743,0.638121546961326,D second,4,4,0,0,0,0,0.0,0.0,0.0,0,0,0,0.0,0.0,0.0,85.9,78.6,7.300000000000011,84.4,78.0,6.400000000000006,-1.5,-0.5999999999999943,-0.9000000000000057,-0.2242424242424232,-0.08484848484848648,-0.1393939393939367,0.39999999999999103,-0.4000000000000133,0.8000000000000043,0.6242424242424143,-0.31515151515152684,0.9393939393939411,0.2,0.0,0.2,1.0,1.0,0.0
0A06,P2,18,2025-07-16 08:56:01.326000+00:00,7.871,0.6685082872928176,D second,2,2,0,0,0,0,0.0,0.0,0.0,0,0,0,0.0,0.0,0.0,86.9,78.0,8.900000000000006,84.8,79.6,5.200000000000003,-2.1000000000000085,1.5999999999999943,-3.700000000000003,0.5999999999999993,0.12121212121211962,0.4787878787878797,-0.5000000000000095,0.4999999999999928,-1.0000000000000022,-1.100000000000009,0.3787878787878732,-1.478787878787882,0.6,0.0,0.6,1.0,1.0,0.0
0A06,P2,19,2025-07-16 08:56:10.530000+00:00,8.867,0.6961325966850829,D second,3,3,0,0,0,0,0.0,0.0,0.0,0,1,-1,0.0,5.0,-5.0,84.2,80.0,4.200000000000003,88.0,78.4,9.599999999999994,3.799999999999997,-1.5999999999999943,5.3999999999999915,-0.23030303030302998,0.09696969696969567,-0.32727272727272566,0.4999999999999854,-0.30000000000000826,0.7999999999999936,0.7303030303030154,-0.3969696969697039,1.1272727272727192,1.0,0.0,1.0,1.0,1.0,0.0
0A06,P2,21,2025-07-16 08:56:30.416000+00:00,8.958,0.7486187845303868,D second,3,3,0,0,0,0,0.0,0.0,0.0,0,0,0,0.0,0.0,0.0,81.8,78.5,3.299999999999997,82.6,79.2,3.3999999999999915,0.7999999999999972,0.7000000000000028,0.09999999999999432,-0.09696969696969494,0.09090909090908901,-0.18787878787878395,0.09999999999999122,0.1999999999999926,-0.10000000000000138,0.19696969696968616,0.10909090909090359,0.08787878787878257,0.0,0.0,0.0,1.0,1.0,0.0
0A06,P2,22,2025-07-16 08:56:40.485000+00:00,8.883,0.7762430939226519,D second,3,3,0,0,0,0,0.0,0.0,0.0,0,0,0,0.0,0.0,0.0,83.3,79.6,3.700000000000003,84.4,79.6,4.800000000000011,1.1000000000000085,0.0,1.1000000000000085,0.2969696969696996,0.1454545454545486,0.151515151515151,0.2999999999999953,-0.3000000000000109,0.6000000000000063,0.0030303030302957223,-0.44545454545455954,0.44848484848485526,0.4,0.0,0.4,1.0,1.0,0.0
0A06,P2,24,2025-07-16 08:57:00.249000+00:00,9.063,0.8314917127071824,D second,4,4,0,0,0,0,0.0,0.0,0.0,0,0,0,0.0,0.0,0.0,85.3,82.9,2.3999999999999915,83.6,83.8,-0.20000000000000284,-1.7000000000000028,0.8999999999999915,-2.5999999999999943,-0.27272727272727404,0.7212121212121214,-0.9939393939393955,0.49999999999999123,0.09999999999999193,0.3999999999999993,0.7727272727272653,-0.6212121212121295,1.393939393939395,0.2,0.0,0.2,1.0,1.0,0.0
0A06,P2,26,2025-07-16 08:57:21.477000+00:00,8.247,0.8895027624309392,D second,3,3,0,0,0,0,0.0,0.0,0.0,0,0,0,0.0,0.0,0.0,80.2,80.5,-0.29999999999999716,81.8,81.0,0.7999999999999972,1.5999999999999943,0.5,1.0999999999999943,0.4242424242424257,0.3696969696969709,0.054545454545454786,0.2999999999999898,-5.241268613469573e-15,0.299999999999995,-0.12424242424243592,-0.36969696969697613,0.2454545454545402,0.0,0.0,0.0,1.0,1.0,0.0
0A06,P2,27,2025-07-16 08:57:30.985000+00:00,8.26,0.9171270718232044,D second,3,3,0,0,0,0,0.0,0.0,0.0,0,0,0,0.0,0.0,0.0,83.6,81.5,2.0999999999999943,86.2,84.0,2.200000000000003,2.6000000000000085,2.5,0.10000000000000853,0.6424242424242415,0.2848484848484863,0.35757575757575516,0.49999999999999417,-1.0000000000000022,1.4999999999999964,-0.14242424242424728,-1.2848484848484885,1.1424242424242412,1.0,0.0,1.0,1.0,1.0,0.0
0A06,P2,28,2025-07-16 08:57:40.152000+00:00,17.77,0.9419889502762431,D second,10,10,0,0,0,0,0.0,0.0,0.0,0,0,0,0.0,0.0,0.0,87.5,84.0,3.5,87.8,86.0,1.7999999999999972,0.29999999999999716,2.0,-1.7000000000000028,0.5878787878787906,-0.15757575757575415,0.7454545454545447,-0.8000000000000052,-1.1678552615223811e-14,-0.7999999999999935,-1.3878787878787957,0.15757575757574246,-1.545454545454538,1.0,0.0,1.0,1.0,1.0,0.0
0A08,P2,1,2025-07-17 15:56:45.023000+00:00,8.301,0.04319654427645788,D second,3,3,0,0,0,0,0.0,0.0,0.0,0,0,0,0.0,0.0,0.0,82.2,77.8,4.400000000000006,81.6,76.4,5.199999999999989,-0.6000000000000085,-1.3999999999999915,0.799999999999983,0.3515151515151551,0.3757575757575775,-0.0242424242424224,-0.10000000000001155,-0.7000000000000127,0.6000000000000012,-0.45151515151516664,-1.0757575757575903,0.6242424242424237,0.0,0.0,0.0,1.0,1.0,0.0
0A08,P2,2,2025-07-17 15:56:54.262000+00:00,8.991,0.06263498920086392,D second,3,3,0,0,0,0,0.0,0.0,0.0,0,0,0,0.0,0.0,0.0,81.9,76.7,5.200000000000003,78.2,76.6,1.6000000000000085,-3.700000000000003,-0.10000000000000853,-3.5999999999999943,-0.06666666666666393,-0.15151515151515105,0.08484848484848712,-1.1000000000000034,-0.8000000000000076,-0.2999999999999958,-1.0333333333333394,-0.6484848484848565,-0.3848484848484829,0.0,0.0,0.0,1.0,1.0,0.0
0A08,P2,3,2025-07-17 15:57:04.206000+00:00,9.054,0.08423326133909287,D second,4,4,0,0,0,0,0.0,0.0,0.0,0,0,0,0.0,0.0,0.0,78.4,75.8,2.6000000000000085,81.6,74.2,7.3999999999999915,3.1999999999999886,-1.5999999999999943,4.799999999999983,0.08484848484848341,-0.5090909090909036,0.593939393939387,-0.30000000000000365,-1.0164105992538865e-14,-0.2999999999999935,-0.38484848484848705,0.5090909090908934,-0.8939393939393805,0.0,0.0,0.0,1.0,1.0,0.0
0A08,P2,4,2025-07-17 15:57:14.338000+00:00,9.037,0.10583153347732181,D second,4,4,0,0,0,0,0.0,0.0,0.0,0,0,0,0.0,0.0,0.0,80.9,74.6,6.300000000000011,82.4,76.4,6.0,1.5,1.8000000000000114,-0.30000000000001137,-0.2969696969696897,0.21818181818182092,-0.5151515151515107,0.7999999999999894,-0.30000000000001475,1.100000000000004,1.0969696969696792,-0.5181818181818356,1.6151515151515148,0.0,0.0,0.0,1.0,1.0,0.0
0A08,P2,5,2025-07-17 15:57:24.246000+00:00,9.426,0.12742980561555076,D second,4,4,0,0,0,0,0.0,0.0,0.0,0,0,0,0.0,0.0,0.0,81.0,76.0,5.0,79.4,74.0,5.400000000000006,-1.5999999999999943,-2.0,0.4000000000000057,-0.46060606060606196,-0.27878787878788214,-0.18181818181817982,0.7000000000000026,0.5999999999999935,0.10000000000000908,1.1606060606060646,0.8787878787878757,0.28181818181818896,0.0,0.0,0.0,1.0,1.0,0.0
0A08,P2,6,2025-07-17 15:57:34.572000+00:00,8.632,0.1511879049676026,D second,3,3,0,0,0,0,0.0,0.0,0.0,0,0,0,0.0,0.0,0.0,79.0,74.0,5.0,78.4,74.0,4.400000000000006,-0.5999999999999943,0.0,-0.5999999999999943,-0.21818181818181745,-0.09696969696969349,-0.12121212121212396,-0.10000000000000392,-6.496579164659306e-15,-0.09999999999999742,0.11818181818181353,0.09696969696968699,0.02121212121212654,0.0,0.0,0.0,1.0,1.0,0.0
0A08,P2,7,2025-07-17 15:57:43.939000+00:00,9.355,0.17062634989200864,D second,4,4,0,0,0,0,0.0,0.0,0.0,0,0,0,0.0,0.0,0.0,78.0,73.3,4.700000000000003,78.8,72.4,6.3999999999999915,0.7999999999999972,-0.8999999999999915,1.6999999999999886,-0.1454545454545432,-0.12727272727272415,-0.01818181818181905,0.7999999999999929,0.29999999999999566,0.4999999999999973,0.9454545454545361,0.4272727272727198,0.5181818181818163,0.0,0.0,0.0,1.0,1.0,0.0
0A08,P2,8,2025-07-17 15:57:54.488000+00:00,8.897,0.19222462203023757,D second,3,3,0,0,0,0,0.0,0.0,0.0,0,0,0,0.0,0.0,0.0,77.8,73.2,4.599999999999994,77.2,74.6,2.6000000000000085,-0.5999999999999943,1.3999999999999915,-1.9999999999999858,-0.29090909090908995,0.2787878787878805,-0.5696969696969705,0.7999999999999894,0.29999999999999477,0.4999999999999946,1.0909090909090793,0.021212121212114243,1.069696969696965,0.0,0.0,0.0,1.0,1.0,0.0
0A08,P2,9,2025-07-17 15:58:04.270000+00:00,8.826,0.21382289416846653,D second,3,3,0,0,0,0,0.0,0.0,0.0,0,0,0,0.0,0.0,0.0,77.5,75.5,2.0,78.0,75.2,2.799999999999997,0.5,-0.29999999999999716,0.7999999999999972,0.0909090909090939,0.4181818181818185,-0.3272727272727246,0.9999999999999966,-0.8000000000000098,1.8000000000000065,0.9090909090909026,-1.2181818181818282,2.127272727272731,0.0,0.0,0.0,1.0,1.0,0.0
0A08,P2,10,2025-07-17 15:58:14.095000+00:00,9.052,0.23542116630669546,D second,4,4,0,0,0,0,0.0,0.0,0.0,0,0,0,0.0,0.0,0.0,78.9,75.0,3.9000000000000057,78.0,75.0,3.0,-0.9000000000000057,0.0,-0.9000000000000057,0.369696969696973,-0.13333333333333075,0.5030303030303038,-0.3000000000000095,-5.152623147046091e-15,-0.3000000000000043,-0.6696969696969826,0.1333333333333256,-0.8030303030303081,0.0,0.0,0.0,1.0,1.0,0.0
0A08,P2,11,2025-07-17 15:58:24.112000+00:00,9.802,0.2570194384449244,D second,4,4,0,0,0,0,0.0,0.0,0.0,0,0,0,0.0,0.0,0.0,78.4,74.2,4.200000000000003,79.6,72.8,6.799999999999997,1.1999999999999886,-1.4000000000000057,2.5999999999999943,0.14545454545454986,-0.3272727272727261,0.472727272727276,-0.3000000000000109,0.19999999999999038,-0.5000000000000013,-0.44545454545456076,0.5272727272727165,-0.9727272727272772,0.0,0.0,0.0,1.0,1.0,0.0
0A08,P2,12,2025-07-17 15:58:34.736000+00:00,8.37,0.28077753779697623,D second,3,3,0,0,0,0,0.0,0.0,0.0,0,0,0,0.0,0.0,0.0,78.9,72.9,6.0,77.6,73.4,4.199999999999989,-1.3000000000000114,0.5,-1.8000000000000114,-0.1515151515151503,-0.12727272727272948,-0.024242424242420818,-1.3651679537037327e-14,0.49999999999999467,-0.5000000000000083,0.15151515151513664,0.6272727272727241,-0.4757575757575875,0.0,0.0,0.0,1.0,1.0,0.0
0A08,P2,13,2025-07-17 15:58:43.935000+00:00,9.316,0.3002159827213823,D second,4,4,0,0,0,0,0.0,0.0,0.0,0,0,0,0.0,0.0,0.0,77.2,73.3,3.9000000000000057,82.0,74.2,7.799999999999997,4.799999999999997,0.9000000000000057,3.8999999999999915,-0.15757575757575373,0.27272727272727243,-0.4303030303030262,1.2999999999999805,0.1999999999999975,1.099999999999983,1.4575757575757342,-0.07272727272727492,1.5303030303030092,0.0,0.0,0.0,1.0,1.0,0.0
0A08,P2,14,2025-07-17 15:58:54.666000+00:00,8.701,0.32397408207343414,D second,3,3,0,0,0,0,0.0,0.0,0.0,0,0,0,0.0,0.0,0.0,81.6,74.7,6.8999999999999915,78.2,74.0,4.200000000000003,-3.3999999999999915,-0.7000000000000028,-2.6999999999999886,-0.4242424242424216,0.054545454545455445,-0.47878787878787704,-0.20000000000000412,-6.496579164659306e-15,-0.19999999999999762,0.22424242424241747,-0.05454545454546194,0.2787878787878794,0.0,0.0,0.0,1.0,1.0,0.0
0A08,P2,15,2025-07-17 15:59:04.144000+00:00,9.425,0.3434125269978402,D second,4,4,0,0,0,0,0.0,0.0,0.0,0,0,0,0.0,0.0,0.0,78.0,73.9,4.099999999999994,77.4,74.0,3.4000000000000057,-0.5999999999999943,0.09999999999999432,-0.6999999999999886,-0.20606060606060592,-0.030303030303031674,-0.17575757575757425,1.2999999999999894,-6.496579164659306e-15,1.2999999999999958,1.5060606060605952,0.030303030303025176,1.47575757575757,0.0,0.0,0.0,1.0,1.0,0.0
0A08,P2,16,2025-07-17 15:59:14.433000+00:00,8.752,0.3650107991360691,D second,3,3,0,0,0,0,0.0,0.0,0.0,0,0,0,0.0,0.0,0.0,78.5,74.1,4.400000000000006,81.4,77.2,4.200000000000003,2.9000000000000057,3.1000000000000085,-0.20000000000000284,0.5030303030303035,0.0545454545454561,0.4484848484848474,-0.3000000000000129,0.4999999999999935,-0.8000000000000065,-0.8030303030303164,0.4454545454545374,-1.2484848484848539,0.0,0.0,0.0,1.0,1.0,0.0
0A08,P2,17,2025-07-17 15:59:24.072000+00:00,9.125,0.38660907127429806,D second,4,4,0,0,0,0,0.0,0.0,0.0,0,0,0,0.0,0.0,0.0,80.7,77.4,3.299999999999997,79.6,75.0,4.599999999999994,-1.1000000000000085,-2.4000000000000057,1.2999999999999972,-0.24848484848484764,0.29090909090909295,-0.5393939393939406,-0.100000000000011,-0.2000000000000113,0.10000000000000031,0.14848484848483665,-0.4909090909091043,0.639393939393941,0.0,0.0,0.0,1.0,1.0,0.0
0A08,P2,18,2025-07-17 15:59:34.233000+00:00,8.966,0.408207343412527,D second,3,3,0,0,0,0,0.0,0.0,0.0,0,0,0,0.0,0.0,0.0,79.1,75.3,3.799999999999997,77.4,77.0,0.4000000000000057,-1.6999999999999886,1.7000000000000028,-3.3999999999999915,-0.35757575757576054,0.1030303030303035,-0.460606060606064,0.8999999999999919,-4.168942602871812e-15,0.8999999999999961,1.2575757575757525,-0.10303030303030766,1.3606060606060602,0.0,0.0,0.0,1.0,1.0,0.0
0A08,P2,19,2025-07-17 15:59:43.849000+00:00,9.588,0.4298056155507559,D second,4,4,0,0,0,0,0.0,0.0,0.0,0,0,0,0.0,0.0,0.0,78.8,77.2,1.5999999999999943,75.8,77.8,-2.0,-3.0,0.5999999999999943,-3.5999999999999943,0.46060606060606424,0.07272727272727697,0.38787878787878727,0.6999999999999912,0.19999999999999032,0.5000000000000009,0.23939393939392695,0.12727272727271335,0.11212121212121359,0.0,0.0,0.0,1.0,1.0,0.0
0A08,P2,20,2025-07-17 15:59:54.360000+00:00,9.176,0.4514038876889849,D second,4,4,0,0,0,0,0.0,0.0,0.0,0,0,0,0.0,0.0,0.0,77.4,77.3,0.10000000000000853,78.8,75.2,3.5999999999999943,1.3999999999999915,-2.0999999999999943,3.499999999999986,0.49696969696969695,-0.12727272727272695,0.6242424242424239,0.19999999999999138,-0.2000000000000131,0.40000000000000446,-0.29696969696970554,-0.07272727272728616,-0.22424242424241939,0.0,0.0,0.0,1.0,1.0,0.0
0A08,P2,21,2025-07-17 16:00:04.765000+00:00,9.008,0.47516198704103674,D second,4,4,0,0,0,0,0.0,0.0,0.0,0,0,0,0.0,0.0,0.0,78.7,75.1,3.6000000000000085,78.2,75.2,3.0,-0.5,0.10000000000000853,-0.6000000000000085,-0.10303030303029942,-0.006060606060606316,-0.0969696969696931,-0.20000000000000412,0.2999999999999913,-0.4999999999999954,-0.0969696969697047,0.3060606060605976,-0.4030303030303023,0.0,0.0,0.0,1.0,1.0,0.0
0A08,P2,22,2025-07-17 16:00:14.719000+00:00,8.718,0.49676025917926564,D second,3,3,0,0,0,0,0.0,0.0,0.0,0,0,0,0.0,0.0,0.0,78.3,74.7,3.5999999999999943,81.0,75.6,5.400000000000006,2.700000000000003,0.8999999999999915,1.8000000000000114,0.018181818181817484,-0.018181818181817425,0.036363636363634905,0.09999999999999373,-4.571989068057074e-15,0.0999999999999983,0.08181818181817625,0.018181818181812852,0.06363636363636341,0.0,0.0,0.0,1.0,1.0,0.0
0A08,P2,23,2025-07-17 16:00:24.709000+00:00,9.676,0.5183585313174947,D second,4,4,0,0,0,0,0.0,0.0,0.0,0,0,0,0.0,0.0,0.0,79.7,75.2,4.5,77.8,76.8,1.0,-1.9000000000000057,1.5999999999999943,-3.5,-0.5151515151515161,-0.09696969696969704,-0.4181818181818191,0.599999999999992,0.1999999999999953,0.3999999999999967,1.1151515151515081,0.29696969696969233,0.8181818181818158,0.0,0.0,0.0,1.0,1.0,0.0
0A08,P2,24,2025-07-17 16:00:35.237000+00:00,8.188,0.5399568034557235,D second,3,3,0,0,0,0,0.0,0.0,0.0,0,0,0,0.0,0.0,0.0,78.3,76.7,1.5999999999999943,80.2,76.0,4.200000000000003,1.9000000000000057,-0.7000000000000028,2.6000000000000085,0.23636363636363722,0.15151515151515355,0.08484848484848367,0.1999999999999892,-5.198128715046503e-15,0.19999999999999438,-0.03636363636364803,-0.15151515151515874,0.1151515151515107,0.0,0.0,0.0,1.0,1.0,0.0
0A08,P2,25,2025-07-17 16:00:44.216000+00:00,8.956,0.5593952483801296,D second,3,3,0,0,0,0,0.0,0.0,0.0,0,0,0,0.0,0.0,0.0,80.3,75.8,4.5,76.0,75.6,0.4000000000000057,-4.299999999999997,-0.20000000000000284,-4.099999999999994,0.12727272727272393,-0.18181818181817805,0.309090909090902,-0.7000000000000072,0.2999999999999914,-0.9999999999999986,-0.8272727272727312,0.48181818181816943,-1.3090909090909006,0.0,0.0,0.0,1.0,1.0,0.0
0A08,P2,26,2025-07-17 16:00:53.920000+00:00,9.509,0.5809935205183585,D second,4,4,0,0,0,0,0.0,0.0,0.0,0,0,0,0.0,0.0,0.0,77.3,75.6,1.7000000000000028,77.8,74.8,3.0,0.5,-0.7999999999999972,1.2999999999999972,0.34545454545454707,0.0727272727272736,0.2727272727272735,0.19999999999999812,-0.10000000000001051,0.30000000000000865,-0.14545454545454894,-0.1727272727272841,0.027272727272735164,0.0,0.0,0.0,1.0,1.0,0.0
0A08,P2,27,2025-07-17 16:01:04.408000+00:00,8.986,0.6025917926565875,D second,3,3,0,0,0,0,0.0,0.0,0.0,0,0,0,0.0,0.0,0.0,79.7,75.4,4.299999999999997,79.4,74.4,5.0,-0.29999999999999716,-1.0,0.7000000000000028,0.6000000000000013,0.24242424242424382,0.3575757575757575,-0.3000000000000072,-0.7000000000000028,0.39999999999999564,-0.9000000000000086,-0.9424242424242466,0.042424242424238034,0.0,0.0,0.0,1.0,1.0,0.0
0A08,P2,28,2025-07-17 16:01:14.225000+00:00,9.062,0.6241900647948164,D second,4,4,0,0,0,0,0.0,0.0,0.0,0,0,0,0.0,0.0,0.0,80.6,74.8,5.799999999999997,76.8,75.6,1.2000000000000028,-3.799999999999997,0.7999999999999972,-4.599999999999994,0.3757575757575782,-0.13333333333332953,0.5090909090909077,-1.0000000000000069,-0.3000000000000057,-0.7000000000000012,-1.375757575757585,-0.16666666666667618,-1.209090909090909,0.0,0.0,0.0,1.0,1.0,0.0
0A08,P2,29,2025-07-17 16:01:24.738000+00:00,9.2,0.6479481641468683,D second,4,4,0,0,0,0,0.0,0.0,0.0,0,0,0,0.0,0.0,0.0,75.5,75.2,0.29999999999999716,77.8,74.8,3.0,2.299999999999997,-0.4000000000000057,2.700000000000003,-0.16363636363636389,2.4393067010966228e-15,-0.16363636363636633,0.0999999999999943,-0.8000000000000124,0.9000000000000067,0.2636363636363582,-0.8000000000000148,1.063636363636373,0.0,0.0,0.0,1.0,1.0,0.0
0A08,P2,30,2025-07-17 16:01:34.706000+00:00,8.712,0.6695464362850972,D second,3,3,0,0,0,0,0.0,0.0,0.0,0,0,0,0.0,0.0,0.0,77.9,74.1,3.8000000000000114,79.4,73.6,5.800000000000011,1.5,-0.5,2.0,0.04242424242424382,-0.45454545454545553,0.49696969696969934,0.2999999999999943,-4.035826062758193e-15,0.2999999999999984,0.2575757575757505,0.4545454545454515,-0.19696969696970096,0.0,0.0,0.0,1.0,1.0,0.0
0A08,P2,31,2025-07-17 16:01:44.315000+00:00,8.853,0.6889848812095032,D second,3,3,0,0,0,0,0.0,0.0,0.0,0,0,0,0.0,0.0,0.0,78.8,73.2,5.599999999999994,81.0,75.0,6.0,2.200000000000003,1.7999999999999972,0.4000000000000057,-0.036363636363636355,-0.0484848484848502,0.012121212121213844,0.5999999999999837,-5.152623147046091e-15,0.5999999999999888,0.63636363636362,0.04848484848484504,0.587878787878775,0.0,0.0,0.0,1.0,1.0,0.0
0A08,P2,32,2025-07-17 16:01:53.810000+00:00,9.443,0.7105831533477321,D second,4,4,0,0,0,0,0.0,0.0,0.0,1,0,1,3.0,0.0,3.0,81.0,74.6,6.400000000000006,81.8,74.8,7.0,0.7999999999999972,0.20000000000000284,0.5999999999999943,0.07272727272727358,-0.03636363636363723,0.10909090909091082,-0.20000000000001047,-0.20000000000000062,-9.853229343548264e-15,-0.27272727272728403,-0.16363636363636339,-0.10909090909092065,0.0,0.0,0.0,1.0,1.0,0.0
0A08,P2,33,2025-07-17 16:02:04.092000+00:00,9.115,0.7321814254859611,D second,4,4,0,0,0,0,0.0,0.0,0.0,0,0,0,0.0,0.0,0.0,81.1,73.5,7.599999999999994,79.4,75.2,4.200000000000003,-1.6999999999999886,1.7000000000000028,-3.3999999999999915,-0.2969696969696967,-0.44242424242423806,0.14545454545454134,0.2999999999999943,0.2999999999999913,3.0531133177191805e-15,0.596969696969691,0.7424242424242293,-0.1454545454545383,0.0,0.0,0.0,1.0,1.0,0.0
0A08,P2,34,2025-07-17 16:02:15.101000+00:00,8.851,0.755939524838013,D second,3,3,0,0,0,0,0.0,0.0,0.0,0,0,0,0.0,0.0,0.0,80.4,74.0,6.400000000000006,80.0,73.0,7.0,-0.4000000000000057,-1.0,0.5999999999999943,0.3272727272727265,-0.36363636363636404,0.6909090909090905,-0.10000000000000048,-1.1640144055955422e-14,-0.09999999999998883,-0.42727272727272697,0.3636363636363524,-0.7909090909090793,0.0,0.0,0.0,1.0,1.0,0.0
0A08,P2,35,2025-07-17 16:02:24.670000+00:00,9.358,0.7775377969762419,D second,4,4,0,0,0,0,0.0,0.0,0.0,0,0,0,0.0,0.0,0.0,81.9,72.8,9.100000000000009,79.8,72.2,7.599999999999994,-2.1000000000000085,-0.5999999999999943,-1.5000000000000142,0.4787878787878793,-0.09696969696969575,0.575757575757575,0.0999999999999904,0.19999999999999363,-0.10000000000000323,-0.3787878787878889,0.2969696969696894,-0.6757575757575782,0.0,0.0,0.0,1.0,1.0,0.0
0A08,P2,36,2025-07-17 16:02:34.798000+00:00,8.484,0.7991360691144709,D second,3,3,0,0,0,0,0.0,0.0,0.0,0,0,0,0.0,0.0,0.0,80.2,73.0,7.200000000000003,78.4,72.2,6.200000000000003,-1.7999999999999972,-0.7999999999999972,-1.0,0.13333333333333527,0.3272727272727269,-0.1939393939393916,-0.6000000000000061,-0.20000000000000615,-0.3999999999999999,-0.7333333333333414,-0.527272727272733,-0.2060606060606084,0.0,0.0,0.0,1.0,1.0,0.0
0A08,P2,37,2025-07-17 16:02:44.022000+00:00,9.395,0.8185745140388769,D second,4,4,0,0,0,0,0.0,0.0,0.0,0,0,0,0.0,0.0,0.0,77.5,73.1,4.400000000000006,73.8,74.4,-0.6000000000000085,-3.700000000000003,1.3000000000000114,-5.000000000000014,-0.5878787878787849,0.16363636363636525,-0.7515151515151501,-1.1000000000000114,-0.10000000000000395,-1.0000000000000075,-0.5121212121212265,-0.2636363636363692,-0.2484848484848573,0.0,0.0,0.0,1.0,1.0,0.0
0A08,P2,38,2025-07-17 16:02:54.311000+00:00,9.237,0.8401727861771058,D second,4,4,0,0,0,0,0.0,0.0,0.0,0,0,0,0.0,0.0,0.0,74.7,74.8,-0.09999999999999432,79.6,77.0,2.5999999999999943,4.8999999999999915,2.200000000000003,2.6999999999999886,0.32121212121212245,0.20606060606060517,0.11515151515151728,-0.3000000000000109,-4.168942602871812e-15,-0.30000000000000676,-0.6212121212121333,-0.20606060606060933,-0.415151515151524,0.0,0.0,0.0,1.0,1.0,0.0
0A08,P2,39,2025-07-17 16:03:04.776000+00:00,9.273,0.8639308855291576,D second,4,4,0,0,0,0,0.0,0.0,0.0,0,0,0,0.0,0.0,0.0,79.5,76.4,3.0999999999999943,80.6,78.2,2.3999999999999915,1.0999999999999943,1.7999999999999972,-0.7000000000000028,-0.07878787878787684,-0.20606060606060378,0.12727272727272693,0.6999999999999896,1.2999999999999883,-0.5999999999999986,0.7787878787878665,1.506060606060592,-0.7272727272727256,0.0,0.0,0.0,1.0,1.0,0.0
0A08,P2,40,2025-07-17 16:03:14.893000+00:00,8.738,0.8855291576673866,D second,3,3,0,0,0,0,0.0,0.0,0.0,0,0,0,0.0,0.0,0.0,80.9,78.3,2.6000000000000085,81.4,77.2,4.200000000000003,0.5,-1.0999999999999943,1.5999999999999943,0.15151515151515477,0.15151515151515496,-1.942890293094024e-16,0.09999999999998792,-1.3000000000000105,1.3999999999999984,-0.05151515151516685,-1.4515151515151654,1.3999999999999986,0.0,0.0,0.0,1.0,1.0,0.0
0A08,P2,41,2025-07-17 16:03:25.315000+00:00,8.107,0.9071274298056156,D second,3,3,0,0,0,0,0.0,0.0,0.0,0,0,0,0.0,0.0,0.0,81.1,75.6,5.5,77.4,73.2,4.200000000000003,-3.6999999999999886,-2.3999999999999915,-1.2999999999999972,-0.12727272727272884,-0.812121212121207,0.6848484848484782,0.799999999999989,0.19999999999999832,0.5999999999999908,0.9272727272727179,1.0121212121212053,-0.0848484848484874,0.0,0.0,0.0,1.0,1.0,0.0
0A08,P2,42,2025-07-17 16:03:35.810000+00:00,7.815,0.9308855291576674,D second,2,2,0,0,0,0,0.0,0.0,0.0,0,0,0,0.0,0.0,0.0,80.0,74.6,5.400000000000006,84.0,80.0,4.0,4.0,5.400000000000006,-1.4000000000000057,0.6424242424242423,0.47272727272727505,0.1696969696969673,0.499999999999988,0.9999999999999901,-0.5000000000000021,-0.14242424242425433,0.5272727272727151,-0.6696969696969695,0.4,0.4,0.0,1.0,1.0,0.0
0A08,P2,43,2025-07-17 16:03:44.690000+00:00,8.925,0.9503239740820735,D second,3,3,0,0,0,0,0.0,0.0,0.0,0,0,0,0.0,0.0,0.0,83.2,79.9,3.299999999999997,79.2,79.8,-0.5999999999999943,-4.0,-0.10000000000000853,-3.8999999999999915,-0.012121212121209247,0.6121212121212146,-0.6242424242424238,-0.20000000000000825,0.5999999999999871,-0.7999999999999954,-0.187878787878799,-0.01212121212122752,-0.17575757575757148,0.0,0.4,-0.4,1.0,1.0,0.0
0A10,P2,0,2025-07-24 10:40:30.196000+00:00,8.272,0.022332506203473945,D second,3,3,0,0,0,0,0.0,0.0,0.0,0,0,0,0.0,0.0,0.0,63.888888888888886,74.125,-10.236111111111114,67.8,72.0,-4.200000000000003,3.9111111111111114,-2.125,6.036111111111111,0.6166666666666709,-0.607142857142858,1.2238095238095288,-0.20000000000000112,-5.200494384623844e-15,-0.19999999999999593,-0.816666666666672,0.6071428571428528,-1.4238095238095247,0.0,0.0,0.0,1.0,1.0,0.0
0A10,P2,1,2025-07-24 10:40:39.458000+00:00,8.864,0.04466501240694789,D second,3,3,0,0,0,0,0.0,0.0,0.0,0,0,0,0.0,0.0,0.0,67.4,72.0,-4.599999999999994,66.0,70.0,-4.0,-1.4000000000000057,-2.0,0.5999999999999943,-0.09696969696969607,1.3813035391879868e-15,-0.09696969696969746,-0.40000000000000413,-0.40000000000001223,8.104628079763643e-15,-0.3030303030303081,-0.4000000000000136,0.09696969696970553,0.0,0.0,0.0,1.0,1.0,0.0
0A10,P2,2,2025-07-24 10:40:49.469000+00:00,8.618,0.06947890818858561,D second,3,3,0,0,0,0,0.0,0.0,0.0,0,0,0,0.0,0.0,0.0,65.7,69.7,-4.0,66.6,67.6,-1.0,0.8999999999999915,-2.1000000000000085,3.0,-0.06666666666666743,-0.35757575757575477,0.29090909090908734,-0.30000000000000415,-0.10000000000000993,-0.19999999999999424,-0.23333333333333672,0.25757575757574486,-0.4909090909090816,0.0,0.0,0.0,1.0,1.0,0.0
0A10,P2,3,2025-07-24 10:40:59.001000+00:00,9.381,0.09429280397022333,D second,4,4,0,0,0,0,0.0,0.0,0.0,0,0,0,0.0,0.0,0.0,65.8,68.6,-2.799999999999997,65.0,69.8,-4.799999999999997,-0.7999999999999972,1.2000000000000028,-2.0,-0.2787878787878787,0.31515151515151263,-0.5939393939393913,-1.2667344765170475e-15,0.3999999999999973,-0.3999999999999986,0.2787878787878774,0.08484848484848467,0.19393939393939275,0.0,0.0,0.0,1.0,1.0,0.0
0A10,P2,4,2025-07-24 10:41:09.461000+00:00,8.85,0.11910669975186104,D second,3,3,0,0,0,0,0.0,0.0,0.0,0,0,0,0.0,0.0,0.0,65.0,69.8,-4.799999999999997,65.8,70.2,-4.400000000000006,0.7999999999999972,0.4000000000000057,0.3999999999999915,-1.6821343494055487e-15,0.036363636363637236,-0.036363636363638915,0.19999999999999066,0.1999999999999949,-4.246603069191224e-15,0.19999999999999235,0.16363636363635767,0.03636363636363468,0.0,0.0,0.0,1.0,1.0,0.0
0A10,P2,5,2025-07-24 10:41:20.727000+00:00,8.158,0.1488833746898263,D second,3,3,0,0,0,0,0.0,0.0,0.0,0,0,0,0.0,0.0,0.0,65.4,70.3,-4.8999999999999915,66.4,70.0,-3.5999999999999943,1.0,-0.29999999999999716,1.2999999999999972,-0.1454545454545447,0.006060606060608315,-0.15151515151515302,0.29999999999999694,-0.40000000000001223,0.7000000000000092,0.44545454545454166,-0.40606060606062055,0.8515151515151622,0.0,0.0,0.0,1.0,1.0,0.0
0A10,P2,6,2025-07-24 10:41:30.226000+00:00,8.182,0.17121588089330025,D second,3,3,0,0,0,0,0.0,0.0,0.0,0,0,0,0.0,0.0,0.0,65.9,69.4,-3.5,64.0,65.8,-1.7999999999999972,-1.9000000000000057,-3.6000000000000085,1.7000000000000028,-0.07878787878787899,-0.3999999999999971,0.32121212121211806,-6.725069273251686e-15,-0.20000000000001356,0.20000000000000684,0.07878787878787226,0.19999999999998352,-0.12121212121211127,0.0,0.0,0.0,1.0,1.0,0.0
0A10,P2,7,2025-07-24 10:41:39.421000+00:00,9.248,0.1935483870967742,D second,4,4,0,0,0,0,0.0,0.0,0.0,0,0,0,0.0,0.0,0.0,64.3,66.1,-1.7999999999999972,64.4,66.8,-2.3999999999999915,0.10000000000000853,0.7000000000000028,-0.5999999999999943,0.15151515151515255,-0.19999999999999724,0.3515151515151498,-0.3000000000000059,-5.604206437442639e-15,-0.30000000000000027,-0.4515151515151584,0.19999999999999163,-0.65151515151515,0.0,0.0,0.0,1.0,1.0,0.0
0A10,P2,8,2025-07-24 10:41:49.627000+00:00,9.076,0.22084367245657568,D second,4,4,0,0,0,0,0.0,0.0,0.0,0,0,0,0.0,0.0,0.0,65.1,66.2,-1.1000000000000085,66.0,64.2,1.7999999999999972,0.9000000000000057,-2.0,2.9000000000000057,0.23636363636363414,-0.21818181818181892,0.45454545454545303,-6.1865405983754645e-15,-0.2000000000000095,0.20000000000000331,-0.23636363636364033,0.018181818181809417,-0.25454545454544975,0.0,0.0,0.0,1.0,1.0,0.0
0A10,P2,9,2025-07-24 10:41:59.781000+00:00,8.643,0.2456575682382134,D second,3,3,0,0,0,0,0.0,0.0,0.0,0,0,0,0.0,0.0,0.0,65.6,64.2,1.3999999999999915,64.0,65.8,-1.7999999999999972,-1.5999999999999943,1.5999999999999943,-3.1999999999999886,-0.18181818181818032,-0.09696969696969698,-0.08484848484848334,0.39999999999999414,0.19999999999999066,0.20000000000000348,0.5818181818181745,0.29696969696968767,0.2848484848484868,0.0,0.0,0.0,1.0,1.0,0.0
0A10,P2,10,2025-07-24 10:42:09.336000+00:00,9.679,0.2679900744416873,D second,4,4,0,0,0,0,0.0,0.0,0.0,0,0,0,0.0,0.0,0.0,64.3,65.5,-1.2000000000000028,64.0,66.4,-2.4000000000000057,-0.29999999999999716,0.9000000000000057,-1.2000000000000028,0.13939393939393882,0.22424242424242657,-0.08484848484848775,-6.725069273251686e-15,0.29999999999999694,-0.30000000000000365,-0.13939393939394554,0.07575757575757036,-0.2151515151515159,0.0,0.0,0.0,1.0,1.0,0.0
0A10,P2,11,2025-07-24 10:42:19.782000+00:00,8.398,0.29528535980148884,D second,3,3,0,0,0,0,0.0,0.0,0.0,0,0,0,0.0,0.0,0.0,64.3,67.4,-3.1000000000000085,66.0,68.0,-2.0,1.7000000000000028,0.5999999999999943,1.1000000000000085,0.12727272727272848,0.24242424242424535,-0.11515151515151686,0.599999999999998,-1.2671695837707454e-14,0.6000000000000106,0.4727272727272695,-0.24242424242425803,0.7151515151515275,0.0,0.0,0.0,1.0,1.0,0.0
0A10,P2,12,2025-07-24 10:42:29.001000+00:00,10.046,0.3176178660049628,D second,5,5,0,0,0,0,0.0,0.0,0.0,0,0,0,0.0,0.0,0.0,67.1,68.0,-0.9000000000000057,67.0,68.6,-1.5999999999999943,-0.09999999999999432,0.5999999999999943,-0.6999999999999886,0.5636363636363632,1.9739516988424734e-15,0.5636363636363612,0.2999999999999952,0.2999999999999953,-1.1102230246251565e-16,-0.26363636363636794,0.2999999999999933,-0.5636363636363613,0.0,0.0,0.0,1.0,1.0,0.0
0A10,P2,13,2025-07-24 10:42:40.251000+00:00,8.006,0.34491315136476425,D second,3,3,0,0,0,0,0.0,0.0,0.0,0,0,0,0.0,0.0,0.0,67.5,68.1,-0.5999999999999943,67.6,66.0,1.5999999999999943,0.09999999999999432,-2.0999999999999943,2.1999999999999886,0.17575757575757703,-0.17575757575757384,0.3515151515151509,-0.7000000000000036,-6.1865405983754645e-15,-0.6999999999999974,-0.8757575757575806,0.17575757575756765,-1.0515151515151482,0.2,0.0,0.2,1.0,1.0,0.0
0A10,P2,14,2025-07-24 10:42:49.208000+00:00,9.036,0.36724565756823824,D second,4,4,0,0,0,0,0.0,0.0,0.0,0,0,0,0.0,0.0,0.0,66.7,66.3,0.4000000000000057,67.4,66.6,0.8000000000000114,0.7000000000000028,0.29999999999999716,0.4000000000000057,-0.46666666666666606,-0.06666666666666451,-0.4000000000000016,0.899999999999989,0.2999999999999966,0.5999999999999924,1.3666666666666551,0.36666666666666115,0.999999999999994,0.2,0.0,0.2,1.0,1.0,0.0
0A10,P2,15,2025-07-24 10:42:59.537000+00:00,8.981,0.3945409429280397,D second,3,3,0,0,0,0,0.0,0.0,0.0,0,0,0,0.0,0.0,0.0,68.0,66.9,1.0999999999999943,70.6,65.8,4.799999999999997,2.5999999999999943,-1.1000000000000085,3.700000000000003,2.8157300830972147e-15,0.09090909090909037,-0.09090909090908755,0.4000000000000012,0.09999999999999537,0.3000000000000058,0.39999999999999836,0.009090909090905,0.39090909090909337,1.0,0.0,1.0,1.0,1.0,0.0
0A10,P2,16,2025-07-24 10:43:09.372000+00:00,8.896,0.41687344913151364,D second,3,3,0,0,0,0,0.0,0.0,0.0,0,0,0,0.0,0.0,0.0,70.9,66.5,4.400000000000006,70.8,68.2,2.5999999999999943,-0.10000000000000853,1.7000000000000028,-1.8000000000000114,0.3939393939393929,0.2727272727272762,0.12121212121211672,-0.5000000000000036,0.1999999999999962,-0.6999999999999997,-0.8939393939393965,-0.07272727272728,-0.8212121212121165,1.0,0.0,1.0,1.0,1.0,0.0
0A10,P2,17,2025-07-24 10:43:19.905000+00:00,8.775,0.4441687344913151,D second,3,3,0,0,0,0,0.0,0.0,0.0,0,0,0,0.0,0.0,0.0,69.1,68.4,0.6999999999999886,66.0,66.2,-0.20000000000000284,-3.0999999999999943,-2.200000000000003,-0.8999999999999915,-0.4909090909090905,0.048484848484850046,-0.5393939393939405,-0.6000000000000077,-0.20000000000000562,-0.40000000000000213,-0.10909090909091723,-0.24848484848485566,0.13939393939393843,0.0,0.0,0.0,1.0,1.0,0.0
0A10,P2,18,2025-07-24 10:43:29.551000+00:00,9.054,0.46898263027295284,D second,4,4,0,0,0,0,0.0,0.0,0.0,0,0,0,0.0,0.0,0.0,65.4,67.0,-1.5999999999999943,67.2,68.4,-1.2000000000000028,1.7999999999999972,1.4000000000000057,0.3999999999999915,-0.2909090909090893,0.1212121212121222,-0.4121212121212115,0.49999999999999994,0.29999999999999305,0.2000000000000069,0.7909090909090892,0.17878787878787084,0.6121212121212184,0.0,0.0,0.0,1.0,1.0,0.0
0A10,P2,19,2025-07-24 10:43:39.669000+00:00,8.716,0.49379652605459057,D second,3,3,0,0,0,0,0.0,0.0,0.0,0,0,0,0.0,0.0,0.0,66.4,68.9,-2.5,65.8,69.2,-3.4000000000000057,-0.6000000000000085,0.29999999999999716,-0.9000000000000057,-0.24242424242424168,0.27272727272727154,-0.5151515151515133,0.19999999999999066,-0.2000000000000007,0.39999999999999136,0.44242424242423234,-0.4727272727272722,0.9151515151515046,0.0,0.0,0.0,1.0,1.0,0.0
0A10,P2,20,2025-07-24 10:43:50.183000+00:00,8.076,0.5186104218362283,D second,3,3,0,0,0,0,0.0,0.0,0.0,0,0,0,0.0,0.0,0.0,66.5,69.2,-2.700000000000003,72.0,68.2,3.799999999999997,5.5,-1.0,6.5,0.2606060606060617,-0.09696969696969354,0.3575757575757552,0.4999999999999961,-0.7000000000000005,1.1999999999999966,0.23939393939393444,-0.603030303030307,0.8424242424242414,1.0,0.0,1.0,1.0,1.0,0.0
0A10,P2,21,2025-07-24 10:43:59.234000+00:00,9.108,0.5409429280397022,D second,4,4,0,0,0,0,0.0,0.0,0.0,0,0,0,0.0,0.0,0.0,70.2,66.9,3.299999999999997,65.4,67.8,-2.3999999999999915,-4.799999999999997,0.8999999999999915,-5.699999999999989,-0.2909090909090897,-0.6363636363636374,0.3454545454545477,-0.3000000000000101,0.49999999999998895,-0.799999999999999,-0.009090909090920418,1.1363636363636263,-1.1454545454545466,0.0,0.0,0.0,1.0,1.0,0.0
0A10,P2,22,2025-07-24 10:44:09.084000+00:00,9.231,0.56575682382134,D second,4,4,0,0,0,0,0.0,0.0,0.0,0,0,0,0.0,0.0,0.0,65.5,67.9,-2.4000000000000057,66.8,67.4,-0.6000000000000085,1.2999999999999972,-0.5,1.7999999999999972,0.03030303030303176,0.33333333333333276,-0.303030303030301,-0.20000000000000914,-0.10000000000000259,-0.10000000000000656,-0.2303030303030409,-0.43333333333333535,0.20303030303029446,0.0,0.0,0.0,1.0,1.0,0.0
0A10,P2,23,2025-07-24 10:44:19.431000+00:00,9.621,0.5905707196029777,D second,4,4,0,0,0,0,0.0,0.0,0.0,0,0,0,0.0,0.0,0.0,65.2,66.9,-1.7000000000000028,64.4,65.8,-1.3999999999999915,-0.7999999999999972,-1.1000000000000085,0.30000000000001137,-0.5696969696969673,-0.284848484848483,-0.28484848484848424,0.09999999999999572,-0.10000000000000299,0.1999999999999987,0.669696969696963,0.18484848484848004,0.484848484848483,0.0,0.0,0.0,1.0,1.0,0.0
0A10,P2,24,2025-07-24 10:44:30.430000+00:00,7.731,0.6178660049627791,D second,2,2,0,0,0,0,0.0,0.0,0.0,0,0,0,0.0,0.0,0.0,62.9,65.4,-2.500000000000007,60.4,65.0,-4.600000000000001,-2.5,-0.4000000000000057,-2.0999999999999943,-0.5151515151515147,-0.13333333333333516,-0.3818181818181795,0.29999999999999927,-1.2667344765170475e-15,0.30000000000000054,0.815151515151514,0.1333333333333339,0.6818181818181801,0.0,0.0,0.0,1.0,1.0,0.0
0A10,P2,25,2025-07-24 10:44:38.984000+00:00,9.207,0.6401985111662531,D second,4,4,0,0,0,0,0.0,0.0,0.0,0,0,0,0.0,0.0,0.0,61.6,64.6,-2.999999999999993,66.4,63.8,2.6000000000000085,4.800000000000004,-0.7999999999999972,5.600000000000001,0.5696969696969687,-0.14545454545454573,0.7151515151515144,0.49999999999999345,-9.006534679405237e-15,0.5000000000000024,-0.06969696969697525,0.14545454545453673,-0.21515151515151199,0.0,0.0,0.0,1.0,1.0,0.0
0A10,P2,26,2025-07-24 10:44:48.914000+00:00,10.116,0.6650124069478908,D second,5,5,0,0,0,0,0.0,0.0,0.0,0,0,0,0.0,0.0,0.0,66.6,64.2,2.3999999999999915,65.6,64.6,1.0,-1.0,0.3999999999999915,-1.3999999999999915,0.09696969696969822,0.16969696969696968,-0.07272727272727146,-0.3000000000000041,-0.5000000000000042,0.20000000000000012,-0.3969696969697023,-0.6696969696969739,0.2727272727272716,0.0,0.0,0.0,1.0,1.0,0.0
0A10,P2,27,2025-07-24 10:45:00.338000+00:00,8.741,0.6923076923076923,D second,3,3,0,0,0,0,0.0,0.0,0.0,0,0,0,0.0,0.0,0.0,64.8,64.6,0.20000000000000284,68.2,65.0,3.200000000000003,3.4000000000000057,0.4000000000000057,3.0,-0.16969696969696915,-0.024242424242423993,-0.14545454545454517,0.2999999999999926,-1.2667344765170475e-15,0.2999999999999939,0.46969696969696173,0.024242424242422726,0.445454545454539,0.4,0.0,0.4,1.0,1.0,0.0
0A10,P2,28,2025-07-24 10:45:10.324000+00:00,7.953,0.71712158808933,D second,2,2,0,0,0,0,0.0,0.0,0.0,0,0,0,0.0,0.0,0.0,67.6,64.5,3.0999999999999943,67.2,62.0,5.200000000000003,-0.3999999999999915,-2.5,2.1000000000000085,-0.18181818181818277,-0.20000000000000082,0.01818181818181805,-0.1000000000000052,-0.4000000000000008,0.2999999999999956,0.08181818181817757,-0.19999999999999998,0.2818181818181775,0.0,0.0,0.0,1.0,1.0,0.0
0A10,P2,29,2025-07-24 10:45:19.167000+00:00,9.453,0.739454094292804,D second,4,4,0,0,0,0,0.0,0.0,0.0,0,0,0,0.0,0.0,0.0,67.3,62.0,5.299999999999997,65.0,62.6,2.3999999999999986,-2.299999999999997,0.6000000000000014,-2.8999999999999986,0.0666666666666699,-0.3272727272727281,0.39393939393939803,-1.0000000000000044,0.8999999999999972,-1.9000000000000017,-1.0666666666666744,1.2272727272727253,-2.2939393939393997,0.0,0.0,0.0,1.0,1.0,0.0
0A10,P2,30,2025-07-24 10:45:29.529000+00:00,7.457,0.7667493796526055,D second,2,2,0,0,0,0,0.0,0.0,0.0,0,0,0,0.0,0.0,0.0,64.4,62.6,1.8000000000000043,68.6,62.0,6.599999999999994,4.199999999999989,-0.6000000000000014,4.79999999999999,0.04848484848484812,0.048484848484848964,-8.465450562766819e-16,1.9563060696979865e-15,-9.998358086562775e-16,2.9561418783542638e-15,-0.04848484848484616,-0.04848484848484996,3.802513859341161e-15,0.6,0.0,0.6,1.0,1.0,0.0
0A10,P2,31,2025-07-24 10:45:38.356000+00:00,9.957,0.7866004962779156,D second,4,4,0,0,0,0,0.0,0.0,0.0,0,0,0,0.0,0.0,0.0,67.6,62.6,4.999999999999993,70.4,63.6,6.800000000000004,2.8000000000000114,1.0,1.8000000000000114,0.13333333333333547,0.27878787878787614,-0.14545454545454067,0.49999999999998823,-0.30000000000000543,0.7999999999999936,0.36666666666665276,-0.5787878787878815,0.9454545454545342,1.0,0.0,1.0,1.0,1.0,0.0
0A10,P2,32,2025-07-24 10:45:49.121000+00:00,9.173,0.8138957816377171,D second,4,4,0,0,0,0,0.0,0.0,0.0,0,0,0,0.0,0.0,0.0,69.7,63.7,6.0,69.8,66.0,3.799999999999997,0.09999999999999432,2.299999999999997,-2.200000000000003,-0.36969696969696797,0.054545454545456194,-0.42424242424242414,0.1999999999999992,-6.1865405983754645e-15,0.2000000000000054,0.5696969696969671,-0.054545454545462384,0.6242424242424295,1.0,0.0,1.0,1.0,1.0,0.0
0A10,P2,33,2025-07-24 10:45:59.209000+00:00,18.928,0.8387096774193549,D second,10,10,0,0,0,0,0.0,0.0,0.0,0,0,0,0.0,0.0,0.0,69.8,65.8,4.0,71.4,64.2,7.200000000000003,1.6000000000000085,-1.5999999999999943,3.200000000000003,0.08484848484848638,3.545867740782353e-15,0.08484848484848283,0.09999999999999697,-0.2000000000000095,0.3000000000000065,0.015151515151510586,-0.20000000000001306,0.21515151515152364,1.0,0.0,1.0,1.0,1.0,0.0
0A10,P2,35,2025-07-24 10:46:18.967000+00:00,9.449,0.8883374689826302,D second,4,4,0,1,0,1,3.0,0.0,3.0,1,0,1,3.0,0.0,3.0,69.1,69.8,-0.7000000000000028,67.2,70.6,-3.3999999999999915,-1.8999999999999915,0.7999999999999972,-2.6999999999999886,-0.4060606060606058,0.7393939393939422,-1.145454545454548,0.19999999999999107,-0.5000000000000066,0.6999999999999976,0.6060606060605969,-1.2393939393939486,1.8454545454545455,0.0,0.0,0.0,1.0,1.0,0.0
0A10,P2,36,2025-07-24 10:46:29.591000+00:00,8.795,0.9156327543424317,D second,3,3,0,0,0,0,0.0,0.0,0.0,0,0,0,0.0,0.0,0.0,67.3,69.2,-1.9000000000000057,64.6,68.4,-3.8000000000000114,-2.700000000000003,-0.7999999999999972,-1.9000000000000057,-0.05454545454545182,-0.5454545454545481,0.49090909090909624,-0.5000000000000042,0.29999999999999305,-0.7999999999999973,-0.4454545454545524,0.8454545454545411,-1.2909090909090934,0.0,0.0,0.0,1.0,1.0,0.0
0A10,P2,37,2025-07-24 10:46:39.435000+00:00,9.073,0.9379652605459057,D second,4,4,0,0,0,0,0.0,0.0,0.0,0,0,0,0.0,0.0,0.0,64.8,68.7,-3.9000000000000057,64.0,71.6,-7.599999999999994,-0.7999999999999972,2.8999999999999915,-3.6999999999999886,-0.09696969696969575,0.43030303030303146,-0.5272727272727272,-6.725069273251686e-15,-1.979819507986151e-15,-4.745249765265535e-15,0.09696969696968902,-0.43030303030303346,0.5272727272727225,0.0,0.0,0.0,1.0,1.0,0.0
0A10,P2,38,2025-07-24 10:46:49.313000+00:00,7.741,0.9627791563275434,D second,2,2,0,0,0,0,0.0,0.0,0.0,0,0,0,0.0,0.0,0.0,63.5,71.6,-8.099999999999994,64.2,70.8,-6.599999999999994,0.7000000000000028,-0.7999999999999972,1.5,-0.11515151515151381,0.07272727272727418,-0.18787878787878798,0.19999999999999726,-0.2000000000000125,0.4000000000000098,0.3151515151515111,-0.2727272727272867,0.5878787878787978,0.0,0.0,0.0,1.0,1.0,0.0
0A11,P2,0,2025-07-25 12:33:00.612000+00:00,8.704,0.016574585635359115,D second,3,3,0,0,0,0,0.0,0.0,0.0,0,0,0,0.0,0.0,0.0,77.0,83.83333333333333,-6.833333333333329,78.2,79.0,-0.7999999999999972,1.2000000000000028,-4.833333333333329,6.033333333333331,-0.457142857142866,-1.2285714285714286,0.7714285714285627,1.3999999999999886,0.49999999999999556,0.899999999999993,1.8571428571428545,1.7285714285714242,0.12857142857143034,0.0,0.0,0.0,1.0,1.0,0.0
0A11,P2,1,2025-07-25 12:33:10.972000+00:00,7.787,0.04419889502762431,D second,2,2,0,0,0,0,0.0,0.0,0.0,0,0,0,0.0,0.0,0.0,78.8,82.8,-4.0,76.8,85.6,-8.799999999999997,-2.0,2.799999999999997,-4.799999999999997,0.30303030303030287,1.3333333333333395,-1.0303030303030365,0.4999999999999889,-0.10000000000000742,0.5999999999999963,0.19696969696968603,-1.433333333333347,1.630303030303033,0.0,0.0,0.0,1.0,1.0,0.0
0A11,P2,2,2025-07-25 12:33:19.713000+00:00,9.166,0.06906077348066299,D second,4,4,0,0,0,0,0.0,0.0,0.0,0,0,0,0.0,0.0,0.0,77.9,86.4,-8.5,78.0,86.0,-8.0,0.09999999999999432,-0.4000000000000057,0.5,0.2606060606060657,0.036363636363641504,0.22424242424242422,-1.5037740958763335e-14,-1.1678552615223811e-14,-3.3591883435395246e-15,-0.26060606060608077,-0.03636363636365318,-0.22424242424242757,0.0,0.0,0.0,1.0,1.0,0.0
0A11,P2,3,2025-07-25 12:33:29.747000+00:00,9.197,0.09668508287292818,D second,4,4,0,0,0,0,0.0,0.0,0.0,0,0,0,0.0,0.0,0.0,80.1,86.6,-6.5,76.2,93.0,-16.799999999999997,-3.8999999999999915,6.400000000000006,-10.299999999999997,0.7090909090909084,0.37575757575757385,0.3333333333333346,-1.5000000000000102,0.19999999999999207,-1.7000000000000024,-2.2090909090909188,-0.17575757575758177,-2.0333333333333368,0.0,1.0,-1.0,1.0,1.0,0.0
0A11,P2,4,2025-07-25 12:33:39.705000+00:00,9.184,0.12430939226519337,D second,4,4,0,0,0,0,0.0,0.0,0.0,0,0,0,0.0,0.0,0.0,77.6,90.8,-13.200000000000003,80.8,84.8,-4.0,3.200000000000003,-6.0,9.200000000000003,0.509090909090909,-0.7999999999999993,1.3090909090909082,-1.2000000000000042,-4.6110632149589964e-15,-1.1999999999999995,-1.7090909090909132,0.7999999999999946,-2.509090909090908,0.4,0.0,0.4,1.0,1.0,0.0
0A11,P2,5,2025-07-25 12:33:50.585000+00:00,8.186,0.15469613259668508,D second,3,3,0,0,0,0,0.0,0.0,0.0,0,0,0,0.0,0.0,0.0,80.3,82.7,-2.4000000000000057,79.2,85.2,-6.0,-1.0999999999999943,2.5,-3.5999999999999943,0.18787878787878615,-0.6484848484848471,0.8363636363636333,-1.4000000000000072,-0.30000000000001187,-1.0999999999999954,-1.5878787878787934,0.34848484848483524,-1.9363636363636287,0.2,0.0,0.2,1.0,1.0,0.0
0A11,P2,6,2025-07-25 12:33:59.441000+00:00,9.532,0.17679558011049723,D second,4,4,0,0,0,0,0.0,0.0,0.0,0,0,0,0.0,0.0,0.0,79.6,83.3,-3.700000000000003,79.0,83.2,-4.200000000000003,-0.5999999999999943,-0.09999999999999432,-0.5,-0.6666666666666617,0.11515151515151183,-0.7818181818181735,-1.1000000000000065,0.29999999999998944,-1.399999999999996,-0.4333333333333448,0.1848484848484776,-0.6181818181818224,0.0,0.0,0.0,1.0,1.0,0.0
0A11,P2,7,2025-07-25 12:34:09.784000+00:00,9.384,0.20718232044198895,D second,4,4,0,0,0,0,0.0,0.0,0.0,0,0,0,0.0,0.0,0.0,78.3,83.0,-4.700000000000003,79.6,84.0,-4.400000000000006,1.2999999999999972,1.0,0.29999999999999716,0.15151515151515363,-0.09696969696969464,0.24848484848484825,-1.6000000000000076,-5.508167281330343e-15,-1.600000000000002,-1.7515151515151612,0.09696969696968913,-1.8484848484848504,0.4,0.0,0.4,1.0,1.0,0.0
0A11,P2,8,2025-07-25 12:34:20.140000+00:00,8.932,0.23480662983425415,D second,3,3,0,0,0,0,0.0,0.0,0.0,0,0,0,0.0,0.0,0.0,78.3,84.3,-6.0,78.0,83.8,-5.799999999999997,-0.29999999999999716,-0.5,0.20000000000000284,-0.39393939393939464,0.1272727272727279,-0.5212121212121226,-1.0999999999999999,0.2999999999999955,-1.3999999999999955,-0.7060606060606052,0.1727272727272676,-0.8787878787878728,0.0,0.0,0.0,1.0,1.0,0.0
0A11,P2,9,2025-07-25 12:34:30.474000+00:00,8.781,0.26243093922651933,D second,3,3,0,0,0,0,0.0,0.0,0.0,0,0,0,0.0,0.0,0.0,78.7,85.2,-6.5,80.4,84.0,-3.5999999999999943,1.7000000000000028,-1.2000000000000028,2.9000000000000057,0.2121212121212117,0.5090909090909106,-0.2969696969696989,1.2708954157451758e-16,-1.1999999999999957,1.199999999999996,-0.21212121212121157,-1.7090909090909063,1.4969696969696948,0.0,0.0,0.0,1.0,1.0,0.0
0A11,P2,10,2025-07-25 12:34:40.134000+00:00,8.747,0.2900552486187845,D second,3,3,0,0,0,0,0.0,0.0,0.0,0,0,0,0.0,0.0,0.0,81.4,82.6,-1.1999999999999886,82.8,80.6,2.200000000000003,1.3999999999999915,-2.0,3.3999999999999915,0.3636363636363604,-0.5939393939393975,0.957575757575758,0.2999999999999864,-0.30000000000000987,0.5999999999999963,-0.06363636363637404,0.29393939393938767,-0.3575757575757617,1.0,0.0,1.0,1.0,1.0,0.0
0A11,P2,11,2025-07-25 12:34:49.749000+00:00,9.241,0.31767955801104975,D second,4,4,0,0,0,0,0.0,0.0,0.0,0,0,0,0.0,0.0,0.0,84.5,80.2,4.299999999999997,82.4,82.0,0.4000000000000057,-2.0999999999999943,1.7999999999999972,-3.8999999999999915,0.5878787878787903,-0.1818181818181816,0.769696969696972,-1.4000000000000101,0.6999999999999963,-2.1000000000000063,-1.9878787878788005,0.8818181818181778,-2.869696969696978,0.6,0.0,0.6,1.0,1.0,0.0
0A11,P2,12,2025-07-25 12:34:59.750000+00:00,9.225,0.3453038674033149,D second,4,4,0,0,0,0,0.0,0.0,0.0,0,0,0,0.0,0.0,0.0,82.1,80.7,1.3999999999999915,78.8,78.2,0.5999999999999943,-3.299999999999997,-2.5,-0.7999999999999972,-0.1636363636363643,-0.35757575757575905,0.19393939393939474,-1.300000000000001,-0.20000000000000412,-1.0999999999999968,-1.1363636363636367,0.15757575757575493,-1.2939393939393917,0.2,0.0,0.2,1.0,1.0,0.0
0A11,P2,13,2025-07-25 12:35:09.842000+00:00,9.085,0.3729281767955801,D second,4,4,0,0,0,0,0.0,0.0,0.0,0,0,0,0.0,0.0,0.0,79.7,75.7,4.0,78.2,80.2,-2.0,-1.5,4.5,-6.0,0.21212121212121252,-0.6484848484848421,0.8606060606060546,-0.8000000000000059,0.999999999999988,-1.799999999999994,-1.0121212121212184,1.6484848484848302,-2.6606060606060487,0.0,0.0,0.0,1.0,1.0,0.0
0A11,P2,14,2025-07-25 12:35:19.637000+00:00,9.602,0.4005524861878453,D second,4,4,0,0,0,0,0.0,0.0,0.0,0,0,0,0.0,0.0,0.0,78.9,80.4,-1.5,81.6,79.6,2.0,2.6999999999999886,-0.8000000000000114,3.5,0.22424242424242893,0.14545454545454745,0.07878787878788149,0.4999999999999933,0.09999999999999744,0.39999999999999586,0.2757575757575643,-0.04545454545455001,0.32121212121211434,0.4,0.0,0.4,1.0,1.0,0.0
0A11,P2,15,2025-07-25 12:35:30.288000+00:00,8.758,0.4281767955801105,D second,3,3,0,0,0,0,0.0,0.0,0.0,0,0,0,0.0,0.0,0.0,81.2,80.7,0.5,78.8,81.2,-2.4000000000000057,-2.4000000000000057,0.5,-2.9000000000000057,-0.2303030303030321,0.3818181818181814,-0.6121212121212135,0.4999999999999959,-0.2000000000000021,0.699999999999998,0.730303030303028,-0.5818181818181835,1.3121212121212116,0.0,0.0,0.0,1.0,1.0,0.0
0A11,P2,16,2025-07-25 12:35:39.778000+00:00,9.559,0.4558011049723757,D second,4,4,0,0,0,0,0.0,0.0,0.0,0,0,0,0.0,0.0,0.0,79.7,81.9,-2.200000000000003,81.4,80.6,0.8000000000000114,1.7000000000000028,-1.3000000000000114,3.000000000000014,0.2969696969696958,0.1030303030303004,0.19393939393939535,0.49999999999999284,0.299999999999988,0.20000000000000484,0.20303030303029707,0.19696969696968758,0.006060606060609486,0.6,0.0,0.6,1.0,1.0,0.0
0A11,P2,17,2025-07-25 12:35:50.047000+00:00,9.115,0.48342541436464087,D second,4,4,0,0,0,0,0.0,0.0,0.0,0,0,0,0.0,0.0,0.0,81.0,80.3,0.7000000000000028,80.4,80.6,-0.19999999999998863,-0.5999999999999943,0.29999999999999716,-0.8999999999999915,8.535169797918595e-16,-0.127272727272726,0.12727272727272687,-1.3000000000000127,0.899999999999999,-2.2000000000000117,-1.3000000000000136,1.0272727272727251,-2.3272727272727387,0.4,0.0,0.4,1.0,1.0,0.0
0A11,P2,18,2025-07-25 12:36:00.079000+00:00,9.001,0.511049723756906,D second,4,4,0,0,0,0,0.0,0.0,0.0,0,0,0,0.0,0.0,0.0,79.9,81.1,-1.1999999999999886,78.2,83.2,-5.0,-1.7000000000000028,2.1000000000000085,-3.8000000000000114,-0.2484848484848493,-0.09090909090908685,-0.15757575757576248,-4.972669863664995e-15,0.9999999999999869,-0.9999999999999919,0.24848484848484434,1.0909090909090737,-0.8424242424242294,0.0,0.0,0.0,1.0,1.0,0.0
0A11,P2,19,2025-07-25 12:36:09.773000+00:00,9.751,0.5386740331491713,D second,4,4,0,0,0,0,0.0,0.0,0.0,0,0,0,0.0,0.0,0.0,79.2,82.0,-2.799999999999997,79.6,81.0,-1.4000000000000057,0.3999999999999915,-1.0,1.3999999999999915,0.3515151515151536,-0.32727272727272616,0.6787878787878798,-0.2000000000000063,0.39999999999999714,-0.6000000000000034,-0.55151515151516,0.7272727272727233,-1.2787878787878832,0.0,0.0,0.0,1.0,1.0,0.0
0A11,P2,20,2025-07-25 12:36:20.374000+00:00,8.73,0.5662983425414365,D second,3,3,0,0,0,0,0.0,0.0,0.0,0,0,0,0.0,0.0,0.0,82.0,80.8,1.2000000000000028,80.8,81.6,-0.7999999999999972,-1.2000000000000028,0.7999999999999972,-2.0,0.8000000000000004,0.12121212121212446,0.6787878787878759,-1.3000000000000074,-1.2000000000000022,-0.1000000000000052,-2.1000000000000076,-1.3212121212121266,-0.778787878787881,0.4,0.0,0.4,1.0,1.0,0.0
0A11,P2,21,2025-07-25 12:36:29.813000+00:00,9.488,0.5939226519337016,D second,4,4,0,0,0,0,0.0,0.0,0.0,0,0,0,0.0,0.0,0.0,81.2,80.8,0.4000000000000057,80.6,81.6,-1.0,-0.6000000000000085,0.7999999999999972,-1.4000000000000057,0.012121212121212038,-0.24242424242424288,0.2545454545454549,-0.10000000000000585,-1.2000000000000022,1.0999999999999963,-0.11212121212121788,-0.9575757575757593,0.8454545454545415,0.0,0.0,0.0,1.0,1.0,0.0
0A11,P2,22,2025-07-25 12:36:40.118000+00:00,9.536,0.6215469613259669,D second,4,4,0,0,0,0,0.0,0.0,0.0,0,0,0,0.0,0.0,0.0,81.5,80.2,1.2999999999999972,78.2,81.0,-2.799999999999997,-3.299999999999997,0.7999999999999972,-4.099999999999994,0.23636363636363728,-0.5090909090909106,0.7454545454545478,-0.8000000000000059,-5.241268613469573e-15,-0.8000000000000007,-1.0363636363636433,0.5090909090909054,-1.5454545454545485,0.0,0.0,0.0,1.0,1.0,0.0
0A11,P2,23,2025-07-25 12:36:50.634000+00:00,8.409,0.6519337016574586,D second,3,3,0,0,0,0,0.0,0.0,0.0,0,0,0,0.0,0.0,0.0,77.6,82.3,-4.700000000000003,79.6,81.8,-2.200000000000003,2.0,-0.5,2.5,-0.13333333333333275,0.2969696969696963,-0.430303030303029,1.2999999999999978,-0.20000000000001047,1.5000000000000082,1.4333333333333305,-0.4969696969697067,1.9303030303030373,0.2,0.0,0.2,1.0,1.0,0.0
0A11,P2,24,2025-07-25 12:36:59.883000+00:00,9.218,0.6767955801104972,D second,4,4,0,0,0,0,0.0,0.0,0.0,0,0,0,0.0,0.0,0.0,79.6,82.1,-2.5,77.2,81.4,-4.200000000000003,-2.3999999999999915,-0.6999999999999886,-1.7000000000000028,0.31515151515151935,0.018181818181818795,0.29696969696970055,0.39999999999998936,-0.6000000000000055,0.9999999999999949,0.08484848484847002,-0.6181818181818243,0.7030303030302942,0.0,0.0,0.0,1.0,1.0,0.0
0A11,P2,25,2025-07-25 12:37:09.996000+00:00,9.056,0.7044198895027625,D second,4,4,0,0,0,0,0.0,0.0,0.0,0,0,0,0.0,0.0,0.0,77.5,81.6,-4.099999999999994,81.0,81.6,-0.5999999999999943,3.5,0.0,3.5,0.10303030303030461,-0.012121212121207916,0.11515151515151252,0.09999999999999373,0.9999999999999883,-0.8999999999999946,-0.003030303030310877,1.0121212121211962,-1.0151515151515071,0.4,0.0,0.4,1.0,1.0,0.0
0A11,P2,26,2025-07-25 12:37:19.739000+00:00,9.621,0.7320441988950276,D second,4,4,0,0,0,0,0.0,0.0,0.0,0,0,0,0.0,0.0,0.0,79.8,82.3,-2.5,78.2,81.6,-3.3999999999999915,-1.5999999999999943,-0.7000000000000028,-0.8999999999999915,-0.2545454545454495,0.2848484848484864,-0.539393939393936,-1.7000000000000082,-0.10000000000001155,-1.5999999999999965,-1.4454545454545586,-0.384848484848498,-1.0606060606060606,0.0,0.0,0.0,1.0,1.0,0.0
0A11,P2,27,2025-07-25 12:37:30.106000+00:00,10.225,0.7596685082872928,D second,5,5,0,0,0,0,0.0,0.0,0.0,0,0,0,0.0,0.0,0.0,78.3,82.5,-4.200000000000003,77.4,78.4,-1.0,-0.8999999999999915,-4.099999999999994,3.200000000000003,-0.04242424242424825,0.321212121212121,-0.36363636363636925,-0.6000000000000045,-1.0000000000000042,0.3999999999999997,-0.5575757575757563,-1.3212121212121253,0.763636363636369,0.0,0.0,0.0,1.0,1.0,0.0
0A11,P2,28,2025-07-25 12:37:41.355000+00:00,7.947,0.7900552486187845,D second,2,2,0,0,0,0,0.0,0.0,0.0,0,0,0,0.0,0.0,0.0,80.1,78.6,1.5,80.2,81.4,-1.2000000000000028,0.10000000000000853,2.8000000000000114,-2.700000000000003,1.0121212121212149,0.3878787878787884,0.6242424242424265,-0.4000000000000105,0.8999999999999937,-1.3000000000000043,-1.4121212121212254,0.5121212121212053,-1.9242424242424307,0.2,0.0,0.2,1.0,1.0,0.0
0A11,P2,29,2025-07-25 12:37:50.197000+00:00,8.84,0.8149171270718232,D second,3,3,0,0,0,0,0.0,0.0,0.0,0,0,0,0.0,0.0,0.0,80.8,81.6,-0.7999999999999972,77.4,84.2,-6.799999999999997,-3.3999999999999915,2.6000000000000085,-6.0,-0.19393939393939544,0.2666666666666691,-0.46060606060606457,0.19999999999999357,1.3999999999999908,-1.1999999999999973,0.39393939393938904,1.1333333333333218,-0.7393939393939327,0.0,0.0,0.0,1.0,1.0,0.0
0A11,P2,30,2025-07-25 12:37:59.836000+00:00,9.201,0.8425414364640884,D second,4,4,0,0,0,0,0.0,0.0,0.0,0,0,0,0.0,0.0,0.0,79.7,87.6,-7.8999999999999915,77.8,87.0,-9.200000000000003,-1.9000000000000057,-0.5999999999999943,-1.3000000000000114,0.7090909090909083,1.1757575757575742,-0.4666666666666659,-0.30000000000001176,-1.100000000000011,0.7999999999999992,-1.0090909090909201,-2.275757575757585,1.266666666666665,0.0,0.0,0.0,1.0,1.0,0.0
0A11,P2,31,2025-07-25 12:38:09.863000+00:00,9.512,0.8701657458563536,D second,4,4,0,0,0,0,0.0,0.0,0.0,0,0,0,0.0,0.0,0.0,79.1,86.4,-7.300000000000011,80.2,83.2,-3.0,1.1000000000000085,-3.200000000000003,4.300000000000011,0.4181818181818181,-0.20606060606060364,0.6242424242424217,-8.863289873348721e-15,-2.5000000000000124,2.5000000000000036,-0.418181818181827,-2.2939393939394086,1.8757575757575817,0.0,0.0,0.0,1.0,1.0,0.0
0A11,P2,32,2025-07-25 12:38:20.333000+00:00,8.661,0.8977900552486188,D second,3,3,0,0,0,0,0.0,0.0,0.0,0,0,0,0.0,0.0,0.0,81.0,81.1,-0.09999999999999432,82.2,80.4,1.7999999999999972,1.2000000000000028,-0.6999999999999886,1.8999999999999915,0.21818181818181806,-0.9393939393939342,1.1575757575757524,1.1999999999999904,0.49999999999999334,0.6999999999999971,0.9818181818181724,1.4393939393939275,-0.4575757575757551,0.6,0.0,0.6,1.0,1.0,0.0
0A11,P2,33,2025-07-25 12:38:29.762000+00:00,9.178,0.925414364640884,D second,4,4,0,0,0,0,0.0,0.0,0.0,0,0,0,0.0,0.0,0.0,83.1,83.1,0.0,79.6,87.0,-7.400000000000006,-3.5,3.9000000000000057,-7.400000000000006,0.3696969696969696,1.230303030303034,-0.8606060606060644,-1.1000000000000107,-4.500000000000004,3.3999999999999937,-1.4696969696969804,-5.7303030303030384,4.260606060606058,0.2,0.6,-0.39999999999999997,1.0,1.0,0.0
0A11,P2,34,2025-07-25 12:38:39.691000+00:00,12.144,0.9530386740331491,D second,7,7,0,0,0,0,0.0,0.0,0.0,0,0,0,0.0,0.0,0.0,79.8,80.1,-0.29999999999999716,75.6,77.2,-1.6000000000000085,-4.200000000000003,-2.8999999999999915,-1.3000000000000114,-0.012121212121210784,-1.47272727272727,1.4606060606060591,-0.8000000000000103,0.1999999999999939,-1.0000000000000042,-0.7878787878787995,1.672727272727264,-2.4606060606060636,0.0,0.0,0.0,1.0,1.0,0.0
0B02,P1,0,2025-07-10 10:22:01.704000+00:00,8.484,0.013513513513513514,D first,3,3,0,0,0,0,0.0,0.0,0.0,0,1,-1,0.0,6.0,-6.0,77.4,74.4,3.0,78.0,75.6,2.4000000000000057,0.5999999999999943,1.1999999999999886,-0.5999999999999943,0.4999999999999939,0.09999999999999595,0.3999999999999979,-1.5037740958763335e-14,0.2999999999999914,-0.30000000000000643,-0.5000000000000089,0.19999999999999543,-0.7000000000000043,0.0,0.0,0.0,1.0,1.0,0.0
0B02,P1,1,2025-07-10 10:22:10.905000+00:00,9.063,0.03783783783783784,D first,4,4,0,0,0,0,0.0,0.0,0.0,0,0,0,0.0,0.0,0.0,77.9,75.9,2.0,78.8,72.8,6.0,0.8999999999999915,-3.1000000000000085,4.0,-0.018181818181816512,0.3090909090909095,-0.32727272727272605,0.19999999999999138,-1.4000000000000128,1.600000000000004,0.2181818181818079,-1.7090909090909223,1.9272727272727301,0.0,0.0,0.0,1.0,1.0,0.0
0B02,P1,2,2025-07-10 10:22:20.897000+00:00,9.812,0.06486486486486487,D first,4,4,0,1,0,1,5.0,0.0,5.0,1,0,1,5.0,0.0,5.0,78.7,71.0,7.700000000000003,78.4,75.8,2.6000000000000085,-0.29999999999999716,4.799999999999997,-5.099999999999994,-0.06666666666666568,-0.7393939393939383,0.6727272727272726,0.4999999999999972,1.0999999999999963,-0.5999999999999991,0.5666666666666629,1.8393939393939345,-1.2727272727272716,0.0,0.0,0.0,1.0,1.0,0.0
0B02,P1,3,2025-07-10 10:22:31.351000+00:00,8.346,0.0918918918918919,D first,3,3,0,0,0,0,0.0,0.0,0.0,0,0,0,0.0,0.0,0.0,78.7,78.5,0.20000000000000284,82.6,79.6,3.0,3.8999999999999915,1.0999999999999943,2.799999999999997,0.17575757575757642,1.1333333333333366,-0.9575757575757602,0.8999999999999918,-0.800000000000007,1.6999999999999988,0.7242424242424154,-1.9333333333333438,2.657575757575759,0.6,0.8,-0.20000000000000007,1.0,1.0,0.0
0B02,P1,4,2025-07-10 10:22:41.685000+00:00,8.18,0.12162162162162163,D first,3,3,0,0,0,0,0.0,0.0,0.0,0,0,0,0.0,0.0,0.0,84.1,76.6,7.5,85.0,68.6,16.400000000000006,0.9000000000000057,-8.0,8.900000000000006,0.3575757575757597,-1.006060606060601,1.3636363636363606,-4.16421126371713e-15,0.09999999999999726,-0.10000000000000142,-0.3575757575757639,1.1060606060605982,-1.463636363636362,1.0,0.0,1.0,1.0,1.0,0.0
0B02,P1,5,2025-07-10 10:22:50.933000+00:00,9.291,0.14594594594594595,D first,4,4,0,0,1,-1,0.0,1.0,-1.0,0,1,-1,0.0,1.0,-1.0,84.9,68.9,16.0,83.4,72.0,11.400000000000006,-1.5,3.0999999999999943,-4.599999999999994,-0.018181818181815336,-0.09090909090908891,0.07272727272727358,-0.3000000000000098,0.3999999999999931,-0.7000000000000028,-0.28181818181819446,0.49090909090908197,-0.7727272727272765,1.0,0.0,1.0,1.0,1.0,0.0
0B02,P1,6,2025-07-10 10:23:01.171000+00:00,8.552,0.17297297297297298,D first,3,3,0,0,0,0,0.0,0.0,0.0,0,0,0,0.0,0.0,0.0,83.0,72.9,10.099999999999994,82.0,74.8,7.200000000000003,-1.0,1.8999999999999915,-2.8999999999999915,-0.19393939393939383,0.4060606060606102,-0.600000000000004,-1.168091828480115e-14,0.09999999999999273,-0.10000000000000442,0.19393939393938214,-0.30606060606061747,0.4999999999999996,0.0,0.0,0.0,1.0,1.0,0.0
0B02,P1,7,2025-07-10 10:23:10.813000+00:00,9.018,0.2,D first,4,4,0,0,0,0,0.0,0.0,0.0,0,0,0,0.0,0.0,0.0,81.9,76.0,5.900000000000006,79.2,73.6,5.6000000000000085,-2.700000000000003,-2.4000000000000057,-0.29999999999999716,-0.15151515151515121,0.4363636363636352,-0.5878787878787863,0.09999999999999806,-1.5000000000000073,1.6000000000000054,0.25151515151514925,-1.9363636363636425,2.187878787878792,0.0,0.0,0.0,1.0,1.0,0.0
0B02,P1,8,2025-07-10 10:23:21.495000+00:00,9.963,0.22702702702702704,D first,4,4,0,0,0,0,0.0,0.0,0.0,0,0,0,0.0,0.0,0.0,80.4,72.6,7.800000000000011,77.6,71.4,6.199999999999989,-2.8000000000000114,-1.1999999999999886,-1.6000000000000227,0.49696969696969895,-0.44848484848485054,0.9454545454545495,-1.5000000000000022,0.49999999999999856,-2.000000000000001,-1.996969696969701,0.9484848484848492,-2.94545454545455,0.0,0.0,0.0,1.0,1.0,0.0
0B02,P1,9,2025-07-10 10:23:32.935000+00:00,7.09,0.2594594594594595,D first,2,2,0,0,0,0,0.0,0.0,0.0,0,0,0,0.0,0.0,0.0,76.0,71.0,5.0,74.6,75.4,-0.8000000000000114,-1.4000000000000057,4.400000000000006,-5.800000000000011,0.07272727272727267,-0.09696969696969356,0.16969696969696624,-1.4000000000000121,0.699999999999997,-2.100000000000009,-1.4727272727272849,0.7969696969696906,-2.2696969696969753,0.0,0.0,0.0,1.0,1.0,0.0
0B02,P1,10,2025-07-10 10:23:41.013000+00:00,8.785,0.2810810810810811,D first,3,3,0,0,0,0,0.0,0.0,0.0,0,0,0,0.0,0.0,0.0,74.6,75.1,-0.5,72.8,74.6,-1.7999999999999972,-1.7999999999999972,-0.5,-1.2999999999999972,-0.4727272727272686,0.5757575757575782,-1.0484848484848468,-0.3000000000000143,-1.000000000000006,0.6999999999999917,0.1727272727272543,-1.5757575757575841,1.7484848484848383,0.0,0.0,0.0,1.0,1.0,0.0
0B02,P1,11,2025-07-10 10:23:50.480000+00:00,9.363,0.3054054054054054,D first,4,4,0,0,0,0,0.0,0.0,0.0,0,0,0,0.0,0.0,0.0,73.6,74.0,-0.4000000000000057,77.0,74.6,2.4000000000000057,3.4000000000000057,0.5999999999999943,2.8000000000000114,0.07272727272727382,-0.4484848484848442,0.521212121212118,0.3999999999999915,-0.9000000000000101,1.3000000000000016,0.32727272727271767,-0.4515151515151659,0.7787878787878836,0.0,0.0,0.0,1.0,1.0,0.0
0B02,P1,12,2025-07-10 10:24:00.729000+00:00,9.092,0.33513513513513515,D first,4,4,0,0,0,0,0.0,0.0,0.0,0,0,0,0.0,0.0,0.0,77.3,74.3,3.0,70.6,76.8,-6.200000000000003,-6.700000000000003,2.5,-9.200000000000003,-0.07878787878787961,0.006060606060607374,-0.08484848484848699,-0.5000000000000066,-0.20000000000001153,-0.29999999999999505,-0.4212121212121269,-0.2060606060606189,-0.21515151515150802,0.0,0.0,0.0,1.0,1.0,0.0
0B02,P1,13,2025-07-10 10:24:10.530000+00:00,9.863,0.3621621621621622,D first,4,4,0,0,0,0,0.0,0.0,0.0,0,0,0,0.0,0.0,0.0,69.5,76.2,-6.700000000000003,73.2,76.6,-3.3999999999999915,3.700000000000003,0.3999999999999915,3.3000000000000114,-0.34545454545454446,-0.14545454545454453,-0.19999999999999993,0.7999999999999946,-0.3000000000000021,1.0999999999999968,1.145454545454539,-0.15454545454545757,1.2999999999999967,0.0,0.0,0.0,1.0,1.0,0.0
0B02,P1,14,2025-07-10 10:24:21.326000+00:00,8.385,0.3891891891891892,D first,3,3,0,0,0,0,0.0,0.0,0.0,0,0,0,0.0,0.0,0.0,75.0,76.1,-1.0999999999999943,76.4,72.6,3.8000000000000114,1.4000000000000057,-3.5,4.900000000000006,0.6666666666666692,-0.19999999999999912,0.8666666666666683,-0.500000000000012,-0.5000000000000027,-9.325873406851315e-15,-1.1666666666666812,-0.30000000000000354,-0.8666666666666776,0.0,0.0,0.0,1.0,1.0,0.0
0B02,P1,15,2025-07-10 10:24:30.532000+00:00,9.244,0.41621621621621624,D first,4,4,0,0,0,0,0.0,0.0,0.0,0,0,0,0.0,0.0,0.0,75.1,73.1,2.0,74.6,74.2,0.3999999999999915,-0.5,1.1000000000000085,-1.6000000000000085,-0.4787878787878773,0.12727272727272865,-0.606060606060606,0.29999999999999477,0.1999999999999975,0.09999999999999726,0.7787878787878721,0.07272727272726887,0.7060606060606033,0.0,0.0,0.0,1.0,1.0,0.0
0B02,P1,16,2025-07-10 10:24:41.223000+00:00,8.616,0.44324324324324327,D first,3,3,0,0,0,0,0.0,0.0,0.0,0,0,0,0.0,0.0,0.0,74.3,76.2,-1.9000000000000057,74.2,77.2,-3.0,-0.09999999999999432,1.0,-1.0999999999999943,-0.1515151515151501,0.7151515151515138,-0.8666666666666638,0.4999999999999919,-1.1000000000000096,1.6000000000000014,0.651515151515142,-1.8151515151515234,2.4666666666666655,0.0,0.4,-0.4,1.0,1.0,0.0
0B02,P1,17,2025-07-10 10:24:51.159000+00:00,9.009,0.4702702702702703,D first,4,4,0,0,0,0,0.0,0.0,0.0,0,0,0,0.0,0.0,0.0,74.7,75.0,-0.29999999999999716,74.4,71.2,3.200000000000003,-0.29999999999999716,-3.799999999999997,3.5,0.23636363636363686,-0.7878787878787854,1.0242424242424222,-0.40000000000000613,-0.8000000000000073,0.40000000000000113,-0.636363636363643,-0.012121212121221858,-0.6242424242424212,0.0,0.0,0.0,1.0,1.0,0.0
0B02,P1,18,2025-07-10 10:25:01.248000+00:00,9.054,0.4972972972972973,D first,4,4,0,0,1,-1,0.0,3.0,-3.0,0,1,-1,0.0,3.0,-3.0,75.3,71.0,4.299999999999997,73.6,70.8,2.799999999999997,-1.7000000000000028,-0.20000000000000284,-1.5,0.26060606060606134,-0.13333333333333053,0.39393939393939187,-0.5999999999999978,-0.10000000000000457,-0.49999999999999317,-0.860606060606059,0.03333333333332596,-0.893939393939385,0.0,0.0,0.0,1.0,1.0,0.0
0B02,P1,19,2025-07-10 10:25:11.339000+00:00,9.009,0.5243243243243243,D first,4,4,0,0,0,0,0.0,0.0,0.0,0,0,0,0.0,0.0,0.0,74.5,71.3,3.200000000000003,76.0,73.0,3.0,1.5,1.7000000000000028,-0.20000000000000284,0.2606060606060587,0.20000000000000007,0.06060606060605861,0.49999999999998834,-1.1640144055955422e-14,0.5,0.23939393939392967,-0.2000000000000117,0.43939393939394134,0.0,0.0,0.0,1.0,1.0,0.0
0B02,P1,20,2025-07-10 10:25:21.280000+00:00,8.549,0.5513513513513514,D first,3,3,0,0,0,0,0.0,0.0,0.0,0,0,0,0.0,0.0,0.0,76.9,75.1,1.8000000000000114,77.0,75.4,1.5999999999999943,0.09999999999999432,0.30000000000001137,-0.20000000000001705,0.30909090909090814,0.7575757575757602,-0.4484848484848521,-0.6000000000000083,-1.3000000000000091,0.7000000000000008,-0.9090909090909165,-2.057575757575769,1.1484848484848527,0.0,0.0,0.0,1.0,1.0,0.0
0B02,P1,21,2025-07-10 10:25:31.119000+00:00,8.808,0.5783783783783784,D first,3,3,0,0,0,0,0.0,0.0,0.0,0,0,0,0.0,0.0,0.0,75.8,74.9,0.8999999999999915,74.6,71.6,3.0,-1.2000000000000028,-3.3000000000000114,2.1000000000000085,-0.44848484848484593,-0.2121212121212104,-0.23636363636363553,-7.121018729704927e-15,-1.1000000000000052,1.099999999999998,0.4484848484848388,-0.8878787878787948,1.3363636363636338,0.0,0.0,0.0,1.0,1.0,0.0
0B02,P1,22,2025-07-10 10:25:41.173000+00:00,8.865,0.6054054054054054,D first,3,3,0,0,0,0,0.0,0.0,0.0,0,0,0,0.0,0.0,0.0,74.1,70.5,3.5999999999999943,75.2,73.6,1.6000000000000085,1.1000000000000085,3.0999999999999943,-1.9999999999999858,-0.09090909090908787,-0.4303030303030305,0.33939393939394263,-0.8000000000000098,0.4999999999999936,-1.3000000000000034,-0.709090909090922,0.9303030303030242,-1.6393939393939463,0.0,0.0,0.0,1.0,1.0,0.0
0B02,P1,23,2025-07-10 10:25:50.977000+00:00,18.974,0.6324324324324324,D first,10,10,0,0,0,0,0.0,0.0,0.0,0,0,0,0.0,0.0,0.0,73.4,74.2,-0.7999999999999972,73.2,75.4,-2.200000000000003,-0.20000000000000284,1.2000000000000028,-1.4000000000000057,-0.6545454545454492,0.2666666666666658,-0.9212121212121149,0.5999999999999911,0.2999999999999969,0.2999999999999942,1.2545454545454402,0.033333333333331105,1.2212121212121092,0.0,0.0,0.0,1.0,1.0,0.0
0B02,P1,25,2025-07-10 10:26:10.785000+00:00,9.152,0.6864864864864865,D first,4,4,0,0,0,0,0.0,0.0,0.0,0,0,0,0.0,0.0,0.0,74.1,74.5,-0.4000000000000057,72.8,71.6,1.2000000000000028,-1.2999999999999972,-2.9000000000000057,1.6000000000000085,-0.345454545454545,-0.19999999999999948,-0.14545454545454553,-0.20000000000000526,0.300000000000001,-0.5000000000000062,0.14545454545453976,0.5000000000000004,-0.3545454545454607,0.0,0.0,0.0,1.0,1.0,0.0
0B02,P1,26,2025-07-10 10:26:21.150000+00:00,9.306,0.7135135135135136,D first,4,4,0,0,0,0,0.0,0.0,0.0,0,0,0,0.0,0.0,0.0,72.7,72.9,-0.20000000000000284,72.6,76.8,-4.200000000000003,-0.10000000000000853,3.8999999999999915,-4.0,-0.018181818181820773,0.47878787878787943,-0.4969696969697002,-5.824933949669465e-15,0.599999999999991,-0.5999999999999968,0.018181818181814947,0.12121212121211156,-0.10303030303029662,0.0,0.0,0.0,1.0,1.0,0.0
0B02,P1,27,2025-07-10 10:26:32.561000+00:00,7.888,0.745945945945946,D first,2,2,0,1,0,1,3.0,0.0,3.0,1,0,1,3.0,0.0,3.0,72.3,77.2,-4.900000000000006,70.4,73.6,-3.1999999999999886,-1.8999999999999915,-3.6000000000000085,1.700000000000017,-0.16363636363636194,-0.4484848484848445,0.2848484848484826,0.29999999999999694,0.7999999999999985,-0.5000000000000016,0.46363636363635885,1.248484848484843,-0.7848484848484841,0.0,0.0,0.0,1.0,1.0,0.0
0B02,P1,28,2025-07-10 10:26:41.402000+00:00,8.631,0.7675675675675676,D first,3,3,0,0,0,0,0.0,0.0,0.0,0,0,0,0.0,0.0,0.0,71.0,73.9,-2.9000000000000057,71.4,74.4,-3.0,0.4000000000000057,0.5,-0.09999999999999432,0.16969696969697023,0.23636363636363972,-0.06666666666666948,-0.8999999999999999,-0.30000000000000493,-0.599999999999995,-1.0696969696969703,-0.5363636363636446,-0.5333333333333257,0.0,0.0,0.0,1.0,1.0,0.0
0B02,P1,29,2025-07-10 10:26:50.777000+00:00,9.673,0.7945945945945946,D first,4,4,0,0,0,0,0.0,0.0,0.0,0,0,0,0.0,0.0,0.0,69.7,75.5,-5.799999999999997,67.2,75.8,-8.599999999999994,-2.5,0.29999999999999716,-2.799999999999997,-0.709090909090909,0.3696969696969712,-1.0787878787878802,-0.9000000000000073,-0.8000000000000037,-0.10000000000000364,-0.19090909090909836,-1.1696969696969748,0.9787878787878764,0.0,0.0,0.0,1.0,1.0,0.0
0B02,P1,30,2025-07-10 10:27:01.234000+00:00,18.438,0.8216216216216217,D first,10,10,0,0,0,0,0.0,0.0,0.0,0,0,0,0.0,0.0,0.0,67.2,74.0,-6.799999999999997,75.2,70.0,5.200000000000003,8.0,-4.0,12.0,0.06060606060606383,-0.6666666666666639,0.7272727272727277,0.4999999999999885,-0.6999999999999996,1.1999999999999882,0.4393939393939247,-0.03333333333333577,0.47272727272726045,0.0,0.0,0.0,1.0,1.0,0.0
0B02,P1,32,2025-07-10 10:27:20.608000+00:00,21.044,0.8756756756756757,D first,10,10,0,0,0,0,0.0,0.0,0.0,0,0,0,0.0,0.0,0.0,73.9,72.0,1.9000000000000057,73.8,73.4,0.3999999999999915,-0.10000000000000853,1.4000000000000057,-1.5000000000000142,-0.7333333333333333,-0.04848484848484306,-0.6848484848484903,0.9999999999999901,0.49999999999999467,0.49999999999999545,1.7333333333333234,0.5484848484848377,1.1848484848484857,0.0,0.0,0.0,1.0,1.0,0.0
0B02,P1,34,2025-07-10 10:27:42.695000+00:00,7.718,0.9351351351351351,D first,2,2,0,0,0,0,0.0,0.0,0.0,0,0,0,0.0,0.0,0.0,75.7,73.1,2.6000000000000085,73.8,74.0,-0.20000000000000284,-1.9000000000000057,0.9000000000000057,-2.8000000000000114,-0.2969696969696941,-1.145454545454541,0.848484848484847,-0.9000000000000028,-6.496579164659306e-15,-0.8999999999999962,-0.6030303030303087,1.1454545454545346,-1.7484848484848432,0.0,0.0,0.0,1.0,1.0,0.0
0B02,P1,35,2025-07-10 10:27:51.387000+00:00,7.232,0.9567567567567568,D first,2,2,0,0,0,0,0.0,0.0,0.0,0,0,0,0.0,0.0,0.0,73.9,72.7,1.2000000000000028,74.6,71.2,3.3999999999999915,0.6999999999999886,-1.5,2.1999999999999886,-0.36969696969696686,0.2727272727272762,-0.642424242424243,0.09999999999999488,-0.2000000000000072,0.3000000000000021,0.46969696969696173,-0.47272727272728343,0.9424242424242452,0.0,0.0,0.0,1.0,1.0,0.0
0B04,P1,0,2025-07-11 13:25:28.044000+00:00,8.511,0.027777777777777776,D first,3,3,0,0,0,0,0.0,0.0,0.0,0,0,0,0.0,0.0,0.0,76.33333333333333,75.1,1.2333333333333343,79.2,72.8,6.400000000000006,2.8666666666666742,-2.299999999999997,5.166666666666671,0.1833333333333372,-0.7939393939393918,0.9772727272727291,-1.2487011215171675e-14,-0.3000000000000143,0.3000000000000018,-0.1833333333333497,0.4939393939393775,-0.6772727272727272,0.6,0.0,0.6,1.0,1.0,0.0
0B04,P1,1,2025-07-11 13:25:36.734000+00:00,8.491,0.05555555555555555,D first,3,3,0,0,0,0,0.0,0.0,0.0,0,0,0,0.0,0.0,0.0,78.4,73.1,5.300000000000011,73.8,72.8,1.0,-4.6000000000000085,-0.29999999999999716,-4.300000000000011,-0.18181818181817822,0.20000000000000126,-0.3818181818181795,-0.9999999999999971,-0.6000000000000043,-0.3999999999999928,-0.8181818181818189,-0.8000000000000056,-0.018181818181813303,0.0,0.0,0.0,1.0,1.0,0.0
0B04,P1,2,2025-07-11 13:25:46.737000+00:00,9.937,0.08641975308641975,D first,4,4,0,0,0,0,0.0,0.0,0.0,0,0,0,0.0,0.0,0.0,73.0,72.1,0.9000000000000057,74.2,70.4,3.799999999999997,1.2000000000000028,-1.6999999999999886,2.8999999999999915,-0.339393939393938,-0.16363636363636325,-0.17575757575757478,0.1999999999999975,0.5999999999999903,-0.3999999999999928,0.5393939393939355,0.7636363636363536,-0.22424242424241803,0.0,0.0,0.0,1.0,1.0,0.0
0B04,P1,3,2025-07-11 13:25:59.221000+00:00,8.052,0.12345679012345678,D first,3,3,0,0,0,0,0.0,0.0,0.0,0,0,0,0.0,0.0,0.0,76.5,72.8,3.700000000000003,77.8,72.8,5.0,1.2999999999999972,0.0,1.2999999999999972,0.5272727272727298,0.09696969696969787,0.4303030303030319,-0.20000000000000867,-5.378081998427599e-15,-0.2000000000000033,-0.7272727272727384,-0.09696969696970326,-0.6303030303030351,0.0,0.0,0.0,1.0,1.0,0.0
0B04,P1,4,2025-07-11 13:26:08.168000+00:00,8.951,0.15123456790123457,D first,3,3,0,0,0,0,0.0,0.0,0.0,0,0,0,0.0,0.0,0.0,77.0,72.6,4.400000000000006,75.0,71.0,4.0,-2.0,-1.5999999999999943,-0.4000000000000057,-0.3757575757575724,-0.12121212121212246,-0.25454545454544997,-0.2999999999999996,-0.4000000000000068,0.1000000000000072,0.0757575757575728,-0.27878787878788436,0.35454545454545716,0.0,0.0,0.0,1.0,1.0,0.0
0B04,P1,5,2025-07-11 13:26:18.526000+00:00,8.824,0.18518518518518517,D first,3,3,0,0,0,0,0.0,0.0,0.0,0,0,0,0.0,0.0,0.0,75.3,71.0,4.299999999999997,75.4,72.0,3.4000000000000057,0.10000000000000853,1.0,-0.8999999999999915,0.11515151515151688,0.20606060606060636,-0.09090909090908948,-0.30000000000000876,0.29999999999999,-0.5999999999999988,-0.41515151515152565,0.09393939393938364,-0.5090909090909093,0.0,0.0,0.0,1.0,1.0,0.0
0B04,P1,6,2025-07-11 13:26:28.259000+00:00,8.537,0.21296296296296297,D first,3,3,0,0,0,0,0.0,0.0,0.0,0,0,0,0.0,0.0,0.0,74.5,71.9,2.5999999999999943,72.4,71.6,0.8000000000000114,-2.0999999999999943,-0.30000000000001137,-1.799999999999983,-0.503030303030303,0.006060606060611544,-0.5090909090909146,-0.10000000000000783,-0.3000000000000024,0.19999999999999454,0.4030303030302952,-0.3060606060606139,0.7090909090909091,0.0,0.0,0.0,1.0,1.0,0.0
0B04,P1,7,2025-07-11 13:26:38.791000+00:00,7.933,0.24691358024691357,D first,2,2,0,0,0,0,0.0,0.0,0.0,0,0,0,0.0,0.0,0.0,73.9,71.9,2.0,75.6,74.6,1.0,1.6999999999999886,2.6999999999999886,-1.0,0.36969696969697385,0.18787878787878723,0.18181818181818662,0.7999999999999926,0.29999999999999477,0.49999999999999784,0.43030303030301875,0.11212121212120754,0.31818181818181124,0.0,0.0,0.0,1.0,1.0,0.0
0B04,P1,8,2025-07-11 13:26:47.824000+00:00,9.539,0.27469135802469136,D first,4,4,0,0,0,0,0.0,0.0,0.0,0,0,0,0.0,0.0,0.0,76.7,72.6,4.1000000000000085,74.6,75.4,-0.8000000000000114,-2.1000000000000085,2.8000000000000114,-4.90000000000002,0.5272727272727298,-0.6787878787878759,1.2060606060606056,0.09999999999999488,0.49999999999999073,-0.39999999999999586,-0.4272727272727349,1.1787878787878667,-1.6060606060606015,0.0,0.0,0.0,1.0,1.0,0.0
0B04,P1,9,2025-07-11 13:26:59.086000+00:00,8.54,0.30864197530864196,D first,3,3,0,0,0,0,0.0,0.0,0.0,0,0,0,0.0,0.0,0.0,76.4,74.8,1.6000000000000085,79.6,72.8,6.799999999999997,3.1999999999999886,-2.0,5.199999999999989,0.6424242424242393,-0.2787878787878809,0.9212121212121203,-4.569623398479733e-15,-0.6000000000000043,0.5999999999999998,-0.6424242424242439,-0.3212121212121234,-0.3212121212121205,0.6,0.0,0.6,1.0,1.0,0.0
0B04,P1,10,2025-07-11 13:27:09.078000+00:00,8.768,0.3395061728395062,D first,3,3,0,0,0,0,0.0,0.0,0.0,0,0,0,0.0,0.0,0.0,79.2,72.4,6.799999999999997,72.2,75.2,-3.0,-7.0,2.799999999999997,-9.799999999999997,-0.27878787878787414,0.16969696969696946,-0.4484848484848436,-0.20000000000000615,0.3999999999999917,-0.5999999999999979,0.078787878787868,0.23030303030302224,-0.15151515151515424,0.0,0.2,-0.2,1.0,1.0,0.0
0B04,P1,11,2025-07-11 13:27:18.801000+00:00,8.116,0.37037037037037035,D first,3,3,0,0,0,0,0.0,0.0,0.0,0,0,0,0.0,0.0,0.0,72.7,78.0,-5.299999999999997,73.4,75.2,-1.7999999999999972,0.7000000000000028,-2.799999999999997,3.5,0.12727272727273142,0.4363636363636358,-0.30909090909090436,-0.2999999999999997,-0.8000000000000098,0.5000000000000101,-0.42727272727273113,-1.2363636363636457,0.8090909090909145,0.0,0.2,-0.2,1.0,1.0,0.0
0B04,P1,12,2025-07-11 13:27:28.029000+00:00,8.729,0.39814814814814814,D first,3,3,0,0,0,0,0.0,0.0,0.0,0,0,0,0.0,0.0,0.0,73.8,74.1,-0.29999999999999716,76.4,73.4,3.0,2.6000000000000085,-0.6999999999999886,3.299999999999997,0.20606060606060686,-0.5030303030303017,0.7090909090909085,0.4999999999999859,-0.10000000000000496,0.5999999999999909,0.29393939393937907,0.40303030303029674,-0.10909090909091768,0.0,0.0,0.0,1.0,1.0,0.0
0B04,P1,13,2025-07-11 13:27:37.560000+00:00,9.174,0.42901234567901236,D first,4,4,0,0,0,0,0.0,0.0,0.0,0,0,0,0.0,0.0,0.0,76.8,74.5,2.299999999999997,75.2,78.2,-3.0,-1.5999999999999943,3.700000000000003,-5.299999999999997,0.18181818181818843,0.38181818181818206,-0.19999999999999363,-0.2000000000000131,-0.10000000000000026,-0.10000000000001286,-0.38181818181820154,-0.4818181818181823,0.09999999999998077,0.0,1.0,-1.0,1.0,1.0,0.0
0B04,P1,14,2025-07-11 13:27:47.954000+00:00,9.069,0.45987654320987653,D first,4,4,0,0,0,0,0.0,0.0,0.0,0,1,-1,0.0,3.0,-3.0,74.6,76.9,-2.3000000000000114,74.8,74.0,0.7999999999999972,0.20000000000000284,-2.9000000000000057,3.1000000000000085,-0.2060606060606058,-0.5151515151515139,0.3090909090909081,0.5000000000000029,-6.496579164659306e-15,0.5000000000000094,0.7060606060606087,0.5151515151515074,0.19090909090910135,0.0,0.0,0.0,1.0,1.0,0.0
0B04,P1,15,2025-07-11 13:27:57.786000+00:00,10.654,0.49074074074074076,D first,5,5,0,0,0,0,0.0,0.0,0.0,0,0,0,0.0,0.0,0.0,75.7,73.0,2.700000000000003,78.2,72.4,5.799999999999997,2.5,-0.5999999999999943,3.0999999999999943,0.36969696969696964,-0.3878787878787876,0.7575757575757572,0.09999999999999704,0.39999999999999836,-0.3000000000000013,-0.2696969696969726,0.787878787878786,-1.0575757575757585,0.0,0.0,0.0,1.0,1.0,0.0
0B04,P1,16,2025-07-11 13:28:09.443000+00:00,7.244,0.5246913580246914,D first,2,2,0,0,0,0,0.0,0.0,0.0,0,0,0,0.0,0.0,0.0,76.7,75.1,1.6000000000000085,70.0,74.4,-4.400000000000006,-6.700000000000003,-0.6999999999999886,-6.000000000000014,-0.7090909090909068,0.4909090909090926,-1.1999999999999993,-0.40000000000001223,-0.30000000000000493,-0.1000000000000073,0.30909090909089454,-0.7909090909090976,1.099999999999992,0.0,0.0,0.0,1.0,1.0,0.0
0B04,P1,17,2025-07-11 13:28:17.913000+00:00,8.85,0.5524691358024691,D first,3,3,0,0,0,0,0.0,0.0,0.0,0,0,0,0.0,0.0,0.0,70.3,73.8,-3.5,73.2,74.0,-0.7999999999999972,2.9000000000000057,0.20000000000000284,2.700000000000003,-0.10303030303030221,-0.18181818181818307,0.07878787878788086,0.29999999999999255,0.3999999999999977,-0.10000000000000514,0.40303030303029475,0.5818181818181808,-0.17878787878788605,0.0,0.0,0.0,1.0,1.0,0.0
0B04,P1,18,2025-07-11 13:28:28.088000+00:00,8.829,0.5833333333333334,D first,3,3,0,0,0,0,0.0,0.0,0.0,0,0,0,0.0,0.0,0.0,73.2,75.0,-1.7999999999999972,73.0,77.0,-4.0,-0.20000000000000284,2.0,-2.200000000000003,0.06060606060606032,0.27878787878788136,-0.21818181818182103,-1.1640144055955422e-14,-4.168942602871812e-15,-7.471201453083612e-15,-0.06060606060607197,-0.2787878787878855,0.21818181818181356,0.0,1.0,-1.0,1.0,1.0,0.0
0B04,P1,19,2025-07-11 13:28:38.024000+00:00,8.837,0.6141975308641975,D first,3,3,0,0,0,0,0.0,0.0,0.0,0,0,0,0.0,0.0,0.0,73.3,76.4,-3.1000000000000085,75.4,74.6,0.8000000000000114,2.1000000000000085,-1.8000000000000114,3.90000000000002,0.15151515151515152,-0.14545454545454173,0.2969696969696932,0.2999999999999969,-0.7000000000000083,1.000000000000005,0.14848484848484536,-0.5545454545454666,0.7030303030303119,0.0,0.0,0.0,1.0,1.0,0.0
0B04,P1,20,2025-07-11 13:28:47.926000+00:00,8.969,0.6450617283950617,D first,3,3,0,0,0,0,0.0,0.0,0.0,0,0,0,0.0,0.0,0.0,76.0,74.9,1.0999999999999943,75.2,77.4,-2.200000000000003,-0.7999999999999972,2.5,-3.299999999999997,0.21818181818181714,0.29696969696970016,-0.07878787878788301,-0.4000000000000167,-0.30000000000001115,-0.10000000000000553,-0.6181818181818338,-0.5969696969697114,-0.02121212121212246,0.0,1.0,-1.0,1.0,1.0,0.0
0B04,P1,21,2025-07-11 13:28:57.719000+00:00,8.96,0.6759259259259259,D first,3,3,0,0,0,0,0.0,0.0,0.0,0,0,0,0.0,0.0,0.0,75.2,76.1,-0.8999999999999915,75.4,76.4,-1.0,0.20000000000000284,0.30000000000001137,-0.10000000000000853,-0.060606060606059574,0.042424242424241795,-0.10303030303030136,-0.10000000000001663,-0.30000000000001475,0.19999999999999812,-0.03939393939395706,-0.34242424242425656,0.3030303030302995,0.0,0.4,-0.4,1.0,1.0,0.0
0B04,P1,22,2025-07-11 13:29:07.474000+00:00,9.436,0.7037037037037037,D first,4,4,0,0,0,0,0.0,0.0,0.0,0,0,0,0.0,0.0,0.0,75.1,76.4,-1.3000000000000114,75.8,76.8,-1.0,0.7000000000000028,0.3999999999999915,0.30000000000001137,0.00606060606060909,-0.07272727272726999,0.07878787878787907,0.1999999999999898,0.599999999999991,-0.4000000000000012,0.1939393939393807,0.672727272727261,-0.47878787878788026,0.0,0.6,-0.6,1.0,1.0,0.0
0B04,P1,23,2025-07-11 13:29:17.681000+00:00,10.0,0.7376543209876543,D first,5,5,0,0,0,0,0.0,0.0,0.0,0,0,0,0.0,0.0,0.0,76.8,75.6,1.2000000000000028,75.4,74.4,1.0,-1.3999999999999915,-1.1999999999999886,-0.20000000000000284,0.3272727272727236,-0.3757575757575708,0.7030303030302945,-0.9999999999999962,-9.717254041296998e-15,-0.9999999999999865,-1.3272727272727198,0.3757575757575611,-1.703030303030281,0.0,0.0,0.0,1.0,1.0,0.0
0B04,P1,24,2025-07-11 13:29:28.437000+00:00,8.428,0.7685185185185185,D first,3,3,0,0,0,0,0.0,0.0,0.0,0,0,0,0.0,0.0,0.0,75.7,74.9,0.7999999999999972,76.8,74.8,2.0,1.0999999999999943,-0.10000000000000853,1.2000000000000028,-0.006060606060600378,0.1272727272727248,-0.13333333333332517,0.1999999999999953,-0.20000000000000062,0.3999999999999959,0.20606060606059567,-0.3272727272727254,0.533333333333321,0.0,0.0,0.0,1.0,1.0,0.0
0B04,P1,25,2025-07-11 13:29:37.700000+00:00,9.2,0.7993827160493827,D first,4,4,0,0,0,0,0.0,0.0,0.0,0,0,0,0.0,0.0,0.0,78.5,76.1,2.4000000000000057,80.6,74.2,6.3999999999999915,2.0999999999999943,-1.8999999999999915,3.999999999999986,0.6363636363636357,0.4424242424242423,0.1939393939393934,-1.2000000000000048,-0.20000000000000595,-0.9999999999999989,-1.8363636363636404,-0.6424242424242482,-1.193939393939392,0.8,0.0,0.8,1.0,1.0,0.0
0B04,P1,26,2025-07-11 13:29:48.392000+00:00,8.26,0.8302469135802469,D first,3,3,0,0,0,0,0.0,0.0,0.0,0,0,0,0.0,0.0,0.0,75.5,74.4,1.0999999999999943,71.2,77.0,-5.799999999999997,-4.299999999999997,2.5999999999999943,-6.8999999999999915,-1.78787878787879,0.14545454545454503,-1.9333333333333351,0.7999999999999953,0.999999999999993,-0.19999999999999774,2.5878787878787852,0.854545454545448,1.7333333333333374,0.0,0.6,-0.6,1.0,1.0,0.0
0B05,P1,0,2025-07-15 12:30:46.577000+00:00,8.934,0.03492063492063492,D first,3,3,0,0,0,0,0.0,0.0,0.0,0,0,0,0.0,0.0,0.0,78.9,82.4,-3.5,79.2,82.8,-3.5999999999999943,0.29999999999999716,0.3999999999999915,-0.09999999999999432,0.09090909090909433,-0.2909090909090856,0.38181818181817995,0.7999999999999956,-0.2000000000000087,1.0000000000000042,0.7090909090909012,0.09090909090907692,0.6181818181818243,0.0,0.0,0.0,1.0,1.0,0.0
0B05,P1,1,2025-07-15 12:30:55.865000+00:00,26.54,0.06349206349206349,D first,10,10,0,0,0,0,0.0,0.0,0.0,0,0,0,0.0,0.0,0.0,79.8,83.1,-3.299999999999997,80.2,87.0,-6.799999999999997,0.4000000000000057,3.9000000000000057,-3.5,0.4242424242424224,0.1272727272727278,0.29696969696969466,-8.863289873348721e-15,0.9999999999999895,-0.9999999999999983,-0.4242424242424313,0.8727272727272617,-1.2969696969696929,0.0,0.6,-0.6,1.0,1.0,0.0
0B05,P1,4,2025-07-15 12:31:23.812000+00:00,17.161,0.1523809523809524,D first,10,10,0,1,0,1,5.0,0.0,5.0,1,0,1,5.0,0.0,5.0,80.8,78.9,1.8999999999999915,84.2,82.8,1.4000000000000057,3.4000000000000057,3.8999999999999915,-0.4999999999999858,0.2060606060606084,0.018181818181821248,0.18787878787878715,0.6999999999999884,0.7999999999999904,-0.10000000000000198,0.49393939393938,0.7818181818181691,-0.28787878787878907,0.8,0.0,0.8,1.0,1.0,0.0
0B05,P1,6,2025-07-15 12:31:43.089000+00:00,7.899,0.2126984126984127,D first,2,2,0,0,0,0,0.0,0.0,0.0,0,0,0,0.0,0.0,0.0,80.8,78.3,2.5,79.2,78.4,0.7999999999999972,-1.5999999999999943,0.10000000000000853,-1.7000000000000028,-0.7272727272727233,-0.006060606060604067,-0.7212121212121192,0.09999999999999806,0.299999999999994,-0.19999999999999593,0.8272727272727214,0.30606060606059804,0.5212121212121233,0.0,0.0,0.0,1.0,1.0,0.0
0B05,P1,7,2025-07-15 12:31:52.925000+00:00,19.67,0.24444444444444444,D first,10,10,0,1,0,1,3.0,0.0,3.0,1,0,1,3.0,0.0,3.0,78.5,78.8,-0.29999999999999716,77.6,79.0,-1.4000000000000057,-0.9000000000000057,0.20000000000000284,-1.1000000000000085,-0.26060606060605823,0.0969696969696981,-0.3575757575757563,-0.3000000000000029,-8.059562612555538e-15,-0.2999999999999948,-0.039393939393944644,-0.09696969696970616,0.05757575757576151,0.0,0.0,0.0,1.0,1.0,0.0
0B05,P1,9,2025-07-15 12:32:13.921000+00:00,27.125,0.3111111111111111,D first,10,10,0,0,0,0,0.0,0.0,0.0,0,0,0,0.0,0.0,0.0,80.8,78.9,1.8999999999999915,78.8,79.8,-1.0,-2.0,0.8999999999999915,-2.8999999999999915,0.29090909090909195,0.1272727272727262,0.16363636363636574,-0.20000000000000837,0.0999999999999904,-0.29999999999999877,-0.4909090909091003,-0.027272727272735803,-0.4636363636363645,0.0,0.0,0.0,1.0,1.0,0.0
0B05,P1,12,2025-07-15 12:32:44.163000+00:00,10.818,0.40634920634920635,D first,5,5,0,0,0,0,0.0,0.0,0.0,0,0,0,0.0,0.0,0.0,76.8,76.0,0.7999999999999972,78.8,77.6,1.2000000000000028,2.0,1.5999999999999943,0.4000000000000057,0.35151515151515106,-0.3393939393939411,0.6909090909090921,-1.1860871568182247e-14,-1.3651679537037327e-14,1.7908079688550796e-15,-0.35151515151516294,0.3393939393939274,-0.6909090909090904,0.0,0.0,0.0,1.0,1.0,0.0
0B05,P1,14,2025-07-15 12:33:02.578000+00:00,23.496,0.4666666666666667,D first,10,10,0,0,0,0,0.0,0.0,0.0,0,0,0,0.0,0.0,0.0,74.7,79.8,-5.099999999999994,73.0,79.4,-6.400000000000006,-1.7000000000000028,-0.3999999999999915,-1.3000000000000114,-0.4303030303030298,0.4727272727272731,-0.9030303030303028,-1.1640144055955422e-14,0.19999999999999196,-0.2000000000000036,0.43030303030301814,-0.27272727272728114,0.7030303030302993,0.0,0.0,0.0,1.0,1.0,0.0
0B05,P1,17,2025-07-15 12:33:36.073000+00:00,7.653,0.5714285714285714,D first,2,2,0,0,0,0,0.0,0.0,0.0,0,0,0,0.0,0.0,0.0,78.8,74.9,3.8999999999999915,78.6,74.6,4.0,-0.20000000000000284,-0.30000000000001137,0.10000000000000853,-0.024242424242424322,-0.05454545454545411,0.03030303030302979,0.5000000000000031,0.29999999999999477,0.20000000000000834,0.5242424242424274,0.3545454545454489,0.1696969696969785,0.0,0.0,0.0,1.0,1.0,0.0
0B05,P1,18,2025-07-15 12:33:44.869000+00:00,7.665,0.6,D first,2,2,0,0,0,0,0.0,0.0,0.0,0,0,0,0.0,0.0,0.0,80.4,74.7,5.700000000000003,81.6,76.4,5.199999999999989,1.1999999999999886,1.7000000000000028,-0.5000000000000142,0.8121212121212155,-0.04242424242424353,0.8545454545454589,-1.299999999999999,1.2999999999999978,-2.599999999999997,-2.1121212121212145,1.3424242424242414,-3.454545454545456,0.2,0.0,0.2,1.0,1.0,0.0
0B05,P1,19,2025-07-15 12:33:53.589000+00:00,11.425,0.6285714285714286,D first,6,6,0,1,0,1,5.0,0.0,5.0,1,0,1,5.0,0.0,5.0,80.4,77.5,2.9000000000000057,75.6,78.8,-3.200000000000003,-4.800000000000011,1.2999999999999972,-6.1000000000000085,-0.8121212121212146,0.4787878787878809,-1.2909090909090954,-0.5000000000000141,-0.20000000000000837,-0.3000000000000057,0.3121212121212005,-0.6787878787878893,0.9909090909090897,0.0,0.0,0.0,1.0,1.0,0.0
0B05,P1,21,2025-07-15 12:34:15.585000+00:00,7.297,0.6984126984126984,D first,2,2,0,0,0,0,0.0,0.0,0.0,0,0,0,0.0,0.0,0.0,73.2,74.8,-1.5999999999999943,74.4,74.8,-0.3999999999999915,1.2000000000000028,0.0,1.2000000000000028,0.2787878787878805,0.04848484848485068,0.23030303030302984,-0.8000000000000085,0.09999999999999273,-0.9000000000000012,-1.078787878787889,0.051515151515142056,-1.130303030303031,0.0,0.0,0.0,1.0,1.0,0.0
0B05,P1,22,2025-07-15 12:34:24.485000+00:00,18.085,0.7238095238095238,D first,10,10,0,0,0,0,0.0,0.0,0.0,0,0,0,0.0,0.0,0.0,73.1,74.9,-1.8000000000000114,71.6,75.4,-3.8000000000000114,-1.5,0.5,-2.0,-0.5878787878787882,0.03030303030302967,-0.6181818181818179,0.300000000000001,0.2999999999999969,4.107825191113079e-15,0.8878787878787893,0.2696969696969672,0.618181818181822,0.0,0.0,0.0,1.0,1.0,0.0
0B05,P1,25,2025-07-15 12:34:55.956000+00:00,18.351,0.8253968253968254,D first,10,10,0,0,0,0,0.0,0.0,0.0,0,0,0,0.0,0.0,0.0,91.7,77.8,13.900000000000006,85.6,75.2,10.399999999999991,-6.1000000000000085,-2.5999999999999943,-3.500000000000014,-0.5272727272727259,-0.24242424242424063,-0.28484848484848524,-6.742720496413259e-16,-0.2000000000000131,0.20000000000001245,0.5272727272727252,0.042424242424227515,0.48484848484849774,1.0,0.0,1.0,1.0,1.0,0.0
0B06,P1,1,2025-07-16 12:32:41.085000+00:00,8.126,0.06984126984126984,D first,3,3,0,0,0,0,0.0,0.0,0.0,0,0,0,0.0,0.0,0.0,75.6,74.4,1.1999999999999886,74.0,77.4,-3.4000000000000057,-1.5999999999999943,3.0,-4.599999999999994,-0.557575757575757,0.630303030303033,-1.18787878787879,-6.496579164659306e-15,-0.5000000000000069,0.5000000000000003,0.5575757575757504,-1.13030303030304,1.6878787878787902,0.0,1.0,-1.0,1.0,1.0,0.0
0B06,P1,2,2025-07-16 12:32:50.561000+00:00,8.793,0.10158730158730159,D first,3,3,0,0,0,0,0.0,0.0,0.0,0,0,0,0.0,0.0,0.0,73.3,76.1,-2.799999999999997,73.2,71.6,1.6000000000000085,-0.09999999999999432,-4.5,4.400000000000006,-0.2242424242424193,-0.47878787878787415,0.25454545454545485,0.19999999999999832,-0.1000000000000058,0.30000000000000415,0.42424242424241765,0.37878787878786835,0.0454545454545493,0.0,0.0,0.0,1.0,1.0,0.0
0B06,P1,3,2025-07-16 12:33:00.201000+00:00,9.617,0.13015873015873017,D first,4,4,0,0,0,0,0.0,0.0,0.0,0,0,0,0.0,0.0,0.0,73.7,72.4,1.2999999999999972,76.0,72.2,3.799999999999997,2.299999999999997,-0.20000000000000284,2.5,0.24848484848484978,-0.2303030303030311,0.47878787878788087,-5.198128715046503e-15,-0.20000000000000615,0.20000000000000095,-0.24848484848485497,0.030303030303024947,-0.2787878787878799,0.0,0.0,0.0,1.0,1.0,0.0
0B06,P1,4,2025-07-16 12:33:11.560000+00:00,7.672,0.16825396825396827,D first,2,2,0,0,0,0,0.0,0.0,0.0,0,0,0,0.0,0.0,0.0,76.4,72.3,4.1000000000000085,77.0,72.2,4.799999999999997,0.5999999999999943,-0.09999999999999432,0.6999999999999886,0.07272727272727462,0.05454545454545625,0.018181818181818375,-4.168942602871812e-15,0.19999999999999363,-0.1999999999999978,-0.07272727272727879,0.14545454545453737,-0.21818181818181615,0.0,0.0,0.0,1.0,1.0,0.0
0B06,P1,5,2025-07-16 12:33:19.984000+00:00,10.146,0.19365079365079366,D first,5,5,0,0,0,0,0.0,0.0,0.0,0,0,0,0.0,0.0,0.0,77.0,72.6,4.400000000000006,75.2,75.6,-0.3999999999999915,-1.7999999999999972,3.0,-4.799999999999997,-3.6045051660821025e-15,0.10909090909091028,-0.10909090909091389,-0.2000000000000131,0.2999999999999914,-0.5000000000000044,-0.2000000000000095,0.1909090909090811,-0.3909090909090906,0.0,0.6,-0.6,1.0,1.0,0.0
0B06,P1,6,2025-07-16 12:33:30.841000+00:00,8.123,0.22857142857142856,D first,3,3,0,0,0,0,0.0,0.0,0.0,0,1,-1,0.0,5.0,-5.0,75.3,75.2,0.09999999999999432,76.6,75.6,1.0,1.2999999999999972,0.3999999999999915,0.9000000000000057,0.1515151515151525,0.03636363636364044,0.11515151515151205,-0.3000000000000021,0.2999999999999914,-0.5999999999999934,-0.4515151515151546,0.26363636363635096,-0.7151515151515055,0.0,0.6,-0.6,1.0,1.0,0.0
0B06,P1,7,2025-07-16 12:33:39.967000+00:00,9.33,0.2571428571428571,D first,4,4,0,0,1,-1,0.0,5.0,-5.0,0,1,-1,0.0,5.0,-5.0,76.4,75.4,1.0,77.0,74.0,3.0,0.5999999999999943,-1.4000000000000057,2.0,-0.14545454545454173,0.09696969696969672,-0.24242424242423843,0.5999999999999951,-6.496579164659306e-15,0.6000000000000016,0.7454545454545368,-0.09696969696970321,0.8424242424242401,0.4,0.0,0.4,1.0,1.0,0.0
0B06,P1,8,2025-07-16 12:33:50.181000+00:00,9.142,0.28888888888888886,D first,4,4,0,0,0,0,0.0,0.0,0.0,0,0,0,0.0,0.0,0.0,75.9,74.4,1.5,75.0,74.6,0.4000000000000057,-0.9000000000000057,0.19999999999998863,-1.0999999999999943,-0.39393939393939204,-0.09696969696969603,-0.296969696969696,0.9999999999999953,-0.10000000000001126,1.1000000000000065,1.3939393939393874,-0.0030303030303152345,1.3969696969697025,0.0,0.0,0.0,1.0,1.0,0.0
0B06,P1,9,2025-07-16 12:34:00.380000+00:00,10.135,0.32063492063492066,D first,5,5,0,0,0,0,0.0,0.0,0.0,0,0,0,0.0,0.0,0.0,75.6,74.8,0.7999999999999972,74.6,77.4,-2.8000000000000114,-1.0,2.6000000000000085,-3.6000000000000085,0.2787878787878809,0.10909090909091375,0.16969696969696718,0.4999999999999928,0.4999999999999939,-1.1102230246251565e-15,0.22121212121211187,0.39090909090908016,-0.1696969696969683,0.0,1.0,-1.0,1.0,1.0,0.0
0B06,P1,10,2025-07-16 12:34:11.276000+00:00,7.819,0.35555555555555557,D first,2,2,0,0,0,0,0.0,0.0,0.0,0,0,0,0.0,0.0,0.0,75.5,76.9,-1.4000000000000057,76.0,76.4,-0.4000000000000057,0.5,-0.5,1.0,0.22424242424242416,-0.01818181818181331,0.24242424242423746,-0.3000000000000105,0.6999999999999921,-1.0000000000000027,-0.5242424242424346,0.7181818181818054,-1.24242424242424,0.0,0.8,-0.8,1.0,1.0,0.0
0B06,P1,11,2025-07-16 12:34:20.906000+00:00,8.957,0.3873015873015873,D first,3,3,0,0,0,0,0.0,0.0,0.0,0,0,0,0.0,0.0,0.0,75.5,76.7,-1.2000000000000028,76.6,77.6,-1.0,1.0999999999999943,0.8999999999999915,0.20000000000000284,-0.18787878787878848,0.2727272727272745,-0.46060606060606296,-1.0566486870090594e-14,0.29999999999998783,-0.2999999999999984,0.1878787878787779,0.02727272727271335,0.16060606060606455,0.0,1.0,-1.0,1.0,1.0,0.0
0B06,P1,12,2025-07-16 12:34:30.873000+00:00,8.777,0.41904761904761906,D first,3,3,0,0,0,0,0.0,0.0,0.0,0,1,-1,0.0,5.0,-5.0,76.2,78.0,-1.7999999999999972,75.8,80.6,-4.799999999999997,-0.4000000000000057,2.5999999999999943,-3.0,-0.08484848484848384,0.21818181818182317,-0.303030303030307,-0.5000000000000033,-7.96958597086499e-15,-0.49999999999999534,-0.4151515151515195,-0.21818181818183113,-0.19696969696968836,0.0,1.0,-1.0,1.0,1.0,0.0
0B06,P1,13,2025-07-16 12:34:40.248000+00:00,8.969,0.44761904761904764,D first,3,3,0,0,1,-1,0.0,5.0,-5.0,0,1,-1,0.0,5.0,-5.0,75.7,79.7,-4.0,77.0,77.2,-0.20000000000000284,1.2999999999999972,-2.5,3.799999999999997,-0.187878787878787,-0.006060606060604337,-0.18181818181818266,-4.168942602871812e-15,0.3999999999999956,-0.39999999999999974,0.18787878787878284,0.4060606060605999,-0.21818181818181706,0.0,1.0,-1.0,1.0,1.0,0.0
0B06,P1,14,2025-07-16 12:34:49.988000+00:00,10.938,0.4793650793650794,D first,5,5,0,0,0,0,0.0,0.0,0.0,0,1,-1,0.0,3.0,-3.0,77.0,77.8,-0.7999999999999972,77.0,77.6,-0.5999999999999943,0.0,-0.20000000000000284,0.20000000000000284,-3.6045051660821025e-15,0.060606060606063154,-0.060606060606066756,-4.168942602871812e-15,-0.3000000000000029,0.2999999999999987,-5.644374367897091e-16,-0.36060606060606604,0.3606060606060655,0.0,1.0,-1.0,1.0,1.0,0.0
0B06,P1,15,2025-07-16 12:35:01.738000+00:00,7.884,0.5174603174603175,D first,2,2,0,0,0,0,0.0,0.0,0.0,0,1,-1,0.0,8.0,-8.0,77.1,77.5,-0.4000000000000057,77.4,77.0,0.4000000000000057,0.30000000000001137,-0.5,0.8000000000000114,0.0909090909090923,-0.09090909090909238,0.18181818181818468,-0.30000000000001115,-0.6000000000000083,0.29999999999999716,-0.3909090909091034,-0.5090909090909159,0.1181818181818125,0.4,1.0,-0.6,1.0,1.0,0.0
0B06,P1,16,2025-07-16 12:35:10.490000+00:00,9.311,0.5428571428571428,D first,4,4,0,0,1,-1,0.0,5.0,-5.0,0,1,-1,0.0,5.0,-5.0,77.0,76.8,0.20000000000000284,75.8,74.4,1.3999999999999915,-1.2000000000000028,-2.3999999999999915,1.1999999999999886,-0.3272727272727237,-0.25454545454545213,-0.07272727272727159,0.4999999999999902,-9.717254041296998e-15,0.4999999999999999,0.8272727272727138,0.2545454545454424,0.5727272727272714,0.0,0.0,0.0,1.0,1.0,0.0
0B06,P1,17,2025-07-16 12:35:20.667000+00:00,8.511,0.5777777777777777,D first,3,3,0,0,0,0,0.0,0.0,0.0,0,0,0,0.0,0.0,0.0,76.2,74.7,1.5,74.2,76.8,-2.5999999999999943,-2.0,2.0999999999999943,-4.099999999999994,-0.09696969696969708,0.054545454545454806,-0.15151515151515188,0.1999999999999975,0.7999999999999944,-0.5999999999999969,0.2969696969696946,0.7454545454545396,-0.448484848484845,0.0,0.8,-0.8,1.0,1.0,0.0
0B06,P1,18,2025-07-16 12:35:30.092000+00:00,9.14,0.6063492063492063,D first,4,4,0,0,0,0,0.0,0.0,0.0,0,0,0,0.0,0.0,0.0,74.8,76.5,-1.7000000000000028,74.2,79.6,-5.3999999999999915,-0.5999999999999943,3.0999999999999943,-3.6999999999999886,0.24242424242424246,0.442424242424242,-0.19999999999999954,-0.20000000000000595,-4.569623398479733e-15,-0.20000000000000137,-0.4424242424242484,-0.44242424242424655,-1.8318679906315083e-15,0.0,1.0,-1.0,1.0,1.0,0.0
0B06,P1,19,2025-07-16 12:35:40.213000+00:00,11.742,0.638095238095238,D first,6,6,0,0,0,0,0.0,0.0,0.0,0,0,0,0.0,0.0,0.0,75.5,78.7,-3.200000000000003,77.8,76.6,1.2000000000000028,2.299999999999997,-2.1000000000000085,4.400000000000006,0.46666666666666745,-0.10303030303030433,0.5696969696969718,-0.20000000000000867,0.099999999999991,-0.29999999999999966,-0.6666666666666761,0.20303030303029534,-0.8696969696969714,0.8,1.0,-0.19999999999999996,1.0,1.0,0.0
0B06,P1,21,2025-07-16 12:36:00.141000+00:00,9.085,0.7015873015873015,D first,4,4,0,0,0,0,0.0,0.0,0.0,0,0,0,0.0,0.0,0.0,75.9,76.7,-0.7999999999999972,74.0,76.8,-2.799999999999997,-1.9000000000000057,0.09999999999999432,-2.0,-0.2727272727272725,-0.05454545454545125,-0.21818181818182125,-6.496579164659306e-15,-0.20000000000001153,0.20000000000000503,0.272727272727266,-0.14545454545456027,0.41818181818182626,0.0,1.0,-1.0,1.0,1.0,0.0
0B06,P1,22,2025-07-16 12:36:10.308000+00:00,8.926,0.7333333333333333,D first,3,3,0,0,0,0,0.0,0.0,0.0,0,0,0,0.0,0.0,0.0,74.0,76.6,-2.5999999999999943,75.4,77.0,-1.5999999999999943,1.4000000000000057,0.4000000000000057,1.0,1.505868651488114e-15,-0.14545454545454176,0.14545454545454325,0.699999999999997,-4.168942602871812e-15,0.7000000000000012,0.6999999999999954,0.1454545454545376,0.5545454545454578,0.0,1.0,-1.0,1.0,1.0,0.0
0B06,P1,23,2025-07-16 12:36:19.883000+00:00,9.254,0.765079365079365,D first,4,4,0,0,0,0,0.0,0.0,0.0,0,0,0,0.0,0.0,0.0,76.1,76.4,-0.30000000000001137,75.0,75.6,-0.5999999999999943,-1.0999999999999943,-0.8000000000000114,-0.29999999999998295,0.27272727272727354,-0.08484848484848202,0.35757575757575555,-5.152623147046091e-15,0.6999999999999922,-0.6999999999999973,-0.2727272727272787,0.7848484848484742,-1.057575757575753,0.0,0.6,-0.6,1.0,1.0,0.0
0B06,P1,24,2025-07-16 12:36:29.935000+00:00,9.721,0.7968253968253968,D first,4,4,0,0,0,0,0.0,0.0,0.0,0,0,0,0.0,0.0,0.0,75.1,75.7,-0.6000000000000085,74.0,74.8,-0.7999999999999972,-1.0999999999999943,-0.9000000000000057,-0.19999999999998863,-0.006060606060606316,0.1393939393939429,-0.14545454545454922,0.1999999999999867,0.29999999999999444,-0.10000000000000775,0.206060606060593,0.16060606060605154,0.04545454545454147,0.0,0.2,-0.2,1.0,1.0,0.0
0B06,P1,25,2025-07-16 12:36:40.644000+00:00,8.683,0.8317460317460318,D first,3,3,0,0,0,0,0.0,0.0,0.0,0,0,0,0.0,0.0,0.0,74.7,75.6,-0.8999999999999915,74.0,76.0,-2.0,-0.7000000000000028,0.4000000000000057,-1.1000000000000085,0.13939393939393957,0.2424242424242453,-0.10303030303030572,-6.496579164659306e-15,-0.8000000000000109,0.8000000000000044,-0.13939393939394606,-1.0424242424242562,0.9030303030303102,0.0,0.6,-0.6,1.0,1.0,0.0
0B06,P1,26,2025-07-16 12:36:49.935000+00:00,9.405,0.8603174603174604,D first,4,4,0,0,0,0,0.0,0.0,0.0,0,0,0,0.0,0.0,0.0,74.5,75.8,-1.2999999999999972,74.2,74.8,-0.5999999999999943,-0.29999999999999716,-1.0,0.7000000000000028,0.20000000000000231,-0.36363636363636587,0.5636363636363682,-0.800000000000003,0.1999999999999932,-0.9999999999999962,-1.0000000000000053,0.563636363636359,-1.5636363636363644,0.0,0.0,0.0,1.0,1.0,0.0
0B07,P1,0,2025-07-17 12:34:16.477000+00:00,7.736,0.026717557251908396,D first,2,2,0,0,0,0,0.0,0.0,0.0,0,1,-1,0.0,5.0,-5.0,89.71428571428571,89.85714285714286,-0.142857142857153,83.2,85.6,-2.3999999999999915,-6.514285714285705,-4.257142857142867,-2.2571428571428385,-1.2142857142857135,-1.0000000000000024,-0.21428571428571108,0.39999999999999136,-1.0000000000000089,1.4000000000000004,1.614285714285705,-6.439293542825908e-15,1.6142857142857114,0.0,0.6,-0.6,1.0,1.0,0.0
0B07,P1,1,2025-07-17 12:34:25.095000+00:00,9.199,0.061068702290076333,D first,4,4,0,0,0,0,0.0,0.0,0.0,0,0,0,0.0,0.0,0.0,84.7,84.5,0.20000000000000284,88.2,79.2,9.0,3.5,-5.299999999999997,8.799999999999997,0.4666666666666679,-0.9636363636363668,1.4303030303030346,0.7999999999999993,0.3999999999999984,0.40000000000000085,0.33333333333333137,1.3636363636363653,-1.0303030303030338,0.0,0.0,0.0,1.0,1.0,0.0
0B07,P1,2,2025-07-17 12:34:35.777000+00:00,11.106,0.10305343511450382,D first,6,6,0,0,0,0,0.0,0.0,0.0,0,0,0,0.0,0.0,0.0,91.0,79.0,12.0,88.4,84.4,4.0,-2.5999999999999943,5.400000000000006,-8.0,0.7636363636363694,-0.024242424242420825,0.7878787878787903,-1.0000000000000093,1.2999999999999934,-2.3000000000000025,-1.7636363636363788,1.3242424242424142,-3.087878787878793,0.0,0.6,-0.6,1.0,1.0,0.0
0B07,P1,3,2025-07-17 12:34:47.514000+00:00,7.184,0.14885496183206107,D first,2,2,0,0,0,0,0.0,0.0,0.0,0,0,0,0.0,0.0,0.0,88.0,84.0,4.0,89.8,84.4,5.3999999999999915,1.7999999999999972,0.4000000000000057,1.3999999999999915,0.07272727272726891,-0.31515151515151707,0.387878787878786,0.7999999999999863,-0.8000000000000083,1.5999999999999945,0.7272727272727174,-0.4848484848484912,1.2121212121212086,0.0,0.2,-0.2,1.0,1.0,0.0
0B07,P1,4,2025-07-17 12:34:56.438000+00:00,8.054,0.17938931297709923,D first,3,3,0,0,0,0,0.0,0.0,0.0,0,0,0,0.0,0.0,0.0,89.7,82.9,6.799999999999997,89.4,80.2,9.200000000000003,-0.29999999999999716,-2.700000000000003,2.4000000000000057,0.3696969696969683,-0.4787878787878744,0.8484848484848426,-0.30000000000000887,-0.10000000000000782,-0.20000000000000107,-0.6696969696969772,0.37878787878786657,-1.048484848484844,0.0,0.0,0.0,1.0,1.0,0.0
0B07,P1,5,2025-07-17 12:35:05.266000+00:00,9.189,0.21374045801526717,D first,4,4,0,0,0,0,0.0,0.0,0.0,0,0,0,0.0,0.0,0.0,88.9,78.9,10.0,85.6,78.2,7.3999999999999915,-3.3000000000000114,-0.7000000000000028,-2.6000000000000085,-0.3090909090909067,-0.49090909090908796,0.18181818181818127,-0.10000000000000742,-0.300000000000015,0.20000000000000756,0.20909090909089928,0.190909090909073,0.018181818181826293,0.0,0.0,0.0,1.0,1.0,0.0
0B07,P1,6,2025-07-17 12:35:15.549000+00:00,9.537,0.25572519083969464,D first,4,4,0,0,0,0,0.0,0.0,0.0,0,0,0,0.0,0.0,0.0,86.1,75.7,10.399999999999991,88.8,73.0,15.799999999999997,2.700000000000003,-2.700000000000003,5.400000000000006,0.12727272727272487,-0.8909090909090874,1.0181818181818123,0.39999999999999153,0.39999999999999,1.5543122344752192e-15,0.27272727272726666,1.2909090909090775,-1.0181818181818107,0.0,0.0,0.0,1.0,1.0,0.0
0B07,P1,7,2025-07-17 12:35:26.184000+00:00,8.363,0.29389312977099236,D first,3,3,0,0,0,0,0.0,0.0,0.0,0,0,0,0.0,0.0,0.0,88.0,74.0,14.0,87.6,77.2,10.399999999999991,-0.4000000000000057,3.200000000000003,-3.6000000000000085,-0.29090909090909056,0.4727272727272764,-0.763636363636367,-1.2663267653708366e-14,-0.30000000000000154,0.2999999999999889,0.2909090909090779,-0.7727272727272779,1.063636363636356,0.0,0.0,0.0,1.0,1.0,0.0
0B07,P1,8,2025-07-17 12:35:35.587000+00:00,8.812,0.3320610687022901,D first,3,3,0,0,0,0,0.0,0.0,0.0,0,0,0,0.0,0.0,0.0,84.1,76.6,7.5,80.0,77.6,2.4000000000000057,-4.099999999999994,1.0,-5.099999999999994,-1.2787878787878817,-0.24242424242424224,-1.0363636363636395,0.9999999999999901,-1.3651679537037327e-14,1.0000000000000038,2.2787878787878717,0.24242424242422858,2.0363636363636433,0.0,0.0,0.0,1.0,1.0,0.0
0B07,P1,9,2025-07-17 12:35:46.011000+00:00,8.806,0.3702290076335878,D first,3,3,0,0,0,0,0.0,0.0,0.0,0,0,0,0.0,0.0,0.0,81.4,77.4,4.0,83.0,80.0,3.0,1.5999999999999943,2.5999999999999943,-1.0,0.6060606060606087,-0.03636363636363272,0.6424242424242415,-0.6000000000000054,0.39999999999999536,-1.0000000000000009,-1.206060606060614,0.43636363636362807,-1.6424242424242421,0.0,0.0,0.0,1.0,1.0,0.0
0B07,P1,10,2025-07-17 12:35:55.566000+00:00,8.892,0.4083969465648855,D first,3,3,0,0,1,-1,0.0,5.0,-5.0,0,1,-1,0.0,5.0,-5.0,82.5,81.1,1.4000000000000057,81.6,83.2,-1.6000000000000085,-0.9000000000000057,2.1000000000000085,-3.000000000000014,-0.22424242424242052,0.40606060606060657,-0.630303030303027,0.19999999999998883,-4.255887987351486e-15,0.19999999999999307,0.4242424242424093,-0.40606060606061084,0.8303030303030201,0.0,0.0,0.0,1.0,1.0,0.0
0B07,P1,11,2025-07-17 12:36:05.059000+00:00,11.141,0.44274809160305345,D first,6,6,0,0,0,0,0.0,0.0,0.0,0,0,0,0.0,0.0,0.0,82.9,81.8,1.1000000000000085,83.6,79.2,4.3999999999999915,0.6999999999999886,-2.5999999999999943,3.299999999999983,0.47878787878788176,-0.5090909090909069,0.9878787878787887,-0.10000000000000948,0.5999999999999898,-0.6999999999999993,-0.5787878787878913,1.1090909090908967,-1.687878787878788,0.0,0.0,0.0,1.0,1.0,0.0
0B07,P1,13,2025-07-17 12:36:24.844000+00:00,9.501,0.5190839694656488,D first,4,4,0,0,0,0,0.0,0.0,0.0,0,1,-1,0.0,3.0,-3.0,88.1,79.7,8.399999999999991,84.4,77.8,6.6000000000000085,-3.6999999999999886,-1.9000000000000057,-1.799999999999983,0.01818181818182253,-0.5151515151515161,0.5333333333333387,-1.0000000000000082,0.19999999999999032,-1.1999999999999986,-1.0181818181818307,0.7151515151515064,-1.7333333333333372,0.0,0.0,0.0,1.0,1.0,0.0
0B07,P1,14,2025-07-17 12:36:36.411000+00:00,8.242,0.5610687022900763,D first,3,3,0,0,0,0,0.0,0.0,0.0,0,0,0,0.0,0.0,0.0,84.1,76.4,7.699999999999989,81.2,74.0,7.200000000000003,-2.8999999999999915,-2.4000000000000057,-0.4999999999999858,-0.006060606060608527,-0.545454545454544,0.5393939393939354,-0.5000000000000056,-6.496579164659306e-15,-0.49999999999999906,-0.493939393939397,0.5454545454545374,-1.0393939393939344,0.0,0.0,0.0,1.0,1.0,0.0
0B07,P1,15,2025-07-17 12:36:45.749000+00:00,8.935,0.5992366412213741,D first,3,3,0,0,0,0,0.0,0.0,0.0,0,0,0,0.0,0.0,0.0,80.8,75.0,5.799999999999997,77.2,78.8,-1.5999999999999943,-3.5999999999999943,3.799999999999997,-7.3999999999999915,-0.19393939393939544,0.42424242424242753,-0.6181818181818229,-0.8000000000000137,-0.20000000000000837,-0.6000000000000053,-0.6060606060606183,-0.6242424242424359,0.018181818181817633,0.0,0.0,0.0,1.0,1.0,0.0
0B07,P1,16,2025-07-17 12:36:55.815000+00:00,10.363,0.6374045801526718,D first,5,5,0,0,0,0,0.0,0.0,0.0,0,0,0,0.0,0.0,0.0,77.5,77.7,-0.20000000000000284,78.8,77.0,1.7999999999999972,1.2999999999999972,-0.7000000000000028,2.0,0.018181818181819832,-0.34545454545454046,0.3636363636363603,0.6999999999999924,-4.168942602871812e-15,0.6999999999999966,0.6818181818181726,0.3454545454545363,0.33636363636363625,0.0,0.0,0.0,1.0,1.0,0.0
0B07,P1,17,2025-07-17 12:37:07.217000+00:00,7.335,0.6793893129770993,D first,2,2,0,0,0,0,0.0,0.0,0.0,0,1,-1,0.0,5.0,-5.0,80.3,77.8,2.5,77.2,82.2,-5.0,-3.0999999999999943,4.400000000000006,-7.5,0.32121212121212506,0.35151515151515256,-0.0303030303030275,-0.6000000000000034,-0.10000000000000285,-0.5000000000000006,-0.9212121212121285,-0.4515151515151554,-0.46969696969697305,0.0,0.0,0.0,1.0,1.0,0.0
0B07,P1,18,2025-07-17 12:37:15.637000+00:00,8.704,0.7137404580152672,D first,3,3,0,0,0,0,0.0,0.0,0.0,0,0,0,0.0,0.0,0.0,78.1,81.7,-3.6000000000000085,80.0,82.6,-2.5999999999999943,1.9000000000000057,0.8999999999999915,1.0000000000000142,0.018181818181819038,0.1878787878787864,-0.16969696969696735,-1.038483350476569e-14,0.2999999999999963,-0.3000000000000067,-0.018181818181829422,0.11212121212120993,-0.13030303030303936,0.0,0.0,0.0,1.0,1.0,0.0
0B07,P1,19,2025-07-17 12:37:24.954000+00:00,9.468,0.7480916030534351,D first,4,4,0,0,0,0,0.0,0.0,0.0,0,0,0,0.0,0.0,0.0,79.9,83.0,-3.0999999999999943,79.6,84.8,-5.200000000000003,-0.30000000000001137,1.7999999999999972,-2.1000000000000085,0.054545454545456486,0.2545454545454534,-0.19999999999999693,-0.3000000000000109,-0.2000000000000056,-0.10000000000000533,-0.35454545454546743,-0.454545454545459,0.0999999999999916,0.0,0.0,0.0,1.0,1.0,0.0
0B07,P1,20,2025-07-17 12:37:35.959000+00:00,10.399,0.7900763358778626,D first,5,5,0,1,0,1,3.0,0.0,3.0,1,0,1,3.0,0.0,3.0,78.9,83.6,-4.699999999999989,76.4,78.8,-2.3999999999999915,-2.5,-4.799999999999997,2.299999999999997,-0.2484848484848446,-0.4727272727272735,0.2242424242424289,0.5999999999999857,-0.5000000000000028,1.0999999999999885,0.8484848484848302,-0.02727272727272928,0.8757575757575595,0.0,0.0,0.0,1.0,1.0,0.0
0B07,P1,22,2025-07-17 12:37:55.379000+00:00,8.57,0.8625954198473282,D first,3,3,0,0,0,0,0.0,0.0,0.0,0,0,0,0.0,0.0,0.0,83.5,78.4,5.099999999999994,82.0,79.6,2.4000000000000057,-1.5,1.1999999999999886,-2.6999999999999886,0.5636363636363634,0.27878787878788025,0.28484848484848313,-0.8000000000000134,-0.7000000000000022,-0.10000000000001119,-1.3636363636363766,-0.9787878787878824,-0.3848484848484942,0.0,0.0,0.0,1.0,1.0,0.0
0B07,P1,23,2025-07-17 12:38:04.817000+00:00,9.506,0.9007633587786259,D first,4,4,0,0,0,0,0.0,0.0,0.0,0,0,0,0.0,0.0,0.0,81.5,78.3,3.200000000000003,80.6,78.8,1.7999999999999972,-0.9000000000000057,0.5,-1.4000000000000057,-0.24848484848484273,-0.6121212121212123,0.36363636363636953,-0.30000000000000987,0.9000000000000009,-1.2000000000000108,-0.05151515151516714,1.512121212121213,-1.5636363636363801,0.0,0.0,0.0,1.0,1.0,0.0
0B07,P1,24,2025-07-17 12:38:15.350000+00:00,12.478,0.9389312977099237,D first,7,7,0,0,0,0,0.0,0.0,0.0,0,0,0,0.0,0.0,0.0,82.1,79.6,2.5,84.0,78.4,5.599999999999994,1.9000000000000057,-1.1999999999999886,3.0999999999999943,0.5393939393939367,0.2909090909090885,0.24848484848484814,-0.8000000000000066,-0.500000000000004,-0.3000000000000026,-1.3393939393939434,-0.7909090909090926,-0.5484848484848508,0.0,0.0,0.0,1.0,1.0,0.0
0B09,P1,1,2025-07-23 12:36:56.407000+00:00,8.903,0.047244094488188976,D first,3,3,0,0,0,0,0.0,0.0,0.0,0,0,0,0.0,0.0,0.0,59.4,56.0,3.3999999999999986,63.4,58.8,4.600000000000001,4.0,2.799999999999997,1.2000000000000028,0.3030303030303023,0.3428571428571435,-0.03982683982684121,1.399999999999993,0.8999999999999925,0.5000000000000006,1.0969696969696907,0.557142857142849,0.5398268398268418,0.4,0.0,0.4,1.0,1.0,0.0
0B09,P1,3,2025-07-23 12:37:17.669000+00:00,7.659,0.10498687664041995,D first,2,2,0,0,0,0,0.0,0.0,0.0,0,0,0,0.0,0.0,0.0,61.0,59.6,1.3999999999999986,63.4,61.6,1.7999999999999972,2.3999999999999986,2.0,0.3999999999999986,-0.30303030303030254,0.7878787878787897,-1.0909090909090922,0.49999999999999367,-0.5000000000000024,0.9999999999999961,0.8030303030302962,-1.287878787878792,2.090909090909088,0.0,0.0,0.0,1.0,1.0,0.0
0B09,P1,5,2025-07-23 12:37:36.407000+00:00,10.062,0.15223097112860892,D first,5,5,0,0,0,0,0.0,0.0,0.0,0,0,0,0.0,0.0,0.0,62.1,61.9,0.20000000000000284,63.2,65.4,-2.200000000000003,1.1000000000000014,3.500000000000007,-2.4000000000000057,-0.22424242424242238,-0.18787878787878845,-0.03636363636363393,0.9999999999999958,1.099999999999995,-0.0999999999999992,1.2242424242424181,1.2878787878787834,-0.06363636363636527,0.2,0.8,-0.6000000000000001,1.0,1.0,0.0
0B09,P1,6,2025-07-23 12:37:47.935000+00:00,7.129,0.1837270341207349,D first,2,2,0,0,0,0,0.0,0.0,0.0,0,0,0,0.0,0.0,0.0,63.1,62.8,0.30000000000000426,63.2,64.8,-1.5999999999999943,0.10000000000000142,2.0,-1.8999999999999986,-0.454545454545453,0.6181818181818157,-1.0727272727272688,1.5999999999999912,-1.2000000000000084,2.8,2.054545454545444,-1.8181818181818241,3.872727272727268,0.4,0.8,-0.4,1.0,1.0,0.0
0B09,P1,7,2025-07-23 12:37:58.010000+00:00,7.162,0.2099737532808399,D first,2,2,0,0,0,0,0.0,0.0,0.0,0,0,0,0.0,0.0,0.0,65.6,64.5,1.0999999999999943,68.0,60.6,7.399999999999999,2.4000000000000057,-3.8999999999999986,6.300000000000004,0.9212121212121217,0.4424242424242426,0.4787878787878791,-1.2671695837707454e-14,-0.5000000000000017,0.499999999999989,-0.9212121212121344,-0.9424242424242443,0.021212121212109913,1.0,0.0,1.0,1.0,1.0,0.0
0B09,P1,8,2025-07-23 12:38:06.108000+00:00,8.16,0.23097112860892388,D first,3,3,0,0,0,0,0.0,0.0,0.0,0,0,0,0.0,0.0,0.0,67.3,64.2,3.0999999999999943,62.8,59.8,3.0,-4.5,-4.400000000000006,-0.09999999999999432,-0.33333333333333354,-0.6424242424242401,0.3090909090909066,-0.10000000000001204,-0.20000000000000448,0.09999999999999244,0.2333333333333215,0.4424242424242356,-0.2090909090909141,0.0,0.0,0.0,1.0,1.0,0.0
0B09,P1,9,2025-07-23 12:38:15.001000+00:00,9.965,0.2545931758530184,D first,4,4,0,0,0,0,0.0,0.0,0.0,0,0,0,0.0,0.0,0.0,63.5,62.5,1.0,67.6,59.8,7.799999999999997,4.099999999999994,-2.700000000000003,6.799999999999997,0.17575757575757608,-0.8666666666666656,1.0424242424242416,0.6999999999999933,0.2999999999999914,0.4000000000000019,0.5242424242424172,1.166666666666657,-0.6424242424242398,1.0,0.0,1.0,1.0,1.0,0.0
0B09,P1,10,2025-07-23 12:38:26.765000+00:00,9.149,0.28608923884514437,D first,4,4,0,0,0,0,0.0,0.0,0.0,0,0,0,0.0,0.0,0.0,70.7,60.1,10.600000000000001,67.4,60.0,7.400000000000006,-3.299999999999997,-0.10000000000000142,-3.1999999999999957,0.24848484848484864,-0.2242424242424237,0.47272727272727233,-0.5000000000000094,-0.6000000000000097,0.10000000000000031,-0.7484848484848581,-0.37575757575758606,-0.372727272727272,1.0,0.0,1.0,1.0,1.0,0.0
0B09,P1,11,2025-07-23 12:38:37.832000+00:00,8.349,0.31496062992125984,D first,3,3,0,0,0,0,0.0,0.0,0.0,0,0,0,0.0,0.0,0.0,65.2,59.9,5.300000000000004,62.2,59.0,3.200000000000003,-3.0,-0.8999999999999986,-2.1000000000000014,-0.7030303030303031,0.018181818181819118,-0.7212121212121222,0.19999999999999446,-7.329371407955073e-16,0.19999999999999518,0.9030303030302975,-0.01818181818181985,0.9212121212121174,0.0,0.0,0.0,1.0,1.0,0.0
0B09,P1,12,2025-07-23 12:38:48.307000+00:00,7.387,0.34120734908136485,D first,2,2,0,0,0,0,0.0,0.0,0.0,0,0,0,0.0,0.0,0.0,62.6,59.6,3.0,63.4,59.2,4.199999999999996,0.7999999999999972,-0.3999999999999986,1.1999999999999957,0.14545454545454323,-0.14545454545454578,0.290909090909089,-0.5000000000000042,0.19999999999999807,-0.7000000000000023,-0.6454545454545475,0.34545454545454385,-0.9909090909090914,0.0,0.0,0.0,1.0,1.0,0.0
0B09,P1,13,2025-07-23 12:38:57.071000+00:00,7.471,0.3648293963254593,D first,2,2,0,0,0,0,0.0,0.0,0.0,0,0,0,0.0,0.0,0.0,63.0,59.3,3.700000000000003,61.4,59.6,1.7999999999999972,-1.6000000000000014,0.30000000000000426,-1.9000000000000057,-0.1454545454545476,-0.1515151515151498,0.006060606060602186,-7.084310252380345e-15,0.09999999999999697,-0.10000000000000404,0.14545454545454053,0.25151515151514675,-0.10606060606060622,0.0,0.0,0.0,1.0,1.0,0.0
0B09,P1,14,2025-07-23 12:39:05.864000+00:00,9.012,0.3884514435695538,D first,4,4,0,0,0,0,0.0,0.0,0.0,0,0,0,0.0,0.0,0.0,62.2,59.2,3.0,62.0,59.6,2.3999999999999986,-0.20000000000000284,0.3999999999999986,-0.6000000000000014,0.12121212121211888,0.0969696969696979,0.024242424242420985,-9.998358086562775e-16,-5.026603615664496e-15,4.026767807008218e-15,-0.12121212121211988,-0.09696969696970292,-0.02424242424241696,0.0,0.0,0.0,1.0,1.0,0.0
0B09,P1,15,2025-07-23 12:39:16.593000+00:00,8.408,0.41732283464566927,D first,3,3,0,0,0,0,0.0,0.0,0.0,0,0,0,0.0,0.0,0.0,61.3,59.5,1.7999999999999972,60.6,59.0,1.6000000000000014,-0.6999999999999957,-0.5,-0.19999999999999574,-0.27272727272727326,0.12727272727272806,-0.40000000000000135,0.49999999999999545,-7.329371407955073e-16,0.49999999999999617,0.7727272727272687,-0.1272727272727288,0.8999999999999975,0.0,0.0,0.0,1.0,1.0,0.0
0B09,P1,16,2025-07-23 12:39:26.261000+00:00,9.825,0.4409448818897638,D first,4,4,0,0,0,0,0.0,0.0,0.0,0,0,0,0.0,0.0,0.0,60.4,59.5,0.8999999999999986,58.8,59.0,-0.20000000000000284,-1.6000000000000014,-0.5,-1.1000000000000014,-0.024242424242421703,-0.054545454545455056,0.030303030303033354,-0.20000000000000626,-7.329371407955073e-16,-0.20000000000000553,-0.17575757575758455,0.05454545454545432,-0.23030303030303886,0.0,0.0,0.0,1.0,1.0,0.0
0B09,P1,17,2025-07-23 12:39:37.480000+00:00,9.059,0.46981627296587924,D first,4,4,0,0,0,0,0.0,0.0,0.0,0,0,0,0.0,0.0,0.0,57.9,59.3,-1.3999999999999986,59.2,59.0,0.20000000000000284,1.3000000000000043,-0.29999999999999716,1.6000000000000014,-0.12727272727272596,-0.12727272727272826,2.3037127760972e-15,-6.235077423586749e-15,-7.329371407955073e-16,-5.502140282791242e-15,0.1272727272727197,0.12727272727272754,-7.827072323607354e-15,0.0,0.0,0.0,1.0,1.0,0.0
0B09,P1,19,2025-07-23 12:39:56.846000+00:00,7.984,0.5223097112860893,D first,2,2,0,0,0,0,0.0,0.0,0.0,0,0,0,0.0,0.0,0.0,59.8,59.0,0.7999999999999972,59.6,58.8,0.8000000000000043,-0.19999999999999574,-0.20000000000000284,7.105427357601002e-15,-0.24242424242424246,-7.209489410672719e-16,-0.24242424242424174,1.0999999999999928,0.09999999999998709,1.0000000000000058,1.3424242424242352,0.09999999999998781,1.2424242424242473,0.0,0.0,0.0,1.0,1.0,0.0
0B09,P1,20,2025-07-23 12:40:06.180000+00:00,9.484,0.5459317585301837,D first,4,4,0,0,0,0,0.0,0.0,0.0,0,0,0,0.0,0.0,0.0,61.3,58.9,2.3999999999999986,70.4,60.0,10.400000000000006,9.100000000000009,1.1000000000000014,8.000000000000007,0.9151515151515173,-0.04242424242424005,0.9575757575757573,1.3999999999999961,0.6999999999999945,0.7000000000000016,0.48484848484847887,0.7424242424242345,-0.2575757575757557,1.0,0.0,1.0,1.0,1.0,0.0
0B09,P1,21,2025-07-23 12:40:16.697000+00:00,8.458,0.5748031496062992,D first,3,3,0,0,0,0,0.0,0.0,0.0,0,0,0,0.0,0.0,0.0,70.0,59.1,10.899999999999999,73.2,67.6,5.6000000000000085,3.200000000000003,8.499999999999993,-5.29999999999999,-0.4121212121212082,0.10303030303030708,-0.5151515151515154,0.29999999999999255,2.6999999999999904,-2.3999999999999977,0.7121212121212008,2.5969696969696834,-1.8848484848484826,1.0,0.8,0.19999999999999996,1.0,1.0,0.0
0B09,P1,22,2025-07-23 12:40:26.556000+00:00,7.951,0.6010498687664042,D first,2,2,0,0,0,0,0.0,0.0,0.0,0,0,0,0.0,0.0,0.0,70.8,60.9,9.899999999999999,61.8,70.2,-8.400000000000006,-9.0,9.300000000000004,-18.300000000000004,-0.896969696969698,0.9030303030303043,-1.8000000000000023,-0.5000000000000105,-0.9000000000000075,0.3999999999999969,0.3969696969696874,-1.8030303030303116,2.1999999999999993,0.0,1.0,-1.0,1.0,1.0,0.0
0B09,P1,23,2025-07-23 12:40:35.603000+00:00,9.244,0.6246719160104987,D first,4,4,0,0,0,0,0.0,0.0,0.0,0,0,0,0.0,0.0,0.0,61.9,65.7,-3.8000000000000043,58.8,64.4,-5.6000000000000085,-3.1000000000000014,-1.2999999999999972,-1.8000000000000043,-0.30909090909090847,1.5575757575757572,-1.8666666666666656,-0.800000000000007,-2.1000000000000028,1.2999999999999958,-0.49090909090909857,-3.65757575757576,3.166666666666661,0.0,0.6,-0.6,1.0,1.0,0.0
0B09,P1,24,2025-07-23 12:40:45.856000+00:00,9.524,0.6509186351706037,D first,4,4,0,0,0,0,0.0,0.0,0.0,0,0,0,0.0,0.0,0.0,58.1,67.8,-9.699999999999996,59.0,58.8,0.20000000000000284,0.8999999999999986,-9.0,9.899999999999999,-0.2727272727272716,0.20606060606060786,-0.47878787878787943,-7.329371407955073e-16,-1.3000000000000047,1.300000000000004,0.2727272727272709,-1.5060606060606125,1.7787878787878835,0.0,0.0,0.0,1.0,1.0,0.0
0B09,P1,25,2025-07-23 12:40:56.689000+00:00,8.209,0.6797900262467191,D first,3,3,0,0,0,0,0.0,0.0,0.0,0,0,0,0.0,0.0,0.0,60.3,65.0,-4.700000000000003,61.6,57.6,4.0,1.3000000000000043,-7.399999999999999,8.700000000000003,0.4181818181818203,-1.830303030303031,2.248484848484851,0.09999999999999568,0.299999999999992,-0.19999999999999632,-0.31818181818182467,2.130303030303023,-2.4484848484848474,0.0,0.0,0.0,1.0,1.0,0.0
0B09,P1,26,2025-07-23 12:41:06.712000+00:00,8.188,0.7060367454068242,D first,3,3,0,0,0,0,0.0,0.0,0.0,0,0,0,0.0,0.0,0.0,62.9,59.9,3.0,63.8,57.6,6.199999999999996,0.8999999999999986,-2.299999999999997,3.1999999999999957,0.5393939393939392,-0.999999999999999,1.5393939393939382,-1.2000000000000035,-0.3000000000000075,-0.899999999999996,-1.7393939393939428,0.6999999999999915,-2.439393939393934,0.4,0.0,0.4,1.0,1.0,0.0
0B09,P1,27,2025-07-23 12:41:16.703000+00:00,8.521,0.7322834645669292,D first,3,3,0,0,0,0,0.0,0.0,0.0,0,0,0,0.0,0.0,0.0,62.1,57.9,4.200000000000003,60.0,57.0,3.0,-2.1000000000000014,-0.8999999999999986,-1.2000000000000028,-0.6969696969696975,-0.054545454545455764,-0.6424242424242417,-0.30000000000000865,-1.4940417503207583e-15,-0.30000000000000715,0.3969696969696888,0.05454545454545427,0.3424242424242345,0.0,0.0,0.0,1.0,1.0,0.0
0B09,P1,29,2025-07-23 12:41:36.743000+00:00,8.166,0.7847769028871391,D first,3,3,0,0,0,0,0.0,0.0,0.0,0,0,0,0.0,0.0,0.0,62.1,58.0,4.100000000000001,62.2,62.0,0.20000000000000284,0.10000000000000142,4.0,-3.8999999999999986,0.272727272727274,0.27878787878787803,-0.006060606060604046,0.7999999999999959,0.39999999999999386,0.4000000000000021,0.527272727272722,0.12121212121211583,0.4060606060606062,0.0,0.0,0.0,1.0,1.0,0.0
0B09,P1,30,2025-07-23 12:41:45.999000+00:00,9.093,0.8083989501312336,D first,4,4,0,0,0,0,0.0,0.0,0.0,0,0,0,0.0,0.0,0.0,63.5,59.2,4.299999999999997,63.8,62.8,1.0,0.29999999999999716,3.5999999999999943,-3.299999999999997,0.612121212121214,0.6909090909090926,-0.07878787878787863,-1.100000000000003,0.19999999999999796,-1.300000000000001,-1.7121212121212168,-0.4909090909090946,-1.221212121212122,0.4,0.0,0.4,1.0,1.0,0.0
0B09,P1,31,2025-07-23 12:41:56.892000+00:00,7.986,0.8372703412073491,D first,2,2,0,0,0,0,0.0,0.0,0.0,0,0,0,0.0,0.0,0.0,62.3,61.5,0.7999999999999972,61.4,63.6,-2.200000000000003,-0.8999999999999986,2.1000000000000014,-3.0,-0.3818181818181818,0.4787878787878792,-0.860606060606061,-0.10000000000000757,-1.464245708994363e-14,-0.09999999999999293,0.2818181818181742,-0.47878787878789386,0.7606060606060681,0.0,0.6,-0.6,1.0,1.0,0.0
0B09,P1,32,2025-07-23 12:42:05.835000+00:00,8.816,0.8608923884514436,D first,3,3,0,0,0,0,0.0,0.0,0.0,0,0,0,0.0,0.0,0.0,61.4,62.7,-1.3000000000000043,64.4,61.8,2.6000000000000085,3.000000000000007,-0.9000000000000057,3.900000000000013,0.04848484848484817,0.2969696969696981,-0.24848484848484992,0.4999999999999947,-1.2000000000000097,1.7000000000000044,0.45151515151514654,-1.4969696969697077,1.9484848484848543,0.6,0.2,0.39999999999999997,1.0,1.0,0.0
0B09,P1,33,2025-07-23 12:42:16.123000+00:00,10.241,0.8871391076115486,D first,5,5,0,0,0,0,0.0,0.0,0.0,0,0,0,0.0,0.0,0.0,63.5,63.0,0.5,59.4,59.2,0.19999999999999574,-4.100000000000001,-3.799999999999997,-0.30000000000000426,-0.40606060606060457,-0.13333333333333355,-0.27272727272727104,0.2999999999999938,0.19999999999999807,0.09999999999999576,0.7060606060605984,0.3333333333333316,0.3727272727272668,0.0,0.0,0.0,1.0,1.0,0.0
0B09,P1,34,2025-07-23 12:42:26.879000+00:00,8.094,0.916010498687664,D first,3,3,0,0,0,0,0.0,0.0,0.0,0,0,0,0.0,0.0,0.0,59.4,61.8,-2.3999999999999986,60.8,60.2,0.5999999999999943,1.3999999999999986,-1.5999999999999943,2.999999999999993,-0.0484848484848449,-0.6424242424242422,0.5939393939393973,1.4999999999999951,0.49999999999998834,1.0000000000000067,1.54848484848484,1.1424242424242306,0.40606060606060934,0.0,0.0,0.0,1.0,1.0,0.0
0B09,P1,35,2025-07-23 12:42:36.472000+00:00,9.35,0.9396325459317585,D first,4,4,0,0,0,0,0.0,0.0,0.0,0,0,0,0.0,0.0,0.0,63.8,60.3,3.5,67.0,60.0,7.0,3.200000000000003,-0.29999999999999716,3.5,1.5393939393939395,-0.22424242424242355,1.763636363636363,-2.000000000000013,-0.6000000000000097,-1.400000000000003,-3.5393939393939524,-0.37575757575758617,-3.1636363636363662,0.8,0.0,0.8,1.0,1.0,0.0
0B09,P1,36,2025-07-23 12:42:48.220000+00:00,8.289,0.9711286089238845,D first,3,3,0,0,0,0,0.0,0.0,0.0,0,0,0,0.0,0.0,0.0,61.9,59.9,2.0,59.2,59.0,0.20000000000000284,-2.6999999999999957,-0.8999999999999986,-1.7999999999999972,-0.7090909090909098,0.12727272727272712,-0.8363636363636369,0.7999999999999996,0.19999999999999687,0.6000000000000028,1.5090909090909093,0.07272727272726975,1.4363636363636396,0.0,0.0,0.0,1.0,1.0,0.0
0B10,P1,1,2025-07-24 13:58:02.467000+00:00,7.698,0.04473684210526316,D first,2,2,0,0,0,0,0.0,0.0,0.0,0,0,0,0.0,0.0,0.0,88.2,87.9,0.29999999999999716,91.4,87.6,3.8000000000000114,3.200000000000003,-0.30000000000001137,3.500000000000014,0.6666666666666703,0.07878787878788042,0.5878787878787899,-0.20000000000001406,-0.3000000000000131,0.09999999999999903,-0.8666666666666843,-0.3787878787878935,-0.48787878787879085,0.0,0.0,0.0,1.0,1.0,0.0
0B10,P1,2,2025-07-24 13:58:12.208000+00:00,9.417,0.07105263157894737,D first,4,4,0,0,0,0,0.0,0.0,0.0,0,0,0,0.0,0.0,0.0,93.7,85.6,8.100000000000009,100.4,85.8,14.600000000000009,6.700000000000003,0.20000000000000284,6.5,0.8666666666666707,-0.7030303030303022,1.569696969696973,0.6999999999999971,0.79999999999999,-0.09999999999999298,-0.16666666666667362,1.5030303030302923,-1.669696969696966,1.0,0.0,1.0,1.0,1.0,0.0
0B10,P1,3,2025-07-24 13:58:23.707000+00:00,10.093,0.10263157894736842,D first,5,5,0,0,0,0,0.0,0.0,0.0,0,0,0,0.0,0.0,0.0,103.0,86.6,16.400000000000006,99.0,84.2,14.799999999999997,-4.0,-2.3999999999999915,-1.6000000000000085,0.4242424242424249,0.13333333333333708,0.29090909090908784,-2.000000000000009,-0.8000000000000113,-1.1999999999999975,-2.4242424242424336,-0.9333333333333483,-1.4909090909090854,0.6,0.0,0.6,1.0,1.0,0.0
0B10,P1,5,2025-07-24 13:58:43.147000+00:00,8.467,0.15263157894736842,D first,3,3,0,0,0,0,0.0,0.0,0.0,0,0,0,0.0,0.0,0.0,100.4,83.4,17.0,101.0,83.4,17.599999999999994,0.5999999999999943,0.0,0.5999999999999943,-0.09696969696969693,0.38787878787878916,-0.4848484848484861,0.39999999999998725,-0.3000000000000098,0.6999999999999971,0.4969696969696842,-0.687878787878799,1.1848484848484833,1.0,0.0,1.0,1.0,1.0,0.0
0B10,P1,6,2025-07-24 13:58:53.524000+00:00,10.773,0.18157894736842106,D first,5,5,0,0,0,0,0.0,0.0,0.0,0,0,0,0.0,0.0,0.0,101.1,82.6,18.5,100.2,82.0,18.200000000000003,-0.8999999999999915,-0.5999999999999943,-0.29999999999999716,-0.018181818181818216,-0.2060606060606053,0.1878787878787871,-0.2000000000000153,0.1999999999999986,-0.4000000000000139,-0.1818181818181971,0.4060606060606039,-0.587878787878801,1.0,0.0,1.0,1.0,1.0,0.0
0B10,P1,8,2025-07-24 13:59:12.947000+00:00,18.943,0.23157894736842105,D first,10,10,0,0,0,0,0.0,0.0,0.0,0,0,0,0.0,0.0,0.0,99.1,85.6,13.5,95.4,87.2,8.200000000000003,-3.6999999999999886,1.6000000000000085,-5.299999999999997,-0.47878787878787776,0.27878787878788225,-0.75757575757576,-0.9000000000000141,-0.7000000000000044,-0.20000000000000973,-0.42121212121213636,-0.9787878787878866,0.5575757575757503,0.0,0.0,0.0,1.0,1.0,0.0
0B10,P1,10,2025-07-24 13:59:32.062000+00:00,12.225,0.28157894736842104,D first,7,7,0,0,0,0,0.0,0.0,0.0,0,0,0,0.0,0.0,0.0,94.3,81.3,13.0,97.2,81.4,15.799999999999997,2.9000000000000057,0.10000000000000853,2.799999999999997,-0.11515151515151544,0.2727272727272709,-0.3878787878787863,-0.5000000000000128,-0.3000000000000129,-0.19999999999999984,-0.3848484848484973,-0.5727272727272839,0.18787878787878654,0.0,0.0,0.0,1.0,1.0,0.0
0B10,P1,12,2025-07-24 13:59:53.476000+00:00,18.071,0.3368421052631579,D first,10,10,0,0,0,0,0.0,0.0,0.0,0,0,0,0.0,0.0,0.0,92.1,85.1,7.0,91.4,85.2,6.200000000000003,-0.6999999999999886,0.10000000000000853,-0.7999999999999972,0.054545454545454196,0.2606060606060593,-0.20606060606060508,-0.8000000000000085,0.3999999999999961,-1.2000000000000046,-0.8545454545454627,0.1393939393939368,-0.9939393939393995,0.0,0.0,0.0,1.0,1.0,0.0
0B10,P1,14,2025-07-24 14:00:14.061000+00:00,8.291,0.39210526315789473,D first,3,3,0,0,0,0,0.0,0.0,0.0,0,0,0,0.0,0.0,0.0,90.2,81.8,8.400000000000006,85.0,84.2,0.7999999999999972,-5.200000000000003,2.4000000000000057,-7.6000000000000085,-0.19393939393939316,0.4727272727272702,-0.6666666666666634,-0.20000000000000664,0.599999999999989,-0.7999999999999956,-0.006060606060613483,0.12727272727271877,-0.13333333333333225,0.0,0.0,0.0,1.0,1.0,0.0
0B10,P1,15,2025-07-24 14:00:23.811000+00:00,7.97,0.41842105263157897,D first,2,2,0,0,0,0,0.0,0.0,0.0,0,0,0,0.0,0.0,0.0,85.5,85.1,0.4000000000000057,86.6,84.6,2.0,1.0999999999999943,-0.5,1.5999999999999943,0.1272727272727263,0.5272727272727331,-0.4000000000000068,0.4999999999999936,-0.5000000000000064,1.0,0.37272727272726736,-1.0272727272727395,1.400000000000007,0.0,0.0,0.0,1.0,1.0,0.0
0B10,P1,16,2025-07-24 14:00:32.888000+00:00,17.382,0.4421052631578947,D first,10,10,0,0,0,0,0.0,0.0,0.0,0,0,0,0.0,0.0,0.0,88.8,84.9,3.8999999999999915,95.8,83.2,12.599999999999994,7.0,-1.7000000000000028,8.700000000000003,1.0181818181818172,-0.15151515151515246,1.1696969696969697,0.19999999999999135,-1.300000000000013,1.5000000000000042,-0.8181818181818259,-1.1484848484848604,0.33030303030303454,0.0,0.0,0.0,1.0,1.0,0.0
0B10,P1,18,2025-07-24 14:00:51.449000+00:00,11.743,0.48947368421052634,D first,6,6,0,0,0,0,0.0,0.0,0.0,0,0,0,0.0,0.0,0.0,94.3,83.3,11.0,93.0,86.0,7.0,-1.2999999999999972,2.700000000000003,-4.0,-1.193939393939391,0.6363636363636356,-1.8303030303030265,1.000000000000002,0.4999999999999979,0.5000000000000041,2.193939393939393,-0.13636363636363769,2.3303030303030305,0.0,0.0,0.0,1.0,1.0,0.0
0B10,P1,20,2025-07-24 14:01:11.879000+00:00,9.87,0.5447368421052632,D first,4,4,0,0,0,0,0.0,0.0,0.0,0,0,0,0.0,0.0,0.0,92.2,85.1,7.1000000000000085,90.2,83.8,6.400000000000006,-2.0,-1.2999999999999972,-0.7000000000000028,0.6424242424242409,0.2969696969696962,0.3454545454545447,-0.8000000000000129,0.2999999999999955,-1.1000000000000085,-1.442424242424254,0.003030303030299275,-1.4454545454545533,0.0,0.0,0.0,1.0,1.0,0.0
0B10,P1,21,2025-07-24 14:01:23.024000+00:00,7.262,0.5736842105263158,D first,2,2,0,0,0,0,0.0,0.0,0.0,0,0,0,0.0,0.0,0.0,90.4,86.6,3.8000000000000114,89.0,89.8,-0.7999999999999972,-1.4000000000000057,3.200000000000003,-4.6000000000000085,0.21818181818181914,0.9090909090909123,-0.6909090909090931,-0.5000000000000081,-0.1999999999999986,-0.3000000000000095,-0.7181818181818272,-1.109090909090911,0.39090909090908366,0.0,0.0,0.0,1.0,1.0,0.0
0B10,P1,22,2025-07-24 14:01:33.103000+00:00,8.5,0.6,D first,3,3,0,0,0,0,0.0,0.0,0.0,0,0,0,0.0,0.0,0.0,89.3,88.9,0.3999999999999915,89.0,86.6,2.4000000000000057,-0.29999999999999716,-2.3000000000000114,2.000000000000014,0.06666666666666593,-0.4303030303030286,0.4969696969696945,-1.3020142963259684e-14,0.29999999999999116,-0.3000000000000042,-0.06666666666667895,0.7303030303030198,-0.7969696969696988,0.0,0.0,0.0,1.0,1.0,0.0
0B10,P1,23,2025-07-24 14:01:42.585000+00:00,9.743,0.6263157894736842,D first,4,4,0,0,0,0,0.0,0.0,0.0,0,0,0,0.0,0.0,0.0,89.3,86.2,3.0999999999999943,88.6,81.4,7.199999999999989,-0.7000000000000028,-4.799999999999997,4.099999999999994,0.12727272727272865,-0.15757575757575715,0.2848484848484858,-0.5000000000000022,-1.4000000000000112,0.900000000000009,-0.6272727272727309,-1.2424242424242542,0.6151515151515233,0.0,0.0,0.0,1.0,1.0,0.0
0B10,P1,24,2025-07-24 14:01:53.563000+00:00,8.213,0.6552631578947369,D first,3,3,0,0,0,0,0.0,0.0,0.0,0,0,0,0.0,0.0,0.0,88.4,81.1,7.300000000000011,89.2,85.6,3.6000000000000085,0.7999999999999972,4.5,-3.700000000000003,0.07272727272727472,-0.13939393939393382,0.21212121212120855,0.39999999999999086,0.699999999999984,-0.2999999999999931,0.32727272727271617,0.8393939393939178,-0.5121212121212017,0.0,0.0,0.0,1.0,1.0,0.0
0B10,P1,25,2025-07-24 14:02:02.858000+00:00,9.151,0.6789473684210526,D first,4,4,0,0,0,0,0.0,0.0,0.0,0,0,0,0.0,0.0,0.0,90.5,86.0,4.5,94.0,86.4,7.599999999999994,3.5,0.4000000000000057,3.0999999999999943,0.5999999999999989,0.4606060606060606,0.1393939393939383,-1.0000000000000075,-0.1000000000000024,-0.9000000000000051,-1.6000000000000063,-0.560606060606063,-1.0393939393939433,0.0,0.0,0.0,1.0,1.0,0.0
0B10,P1,26,2025-07-24 14:02:13.041000+00:00,8.974,0.7052631578947368,D first,3,3,0,0,0,0,0.0,0.0,0.0,0,0,0,0.0,0.0,0.0,94.1,87.6,6.5,96.4,90.0,6.400000000000006,2.3000000000000114,2.4000000000000057,-0.09999999999999432,0.07878787878787621,0.4121212121212123,-0.33333333333333603,-0.8,-1.2750878625821573e-14,-0.7999999999999873,-0.8787878787878762,-0.41212121212122504,-0.4666666666666512,0.0,0.0,0.0,1.0,1.0,0.0
0B10,P1,27,2025-07-24 14:02:22.987000+00:00,9.183,0.7315789473684211,D first,4,4,0,0,0,0,0.0,0.0,0.0,0,0,0,0.0,0.0,0.0,94.6,89.8,4.799999999999997,96.0,85.0,11.0,1.4000000000000057,-4.799999999999997,6.200000000000003,-0.6060606060606017,-2.9887389257075417e-16,-0.6060606060606014,-1.3284675961543113e-14,-1.2000000000000046,1.1999999999999913,0.6060606060605884,-1.2000000000000044,1.8060606060605928,0.0,0.0,0.0,1.0,1.0,0.0
0B10,P1,28,2025-07-24 14:02:33.302000+00:00,8.452,0.7578947368421053,D first,3,3,0,1,0,1,5.0,0.0,5.0,1,0,1,5.0,0.0,5.0,95.7,85.0,10.700000000000003,96.0,84.6,11.400000000000006,0.29999999999999716,-0.4000000000000057,0.7000000000000028,-0.05454545454545045,-0.6181818181818162,0.5636363636363657,-1.3284675961543113e-14,0.6999999999999955,-0.7000000000000088,0.05454545454543716,1.3181818181818117,-1.2636363636363745,0.0,0.0,0.0,1.0,1.0,0.0
0B10,P1,29,2025-07-24 14:02:43.323000+00:00,8.708,0.7842105263157895,D first,3,3,0,0,0,0,0.0,0.0,0.0,0,0,0,0.0,0.0,0.0,95.4,84.6,10.800000000000011,90.6,83.4,7.199999999999989,-4.800000000000011,-1.1999999999999886,-3.6000000000000227,-0.20606060606060334,-0.03636363636363324,-0.1696969696969701,-1.100000000000013,0.9999999999999899,-2.1000000000000028,-0.8939393939394096,1.036363636363623,-1.9303030303030326,0.0,0.0,0.0,1.0,1.0,0.0
0B10,P1,30,2025-07-24 14:02:53.070000+00:00,10.403,0.8105263157894737,D first,5,5,0,0,0,0,0.0,0.0,0.0,0,0,0,0.0,0.0,0.0,92.1,84.0,8.099999999999994,94.0,84.6,9.400000000000006,1.9000000000000057,0.5999999999999943,1.3000000000000114,0.515151515151517,0.42424242424242564,0.09090909090909138,-1.5000000000000093,0.49999999999999045,-1.9999999999999998,-2.0151515151515262,0.07575757575756481,-2.090909090909091,0.0,0.0,0.0,1.0,1.0,0.0
0B10,P1,31,2025-07-24 14:03:04.656000+00:00,7.212,0.8421052631578947,D first,2,2,0,0,0,0,0.0,0.0,0.0,0,0,0,0.0,0.0,0.0,91.2,86.7,4.5,89.8,81.6,8.200000000000003,-1.4000000000000057,-5.1000000000000085,3.700000000000003,-0.15757575757575587,0.18787878787879053,-0.3454545454545464,-0.10000000000001215,0.3999999999999913,-0.5000000000000034,0.05757575757574372,0.21212121212120078,-0.15454545454545704,0.0,0.0,0.0,1.0,1.0,0.0
0B10,P1,32,2025-07-24 14:03:13.044000+00:00,17.341,0.8631578947368421,D first,10,10,0,0,0,0,0.0,0.0,0.0,0,0,0,0.0,0.0,0.0,91.1,83.3,7.799999999999997,94.6,83.0,11.599999999999994,3.5,-0.29999999999999716,3.799999999999997,0.24848484848484914,-0.466666666666669,0.7151515151515182,-0.8000000000000006,-1.2486345627538144e-14,-0.7999999999999882,-1.0484848484848497,0.4666666666666565,-1.5151515151515063,0.0,0.0,0.0,1.0,1.0,0.0
0B10,P1,34,2025-07-24 14:03:32.602000+00:00,9.114,0.9157894736842105,D first,4,4,0,0,0,0,0.0,0.0,0.0,0,0,0,0.0,0.0,0.0,95.4,84.1,11.300000000000011,95.6,85.4,10.199999999999989,0.19999999999998863,1.3000000000000114,-1.1000000000000227,-0.14545454545454514,0.15151515151515269,-0.2969696969696978,0.7999999999999817,0.09999999999999355,0.6999999999999882,0.9454545454545269,-0.05151515151515913,0.9969696969696861,0.0,0.0,0.0,1.0,1.0,0.0
0B11,P1,1,2025-07-25 13:22:20.204000+00:00,7.437,0.06918238993710692,D first,2,2,0,0,0,0,0.0,0.0,0.0,0,0,0,0.0,0.0,0.0,59.3,53.4,5.899999999999999,60.8,52.2,8.599999999999994,1.5,-1.1999999999999957,2.6999999999999957,0.15151515151515044,-0.1454545454545452,0.29696969696969566,0.49999999999999595,-0.20000000000000087,0.6999999999999968,0.3484848484848455,-0.054545454545455674,0.4030303030303012,0.0,0.0,0.0,1.0,1.0,0.0
0B11,P1,3,2025-07-25 13:22:37.364000+00:00,19.763,0.12264150943396226,D first,10,10,0,0,0,0,0.0,0.0,0.0,0,0,0,0.0,0.0,0.0,65.1,54.8,10.299999999999997,64.2,55.8,8.400000000000006,-0.8999999999999915,1.0,-1.8999999999999915,0.22424242424242496,0.2666666666666679,-0.04242424242424292,-0.2000000000000095,-0.10000000000000787,-0.10000000000000163,-0.42424242424243447,-0.36666666666667574,-0.057575757575758724,0.0,0.0,0.0,1.0,1.0,0.0
0B11,P1,6,2025-07-25 13:23:07.746000+00:00,17.205,0.22012578616352202,D first,10,10,0,0,0,0,0.0,0.0,0.0,0,0,0,0.0,0.0,0.0,58.6,56.8,1.8000000000000043,60.0,57.2,2.799999999999997,1.3999999999999986,0.4000000000000057,0.9999999999999929,-0.18181818181818174,0.38787878787878827,-0.56969696969697,-6.412665037390505e-15,-0.8000000000000037,0.7999999999999973,0.18181818181817533,-1.187878787878792,1.3696969696969674,0.0,0.4,-0.4,1.0,1.0,0.0
0B11,P1,8,2025-07-25 13:23:26.785000+00:00,9.606,0.279874213836478,D first,4,4,0,0,0,0,0.0,0.0,0.0,0,0,0,0.0,0.0,0.0,63.4,54.4,9.0,65.0,58.8,6.200000000000003,1.6000000000000014,4.399999999999999,-2.799999999999997,0.3878787878787894,0.21818181818182064,0.16969696969696874,-0.9000000000000091,0.7999999999999925,-1.7000000000000015,-1.2878787878787985,0.5818181818181718,-1.8696969696969703,0.0,0.8,-0.8,1.0,1.0,0.0
0B11,P1,9,2025-07-25 13:23:37.626000+00:00,10.479,0.31446540880503143,D first,5,5,0,0,0,0,0.0,0.0,0.0,0,0,0,0.0,0.0,0.0,61.7,60.4,1.3000000000000043,58.4,59.8,-1.3999999999999986,-3.3000000000000043,-0.6000000000000014,-2.700000000000003,-0.8303030303030303,0.3393939393939391,-1.1696969696969695,-0.5000000000000085,-0.20000000000000448,-0.30000000000000404,0.33030303030302177,-0.5393939393939435,0.8696969696969653,0.0,1.0,-1.0,1.0,1.0,0.0
0B11,P1,11,2025-07-25 13:23:58.265000+00:00,17.973,0.37735849056603776,D first,10,10,0,0,0,0,0.0,0.0,0.0,0,0,0,0.0,0.0,0.0,57.4,58.6,-1.2000000000000028,57.6,57.6,0.0,0.20000000000000284,-1.0,1.2000000000000028,-0.14545454545454434,-0.07272727272727336,-0.07272727272727098,0.299999999999992,-0.5000000000000032,0.7999999999999952,0.44545454545453633,-0.42727272727272986,0.8727272727272661,0.0,0.4,-0.4,1.0,1.0,0.0
0B11,P1,13,2025-07-25 13:24:18.078000+00:00,8.23,0.44025157232704404,D first,3,3,0,1,0,1,5.0,0.0,5.0,1,0,1,5.0,0.0,5.0,59.1,58.5,0.6000000000000014,61.4,58.8,2.6000000000000014,2.299999999999997,0.29999999999999716,2.0,-0.06666666666666449,0.10303030303030296,-0.16969696969696746,-0.30000000000000565,-0.20000000000000626,-0.0999999999999994,-0.23333333333334116,-0.3030303030303092,0.06969696969696804,0.0,1.0,-1.0,1.0,1.0,0.0
0B11,P1,14,2025-07-25 13:24:27.934000+00:00,9.448,0.4716981132075472,D first,4,4,0,0,0,0,0.0,0.0,0.0,0,0,0,0.0,0.0,0.0,61.0,58.2,2.799999999999997,61.4,58.4,3.0,0.3999999999999986,0.19999999999999574,0.20000000000000284,-0.19393939393939422,-0.19393939393939283,-1.3877787807814457e-15,0.29999999999999255,0.2999999999999895,3.0531133177191805e-15,0.4939393939393868,0.49393939393938235,4.440892098500626e-15,0.0,1.0,-1.0,1.0,1.0,0.0
0B11,P1,15,2025-07-25 13:24:38.218000+00:00,8.316,0.5031446540880503,D first,3,3,0,0,0,0,0.0,0.0,0.0,0,0,0,0.0,0.0,0.0,61.2,59.1,2.1000000000000014,58.8,60.6,-1.8000000000000043,-2.4000000000000057,1.5,-3.9000000000000057,-0.024242424242423354,0.24848484848484964,-0.272727272727273,-0.800000000000007,-0.300000000000007,-0.5,-0.7757575757575836,-0.5484848484848566,-0.22727272727272707,0.0,1.0,-1.0,1.0,1.0,0.0
0B11,P1,16,2025-07-25 13:24:47.975000+00:00,8.721,0.5345911949685535,D first,3,3,0,0,0,0,0.0,0.0,0.0,0,1,-1,0.0,5.0,-5.0,58.3,59.6,-1.3000000000000043,58.4,56.8,1.6000000000000014,0.10000000000000142,-2.8000000000000043,2.9000000000000057,-0.15151515151515266,-0.42424242424242664,0.272727272727274,-0.5000000000000078,-0.10000000000000372,-0.400000000000004,-0.3484848484848551,0.3242424242424229,-0.672727272727278,0.0,0.0,0.0,1.0,1.0,0.0
0B11,P1,17,2025-07-25 13:24:58.924000+00:00,8.464,0.5691823899371069,D first,3,3,0,0,0,0,0.0,0.0,0.0,0,0,0,0.0,0.0,0.0,57.2,57.6,-0.3999999999999986,57.8,57.2,0.5999999999999943,0.5999999999999943,-0.3999999999999986,0.9999999999999929,-0.2181818181818172,0.16969696969696857,-0.38787878787878577,-0.20000000000000132,-0.2000000000000074,6.078471059822732e-15,0.018181818181815884,-0.36969696969697596,0.3878787878787918,0.0,0.2,-0.2,1.0,1.0,0.0
0B11,P1,18,2025-07-25 13:25:08.276000+00:00,8.386,0.5974842767295597,D first,3,3,0,0,0,0,0.0,0.0,0.0,0,0,0,0.0,0.0,0.0,57.8,57.5,0.29999999999999716,58.4,57.4,1.0,0.6000000000000014,-0.10000000000000142,0.7000000000000028,-1.1612846296918634e-15,0.030303030303032105,-0.030303030303033267,-0.30000000000000693,-6.771906016519164e-15,-0.30000000000000016,-0.30000000000000576,-0.030303030303038877,-0.2696969696969669,0.0,0.4,-0.4,1.0,1.0,0.0
0B11,P1,19,2025-07-25 13:25:19.674000+00:00,8.165,0.6352201257861635,D first,3,3,0,0,0,0,0.0,0.0,0.0,0,0,0,0.0,0.0,0.0,58.0,60.6,-2.6000000000000014,57.6,63.8,-6.199999999999996,-0.3999999999999986,3.1999999999999957,-3.5999999999999943,-1.8800429345455284e-16,0.7030303030303023,-0.7030303030303026,-0.10000000000000238,0.19999999999999793,-0.3000000000000003,-0.10000000000000218,-0.5030303030303044,0.4030303030303022,0.0,1.0,-1.0,1.0,1.0,0.0
0B11,P1,21,2025-07-25 13:25:38.904000+00:00,7.521,0.6949685534591195,D first,2,2,0,0,0,0,0.0,0.0,0.0,0,0,0,0.0,0.0,0.0,59.5,59.7,-0.20000000000000284,60.4,59.2,1.1999999999999957,0.8999999999999986,-0.5,1.3999999999999986,-0.11515151515151406,-0.3333333333333319,0.21818181818181787,-0.10000000000000232,0.19999999999999807,-0.3000000000000004,0.015151515151511738,0.53333333333333,-0.5181818181818183,0.0,1.0,-1.0,1.0,1.0,0.0
0B11,P1,22,2025-07-25 13:25:48.339000+00:00,8.157,0.7232704402515723,D first,3,3,0,0,0,0,0.0,0.0,0.0,0,1,-1,0.0,5.0,-5.0,60.2,60.5,-0.29999999999999716,60.4,62.8,-2.3999999999999986,0.19999999999999574,2.299999999999997,-2.1000000000000014,-0.024242424242424506,0.5757575757575782,-0.6000000000000028,-0.3000000000000074,-0.800000000000008,0.5000000000000007,-0.2757575757575829,-1.3757575757575862,1.1000000000000032,0.0,1.0,-1.0,1.0,1.0,0.0
0B11,P1,23,2025-07-25 13:25:57.992000+00:00,9.547,0.7547169811320755,D first,4,4,0,0,0,0,0.0,0.0,0.0,0,0,0,0.0,0.0,0.0,60.5,61.8,-1.2999999999999972,60.4,60.0,0.3999999999999986,-0.10000000000000142,-1.7999999999999972,1.6999999999999957,0.03030303030303155,-0.20606060606060403,0.23636363636363558,-0.3000000000000074,-0.20000000000000995,-0.09999999999999748,-0.330303030303039,0.0060606060605940815,-0.3363636363636331,0.0,1.0,-1.0,1.0,1.0,0.0
0B11,P1,24,2025-07-25 13:26:09.909000+00:00,16.765,0.7924528301886793,D first,10,10,0,0,0,0,0.0,0.0,0.0,0,0,0,0.0,0.0,0.0,61.3,59.4,1.8999999999999986,61.8,59.6,2.1999999999999957,0.5,0.20000000000000284,0.29999999999999716,0.36969696969696864,-0.16969696969697082,0.5393939393939394,-0.8000000000000088,0.49999999999999417,-1.300000000000003,-1.1696969696969775,0.669696969696965,-1.8393939393939425,0.0,1.0,-1.0,1.0,1.0,0.0
0B11,P1,26,2025-07-25 13:26:27.542000+00:00,9.683,0.8490566037735849,D first,4,4,0,0,0,0,0.0,0.0,0.0,0,0,0,0.0,0.0,0.0,59.8,62.1,-2.3000000000000043,64.0,63.2,0.7999999999999972,4.200000000000003,1.1000000000000014,3.1000000000000014,-0.07272727272726955,0.13939393939394243,-0.212121212121212,0.5999999999999925,-0.10000000000000747,0.7,0.6727272727272621,-0.2393939393939499,0.912121212121212,0.0,1.0,-1.0,1.0,1.0,0.0
0B11,P1,27,2025-07-25 13:26:38.571000+00:00,11.208,0.8836477987421384,D first,6,6,0,0,0,0,0.0,0.0,0.0,0,0,0,0.0,0.0,0.0,65.2,61.4,3.8000000000000043,64.6,58.6,5.999999999999993,-0.6000000000000085,-2.799999999999997,2.1999999999999886,0.3030303030303034,-0.5212121212121199,0.8242424242424233,-0.700000000000006,-0.30000000000001165,-0.3999999999999943,-1.0030303030303094,0.22121212121210826,-1.2242424242424177,0.0,1.0,-1.0,1.0,1.0,0.0
0C01,P1,0,2025-07-09 15:08:04.352000+00:00,7.249,0.034031413612565446,D second,2,2,0,0,0,0,0.0,0.0,0.0,0,0,0,0.0,0.0,0.0,73.5,74.4,-0.9000000000000057,70.2,71.4,-1.2000000000000028,-3.299999999999997,-3.0,-0.29999999999999716,-0.8181818181818148,0.04848484848484656,-0.8666666666666614,-1.2761006891764468e-14,-0.7000000000000104,0.6999999999999976,0.818181818181802,-0.748484848484857,1.5666666666666589,0.0,0.4,-0.4,1.0,1.0,0.0
0C01,P1,3,2025-07-09 15:08:29.668000+00:00,8.578,0.10209424083769633,D second,3,3,0,0,0,0,0.0,0.0,0.0,0,0,0,0.0,0.0,0.0,64.9,65.4,-0.5,64.8,62.8,2.0,-0.10000000000000853,-2.6000000000000085,2.5,-0.27272727272727243,-0.4242424242424243,0.15151515151515188,0.0999999999999977,-0.3000000000000093,0.400000000000007,0.37272727272727013,0.124242424242415,0.24848484848485514,0.0,0.0,0.0,1.0,1.0,0.0
0C01,P1,4,2025-07-09 15:08:39.780000+00:00,8.483,0.12827225130890052,D second,3,3,0,0,0,0,0.0,0.0,0.0,0,0,0,0.0,0.0,0.0,68.0,62.9,5.100000000000001,68.4,63.0,5.400000000000006,0.4000000000000057,0.10000000000000142,0.30000000000000426,1.1393939393939392,0.0666666666666677,1.0727272727272714,-1.200000000000008,0.5999999999999949,-1.800000000000003,-2.339393939393947,0.5333333333333272,-2.872727272727274,0.0,0.0,0.0,1.0,1.0,0.0
0C01,P1,5,2025-07-09 15:08:50.053000+00:00,8.21,0.1544502617801047,D second,3,3,0,0,0,0,0.0,0.0,0.0,0,0,0,0.0,0.0,0.0,66.0,63.7,2.299999999999997,66.4,64.2,2.200000000000003,0.4000000000000057,0.5,-0.09999999999999432,-0.8606060606060576,0.1757575757575784,-1.036363636363636,1.099999999999995,-8.557982646219563e-15,1.1000000000000036,1.9606060606060525,-0.17575757575758694,2.1363636363636394,0.0,0.0,0.0,1.0,1.0,0.0
0C01,P1,6,2025-07-09 15:09:00.638000+00:00,7.637,0.18324607329842932,D second,2,2,0,0,0,0,0.0,0.0,0.0,0,0,0,0.0,0.0,0.0,70.3,64.1,6.200000000000003,74.2,63.8,10.400000000000006,3.9000000000000057,-0.29999999999999716,4.200000000000003,1.181818181818183,-0.05454545454545357,1.2363636363636366,-1.400000000000002,-9.006534679405237e-15,-1.3999999999999928,-2.5818181818181847,0.054545454545444565,-2.636363636363629,0.8,0.0,0.8,1.0,1.0,0.0
0C01,P1,9,2025-07-09 15:09:30.087000+00:00,9.563,0.2591623036649215,D second,4,4,0,0,0,0,0.0,0.0,0.0,0,0,0,0.0,0.0,0.0,70.1,68.5,1.5999999999999943,72.8,67.6,5.200000000000003,2.700000000000003,-0.9000000000000057,3.6000000000000085,1.1090909090909116,0.41818181818181965,0.6909090909090919,-1.0000000000000129,-0.3000000000000098,-0.7000000000000031,-2.1090909090909244,-0.7181818181818295,-1.390909090909095,0.6,0.0,0.6,1.0,1.0,0.0
0C01,P1,10,2025-07-09 15:09:41.285000+00:00,9.827,0.2879581151832461,D second,4,4,0,0,0,0,0.0,0.0,0.0,0,0,0,0.0,0.0,0.0,68.9,66.6,2.3000000000000114,64.6,65.8,-1.2000000000000028,-4.300000000000011,-0.7999999999999972,-3.500000000000014,-1.2060606060606045,-0.1696969696969658,-1.0363636363636388,-0.10000000000000599,0.49999999999999545,-0.6000000000000014,1.1060606060605984,0.6696969696969612,0.4363636363636372,0.0,0.0,0.0,1.0,1.0,0.0
0C01,P1,11,2025-07-09 15:09:52.906000+00:00,9.111,0.3193717277486911,D second,4,4,0,0,0,0,0.0,0.0,0.0,0,0,0,0.0,0.0,0.0,63.4,67.4,-4.000000000000007,60.6,70.8,-10.199999999999996,-2.799999999999997,3.3999999999999915,-6.199999999999989,-0.44848484848484593,0.15757575757575906,-0.606060606060605,-0.10000000000000707,0.7999999999999992,-0.9000000000000062,0.34848484848483885,0.6424242424242401,-0.2939393939394013,0.0,0.4,-0.4,1.0,1.0,0.0
0C01,P1,12,2025-07-09 15:10:03.441000+00:00,7.202,0.34554973821989526,D second,2,2,0,0,0,0,0.0,0.0,0.0,0,0,0,0.0,0.0,0.0,61.8,70.5,-8.700000000000003,65.4,67.2,-1.7999999999999972,3.6000000000000085,-3.299999999999997,6.900000000000006,0.3757575757575775,-0.36969696969696675,0.7454545454545443,-0.20000000000000773,-0.20000000000001056,2.831068712794149e-15,-0.5757575757575852,0.1696969696969562,-0.7454545454545414,0.0,0.0,0.0,1.0,1.0,0.0
0C01,P1,13,2025-07-09 15:10:12.610000+00:00,7.207,0.3717277486910995,D second,2,2,0,0,0,0,0.0,0.0,0.0,0,0,0,0.0,0.0,0.0,65.0,66.9,-1.9000000000000057,64.4,67.8,-3.3999999999999915,-0.5999999999999943,0.8999999999999915,-1.4999999999999858,-0.14545454545454495,-0.04242424242424088,-0.10303030303030407,0.3999999999999943,-0.30000000000000676,0.7000000000000011,0.5454545454545392,-0.2575757575757659,0.8030303030303051,0.0,0.0,0.0,1.0,1.0,0.0
0C01,P1,14,2025-07-09 15:10:21.851000+00:00,10.078,0.39528795811518325,D second,5,5,0,0,0,0,0.0,0.0,0.0,0,0,0,0.0,0.0,0.0,65.1,68.3,-3.200000000000003,69.4,72.0,-2.5999999999999943,4.300000000000011,3.700000000000003,0.6000000000000085,0.3575757575757574,0.17575757575757603,0.18181818181818135,1.3000000000000016,-0.10000000000000202,1.4000000000000037,0.9424242424242442,-0.27575757575757803,1.2181818181818223,0.0,0.6,-0.6,1.0,1.0,0.0
0C01,P1,15,2025-07-09 15:10:33.119000+00:00,7.876,0.42408376963350786,D second,2,2,0,0,0,0,0.0,0.0,0.0,0,0,0,0.0,0.0,0.0,72.0,67.3,4.700000000000003,72.2,65.4,6.799999999999997,0.20000000000000284,-1.8999999999999915,2.0999999999999943,0.4727272727272719,-1.0121212121212118,1.4848484848484835,0.19999999999999363,-0.5000000000000081,0.7000000000000017,-0.27272727272727826,0.5121212121212037,-0.7848484848484819,0.0,0.0,0.0,1.0,1.0,0.0
0C01,P1,16,2025-07-09 15:10:43.681000+00:00,8.056,0.45287958115183247,D second,3,3,0,0,0,0,0.0,0.0,0.0,0,0,0,0.0,0.0,0.0,70.4,63.2,7.200000000000003,71.8,60.6,11.199999999999996,1.3999999999999915,-2.6000000000000014,3.999999999999993,-0.5575757575757567,-0.46060606060606063,-0.0969696969696961,-0.10000000000000689,0.29999999999999194,-0.3999999999999988,0.45757575757574986,0.7606060606060525,-0.30303030303030265,0.0,0.0,0.0,1.0,1.0,0.0
0C01,P1,18,2025-07-09 15:11:00.751000+00:00,9.097,0.4973821989528796,D second,4,4,0,0,0,0,0.0,0.0,0.0,0,0,0,0.0,0.0,0.0,66.0,63.8,2.200000000000003,62.4,64.6,-2.1999999999999957,-3.6000000000000014,0.7999999999999972,-4.399999999999999,-1.5151515151515142,0.4000000000000026,-1.9151515151515168,0.2999999999999954,-0.3000000000000044,0.5999999999999998,1.8151515151515096,-0.700000000000007,2.5151515151515165,0.0,0.0,0.0,1.0,1.0,0.0
0C01,P1,19,2025-07-09 15:11:11.330000+00:00,8.563,0.5235602094240838,D second,3,3,0,0,0,0,0.0,0.0,0.0,0,0,0,0.0,0.0,0.0,63.5,64.0,-0.5,63.8,62.0,1.7999999999999972,0.29999999999999716,-2.0,2.299999999999997,0.4060606060606079,-0.10909090909090663,0.5151515151515145,-0.1000000000000017,-9.998358086562775e-16,-0.1000000000000007,-0.5060606060606097,0.10909090909090563,-0.6151515151515152,0.0,0.0,0.0,1.0,1.0,0.0
0C01,P1,21,2025-07-09 15:11:32.464000+00:00,8.436,0.5785340314136126,D second,3,3,0,0,0,0,0.0,0.0,0.0,0,0,0,0.0,0.0,0.0,63.7,68.7,-5.0,64.0,66.4,-2.4000000000000057,0.29999999999999716,-2.299999999999997,2.5999999999999943,-0.12727272727272607,0.15151515151515305,-0.27878787878787914,0.5999999999999925,-0.600000000000005,1.1999999999999975,0.7272727272727186,-0.751515151515158,1.4787878787878768,0.0,0.0,0.0,1.0,1.0,0.0
0C01,P1,22,2025-07-09 15:11:42.150000+00:00,9.61,0.6047120418848168,D second,4,4,0,0,0,0,0.0,0.0,0.0,0,0,0,0.0,0.0,0.0,63.9,68.5,-4.600000000000001,65.6,67.2,-1.6000000000000085,1.6999999999999957,-1.2999999999999972,2.999999999999993,0.04242424242424225,0.5878787878787912,-0.545454545454549,0.39999999999999086,-0.700000000000009,1.0999999999999999,0.3575757575757486,-1.2878787878788,1.6454545454545486,0.0,0.0,0.0,1.0,1.0,0.0
0C01,P1,24,2025-07-09 15:12:00.199000+00:00,9.679,0.6518324607329843,D second,4,4,0,0,0,0,0.0,0.0,0.0,0,0,0,0.0,0.0,0.0,61.8,64.6,-2.799999999999997,60.6,65.4,-4.800000000000004,-1.1999999999999957,0.8000000000000114,-2.000000000000007,-0.48484848484848325,0.03636363636363704,-0.5212121212121203,0.6999999999999921,0.19999999999999205,0.5,1.1848484848484753,0.163636363636355,1.0212121212121203,0.0,0.0,0.0,1.0,1.0,0.0
0C01,P1,25,2025-07-09 15:12:13.370000+00:00,8.456,0.6858638743455497,D second,3,3,0,0,0,0,0.0,0.0,0.0,0,0,0,0.0,0.0,0.0,62.6,66.7,-4.100000000000001,64.6,61.8,2.799999999999997,1.999999999999993,-4.900000000000006,6.899999999999999,0.41212121212121333,-0.36969696969696964,0.781818181818183,-0.3000000000000044,-0.5000000000000105,0.20000000000000617,-0.7121212121212177,-0.1303030303030409,-0.5818181818181768,0.0,0.0,0.0,1.0,1.0,0.0
0C01,P1,26,2025-07-09 15:12:23.194000+00:00,8.133,0.7120418848167539,D second,3,3,0,0,0,0,0.0,0.0,0.0,0,0,0,0.0,0.0,0.0,64.3,60.6,3.6999999999999957,63.8,60.2,3.5999999999999943,-0.5,-0.3999999999999986,-0.10000000000000142,-0.12727272727272482,-0.24242424242424476,0.11515151515151995,-0.1999999999999985,0.19999999999999468,-0.3999999999999932,-0.0727272727272737,0.44242424242423944,-0.5151515151515131,0.0,0.0,0.0,1.0,1.0,0.0
0C01,P1,28,2025-07-09 15:12:42.235000+00:00,8.105,0.7617801047120419,D second,3,3,0,0,0,0,0.0,0.0,0.0,0,0,0,0.0,0.0,0.0,63.4,62.8,0.6000000000000014,63.4,65.6,-2.1999999999999957,0.0,2.799999999999997,-2.799999999999997,1.823417979278428e-15,0.07272727272727246,-0.07272727272727064,0.09999999999998951,0.6999999999999912,-0.6000000000000016,0.0999999999999877,0.6272727272727188,-0.5272727272727311,0.0,0.0,0.0,1.0,1.0,0.0
0C01,P1,29,2025-07-09 15:12:51.433000+00:00,7.009,0.7853403141361257,D second,2,2,0,0,0,0,0.0,0.0,0.0,0,0,0,0.0,0.0,0.0,63.5,66.1,-2.5999999999999943,67.4,67.6,-0.19999999999998863,3.9000000000000057,1.5,2.4000000000000057,0.17575757575757658,0.27272727272727476,-0.09696969696969818,0.1999999999999985,-0.2000000000000078,0.40000000000000635,0.02424242424242193,-0.47272727272728254,0.4969696969697045,0.0,0.0,0.0,1.0,1.0,0.0
0C02,P1,0,2025-07-10 12:45:36.895000+00:00,7.511,0.10086455331412104,D second,2,2,0,0,0,0,0.0,0.0,0.0,0,0,0,0.0,0.0,0.0,74.7,70.7,4.0,79.6,70.2,9.399999999999991,4.8999999999999915,-0.5,5.3999999999999915,0.4060606060606071,0.10303030303030336,0.30303030303030376,0.29999999999999327,-0.20000000000000562,0.4999999999999989,-0.10606060606061385,-0.303030303030309,0.19696969696969513,1.0,0.0,1.0,1.0,1.0,0.0
0C02,P1,1,2025-07-10 12:45:45.505000+00:00,8.717,0.12680115273775217,D second,3,3,0,0,0,0,0.0,0.0,0.0,0,0,0,0.0,0.0,0.0,78.5,70.2,8.299999999999997,72.4,70.0,2.4000000000000057,-6.099999999999994,-0.20000000000000284,-5.8999999999999915,-0.29696969696969466,-0.18181818181817885,-0.11515151515151581,-0.39999999999999963,0.599999999999991,-0.9999999999999907,-0.10303030303030497,0.7818181818181699,-0.8848484848484748,0.0,0.0,0.0,1.0,1.0,0.0
0C02,P1,2,2025-07-10 12:45:55.248000+00:00,12.511,0.15273775216138327,D second,7,7,0,0,0,0,0.0,0.0,0.0,0,0,0,0.0,0.0,0.0,72.7,69.6,3.1000000000000085,70.6,67.0,3.5999999999999943,-2.1000000000000085,-2.5999999999999943,0.4999999999999858,-0.19999999999999898,-6.898222455867622e-16,-0.1999999999999983,-0.30000000000000154,-0.10000000000000792,-0.19999999999999363,-0.10000000000000256,-0.10000000000000722,4.6629367034256575e-15,0.0,0.0,0.0,1.0,1.0,0.0
0C02,P1,4,2025-07-10 12:46:15.702000+00:00,11.344,0.2132564841498559,D second,6,6,0,0,0,0,0.0,0.0,0.0,0,0,0,0.0,0.0,0.0,69.3,69.0,0.29999999999999716,70.0,68.4,1.5999999999999943,0.7000000000000028,-0.5999999999999943,1.2999999999999972,0.07878787878788325,-0.1212121212121186,0.20000000000000184,-2.8297179244132793e-15,-0.700000000000005,0.7000000000000022,-0.07878787878788608,-0.5787878787878864,0.5000000000000003,0.0,0.0,0.0,1.0,1.0,0.0
0C02,P1,6,2025-07-10 12:46:37.417000+00:00,7.448,0.2737752161383285,D second,2,2,0,0,0,0,0.0,0.0,0.0,0,0,0,0.0,0.0,0.0,72.8,74.5,-1.7000000000000028,75.2,78.4,-3.200000000000003,2.4000000000000057,3.9000000000000057,-1.5,0.16969696969697057,0.2121212121212147,-0.04242424242424414,0.6999999999999954,0.7000000000000008,-5.440092820663267e-15,0.5303030303030248,0.48787878787878614,0.0424242424242387,0.0,1.0,-1.0,1.0,1.0,0.0
0C02,P1,8,2025-07-10 12:46:56.891000+00:00,9.26,0.3314121037463977,D second,4,4,0,0,0,0,0.0,0.0,0.0,0,0,0,0.0,0.0,0.0,71.6,82.6,-11.0,69.8,80.6,-10.799999999999997,-1.7999999999999972,-2.0,0.20000000000000284,0.024242424242426883,0.35151515151515456,-0.32727272727272766,0.1999999999999992,-1.3000000000000105,1.5000000000000098,0.17575757575757234,-1.6515151515151651,1.8272727272727374,0.0,1.0,-1.0,1.0,1.0,0.0
0C02,P1,9,2025-07-10 12:47:08.442000+00:00,7.66,0.3631123919308357,D second,2,2,0,0,0,0,0.0,0.0,0.0,0,0,0,0.0,0.0,0.0,67.7,78.7,-11.0,69.0,74.8,-5.799999999999997,1.2999999999999972,-3.9000000000000057,5.200000000000003,-0.6606060606060593,-0.24848484848484606,-0.4121212121212132,0.7999999999999883,-1.9000000000000108,2.6999999999999993,1.4606060606060476,-1.6515151515151647,3.1121212121212123,0.0,0.4,-0.4,1.0,1.0,0.0
0C02,P1,10,2025-07-10 12:47:19.228000+00:00,7.897,0.39481268011527376,D second,2,2,0,0,0,0,0.0,0.0,0.0,0,0,0,0.0,0.0,0.0,67.4,75.3,-7.8999999999999915,66.0,77.2,-11.200000000000003,-1.4000000000000057,1.9000000000000057,-3.3000000000000114,-0.7030303030302993,0.05454545454545654,-0.7575757575757559,0.599999999999998,-0.7000000000000116,1.3000000000000096,1.3030303030302974,-0.7545454545454682,2.0575757575757656,0.0,1.0,-1.0,1.0,1.0,0.0
0C02,P1,12,2025-07-10 12:47:38.795000+00:00,8.686,0.45244956772334294,D second,3,3,0,0,0,0,0.0,0.0,0.0,0,0,0,0.0,0.0,0.0,68.5,81.8,-13.299999999999997,67.8,83.2,-15.400000000000006,-0.7000000000000028,1.4000000000000057,-2.1000000000000085,-0.07878787878787342,0.8,-0.8787878787878735,0.49999999999999123,0.29999999999998944,0.2000000000000018,0.5787878787878646,-0.5000000000000107,1.0787878787878753,0.0,1.0,-1.0,1.0,1.0,0.0
0C02,P1,14,2025-07-10 12:47:57.461000+00:00,7.558,0.5043227665706052,D second,2,2,0,0,0,0,0.0,0.0,0.0,0,0,0,0.0,0.0,0.0,67.9,76.6,-8.699999999999989,65.6,77.2,-11.600000000000009,-2.3000000000000114,0.6000000000000085,-2.90000000000002,-0.0060606060606044595,-0.6060606060606035,0.5999999999999991,0.49999999999999134,-1.1000000000000096,1.600000000000001,0.5060606060605958,-0.4939393939394061,1.0000000000000018,0.0,1.0,-1.0,1.0,1.0,0.0
0C02,P1,15,2025-07-10 12:48:07.292000+00:00,8.248,0.5331412103746398,D second,3,3,0,0,0,0,0.0,0.0,0.0,0,0,0,0.0,0.0,0.0,66.1,77.5,-11.400000000000006,66.2,81.8,-15.599999999999994,0.10000000000000853,4.299999999999997,-4.199999999999989,0.17575757575757744,0.17575757575757528,2.1649348980190553e-15,0.7999999999999883,-0.5000000000000057,1.299999999999994,0.6242424242424108,-0.6757575757575809,1.2999999999999918,0.0,1.0,-1.0,1.0,1.0,0.0
0C02,P1,18,2025-07-10 12:48:36.591000+00:00,10.804,0.6195965417867435,D second,5,5,0,0,0,0,0.0,0.0,0.0,0,0,0,0.0,0.0,0.0,67.8,73.7,-5.900000000000006,65.4,68.4,-3.0,-2.3999999999999915,-5.299999999999997,2.9000000000000057,-0.20606060606060922,-0.3575757575757582,0.151515151515149,-0.3000000000000101,-0.4000000000000053,0.0999999999999952,-0.09393939393940087,-0.04242424242424708,-0.05151515151515379,0.0,0.0,0.0,1.0,1.0,0.0
0C02,P1,20,2025-07-10 12:48:58.411000+00:00,7.343,0.6801152737752162,D second,2,2,0,0,0,0,0.0,0.0,0.0,0,0,0,0.0,0.0,0.0,68.7,69.5,-0.7999999999999972,68.8,71.8,-3.0,0.09999999999999432,2.299999999999997,-2.200000000000003,0.006060606060606422,0.41818181818181993,-0.4121212121212135,0.4999999999999915,-0.2000000000000092,0.7000000000000007,0.4939393939393851,-0.6181818181818292,1.1121212121212143,0.0,0.0,0.0,1.0,1.0,0.0
0C02,P1,21,2025-07-10 12:49:05.892000+00:00,10.887,0.7031700288184438,D second,5,5,0,0,0,0,0.0,0.0,0.0,0,0,0,0.0,0.0,0.0,68.9,71.0,-2.0999999999999943,67.6,68.4,-0.8000000000000114,-1.3000000000000114,-2.5999999999999943,1.299999999999983,0.23636363636363963,-0.4242424242424235,0.6606060606060631,-0.5000000000000082,0.49999999999999734,-1.0000000000000056,-0.7363636363636479,0.9242424242424208,-1.6606060606060686,0.0,0.0,0.0,1.0,1.0,0.0
0C02,P1,23,2025-07-10 12:49:24.886000+00:00,9.682,0.7579250720461095,D second,4,4,0,0,0,0,0.0,0.0,0.0,0,0,0,0.0,0.0,0.0,66.9,67.1,-0.19999999999998863,68.6,66.2,2.3999999999999915,1.6999999999999886,-0.8999999999999915,2.59999999999998,0.17575757575757545,-0.5030303030303014,0.6787878787878768,0.2999999999999953,1.199999999999988,-0.8999999999999926,0.12424242424241988,1.7030303030302893,-1.5787878787878695,0.0,0.0,0.0,1.0,1.0,0.0
0C02,P1,24,2025-07-10 12:49:37.923000+00:00,7.113,0.7953890489913544,D second,2,2,0,0,0,0,0.0,0.0,0.0,0,0,0,0.0,0.0,0.0,69.4,70.2,-0.7999999999999972,68.4,71.8,-3.3999999999999915,-1.0,1.5999999999999943,-2.5999999999999943,0.09696969696969683,0.2666666666666672,-0.1696969696969704,0.29999999999999305,-0.8000000000000088,1.1000000000000019,0.20303030303029623,-1.066666666666676,1.2696969696969722,0.0,0.0,0.0,1.0,1.0,0.0
0C02,P1,25,2025-07-10 12:49:47.135000+00:00,9.0,0.8213256484149856,D second,4,4,0,0,0,0,0.0,0.0,0.0,0,0,0,0.0,0.0,0.0,68.5,71.7,-3.200000000000003,68.0,72.6,-4.599999999999994,-0.5,0.8999999999999915,-1.3999999999999915,-0.006060606060602382,-0.09090909090909248,0.0848484848484901,-1.2671695837707454e-14,0.09999999999999618,-0.10000000000000885,0.006060606060589711,0.19090909090908864,-0.18484848484849892,0.0,0.0,0.0,1.0,1.0,0.0
0C03,P1,0,2025-07-11 08:05:22.066000+00:00,7.656,0.02531645569620253,D second,2,2,0,0,0,0,0.0,0.0,0.0,0,0,0,0.0,0.0,0.0,68.625,64.375,4.25,65.6,65.8,-0.20000000000000284,-3.0250000000000057,1.4249999999999972,-4.450000000000003,-1.9880952380952392,-0.5119047619047634,-1.4761904761904758,0.6999999999999912,1.0999999999999919,-0.4000000000000007,2.6880952380952303,1.6119047619047553,1.076190476190475,0.0,0.0,0.0,1.0,1.0,0.0
0C03,P1,1,2025-07-11 08:05:30.888000+00:00,8.852,0.05379746835443038,D second,3,3,0,0,0,0,0.0,0.0,0.0,0,0,0,0.0,0.0,0.0,66.6,66.8,-0.20000000000000284,68.8,65.2,3.5999999999999943,2.200000000000003,-1.5999999999999943,3.799999999999997,0.654545454545454,0.412121212121212,0.242424242424242,-0.8000000000000049,-0.20000000000000925,-0.5999999999999956,-1.454545454545459,-0.6121212121212213,-0.8424242424242377,0.0,0.0,0.0,1.0,1.0,0.0
0C03,P1,2,2025-07-11 08:05:41.919000+00:00,7.636,0.08860759493670886,D second,2,2,0,1,0,1,5.0,0.0,5.0,1,0,1,5.0,0.0,5.0,67.6,65.1,2.5,65.8,65.6,0.20000000000000284,-1.7999999999999972,0.5,-2.299999999999997,-0.30303030303030193,0.03030303030303135,-0.33333333333333326,0.5999999999999904,0.49999999999999134,0.09999999999999909,0.9030303030302924,0.46969696969696,0.4333333333333324,0.0,0.0,0.0,1.0,1.0,0.0
0C03,P1,3,2025-07-11 08:05:50.600000+00:00,9.168,0.11708860759493671,D second,4,4,0,0,0,0,0.0,0.0,0.0,0,0,0,0.0,0.0,0.0,66.2,67.7,-1.5,67.2,77.4,-10.200000000000003,1.0,9.700000000000003,-8.700000000000003,0.19393939393939727,0.9757575757575757,-0.7818181818181784,0.4999999999999947,1.7999999999999903,-1.2999999999999956,0.3060606060605975,0.8242424242424146,-0.5181818181818171,0.0,1.0,-1.0,1.0,1.0,0.0
0C03,P1,4,2025-07-11 08:06:00.919000+00:00,8.508,0.14873417721518986,D second,3,3,0,0,0,0,0.0,0.0,0.0,0,0,0,0.0,0.0,0.0,71.1,79.1,-8.0,75.6,74.0,1.5999999999999943,4.5,-5.099999999999994,9.599999999999994,1.351515151515149,0.7090909090909109,0.642424242424238,-0.8000000000000094,-1.2000000000000044,0.399999999999995,-2.1515151515151585,-1.9090909090909154,-0.2424242424242431,1.0,1.0,0.0,1.0,1.0,0.0
0C03,P1,5,2025-07-11 08:06:10.657000+00:00,8.929,0.18037974683544303,D second,3,3,0,0,0,0,0.0,0.0,0.0,0,0,0,0.0,0.0,0.0,75.4,72.0,3.4000000000000057,75.2,71.2,4.0,-0.20000000000000284,-0.7999999999999972,0.5999999999999943,-0.06060606060606029,-0.4606060606060601,0.3999999999999998,-1.3000000000000005,-7.30267209502983e-15,-1.2999999999999932,-1.2393939393939402,0.46060606060605275,-1.6999999999999929,1.0,1.0,0.0,1.0,1.0,0.0
0C03,P1,6,2025-07-11 08:06:20.443000+00:00,7.844,0.2088607594936709,D second,2,2,0,0,0,0,0.0,0.0,0.0,0,0,0,0.0,0.0,0.0,73.9,71.4,2.5,73.0,72.6,0.4000000000000057,-0.9000000000000057,1.1999999999999886,-2.0999999999999943,-0.7696969696969669,0.18181818181817905,-0.9515151515151459,-1.1640144055955422e-14,0.39999999999998725,-0.3999999999999989,0.7696969696969552,0.2181818181818082,0.5515151515151471,1.0,1.0,0.0,1.0,1.0,0.0
0C03,P1,7,2025-07-11 08:06:29.883000+00:00,19.751,0.24050632911392406,D second,10,10,0,1,0,1,3.0,0.0,3.0,1,0,1,3.0,0.0,3.0,73.3,73.3,0.0,72.2,75.4,-3.200000000000003,-1.0999999999999943,2.1000000000000085,-3.200000000000003,0.15151515151515152,0.26060606060606173,-0.10909090909091021,-0.8000000000000062,0.49999999999999073,-1.299999999999997,-0.9515151515151576,0.239393939393929,-1.1909090909090867,1.0,1.0,0.0,1.0,1.0,0.0
0C03,P1,9,2025-07-11 08:06:50.420000+00:00,9.867,0.3037974683544304,D second,4,4,0,0,0,0,0.0,0.0,0.0,0,0,0,0.0,0.0,0.0,73.7,68.1,5.6000000000000085,74.4,71.6,2.8000000000000114,0.7000000000000028,3.5,-2.799999999999997,0.16363636363636264,-0.17575757575757384,0.3393939393939365,0.4999999999999924,2.0999999999999908,-1.5999999999999983,0.33636363636362976,2.2757575757575648,-1.939393939393935,1.0,0.6,0.4,1.0,1.0,0.0
0C03,P1,10,2025-07-11 08:07:02.198000+00:00,9.925,0.34177215189873417,D second,4,4,0,0,0,0,0.0,0.0,0.0,0,0,0,0.0,0.0,0.0,76.1,79.6,-3.5,78.8,78.6,0.20000000000000284,2.700000000000003,-1.0,3.700000000000003,0.4060606060606048,1.503030303030306,-1.0969696969697011,-0.20000000000000837,-2.100000000000011,1.9000000000000028,-0.6060606060606132,-3.6030303030303172,2.996969696969704,1.0,1.0,0.0,1.0,1.0,0.0
0C03,P1,11,2025-07-11 08:07:13.083000+00:00,7.231,0.37658227848101267,D second,2,2,0,0,0,0,0.0,0.0,0.0,0,0,0,0.0,0.0,0.0,79.7,73.8,5.900000000000006,81.6,70.2,11.399999999999991,1.8999999999999915,-3.5999999999999943,5.499999999999986,0.4424242424242417,-0.5696969696969665,1.0121212121212082,-0.20000000000000942,-0.8000000000000056,0.5999999999999962,-0.6424242424242511,-0.2303030303030391,-0.412121212121212,1.0,0.6,0.4,1.0,1.0,0.0
0C03,P1,12,2025-07-11 08:07:22.672000+00:00,7.535,0.40822784810126583,D second,2,2,0,0,0,0,0.0,0.0,0.0,0,0,0,0.0,0.0,0.0,81.5,70.5,11.0,78.6,74.4,4.199999999999989,-2.9000000000000057,3.9000000000000057,-6.800000000000011,-0.11515151515151739,0.07878787878788067,-0.19393939393939807,-0.7000000000000086,0.3000000000000003,-1.0000000000000089,-0.5848484848484912,0.22121212121211964,-0.8060606060606108,1.0,1.0,0.0,1.0,1.0,0.0
0C03,P1,13,2025-07-11 08:07:31.870000+00:00,7.823,0.43670886075949367,D second,2,2,0,0,0,0,0.0,0.0,0.0,0,0,0,0.0,0.0,0.0,78.0,74.2,3.799999999999997,77.4,74.2,3.200000000000003,-0.5999999999999943,0.0,-0.5999999999999943,-0.4363636363636366,0.07272727272727234,-0.5090909090909089,0.29999999999999405,-0.6000000000000013,0.8999999999999954,0.7363636363636307,-0.6727272727272736,1.4090909090909043,1.0,1.0,0.0,1.0,1.0,0.0
0C03,P1,14,2025-07-11 08:07:40.521000+00:00,9.114,0.4651898734177215,D second,4,4,0,0,0,0,0.0,0.0,0.0,0,0,0,0.0,0.0,0.0,77.5,72.3,5.200000000000003,76.6,70.6,6.0,-0.9000000000000057,-1.7000000000000028,0.7999999999999972,0.15151515151515527,-0.7333333333333317,0.884848484848487,-0.7000000000000018,0.49999999999998535,-1.1999999999999873,-0.8515151515151571,1.233333333333317,-2.0848484848484743,1.0,1.0,0.0,1.0,1.0,0.0
0C03,P1,15,2025-07-11 08:07:50.926000+00:00,10.255,0.49683544303797467,D second,5,5,0,0,0,0,0.0,0.0,0.0,0,0,0,0.0,0.0,0.0,76.0,71.0,5.0,75.2,75.4,-0.20000000000000284,-0.7999999999999972,4.400000000000006,-5.200000000000003,-0.2545454545454589,0.181818181818183,-0.4363636363636419,-0.2000000000000131,0.49999999999999073,-0.7000000000000038,0.05454545454544579,0.31818181818180774,-0.26363636363636195,1.0,1.0,0.0,1.0,1.0,0.0
0C03,P1,16,2025-07-11 08:08:02.413000+00:00,7.313,0.5316455696202531,D second,2,2,0,0,0,0,0.0,0.0,0.0,0,1,-1,0.0,3.0,-3.0,75.3,75.1,0.20000000000000284,75.2,71.4,3.799999999999997,-0.09999999999999432,-3.6999999999999886,3.5999999999999943,0.0909090909090928,-0.3212121212121211,0.4121212121212139,0.3999999999999917,0.09999999999999697,0.2999999999999947,0.30909090909089887,0.4212121212121181,-0.11212121212121923,1.0,1.0,0.0,1.0,1.0,0.0
0C03,P1,17,2025-07-11 08:08:10.753000+00:00,9.178,0.560126582278481,D second,4,4,0,0,0,0,0.0,0.0,0.0,0,0,0,0.0,0.0,0.0,75.6,70.8,4.799999999999997,75.8,71.6,4.200000000000003,0.20000000000000284,0.7999999999999972,-0.5999999999999943,0.21818181818182072,-0.19393939393939472,0.41212121212121544,-1.5306018871669436e-15,1.0999999999999992,-1.1000000000000008,-0.21818181818182225,1.293939393939394,-1.5121212121212162,1.0,1.0,0.0,1.0,1.0,0.0
0C03,P1,18,2025-07-11 08:08:20.940000+00:00,8.763,0.5917721518987342,D second,3,3,0,0,0,0,0.0,0.0,0.0,0,0,0,0.0,0.0,0.0,75.9,74.6,1.3000000000000114,77.0,79.2,-2.200000000000003,1.0999999999999943,4.6000000000000085,-3.500000000000014,0.030303030303032996,1.163636363636365,-1.133333333333332,-4.168942602871812e-15,-0.10000000000000778,0.10000000000000361,-0.030303030303037166,-1.2636363636363728,1.2333333333333356,1.0,1.0,0.0,1.0,1.0,0.0
0C03,P1,19,2025-07-11 08:08:30.765000+00:00,9.032,0.6234177215189873,D second,4,4,0,0,0,0,0.0,0.0,0.0,0,0,0,0.0,0.0,0.0,77.0,78.2,-1.2000000000000028,79.4,78.0,1.4000000000000057,2.4000000000000057,-0.20000000000000284,2.6000000000000085,0.08484848484848705,-0.26666666666666494,0.351515151515152,-0.3000000000000072,-0.500000000000006,0.1999999999999988,-0.38484848484849427,-0.23333333333334105,-0.1515151515151532,1.0,1.0,0.0,1.0,1.0,0.0
0C03,P1,20,2025-07-11 08:08:40.650000+00:00,11.247,0.6550632911392406,D second,6,6,0,1,0,1,6.0,0.0,6.0,1,0,1,6.0,0.0,6.0,79.0,73.5,5.5,82.2,71.0,11.200000000000003,3.200000000000003,-2.5,5.700000000000003,-0.09696969696969272,-1.3636363636363649,1.2666666666666722,-0.10000000000000285,0.39999999999999386,-0.4999999999999967,-0.0030303030303101275,1.7636363636363588,-1.7666666666666688,1.0,1.0,0.0,1.0,1.0,0.0
0C03,P1,22,2025-07-11 08:09:00.721000+00:00,9.101,0.7183544303797469,D second,4,4,0,0,0,0,0.0,0.0,0.0,0,0,0,0.0,0.0,0.0,80.6,77.0,3.5999999999999943,84.8,73.8,11.0,4.200000000000003,-3.200000000000003,7.400000000000006,-0.03636363636363468,0.24242424242424487,-0.2787878787878796,0.199999999999989,-1.700000000000005,1.8999999999999941,0.23636363636362367,-1.94242424242425,2.1787878787878734,1.0,1.0,0.0,1.0,1.0,0.0
0C03,P1,23,2025-07-11 08:09:10.895000+00:00,10.805,0.75,D second,5,5,0,0,0,0,0.0,0.0,0.0,1,0,1,3.0,0.0,3.0,84.0,73.7,10.299999999999997,75.2,76.4,-1.2000000000000028,-8.799999999999997,2.700000000000003,-11.5,-0.3757575757575738,-0.05454545454545287,-0.32121212121212095,-1.2000000000000053,0.09999999999999282,-1.299999999999998,-0.8242424242424315,0.1545454545454457,-0.9787878787878772,1.0,1.0,0.0,1.0,1.0,0.0
0C03,P1,24,2025-07-11 08:09:21.948000+00:00,7.94,0.7848101265822784,D second,2,2,0,0,0,0,0.0,0.0,0.0,0,0,0,0.0,0.0,0.0,72.8,78.1,-5.299999999999997,69.2,77.8,-8.599999999999994,-3.5999999999999943,-0.29999999999999716,-3.299999999999997,-0.5696969696969654,0.3454545454545479,-0.9151515151515133,-0.8000000000000056,0.0999999999999943,-0.8999999999999999,-0.23030303030304022,-0.24545454545455359,0.015151515151513362,0.2,1.0,-0.8,1.0,1.0,0.0
0C03,P1,25,2025-07-11 08:09:32.824000+00:00,7.086,0.819620253164557,D second,2,2,0,0,0,0,0.0,0.0,0.0,0,0,0,0.0,0.0,0.0,69.1,77.7,-8.600000000000009,67.8,75.0,-7.200000000000003,-1.2999999999999972,-2.700000000000003,1.4000000000000057,0.12727272727272756,-0.05454545454545613,0.1818181818181837,-0.7000000000000032,-5.152623147046091e-15,-0.6999999999999981,-0.8272727272727307,0.054545454545450976,-0.8818181818181817,0.0,1.0,-1.0,1.0,1.0,0.0
0C03,P1,26,2025-07-11 08:09:40.974000+00:00,11.649,0.8449367088607594,D second,6,6,0,0,0,0,0.0,0.0,0.0,0,0,0,0.0,0.0,0.0,67.7,75.3,-7.599999999999994,69.0,75.6,-6.599999999999994,1.2999999999999972,0.29999999999999716,1.0,-0.5515151515151508,-0.23636363636363628,-0.31515151515151457,1.7999999999999903,-0.3000000000000057,2.099999999999996,2.351515151515141,-0.06363636363636943,2.41515151515151,0.4,1.0,-0.6,1.0,1.0,0.0
0C04,P1,0,2025-07-11 14:53:58.921000+00:00,7.538,0.03347280334728033,D second,2,2,0,0,0,0,0.0,0.0,0.0,0,0,0,0.0,0.0,0.0,55.0,58.1,-3.1000000000000014,58.2,57.4,0.8000000000000043,3.200000000000003,-0.7000000000000028,3.9000000000000057,0.4047619047619041,-0.34545454545454424,0.7502164502164483,0.19999999999999707,0.2999999999999938,-0.09999999999999676,-0.20476190476190703,0.6454545454545381,-0.8502164502164451,0.0,0.0,0.0,1.0,1.0,0.0
0C04,P1,1,2025-07-11 14:54:07.205000+00:00,9.502,0.06694560669456066,D second,4,4,0,0,0,0,0.0,0.0,0.0,0,0,0,0.0,0.0,0.0,57.9,60.6,-2.700000000000003,59.0,63.4,-4.399999999999999,1.1000000000000014,2.799999999999997,-1.6999999999999957,0.20000000000000226,0.5212121212121225,-0.32121212121212017,-7.329371407955073e-16,0.49999999999999367,-0.4999999999999944,-0.20000000000000298,-0.021212121212128787,-0.1787878787878742,0.0,0.8,-0.8,1.0,1.0,0.0
0C04,P1,2,2025-07-11 14:54:17.775000+00:00,8.755,0.11297071129707113,D second,3,3,0,0,0,0,0.0,0.0,0.0,0,1,-1,0.0,5.0,-5.0,58.1,59.5,-1.3999999999999986,58.4,61.6,-3.200000000000003,0.29999999999999716,2.1000000000000014,-1.8000000000000043,-0.272727272727272,0.5151515151515145,-0.7878787878787865,0.4999999999999893,0.2999999999999922,0.19999999999999707,0.7727272727272613,-0.21515151515152225,0.9878787878787836,0.0,0.0,0.0,1.0,1.0,0.0
0C04,P1,3,2025-07-11 14:54:29.322000+00:00,7.534,0.1589958158995816,D second,2,2,0,0,0,0,0.0,0.0,0.0,0,0,0,0.0,0.0,0.0,59.2,62.8,-3.5999999999999943,61.0,63.6,-2.6000000000000014,1.7999999999999972,0.8000000000000043,0.9999999999999929,0.20606060606060456,-0.31515151515151557,0.5212121212121201,-5.383478925215814e-15,0.2999999999999969,-0.30000000000000226,-0.20606060606060994,0.6151515151515125,-0.8212121212121224,0.0,1.0,-1.0,1.0,1.0,0.0
0C04,P1,4,2025-07-11 14:54:39.601000+00:00,7.362,0.20502092050209206,D second,2,2,0,0,0,0,0.0,0.0,0.0,0,1,-1,0.0,5.0,-5.0,60.8,61.4,-0.6000000000000014,60.0,66.4,-6.400000000000006,-0.7999999999999972,5.000000000000007,-5.800000000000004,-0.09696969696969515,0.41212121212121133,-0.5090909090909065,-6.412665037390505e-15,0.49999999999999345,-0.4999999999999999,0.09696969696968874,0.08787878787878212,0.009090909090906624,0.0,1.0,-1.0,1.0,1.0,0.0
0C04,P1,5,2025-07-11 14:54:47.910000+00:00,8.896,0.2384937238493724,D second,3,3,0,0,0,0,0.0,0.0,0.0,0,0,0,0.0,0.0,0.0,60.0,62.0,-2.0,60.0,63.0,-3.0,0.0,1.0,-1.0,-2.58877433391865e-15,-0.35151515151514884,0.35151515151514623,-6.412665037390505e-15,0.5999999999999949,-0.6000000000000013,-3.8238907034718555e-15,0.9515151515151437,-0.9515151515151474,0.0,0.6,-0.6,1.0,1.0,0.0
0C04,P1,6,2025-07-11 14:54:58.216000+00:00,11.106,0.2803347280334728,D second,6,6,0,1,0,1,5.0,0.0,5.0,1,0,1,5.0,0.0,5.0,60.0,61.0,-1.0,60.6,59.8,0.8000000000000043,0.6000000000000014,-1.2000000000000028,1.8000000000000043,-2.58877433391865e-15,-0.060606060606057915,0.06060606060605533,0.29999999999999194,-0.20000000000000448,0.49999999999999645,0.29999999999999455,-0.13939393939394656,0.4393939393939411,0.0,0.0,0.0,1.0,1.0,0.0
0C04,P1,8,2025-07-11 14:55:17.573000+00:00,8.858,0.36401673640167365,D second,3,3,0,0,0,0,0.0,0.0,0.0,0,1,-1,0.0,5.0,-5.0,64.8,60.1,4.699999999999996,63.0,63.2,-0.20000000000000284,-1.7999999999999972,3.1000000000000014,-4.899999999999999,-0.3878787878787911,0.45454545454545375,-0.8424242424242449,-4.085028475603011e-15,0.7999999999999978,-0.8000000000000019,0.387878787878787,0.34545454545454407,0.04242424242424292,1.0,0.6,0.4,1.0,1.0,0.0
0C04,P1,9,2025-07-11 14:55:27.444000+00:00,9.604,0.401673640167364,D second,4,4,0,0,0,0,0.0,0.0,0.0,0,0,0,0.0,0.0,0.0,63.0,61.2,1.7999999999999972,61.2,63.6,-2.3999999999999986,-1.7999999999999972,2.3999999999999986,-4.199999999999996,7.186356910585483e-16,-0.18181818181817952,0.18181818181818024,-0.2000000000000059,-1.464245708994363e-14,-0.19999999999999124,-0.20000000000000662,0.18181818181816486,-0.3818181818181715,0.0,1.0,-1.0,1.0,1.0,0.0
0C04,P1,10,2025-07-11 14:55:38.546000+00:00,11.411,0.45188284518828453,D second,6,6,0,0,0,0,0.0,0.0,0.0,0,0,0,0.0,0.0,0.0,60.3,72.3,-12.0,58.0,64.0,-6.0,-2.299999999999997,-8.299999999999997,6.0,-0.2969696969696971,0.05454545454545996,-0.35151515151515705,-7.711115487003307e-15,-0.7000000000000058,0.6999999999999982,0.2969696969696894,-0.7545454545454658,1.0515151515151553,0.0,1.0,-1.0,1.0,1.0,0.0
0C04,P1,12,2025-07-11 14:55:57.678000+00:00,8.904,0.5313807531380753,D second,3,3,0,0,0,0,0.0,0.0,0.0,0,0,0,0.0,0.0,0.0,58.3,59.0,-0.7000000000000028,61.0,57.0,4.0,2.700000000000003,-2.0,4.700000000000003,0.15151515151515063,-0.3515151515151523,0.5030303030303029,-0.30000000000000243,-1.4940417503207583e-15,-0.30000000000000093,-0.4515151515151531,0.3515151515151508,-0.8030303030303039,0.0,0.0,0.0,1.0,1.0,0.0
0C04,P1,15,2025-07-11 14:56:28.072000+00:00,8.832,0.6569037656903766,D second,3,3,0,0,0,0,0.0,0.0,0.0,0,0,0,0.0,0.0,0.0,60.6,,,60.8,,,0.19999999999999574,,,-0.19393939393939533,,,0.19999999999999296,,,0.39393939393938826,,,0.0,,,1.0,0.0,1.0
0C04,P1,16,2025-07-11 14:56:38.659000+00:00,8.063,0.702928870292887,D second,3,3,0,0,0,0,0.0,0.0,0.0,0,0,0,0.0,0.0,0.0,60.6,,,59.2,,,-1.3999999999999986,,,-0.1454545454545421,,,-0.500000000000002,,,-0.35454545454545994,,,0.0,,,1.0,0.0,1.0
0C04,P1,17,2025-07-11 14:56:47.833000+00:00,28.664,0.7405857740585774,D second,10,10,0,1,0,1,3.0,0.0,3.0,1,0,1,3.0,0.0,3.0,58.5,,,58.0,,,-0.5,,,-0.3696969696969686,,,-7.711115487003307e-15,,,0.36969696969696086,,,0.0,,,1.0,0.0,1.0
0C04,P1,20,2025-07-11 14:57:17.305000+00:00,8.099,0.8619246861924686,D second,3,3,0,0,0,0,0.0,0.0,0.0,0,0,0,0.0,0.0,0.0,58.8,,,61.8,,,3.0,,,0.1696969696969724,,,0.7999999999999965,,,0.6303030303030241,,,0.4,,,1.0,0.0,1.0
0C04,P1,21,2025-07-11 14:57:27.086000+00:00,9.791,0.9037656903765691,D second,4,4,0,0,0,0,0.0,0.0,0.0,0,0,0,0.0,0.0,0.0,62.1,,,60.0,,,-2.1000000000000014,,,0.1515151515151511,,,-0.8000000000000055,,,-0.9515151515151565,,,0.0,,,1.0,0.0,1.0
0C04,P1,22,2025-07-11 14:57:37.995000+00:00,9.912,0.9497907949790795,D second,4,4,0,0,0,0,0.0,0.0,0.0,0,0,0,0.0,0.0,0.0,58.7,,,57.8,,,-0.9000000000000057,,,-0.19999999999999937,,,-0.5000000000000077,,,-0.30000000000000826,,,0.0,,,1.0,0.0,1.0
0C05,P1,0,2025-07-15 13:44:03.810000+00:00,8.544,0.01652892561983471,D second,3,3,0,0,0,0,0.0,0.0,0.0,0,0,0,0.0,0.0,0.0,66.33333333333333,57.833333333333336,8.499999999999993,67.4,61.4,6.000000000000007,1.066666666666677,3.566666666666663,-2.499999999999986,0.2857142857142806,0.4857142857142811,-0.2000000000000005,-0.5000000000000094,0.19999999999999904,-0.7000000000000085,-0.78571428571429,-0.28571428571428203,-0.500000000000008,0.0,0.0,0.0,1.0,1.0,0.0
0C05,P1,2,2025-07-15 13:44:25.338000+00:00,9.182,0.0743801652892562,D second,4,4,0,0,0,0,0.0,0.0,0.0,0,0,0,0.0,0.0,0.0,64.5,57.5,7.0,65.0,57.2,7.799999999999997,0.5,-0.29999999999999716,0.7999999999999972,0.3212121212121234,-0.12727272727272743,0.4484848484848508,-1.2667344765170475e-15,0.7999999999999915,-0.7999999999999927,-0.32121212121212467,0.9272727272727189,-1.2484848484848436,0.0,0.0,0.0,1.0,1.0,0.0
0C05,P1,5,2025-07-15 13:44:55.205000+00:00,7.342,0.15702479338842976,D second,2,2,0,0,0,0,0.0,0.0,0.0,0,0,0,0.0,0.0,0.0,68.6,62.0,6.599999999999994,66.2,63.6,2.6000000000000014,-2.3999999999999915,1.6000000000000014,-3.999999999999993,-0.18181818181817871,1.2515803386712672e-15,-0.18181818181817996,0.19999999999999266,0.2999999999999969,-0.10000000000000422,0.3818181818181714,0.2999999999999956,0.0818181818181758,0.0,1.0,-1.0,1.0,1.0,0.0
0C05,P1,6,2025-07-15 13:45:04.465000+00:00,8.039,0.18181818181818182,D second,3,3,0,0,0,0,0.0,0.0,0.0,0,0,0,0.0,0.0,0.0,66.8,63.4,3.3999999999999986,69.8,63.4,6.399999999999999,3.0,0.0,3.0,0.19393939393939227,0.24242424242424224,-0.04848484848484996,0.7999999999999944,-0.5000000000000042,1.2999999999999985,0.6060606060606021,-0.7424242424242464,1.3484848484848486,0.6,0.8,-0.20000000000000007,1.0,1.0,0.0
0C05,P1,7,2025-07-15 13:45:14.177000+00:00,9.476,0.209366391184573,D second,4,4,0,0,0,0,0.0,0.0,0.0,0,0,0,0.0,0.0,0.0,70.0,62.2,7.799999999999997,68.2,61.8,6.400000000000006,-1.7999999999999972,-0.4000000000000057,-1.3999999999999915,0.09696969696969723,-0.3999999999999994,0.4969696969696966,0.1999999999999962,-0.20000000000000132,0.3999999999999975,0.10303030303029898,0.1999999999999981,-0.09696969696969912,0.0,0.0,0.0,1.0,1.0,0.0
0C05,P1,8,2025-07-15 13:45:25.059000+00:00,7.385,0.2396694214876033,D second,2,2,0,0,0,0,0.0,0.0,0.0,0,0,0,0.0,0.0,0.0,68.5,62.1,6.399999999999999,67.6,63.6,3.999999999999993,-0.9000000000000057,1.5,-2.4000000000000057,0.030303030303032892,0.10303030303030379,-0.07272727272727089,-0.3000000000000098,-0.30000000000000543,-4.385380947269368e-15,-0.3303030303030427,-0.40303030303030923,0.07272727272726653,0.0,1.0,-1.0,1.0,1.0,0.0
0C05,P1,9,2025-07-15 13:45:33.205000+00:00,9.738,0.26170798898071623,D second,4,4,0,0,0,0,0.0,0.0,0.0,0,0,0,0.0,0.0,0.0,67.8,64.0,3.799999999999997,67.8,65.0,2.799999999999997,0.0,1.0,-1.0,-0.02424242424242055,0.2787878787878806,-0.30303030303030115,-0.1000000000000058,-1.0000000000000044,0.8999999999999986,-0.07575757575758525,-1.278787878787885,1.2030303030302998,0.0,1.0,-1.0,1.0,1.0,0.0
0C05,P1,10,2025-07-15 13:45:43.598000+00:00,8.992,0.29201101928374656,D second,3,3,0,0,0,0,0.0,0.0,0.0,0,0,0,0.0,0.0,0.0,68.2,63.6,4.600000000000001,69.2,61.4,7.800000000000004,1.0,-2.200000000000003,3.200000000000003,0.15757575757575995,-0.6060606060606057,0.7636363636363657,-0.30000000000000976,0.6999999999999975,-1.0000000000000073,-0.45757575757576974,1.3060606060606033,-1.763636363636373,0.4,0.2,0.2,1.0,1.0,0.0
0C05,P1,11,2025-07-15 13:45:54.184000+00:00,9.07,0.31955922865013775,D second,4,4,0,0,0,0,0.0,0.0,0.0,0,0,0,0.0,0.0,0.0,68.5,62.6,5.899999999999999,67.6,66.0,1.5999999999999943,-0.9000000000000057,3.3999999999999986,-4.300000000000004,-0.18787878787878395,0.5818181818181819,-0.7696969696969659,-1.0000000000000124,0.3999999999999921,-1.4000000000000046,-0.8121212121212285,-0.18181818181818982,-0.6303030303030386,0.0,1.0,-1.0,1.0,1.0,0.0
0C05,P1,12,2025-07-15 13:46:03.477000+00:00,9.889,0.3443526170798898,D second,4,4,0,0,0,0,0.0,0.0,0.0,0,0,0,0.0,0.0,0.0,66.7,67.1,-0.3999999999999915,68.8,69.2,-0.4000000000000057,2.0999999999999943,2.1000000000000085,-1.4210854715202004e-14,-0.5151515151515154,0.5757575757575751,-1.0909090909090904,0.1999999999999919,-0.5000000000000043,0.6999999999999962,0.7151515151515073,-1.0757575757575795,1.7909090909090868,0.0,1.0,-1.0,1.0,1.0,0.0
0C05,P1,14,2025-07-15 13:46:24.063000+00:00,8.861,0.4022038567493113,D second,3,3,0,0,0,0,0.0,0.0,0.0,0,0,0,0.0,0.0,0.0,68.1,65.9,2.1999999999999886,69.0,67.2,1.7999999999999972,0.9000000000000057,1.2999999999999972,-0.3999999999999915,-0.1636363636363635,-0.054545454545453585,-0.1090909090909099,0.5999999999999899,0.799999999999988,-0.19999999999999818,0.7636363636363533,0.8545454545454416,-0.09090909090908827,0.4,1.0,-0.6,1.0,1.0,0.0
0C05,P1,15,2025-07-15 13:46:33.842000+00:00,8.969,0.4297520661157025,D second,3,3,0,0,0,0,0.0,0.0,0.0,0,0,0,0.0,0.0,0.0,69.0,68.0,1.0,67.0,73.0,-6.0,-2.0,5.0,-7.0,-0.04848484848484721,0.5212121212121216,-0.5696969696969688,-5.157354486200773e-15,0.7999999999999905,-0.7999999999999956,0.04848484848484205,0.2787878787878689,-0.23030303030302687,0.0,1.0,-1.0,1.0,1.0,0.0
0C05,P1,16,2025-07-15 13:46:44.732000+00:00,7.916,0.46005509641873277,D second,2,2,0,0,0,0,0.0,0.0,0.0,0,0,0,0.0,0.0,0.0,67.9,72.3,-4.3999999999999915,67.4,66.8,0.6000000000000085,-0.5,-5.5,5.0,0.23636363636363766,-0.23636363636363752,0.4727272727272752,-0.30000000000000876,-0.4000000000000083,0.09999999999999953,-0.5363636363636464,-0.16363636363637077,-0.37272727272727557,0.0,1.0,-1.0,1.0,1.0,0.0
0C05,P1,17,2025-07-15 13:46:53.921000+00:00,8.732,0.48484848484848486,D second,3,3,0,0,0,0,0.0,0.0,0.0,0,0,0,0.0,0.0,0.0,67.5,67.6,-0.09999999999999432,68.8,68.2,0.5999999999999943,1.2999999999999972,0.6000000000000085,0.6999999999999886,-0.054545454545455056,0.08484848484848428,-0.13939393939393935,0.5999999999999972,-0.5000000000000099,1.1000000000000072,0.6545454545454522,-0.5848484848484942,1.2393939393939464,0.4,1.0,-0.6,1.0,1.0,0.0
0C05,P1,18,2025-07-15 13:47:04.579000+00:00,8.18,0.5151515151515151,D second,3,3,0,0,0,0,0.0,0.0,0.0,0,1,-1,0.0,5.0,-5.0,67.3,68.0,-0.7000000000000028,65.6,67.6,-2.0,-1.7000000000000028,-0.4000000000000057,-1.2999999999999972,-0.5878787878787848,-0.07272727272727025,-0.5151515151515145,0.2999999999999948,-0.10000000000000993,0.40000000000000474,0.8878787878787796,-0.027272727272739675,0.9151515151515193,0.0,1.0,-1.0,1.0,1.0,0.0
0C05,P1,19,2025-07-15 13:47:14.406000+00:00,8.369,0.5399449035812672,D second,3,3,0,0,1,-1,0.0,3.0,-3.0,0,1,-1,0.0,3.0,-3.0,65.5,68.2,-2.700000000000003,65.0,66.4,-1.4000000000000057,-0.5,-1.7999999999999972,1.2999999999999972,0.03030303030303127,0.16969696969696996,-0.13939393939393868,-1.2667344765170475e-15,-1.0000000000000013,1.0,-0.030303030303032535,-1.1696969696969712,1.1393939393939387,0.0,1.0,-1.0,1.0,1.0,0.0
0C05,P1,20,2025-07-15 13:47:24.010000+00:00,8.758,0.5674931129476584,D second,3,3,0,0,0,0,0.0,0.0,0.0,0,0,0,0.0,0.0,0.0,65.5,66.5,-1.0,66.6,71.4,-4.800000000000011,1.0999999999999943,4.900000000000006,-3.8000000000000114,0.15151515151515094,-0.28484848484848746,0.4363636363636384,0.2999999999999966,1.4999999999999905,-1.199999999999994,0.14848484848484567,1.784848484848478,-1.6363636363636322,0.0,1.0,-1.0,1.0,1.0,0.0
0C05,P1,21,2025-07-15 13:47:33.654000+00:00,8.955,0.5950413223140496,D second,3,3,0,0,0,0,0.0,0.0,0.0,0,0,0,0.0,0.0,0.0,67.1,73.5,-6.400000000000006,68.0,74.4,-6.400000000000006,0.9000000000000057,0.9000000000000057,0.0,0.2242424242424229,0.8545454545454572,-0.6303030303030343,-0.7000000000000062,-0.40000000000000613,-0.30000000000000004,-0.9242424242424291,-1.2545454545454633,0.3303030303030342,0.0,1.0,-1.0,1.0,1.0,0.0
0C05,P1,22,2025-07-15 13:47:42.854000+00:00,10.395,0.6198347107438017,D second,5,5,0,0,0,0,0.0,0.0,0.0,0,0,0,0.0,0.0,0.0,67.0,74.8,-7.799999999999997,66.8,69.6,-2.799999999999997,-0.20000000000000284,-5.200000000000003,5.0,-0.4242424242424227,-0.15757575757575243,-0.26666666666667027,-0.20000000000000914,-2.0999999999999996,1.8999999999999906,0.22424242424241356,-1.9424242424242473,2.1666666666666607,0.0,1.0,-1.0,1.0,1.0,0.0
0C05,P1,23,2025-07-15 13:47:54.026000+00:00,9.076,0.650137741046832,D second,4,4,0,0,0,0,0.0,0.0,0.0,0,0,0,0.0,0.0,0.0,64.6,67.6,-3.0,64.8,63.2,1.5999999999999943,0.20000000000000284,-4.3999999999999915,4.599999999999994,-0.6424242424242416,-0.8606060606060602,0.2181818181818186,0.19999999999999815,-8.827246983657674e-15,0.20000000000000698,0.8424242424242397,0.8606060606060513,-0.018181818181811527,0.0,0.8,-0.8,1.0,1.0,0.0
0C05,P1,24,2025-07-15 13:48:03.934000+00:00,9.052,0.6776859504132231,D second,4,4,0,0,0,0,0.0,0.0,0.0,0,0,0,0.0,0.0,0.0,65.4,63.1,2.3000000000000043,65.8,62.6,3.1999999999999957,0.3999999999999915,-0.5,0.8999999999999915,0.20606060606060592,-0.07878787878787914,0.2848484848484851,-5.11354900014417e-15,1.0999999999999914,-1.0999999999999965,-0.20606060606061102,1.1787878787878705,-1.3848484848484814,0.0,0.4,-0.4,1.0,1.0,0.0
0C05,P1,25,2025-07-15 13:48:14.053000+00:00,8.92,0.7052341597796143,D second,3,3,0,0,0,0,0.0,0.0,0.0,0,0,0,0.0,0.0,0.0,66.3,63.6,2.6999999999999957,64.8,62.2,2.5999999999999943,-1.5,-1.3999999999999986,-0.10000000000000142,0.1757575757575764,0.5090909090909096,-0.3333333333333332,-0.30000000000000543,-1.3129056321509918e-15,-0.3000000000000041,-0.4757575757575818,-0.5090909090909109,0.03333333333332911,0.0,0.4,-0.4,1.0,1.0,0.0
0C05,P1,26,2025-07-15 13:48:23.892000+00:00,8.991,0.7327823691460055,D second,3,3,0,0,0,0,0.0,0.0,0.0,0,0,0,0.0,0.0,0.0,65.4,62.5,2.9000000000000057,64.6,63.0,1.5999999999999943,-0.8000000000000114,0.5,-1.3000000000000114,0.16969696969697232,0.06666666666666576,0.10303030303030655,-0.3000000000000044,0.5999999999999949,-0.8999999999999992,-0.4696969696969767,0.5333333333333291,-1.0030303030303058,0.0,0.6,-0.6,1.0,1.0,0.0
0C05,P1,27,2025-07-15 13:48:33.634000+00:00,9.011,0.7603305785123967,D second,4,4,0,0,0,0,0.0,0.0,0.0,0,0,0,0.0,0.0,0.0,64.7,63.3,1.4000000000000057,64.6,65.2,-0.6000000000000085,-0.10000000000000853,1.9000000000000057,-2.000000000000014,-0.030303030303028264,0.2727272727272745,-0.30303030303030276,0.4999999999999963,0.499999999999996,2.7755575615628914e-16,0.5303030303030245,0.22727272727272152,0.303030303030303,0.0,1.0,-1.0,1.0,1.0,0.0
0C05,P1,28,2025-07-15 13:48:43.427000+00:00,9.479,0.7851239669421488,D second,4,4,0,0,0,0,0.0,0.0,0.0,0,0,0,0.0,0.0,0.0,65.8,65.2,0.5999999999999943,67.6,63.4,4.199999999999996,1.7999999999999972,-1.8000000000000043,3.6000000000000014,0.5696969696969704,0.1454545454545476,0.42424242424242276,0.09999999999999774,-2.116632892944176e-15,0.09999999999999987,-0.4696969696969726,-0.14545454545454972,-0.3242424242424229,0.0,1.0,-1.0,1.0,1.0,0.0
0C05,P1,29,2025-07-15 13:48:55.186000+00:00,7.706,0.8181818181818182,D second,2,2,0,0,0,0,0.0,0.0,0.0,0,0,0,0.0,0.0,0.0,68.9,64.2,4.700000000000003,67.4,65.4,2.0,-1.5,1.2000000000000028,-2.700000000000003,0.2727272727272749,0.27878787878787686,-0.006060606060601936,-0.30000000000000876,0.29999999999999405,-0.6000000000000028,-0.5727272727272836,0.021212121212117185,-0.5939393939394009,0.0,1.0,-1.0,1.0,1.0,0.0
0C05,P1,30,2025-07-15 13:49:03.669000+00:00,7.664,0.8429752066115702,D second,2,2,0,0,0,0,0.0,0.0,0.0,0,0,0,0.0,0.0,0.0,66.4,65.5,0.9000000000000057,63.2,65.2,-2.0,-3.200000000000003,-0.29999999999999716,-2.9000000000000057,-0.6060606060606054,0.15151515151515094,-0.7575757575757563,0.7999999999999978,-0.600000000000005,1.4000000000000028,1.4060606060606031,-0.7515151515151559,2.157575757575759,0.0,1.0,-1.0,1.0,1.0,0.0
0C05,P1,31,2025-07-15 13:49:13.183000+00:00,20.823,0.8677685950413223,D second,10,10,0,0,0,0,0.0,0.0,0.0,0,0,0,0.0,0.0,0.0,64.9,64.4,0.5,67.4,63.8,3.6000000000000085,2.5,-0.6000000000000085,3.1000000000000085,0.7939393939393953,-0.4363636363636344,1.2303030303030296,-0.30000000000000876,0.19999999999999793,-0.5000000000000067,-1.093939393939404,0.6363636363636324,-1.7303030303030362,0.0,1.0,-1.0,1.0,1.0,0.0
0C05,P1,33,2025-07-15 13:49:34.806000+00:00,7.909,0.928374655647383,D second,2,2,0,0,0,0,0.0,0.0,0.0,0,0,0,0.0,0.0,0.0,68.0,68.1,-0.09999999999999432,66.6,70.0,-3.4000000000000057,-1.4000000000000057,1.9000000000000057,-3.3000000000000114,0.06060606060606063,0.40606060606061023,-0.3454545454545496,0.09999999999999336,-0.6000000000000106,0.700000000000004,0.03939393939393273,-1.006060606060621,1.0454545454545536,0.0,1.0,-1.0,1.0,1.0,0.0
0C06,P1,0,2025-07-16 14:03:27.024000+00:00,8.001,0.030054644808743168,D second,3,3,0,0,0,0,0.0,0.0,0.0,0,0,0,0.0,0.0,0.0,88.4,84.9,3.5,85.2,87.8,-2.5999999999999943,-3.200000000000003,2.8999999999999915,-6.099999999999994,-1.2969696969696958,-0.21212121212121066,-1.0848484848484852,0.7999999999999917,0.799999999999991,6.661338147750939e-16,2.0969696969696874,1.0121212121212018,1.0848484848484856,0.0,1.0,-1.0,1.0,1.0,0.0
0C06,P1,1,2025-07-16 14:03:35.971000+00:00,8.158,0.0546448087431694,D second,3,3,0,0,0,0,0.0,0.0,0.0,0,0,0,0.0,0.0,0.0,86.3,86.9,-0.6000000000000085,87.0,81.2,5.799999999999997,0.7000000000000028,-5.700000000000003,6.400000000000006,0.6000000000000019,-0.15151515151515213,0.751515151515154,-0.7000000000000048,-0.2000000000000021,-0.5000000000000028,-1.3000000000000067,-0.04848484848484996,-1.2515151515151568,0.0,0.0,0.0,1.0,1.0,0.0
0C06,P1,2,2025-07-16 14:03:45.469000+00:00,9.086,0.07923497267759563,D second,4,4,0,0,0,0,0.0,0.0,0.0,0,0,0,0.0,0.0,0.0,85.7,81.7,4.0,84.0,79.2,4.799999999999997,-1.7000000000000028,-2.5,0.7999999999999972,-0.6727272727272695,-0.4060606060606013,-0.2666666666666682,0.29999999999998817,-0.20000000000000825,0.49999999999999645,0.9727272727272577,0.20606060606059304,0.7666666666666646,0.0,0.0,0.0,1.0,1.0,0.0
0C06,P1,3,2025-07-16 14:03:56.820000+00:00,7.309,0.11202185792349727,D second,2,2,0,0,0,0,0.0,0.0,0.0,0,0,0,0.0,0.0,0.0,84.9,79.8,5.1000000000000085,86.0,79.6,6.400000000000006,1.0999999999999943,-0.20000000000000284,1.2999999999999972,0.1030303030303,0.18181818181818368,-0.07878787878788368,0.1999999999999897,-0.100000000000011,0.3000000000000007,0.09696969696968971,-0.2818181818181947,0.3787878787878844,0.0,0.0,0.0,1.0,1.0,0.0
0C06,P1,4,2025-07-16 14:04:05.139000+00:00,9.998,0.13387978142076504,D second,4,4,0,0,0,0,0.0,0.0,0.0,0,0,0,0.0,0.0,0.0,85.5,79.9,5.599999999999994,84.0,79.6,4.400000000000006,-1.5,-0.30000000000001137,-1.1999999999999886,-0.0303030303030246,-0.05454545454545335,0.02424242424242875,-0.2000000000000095,0.3999999999999908,-0.6000000000000003,-0.1696969696969849,0.45454545454544415,-0.624242424242429,0.0,0.0,0.0,1.0,1.0,0.0
0C06,P1,5,2025-07-16 14:04:16.077000+00:00,8.073,0.16393442622950818,D second,3,3,0,0,0,0,0.0,0.0,0.0,0,1,-1,0.0,1.0,-1.0,83.1,81.1,2.0,80.6,82.0,-1.4000000000000057,-2.5,0.9000000000000057,-3.4000000000000057,-0.3212121212121228,0.35757575757576143,-0.6787878787878843,-0.30000000000000987,-1.168091828480115e-14,-0.2999999999999982,0.02121212121211291,-0.3575757575757731,0.378787878787886,0.0,0.0,0.0,1.0,1.0,0.0
0C06,P1,6,2025-07-16 14:04:24.999000+00:00,10.765,0.1885245901639344,D second,5,5,0,0,0,0,0.0,0.0,0.0,0,0,0,0.0,0.0,0.0,80.5,81.5,-1.0,81.2,80.0,1.2000000000000028,0.7000000000000028,-1.5,2.200000000000003,-0.09090909090908977,-0.22424242424242302,0.13333333333333325,0.199999999999991,-1.038483350476569e-14,0.20000000000000137,0.2909090909090808,0.22424242424241264,0.06666666666666815,0.0,0.0,0.0,1.0,1.0,0.0
0C06,P1,8,2025-07-16 14:04:45.876000+00:00,8.8,0.2459016393442623,D second,3,3,0,0,0,0,0.0,0.0,0.0,0,0,0,0.0,0.0,0.0,83.2,81.5,1.7000000000000028,81.0,88.0,-7.0,-2.200000000000003,6.5,-8.700000000000003,-0.5696969696969688,0.7212121212121217,-1.2909090909090906,-0.3000000000000027,0.6999999999999998,-1.0000000000000027,0.2696969696969661,-0.021212121212121904,0.290909090909088,0.0,1.0,-1.0,1.0,1.0,0.0
0C06,P1,9,2025-07-16 14:04:55.433000+00:00,8.461,0.27049180327868855,D second,3,3,0,0,0,0,0.0,0.0,0.0,0,0,0,0.0,0.0,0.0,80.4,86.2,-5.799999999999997,80.0,79.6,0.4000000000000057,-0.4000000000000057,-6.6000000000000085,6.200000000000003,-0.2303030303030271,-0.3999999999999999,0.16969696969697282,-1.038483350476569e-14,-0.5000000000000067,0.4999999999999963,0.23030303030301671,-0.10000000000000675,0.33030303030302344,0.0,0.0,0.0,1.0,1.0,0.0
0C06,P1,10,2025-07-16 14:05:04.799000+00:00,12.863,0.2978142076502732,D second,7,7,0,0,0,0,0.0,0.0,0.0,0,0,0,0.0,0.0,0.0,80.4,80.0,0.4000000000000057,81.6,82.4,-0.8000000000000114,1.1999999999999886,2.4000000000000057,-1.200000000000017,0.14545454545455083,-0.09696969696969543,0.24242424242424626,0.4999999999999933,0.8999999999999851,-0.39999999999999186,0.35454545454544245,0.9969696969696806,-0.6424242424242381,0.0,0.0,0.0,1.0,1.0,0.0
0C06,P1,12,2025-07-16 14:05:24.870000+00:00,12.221,0.3524590163934426,D second,7,7,0,1,0,1,1.0,0.0,1.0,1,0,1,1.0,0.0,1.0,82.8,81.0,1.7999999999999972,82.6,80.8,1.7999999999999972,-0.20000000000000284,-0.20000000000000284,0.0,-0.23030303030302599,-0.5454545454545442,0.3151515151515182,0.2999999999999963,0.8999999999999876,-0.5999999999999912,0.5303030303030223,1.4454545454545318,-0.9151515151515095,0.0,0.0,0.0,1.0,1.0,0.0
0C06,P1,14,2025-07-16 14:05:44.921000+00:00,9.174,0.40710382513661203,D second,4,4,0,0,0,0,0.0,0.0,0.0,0,0,0,0.0,0.0,0.0,80.8,84.2,-3.4000000000000057,80.6,84.0,-3.4000000000000057,-0.20000000000000284,-0.20000000000000284,0.0,-0.30303030303030454,-0.133333333333332,-0.16969696969697254,-0.30000000000000987,-0.5000000000000021,0.19999999999999224,0.0030303030302946676,-0.36666666666667014,0.3696969696969648,0.0,0.4,-0.4,1.0,1.0,0.0
0C06,P1,15,2025-07-16 14:05:54.951000+00:00,9.614,0.4344262295081967,D second,4,4,0,0,0,0,0.0,0.0,0.0,0,0,0,0.0,0.0,0.0,81.1,83.2,-2.1000000000000085,83.0,82.2,0.7999999999999972,1.9000000000000057,-1.0,2.9000000000000057,0.24848484848485006,-0.3515151515151487,0.5999999999999988,-0.6000000000000054,-0.20000000000000853,-0.3999999999999969,-0.8484848484848555,0.1515151515151402,-0.9999999999999957,0.0,0.0,0.0,1.0,1.0,0.0
0C06,P1,16,2025-07-16 14:06:05.775000+00:00,9.736,0.4644808743169399,D second,4,4,0,0,0,0,0.0,0.0,0.0,0,0,0,0.0,0.0,0.0,81.7,82.3,-0.5999999999999943,82.8,88.2,-5.400000000000006,1.0999999999999943,5.900000000000006,-4.800000000000011,-0.296969696969695,0.2848484848484864,-0.5818181818181813,0.7999999999999904,-0.40000000000001523,1.2000000000000055,1.0969696969696854,-0.6848484848485017,1.781818181818187,0.0,1.0,-1.0,1.0,1.0,0.0
0C06,P1,17,2025-07-16 14:06:16.471000+00:00,7.986,0.4918032786885246,D second,2,2,0,0,0,0,0.0,0.0,0.0,0,0,0,0.0,0.0,0.0,83.1,86.3,-3.200000000000003,83.4,83.2,0.20000000000000284,0.30000000000001137,-3.0999999999999943,3.4000000000000057,0.22424242424242474,-0.6484848484848471,0.8727272727272719,-1.3980912628625255e-16,0.6000000000000018,-0.6000000000000019,-0.22424242424242488,1.248484848484849,-1.4727272727272738,0.0,0.0,0.0,1.0,1.0,0.0
0C06,P1,18,2025-07-16 14:06:25.416000+00:00,9.488,0.5163934426229508,D second,4,4,0,0,0,0,0.0,0.0,0.0,0,0,0,0.0,0.0,0.0,83.7,82.8,0.9000000000000057,84.4,81.0,3.4000000000000057,0.7000000000000028,-1.7999999999999972,2.5,0.13939393939393951,-0.09696969696969561,0.2363636363636351,-1.0000000000000082,-5.241268613469573e-15,-1.0000000000000029,-1.1393939393939476,0.09696969696969036,-1.2363636363636379,0.0,0.0,0.0,1.0,1.0,0.0
0C06,P1,19,2025-07-16 14:06:35.938000+00:00,8.441,0.546448087431694,D second,3,3,0,0,0,0,0.0,0.0,0.0,0,0,0,0.0,0.0,0.0,82.5,80.9,1.5999999999999943,80.0,81.0,-1.0,-2.5,0.09999999999999432,-2.5999999999999943,-0.551515151515153,-0.04242424242424085,-0.5090909090909121,-1.038483350476569e-14,-5.241268613469573e-15,-5.143564891296117e-15,0.5515151515151425,0.04242424242423561,0.5090909090909069,0.0,0.0,0.0,1.0,1.0,0.0
0C06,P1,20,2025-07-16 14:06:45.160000+00:00,9.1,0.5710382513661202,D second,4,4,0,0,0,0,0.0,0.0,0.0,0,0,0,0.0,0.0,0.0,80.7,80.8,-0.09999999999999432,82.4,80.6,1.8000000000000114,1.7000000000000028,-0.20000000000000284,1.9000000000000057,0.2969696969696958,-0.09696969696969575,0.39393939393939154,-0.49999999999999806,0.299999999999988,-0.7999999999999861,-0.7969696969696938,0.39696969696968376,-1.1939393939393774,0.0,0.0,0.0,1.0,1.0,0.0
0C06,P1,21,2025-07-16 14:06:55.403000+00:00,8.9,0.5983606557377049,D second,3,3,0,0,0,0,0.0,0.0,0.0,0,0,0,0.0,0.0,0.0,82.2,80.4,1.7999999999999972,82.2,78.8,3.4000000000000057,0.0,-1.6000000000000085,1.6000000000000085,-0.04848484848484869,7.541914221152907e-15,-0.048484848484856236,-0.5000000000000114,-0.5000000000000028,-8.659739592076221e-15,-0.45151515151516275,-0.5000000000000103,0.048484848484847576,0.0,0.0,0.0,1.0,1.0,0.0
0C06,P1,22,2025-07-16 14:07:05.105000+00:00,9.261,0.6256830601092896,D second,4,4,0,0,0,0,0.0,0.0,0.0,0,0,0,0.0,0.0,0.0,80.9,78.7,2.200000000000003,81.4,79.8,1.6000000000000085,0.5,1.0999999999999943,-0.5999999999999943,-0.46666666666666673,-0.1878787878787849,-0.2787878787878818,0.09999999999998792,0.19999999999999943,-0.10000000000001151,0.5666666666666547,0.3878787878787843,0.17878787878787034,0.0,0.0,0.0,1.0,1.0,0.0
0C06,P1,23,2025-07-16 14:07:15.356000+00:00,9.016,0.6530054644808743,D second,4,4,0,0,0,0,0.0,0.0,0.0,0,0,0,0.0,0.0,0.0,80.6,81.0,-0.4000000000000057,78.4,82.4,-4.0,-2.1999999999999886,1.4000000000000057,-3.5999999999999943,-0.25454545454545235,0.48484848484848947,-0.7393939393939418,-0.30000000000000826,-0.9000000000000108,0.6000000000000025,-0.045454545454555906,-1.3848484848485003,1.3393939393939445,0.0,0.0,0.0,1.0,1.0,0.0
0C06,P1,24,2025-07-16 14:07:24.922000+00:00,9.427,0.680327868852459,D second,4,4,0,0,0,0,0.0,0.0,0.0,0,0,0,0.0,0.0,0.0,78.8,82.6,-3.799999999999997,80.4,85.4,-5.0,1.6000000000000085,2.8000000000000114,-1.2000000000000028,0.10909090909090777,-0.12121212121211897,0.23030303030302673,-0.10000000000001408,0.39999999999999386,-0.500000000000008,-0.20909090909092184,0.5212121212121128,-0.7303030303030347,0.0,1.0,-1.0,1.0,1.0,0.0
0C06,P1,25,2025-07-16 14:07:35.353000+00:00,9.955,0.7076502732240437,D second,4,4,0,0,1,-1,0.0,1.0,-1.0,0,1,-1,0.0,1.0,-1.0,81.1,86.8,-5.700000000000003,82.0,86.0,-4.0,0.9000000000000057,-0.7999999999999972,1.7000000000000028,0.22424242424242247,0.46060606060606424,-0.23636363636364177,-1.168091828480115e-14,-0.7000000000000077,0.6999999999999961,-0.22424242424243415,-1.160606060606072,0.9363636363636378,0.0,1.0,-1.0,1.0,1.0,0.0
0C06,P1,26,2025-07-16 14:07:46.045000+00:00,8.08,0.7377049180327869,D second,3,3,0,0,0,0,0.0,0.0,0.0,0,0,0,0.0,0.0,0.0,81.8,84.3,-2.5,80.4,82.8,-2.3999999999999915,-1.3999999999999915,-1.5,0.10000000000000853,-0.09696969696969494,-0.6606060606060595,0.5636363636363646,-0.3000000000000122,0.19999999999999477,-0.500000000000007,-0.20303030303031727,0.8606060606060543,-1.0636363636363715,0.0,0.0,0.0,1.0,1.0,0.0
0C06,P1,27,2025-07-16 14:07:54.848000+00:00,9.526,0.7622950819672131,D second,4,4,0,0,0,0,0.0,0.0,0.0,0,0,0,0.0,0.0,0.0,81.0,82.5,-1.5,80.4,81.8,-1.3999999999999915,-0.5999999999999943,-0.7000000000000028,0.10000000000000853,0.14545454545454364,-0.03030303030302959,0.17575757575757323,-0.9000000000000051,-1.0607926686569857e-14,-0.8999999999999945,-1.0454545454545487,0.03030303030301898,-1.0757575757575677,0.0,0.0,0.0,1.0,1.0,0.0
0C06,P1,28,2025-07-16 14:08:05.354000+00:00,9.145,0.7896174863387978,D second,4,4,0,0,0,0,0.0,0.0,0.0,0,0,0,0.0,0.0,0.0,80.6,81.8,-1.2000000000000028,81.4,79.2,2.200000000000003,0.8000000000000114,-2.5999999999999943,3.4000000000000057,0.04848484848484741,-0.036363636363636764,0.08484848484848417,-0.49999999999999983,-0.20000000000000825,-0.2999999999999916,-0.5484848484848472,-0.1636363636363715,-0.3848484848484758,0.0,0.0,0.0,1.0,1.0,0.0
0C06,P1,29,2025-07-16 14:08:15.645000+00:00,8.74,0.819672131147541,D second,3,3,0,0,0,0,0.0,0.0,0.0,0,0,0,0.0,0.0,0.0,80.8,79.6,1.2000000000000028,80.4,81.8,-1.3999999999999915,-0.3999999999999915,2.200000000000003,-2.5999999999999943,-0.07272727272727066,0.32727272727272294,-0.3999999999999936,-0.9000000000000051,0.19999999999999551,-1.1000000000000005,-0.8272727272727345,-0.12727272727272743,-0.7000000000000071,0.0,0.0,0.0,1.0,1.0,0.0
0C06,P1,30,2025-07-16 14:08:25.137000+00:00,9.276,0.8442622950819673,D second,4,4,0,0,0,0,0.0,0.0,0.0,0,0,0,0.0,0.0,0.0,81.1,82.0,-0.9000000000000057,84.0,80.0,4.0,2.9000000000000057,-2.0,4.900000000000006,0.0787878787878805,0.04848484848484763,0.03030303030303287,-0.6000000000000068,-1.038483350476569e-14,-0.5999999999999963,-0.6787878787878873,-0.04848484848485802,-0.6303030303030293,0.0,0.0,0.0,1.0,1.0,0.0
0C06,P1,31,2025-07-16 14:08:35.248000+00:00,8.974,0.8715846994535519,D second,3,3,0,0,0,0,0.0,0.0,0.0,0,0,0,0.0,0.0,0.0,83.4,79.3,4.1000000000000085,84.6,76.6,8.0,1.1999999999999886,-2.700000000000003,3.8999999999999915,-0.2181818181818198,-0.29696969696969583,0.07878787878787602,0.29999999999999577,-0.3000000000000021,0.5999999999999979,0.5181818181818156,-0.0030303030303062695,0.5212121212121219,0.0,0.0,0.0,1.0,1.0,0.0
0C06,P1,32,2025-07-16 14:08:44.894000+00:00,9.79,0.8989071038251366,D second,4,4,0,0,1,-1,0.0,1.0,-1.0,0,1,-1,0.0,1.0,-1.0,85.0,77.0,8.0,86.4,81.0,5.400000000000006,1.4000000000000057,4.0,-2.5999999999999943,0.1939393939393959,0.13333333333333486,0.06060606060606105,-0.8000000000000088,0.7999999999999835,-1.5999999999999923,-0.9939393939394048,0.6666666666666486,-1.6606060606060535,0.0,0.0,0.0,1.0,1.0,0.0
0C08,P1,0,2025-07-21 14:27:50.753000+00:00,7.714,0.029556650246305417,D second,2,2,0,0,0,0,0.0,0.0,0.0,0,0,0,0.0,0.0,0.0,65.7,73.3,-7.599999999999994,71.4,77.2,-5.799999999999997,5.700000000000003,3.9000000000000057,1.7999999999999972,0.22424242424242669,0.3696969696969714,-0.14545454545454473,0.49999999999999856,0.6999999999999934,-0.19999999999999485,0.27575757575757187,0.330303030303022,-0.05454545454545012,0.0,0.8,-0.8,1.0,1.0,0.0
0C08,P1,1,2025-07-21 14:27:59.577000+00:00,10.302,0.05172413793103448,D second,5,5,0,0,0,0,0.0,0.0,0.0,0,0,0,0.0,0.0,0.0,70.6,75.7,-5.1000000000000085,69.6,71.4,-1.8000000000000114,-1.0,-4.299999999999997,3.299999999999997,0.060606060606062336,-0.27272727272727515,0.3333333333333375,-0.5000000000000017,0.2999999999999928,-0.7999999999999945,-0.560606060606064,0.5727272727272679,-1.133333333333332,0.0,0.0,0.0,1.0,1.0,0.0
0C08,P1,2,2025-07-21 14:28:11.610000+00:00,7.428,0.0812807881773399,D second,2,2,0,0,0,0,0.0,0.0,0.0,0,0,0,0.0,0.0,0.0,68.6,71.4,-2.8000000000000114,68.2,71.0,-2.799999999999997,-0.3999999999999915,-0.4000000000000057,1.4210854715202004e-14,-0.12121212121212188,0.06060606060606167,-0.18181818181818354,0.1999999999999962,-0.4000000000000068,0.600000000000003,0.32121212121211806,-0.46060606060606846,0.7818181818181865,0.0,0.0,0.0,1.0,1.0,0.0
0C08,P1,5,2025-07-21 14:28:41.460000+00:00,9.986,0.15270935960591134,D second,4,4,0,0,0,0,0.0,0.0,0.0,0,0,0,0.0,0.0,0.0,74.6,72.5,2.0999999999999943,71.6,74.4,-2.8000000000000114,-3.0,1.9000000000000057,-4.900000000000006,-0.21818181818181528,-0.3212121212121197,0.10303030303030439,-1.1000000000000052,0.19999999999998863,-1.2999999999999938,-0.8818181818181899,0.5212121212121084,-1.4030303030302984,0.4,0.0,0.4,1.0,1.0,0.0
0C08,P1,7,2025-07-21 14:29:02.530000+00:00,16.535,0.20689655172413793,D second,10,10,0,0,0,0,0.0,0.0,0.0,0,0,0,0.0,0.0,0.0,69.2,71.9,-2.700000000000003,67.8,70.4,-2.6000000000000085,-1.4000000000000057,-1.5,0.09999999999999432,-0.484848484848484,-0.2727272727272714,-0.2121212121212126,0.49999999999999123,0.09999999999999704,0.3999999999999942,0.9848484848484752,0.3727272727272684,0.6121212121212067,0.0,0.0,0.0,1.0,1.0,0.0
0C08,P1,10,2025-07-21 14:29:29.537000+00:00,9.982,0.2733990147783251,D second,4,4,0,0,0,0,0.0,0.0,0.0,0,0,0,0.0,0.0,0.0,67.5,72.5,-5.0,69.2,74.6,-5.3999999999999915,1.7000000000000028,2.0999999999999943,-0.3999999999999915,0.15151515151515094,0.43030303030303024,-0.2787878787878793,0.7999999999999988,0.6999999999999945,0.10000000000000431,0.6484848484848479,0.2696969696969643,0.3787878787878836,0.0,0.2,-0.2,1.0,1.0,0.0
0C08,P1,12,2025-07-21 14:29:48.741000+00:00,10.492,0.32019704433497537,D second,5,5,0,0,0,0,0.0,0.0,0.0,0,0,0,0.0,0.0,0.0,71.5,73.4,-1.9000000000000057,71.2,72.2,-1.0,-0.29999999999999716,-1.2000000000000028,0.9000000000000057,0.10303030303030339,-0.5454545454545449,0.6484848484848482,-0.2000000000000072,0.7999999999999873,-0.9999999999999944,-0.3030303030303106,1.3454545454545321,-1.6484848484848427,0.0,0.0,0.0,1.0,1.0,0.0
0C08,P1,15,2025-07-21 14:30:21.414000+00:00,7.652,0.39901477832512317,D second,2,2,0,0,0,0,0.0,0.0,0.0,0,0,0,0.0,0.0,0.0,70.6,69.5,1.0999999999999943,69.2,69.8,-0.5999999999999943,-1.3999999999999915,0.29999999999999716,-1.6999999999999886,0.14545454545454423,0.054545454545454265,0.09090909090908997,-0.2000000000000007,0.4999999999999907,-0.6999999999999914,-0.3454545454545449,0.4454545454545364,-0.7909090909090812,0.0,0.0,0.0,1.0,1.0,0.0
0C08,P1,16,2025-07-21 14:30:30.982000+00:00,9.228,0.4236453201970443,D second,4,4,0,0,0,0,0.0,0.0,0.0,0,0,0,0.0,0.0,0.0,69.1,70.4,-1.3000000000000114,69.6,72.4,-2.8000000000000114,0.5,2.0,-1.5,-0.05454545454545401,0.3151515151515163,-0.3696969696969703,0.2999999999999904,0.29999999999999566,-5.2735593669694936e-15,0.3545454545454444,-0.015151515151520634,0.369696969696965,0.0,0.0,0.0,1.0,1.0,0.0
0C08,P1,17,2025-07-21 14:30:41.883000+00:00,7.108,0.45073891625615764,D second,2,2,0,0,0,0,0.0,0.0,0.0,0,0,0,0.0,0.0,0.0,69.7,72.5,-2.799999999999997,70.4,70.2,0.20000000000000284,0.7000000000000028,-2.299999999999997,3.0,-0.018181818181815315,-0.05454545454545296,0.036363636363637646,0.49999999999998823,-0.20000000000000562,0.6999999999999938,0.5181818181818035,-0.14545454545455266,0.6636363636363563,0.0,0.0,0.0,1.0,1.0,0.0
0C08,P1,18,2025-07-21 14:30:50.320000+00:00,9.177,0.47044334975369456,D second,4,4,0,0,0,0,0.0,0.0,0.0,0,1,-1,0.0,3.0,-3.0,70.4,70.7,-0.29999999999999716,72.6,70.8,1.7999999999999972,2.1999999999999886,0.09999999999999432,2.0999999999999943,0.21818181818181634,-0.054545454545452114,0.27272727272726843,0.4999999999999977,-0.2000000000000125,0.7000000000000102,0.2818181818181814,-0.14545454545456038,0.4272727272727418,0.4,0.0,0.4,1.0,1.0,0.0
0C08,P1,19,2025-07-21 14:31:00.959000+00:00,8.27,0.4975369458128079,D second,3,3,0,0,0,0,0.0,0.0,0.0,0,0,0,0.0,0.0,0.0,73.7,70.7,3.0,73.6,70.0,3.5999999999999943,-0.10000000000000853,-0.7000000000000028,0.5999999999999943,0.22424242424242538,0.05454545454545807,0.16969696969696732,0.29999999999998933,-1.2000000000000104,1.4999999999999998,0.07575757575756395,-1.2545454545454684,1.3303030303030323,1.0,0.0,1.0,1.0,1.0,0.0
0C08,P1,20,2025-07-21 14:31:12.160000+00:00,7.131,0.5246305418719212,D second,2,2,0,0,0,0,0.0,0.0,0.0,0,0,0,0.0,0.0,0.0,72.3,69.1,3.200000000000003,69.8,66.2,3.5999999999999943,-2.5,-2.8999999999999915,0.3999999999999915,-0.5151515151515149,-0.2121212121212122,-0.3030303030303027,0.1999999999999992,-0.5000000000000093,0.7000000000000085,0.7151515151515141,-0.2878787878787971,1.0030303030303112,0.0,0.0,0.0,1.0,1.0,0.0
0C08,P1,21,2025-07-21 14:31:22.152000+00:00,7.315,0.5492610837438424,D second,2,2,0,0,0,0,0.0,0.0,0.0,0,0,0,0.0,0.0,0.0,69.8,65.6,4.200000000000003,71.0,65.2,5.799999999999997,1.2000000000000028,-0.3999999999999915,1.5999999999999943,0.048484848484849775,-0.24242424242424387,0.29090909090909367,0.5999999999999964,0.20000000000000093,0.39999999999999547,0.5515151515151466,0.44242424242424483,0.1090909090909018,0.0,0.0,0.0,1.0,1.0,0.0
0C08,P1,22,2025-07-21 14:31:31.472000+00:00,7.655,0.5714285714285714,D second,2,2,0,0,0,0,0.0,0.0,0.0,0,0,0,0.0,0.0,0.0,70.8,66.0,4.799999999999997,70.4,69.4,1.0,-0.3999999999999915,3.4000000000000057,-3.799999999999997,0.048484848484848755,0.37575757575757834,-0.3272727272727296,-0.3000000000000072,0.4999999999999924,-0.7999999999999996,-0.34848484848485595,0.12424242424241405,-0.47272727272727,0.0,0.0,0.0,1.0,1.0,0.0
0C08,P1,23,2025-07-21 14:31:41.869000+00:00,7.58,0.5985221674876847,D second,2,2,0,0,0,0,0.0,0.0,0.0,0,0,0,0.0,0.0,0.0,70.4,71.7,-1.2999999999999972,69.2,74.2,-5.0,-1.2000000000000028,2.5,-3.700000000000003,2.8546230760916566e-15,0.6242424242424269,-0.624242424242424,-0.2000000000000007,0.1999999999999975,-0.39999999999999825,-0.20000000000000356,-0.4242424242424294,0.22424242424242585,0.0,0.0,0.0,1.0,1.0,0.0
0C08,P1,25,2025-07-21 14:32:02.415000+00:00,8.139,0.6477832512315271,D second,3,3,0,0,0,0,0.0,0.0,0.0,0,0,0,0.0,0.0,0.0,71.0,73.2,-2.200000000000003,70.4,72.2,-1.7999999999999972,-0.5999999999999943,-1.0,0.4000000000000057,-0.048484848484844904,-0.060606060606059706,0.012121212121214801,0.39999999999999447,0.39999999999999203,2.4424906541753444e-15,0.4484848484848394,0.46060606060605175,-0.012121212121212366,0.0,0.0,0.0,1.0,1.0,0.0
0C08,P1,26,2025-07-21 14:32:11.926000+00:00,7.061,0.6724137931034483,D second,2,2,0,0,0,0,0.0,0.0,0.0,0,0,0,0.0,0.0,0.0,69.8,72.5,-2.700000000000003,66.6,70.6,-4.0,-3.200000000000003,-1.9000000000000057,-1.2999999999999972,-0.2666666666666642,0.11515151515151237,-0.3818181818181766,-0.10000000000000317,-0.10000000000000502,1.8457457784393227e-15,0.16666666666666105,-0.21515151515151737,0.3818181818181784,0.0,0.0,0.0,1.0,1.0,0.0
0C08,P1,27,2025-07-21 14:32:20.260000+00:00,8.731,0.6921182266009852,D second,3,3,0,0,0,0,0.0,0.0,0.0,0,0,0,0.0,0.0,0.0,66.9,71.5,-4.599999999999994,67.0,71.6,-4.599999999999994,0.09999999999999432,0.09999999999999432,0.0,-0.054545454545454265,0.030303030303031643,-0.08484848484848591,-5.157354486200773e-15,-0.3000000000000024,0.2999999999999972,0.05454545454544911,-0.33030303030303404,0.38484848484848316,0.0,0.0,0.0,1.0,1.0,0.0
0C08,P1,28,2025-07-21 14:32:30.670000+00:00,8.253,0.7192118226600985,D second,3,3,0,0,0,0,0.0,0.0,0.0,0,0,0,0.0,0.0,0.0,67.3,70.1,-2.799999999999997,69.6,67.2,2.3999999999999915,2.299999999999997,-2.8999999999999915,5.199999999999989,0.1515151515151508,-0.4424242424242421,0.5939393939393929,-1.4436565026872696e-15,0.19999999999999107,-0.19999999999999252,-0.15151515151515224,0.6424242424242332,-0.7939393939393855,0.0,0.0,0.0,1.0,1.0,0.0
0C08,P1,29,2025-07-21 14:32:40.552000+00:00,18.593,0.7438423645320197,D second,10,10,0,0,0,0,0.0,0.0,0.0,0,0,0,0.0,0.0,0.0,69.8,68.6,1.2000000000000028,70.8,70.6,0.20000000000000284,1.0,2.0,-1.0,0.06060606060606132,0.49696969696969895,-0.4363636363636376,-0.2000000000000125,-0.30000000000000154,0.09999999999998904,-0.26060606060607383,-0.7969696969697004,0.5363636363636266,0.0,0.0,0.0,1.0,1.0,0.0
0C08,P1,31,2025-07-21 14:33:00.604000+00:00,8.384,0.7931034482758621,D second,3,3,0,0,0,0,0.0,0.0,0.0,0,0,0,0.0,0.0,0.0,67.9,71.6,-3.6999999999999886,68.8,71.4,-2.6000000000000085,0.8999999999999915,-0.19999999999998863,1.09999999999998,0.07878787878787694,0.02424242424242604,0.0545454545454509,-0.20000000000000343,-0.5000000000000104,0.30000000000000704,-0.27878787878788036,-0.5242424242424365,0.24545454545455614,0.0,0.0,0.0,1.0,1.0,0.0
0C08,P1,32,2025-07-21 14:33:10.294000+00:00,8.338,0.8152709359605911,D second,3,3,0,0,0,0,0.0,0.0,0.0,0,0,0,0.0,0.0,0.0,68.2,70.5,-2.299999999999997,67.0,69.0,-2.0,-1.2000000000000028,-1.5,0.29999999999999716,-0.3030303030303015,-0.44242424242424605,0.13939393939394457,0.39999999999999386,-9.047974495884499e-15,0.4000000000000029,0.7030303030302953,0.442424242424237,0.26060606060605834,0.0,0.0,0.0,1.0,1.0,0.0
0C08,P1,33,2025-07-21 14:33:20.118000+00:00,10.092,0.8399014778325123,D second,5,5,0,0,0,0,0.0,0.0,0.0,0,0,0,0.0,0.0,0.0,68.7,69.2,-0.5,71.6,70.0,1.5999999999999943,2.8999999999999915,0.7999999999999972,2.0999999999999943,0.6242424242424263,0.09696969696969754,0.5272727272727287,-1.979819507986151e-15,-2.8297179244132793e-15,8.498984164271284e-16,-0.6242424242424283,-0.09696969696970037,-0.5272727272727279,0.0,0.0,0.0,1.0,1.0,0.0
0C08,P1,35,2025-07-21 14:33:40.385000+00:00,18.407,0.8891625615763546,D second,10,10,0,0,0,0,0.0,0.0,0.0,0,0,0,0.0,0.0,0.0,69.0,71.0,-2.0,71.0,68.6,2.4000000000000057,2.0,-2.4000000000000057,4.400000000000006,-0.012121212121212283,1.5655721635298817e-15,-0.012121212121213847,-0.6000000000000052,-0.5000000000000139,-0.09999999999999132,-0.5878787878787929,-0.5000000000000154,-0.08787878787877745,0.0,0.0,0.0,1.0,1.0,0.0
0C09,P1,9,2025-07-23 13:40:10.008000+00:00,8.854,0.23741007194244604,D second,3,3,0,0,0,0,0.0,0.0,0.0,0,0,0,0.0,0.0,0.0,59.0,59.1,-0.10000000000000142,61.6,59.6,2.0,2.6000000000000014,0.5,2.1000000000000014,-0.2181818181818172,-0.10303030303030314,-0.11515151515151406,0.8999999999999929,0.899999999999995,-2.1094237467877974e-15,1.1181818181818102,1.003030303030298,0.11515151515151212,0.0,0.0,0.0,1.0,1.0,0.0
0C09,P1,10,2025-07-23 13:40:20.237000+00:00,8.289,0.26139088729016785,D second,3,3,0,0,0,0,0.0,0.0,0.0,0,0,0,0.0,0.0,0.0,62.7,60.3,2.4000000000000057,67.0,61.0,6.0,4.299999999999997,0.7000000000000028,3.5999999999999943,0.503030303030307,0.4909090909090917,0.012121212121215363,0.5999999999999938,-5.383478925215814e-15,0.5999999999999991,0.09696969696968671,-0.49090909090909707,0.5878787878787838,1.0,0.0,1.0,1.0,1.0,0.0
0C09,P1,11,2025-07-23 13:40:29.441000+00:00,9.351,0.2829736211031175,D second,4,4,0,0,0,0,0.0,0.0,0.0,0,0,0,0.0,0.0,0.0,67.5,60.9,6.600000000000001,64.8,59.8,5.0,-2.700000000000003,-1.1000000000000014,-1.6000000000000014,0.4545454545454551,-0.24848484848484642,0.7030303030303016,-1.5000000000000095,0.1999999999999938,-1.7000000000000033,-1.9545454545454646,0.4484848484848402,-2.4030303030303046,0.6,0.0,0.6,1.0,1.0,0.0
0C09,P1,12,2025-07-23 13:40:40.503000+00:00,8.084,0.3117505995203837,D second,3,3,0,0,0,0,0.0,0.0,0.0,0,0,0,0.0,0.0,0.0,61.2,60.4,0.8000000000000043,61.2,62.8,-1.5999999999999943,0.0,2.3999999999999986,-2.3999999999999986,-0.42424242424242214,0.20606060606060486,-0.630303030303027,0.1999999999999934,1.0999999999999956,-0.9000000000000022,0.6242424242424156,0.8939393939393908,-0.2696969696969752,0.0,0.4,-0.4,1.0,1.0,0.0
0C09,P1,13,2025-07-23 13:40:49.345000+00:00,9.921,0.33093525179856115,D second,4,4,0,0,0,0,0.0,0.0,0.0,0,0,0,0.0,0.0,0.0,61.6,62.7,-1.1000000000000014,61.2,61.6,-0.3999999999999986,-0.3999999999999986,-1.1000000000000014,0.7000000000000028,0.3272727272727279,0.5757575757575764,-0.24848484848484848,-0.5000000000000059,-0.9000000000000108,0.4000000000000049,-0.8272727272727338,-1.4757575757575871,0.6484848484848533,0.0,0.2,-0.2,1.0,1.0,0.0
0C09,P1,14,2025-07-23 13:41:00.220000+00:00,8.973,0.35731414868105515,D second,3,3,0,0,0,0,0.0,0.0,0.0,0,0,0,0.0,0.0,0.0,59.1,61.5,-2.3999999999999986,56.8,60.6,-3.8000000000000043,-2.3000000000000043,-0.8999999999999986,-1.4000000000000057,-0.5515151515151492,-0.43030303030303213,-0.12121212121211705,-0.20000000000000084,-0.300000000000007,0.10000000000000614,0.35151515151514834,0.13030303030302515,0.2212121212121232,0.0,0.0,0.0,1.0,1.0,0.0
0C09,P1,15,2025-07-23 13:41:10.375000+00:00,8.115,0.381294964028777,D second,3,3,0,0,0,0,0.0,0.0,0.0,0,0,0,0.0,0.0,0.0,57.1,60.3,-3.1999999999999957,59.8,60.0,-0.20000000000000284,2.6999999999999957,-0.29999999999999716,2.999999999999993,0.1272727272727284,-0.19999999999999865,0.32727272727272705,0.1999999999999938,0.39999999999999675,-0.20000000000000295,0.0727272727272654,0.5999999999999954,-0.52727272727273,0.0,0.0,0.0,1.0,1.0,0.0
0C09,P1,16,2025-07-23 13:41:19.771000+00:00,8.919,0.4052757793764988,D second,3,3,0,0,0,0,0.0,0.0,0.0,0,0,0,0.0,0.0,0.0,61.1,60.3,0.8000000000000043,62.6,62.0,0.6000000000000014,1.5,1.7000000000000028,-0.20000000000000284,0.5515151515151533,0.2727272727272715,0.2787878787878818,-1.0000000000000102,-9.998358086562775e-16,-1.000000000000009,-1.5515151515151635,-0.2727272727272725,-1.278787878787891,0.4,0.0,0.4,1.0,1.0,0.0
0C09,P1,17,2025-07-23 13:41:29.816000+00:00,9.794,0.4292565947242206,D second,4,4,0,0,0,0,0.0,0.0,0.0,0,0,0,0.0,0.0,0.0,60.3,61.8,-1.5,60.0,60.6,-0.6000000000000014,-0.29999999999999716,-1.1999999999999957,0.8999999999999986,-0.8181818181818155,-0.04848484848484788,-0.7696969696969675,0.7999999999999933,-0.300000000000007,1.1000000000000003,1.6181818181818088,-0.25151515151515913,1.8696969696969679,0.0,0.0,0.0,1.0,1.0,0.0
0C09,P1,19,2025-07-23 13:41:50.076000+00:00,8.599,0.47721822541966424,D second,3,3,0,0,0,0,0.0,0.0,0.0,0,0,0,0.0,0.0,0.0,59.7,61.4,-1.6999999999999957,61.0,63.0,-2.0,1.2999999999999972,1.6000000000000014,-0.30000000000000426,0.20000000000000226,0.4727272727272748,-0.2727272727272726,-5.383478925215814e-15,-4.085028475603011e-15,-1.298450449612803e-15,-0.20000000000000764,-0.47272727272727894,0.27272727272727126,0.0,0.0,0.0,1.0,1.0,0.0
0C09,P1,20,2025-07-23 13:41:59.517000+00:00,10.669,0.5011990407673861,D second,5,5,0,0,0,0,0.0,0.0,0.0,0,0,0,0.0,0.0,0.0,60.9,63.1,-2.200000000000003,61.4,61.4,0.0,0.5,-1.7000000000000028,2.200000000000003,-0.04242424242424294,0.030303030303031723,-0.07272727272727467,0.29999999999999255,-0.4000000000000105,0.7000000000000031,0.34242424242423547,-0.43030303030304223,0.7727272727272777,0.0,0.0,0.0,1.0,1.0,0.0
0C09,P1,21,2025-07-23 13:42:11.116000+00:00,10.639,0.5275779376498801,D second,5,5,0,0,0,0,0.0,0.0,0.0,0,0,0,0.0,0.0,0.0,62.1,61.4,0.7000000000000028,60.4,61.8,-1.3999999999999986,-1.7000000000000028,0.3999999999999986,-2.1000000000000014,0.22424242424242635,-0.012121212121211183,0.23636363636363752,-0.6000000000000045,-0.20000000000000132,-0.40000000000000324,-0.8242424242424309,-0.18787878787879014,-0.6363636363636407,0.0,0.0,0.0,1.0,1.0,0.0
0C09,P1,23,2025-07-23 13:42:29.553000+00:00,9.361,0.5731414868105515,D second,4,4,0,0,0,0,0.0,0.0,0.0,0,0,0,0.0,0.0,0.0,60.0,58.8,1.2000000000000028,61.0,60.0,1.0,1.0,1.2000000000000028,-0.20000000000000284,0.43636363636363906,-0.07272727272727442,0.5090909090909135,-1.0000000000000095,-6.412665037390505e-15,-1.000000000000003,-1.4363636363636485,0.072727272727268,-1.5090909090909166,0.0,0.0,0.0,1.0,1.0,0.0
0C09,P1,24,2025-07-23 13:42:40.714000+00:00,7.698,0.5995203836930456,D second,2,2,0,0,0,0,0.0,0.0,0.0,0,0,0,0.0,0.0,0.0,59.5,60.4,-0.8999999999999986,59.0,61.8,-2.799999999999997,-0.5,1.3999999999999986,-1.8999999999999986,-0.27272727272727143,0.1454545454545443,-0.41818181818181577,-7.329371407955073e-16,0.19999999999999585,-0.19999999999999657,0.2727272727272707,0.05454545454545154,0.21818181818181917,0.0,0.0,0.0,1.0,1.0,0.0
0C09,P1,25,2025-07-23 13:42:49.235000+00:00,9.643,0.6187050359712231,D second,4,4,0,0,1,-1,0.0,5.0,-5.0,1,1,0,3.0,5.0,-2.0,58.7,61.9,-3.1999999999999957,57.2,64.4,-7.200000000000003,-1.5,2.500000000000007,-4.000000000000007,-0.12727272727272831,0.2969696969696951,-0.4242424242424234,-0.2000000000000074,-0.8000000000000043,0.5999999999999969,-0.07272727272727908,-1.0969696969696994,1.0242424242424204,0.0,0.8,-0.8,1.0,1.0,0.0
0C09,P1,26,2025-07-23 13:42:59.908000+00:00,9.37,0.645083932853717,D second,4,4,0,0,0,0,0.0,0.0,0.0,0,0,0,0.0,0.0,0.0,57.0,63.0,-6.0,56.6,62.0,-5.399999999999999,-0.3999999999999986,-1.0,0.6000000000000014,-3.735669112657809e-18,-0.5454545454545439,0.5454545454545439,-0.10000000000000676,-0.19999999999999937,0.09999999999999261,-0.10000000000000676,0.34545454545454446,-0.4454545454545512,0.0,0.0,0.0,1.0,1.0,0.0
0C09,P1,27,2025-07-23 13:43:10.292000+00:00,8.437,0.6690647482014388,D second,3,3,0,0,0,0,0.0,0.0,0.0,0,0,0,0.0,0.0,0.0,57.0,60.8,-3.799999999999997,57.4,60.4,-3.0,0.3999999999999986,-0.3999999999999986,0.7999999999999972,0.14545454545454758,-0.46060606060605935,0.606060606060607,-0.30000000000000904,0.4999999999999939,-0.8000000000000029,-0.44545454545455665,0.9606060606060532,-1.4060606060606098,0.0,0.0,0.0,1.0,1.0,0.0
0C09,P1,28,2025-07-23 13:43:19.594000+00:00,11.394,0.6930455635491607,D second,6,6,0,0,0,0,0.0,0.0,0.0,0,0,0,0.0,0.0,0.0,57.7,60.3,-2.5999999999999943,57.6,61.0,-3.3999999999999986,-0.10000000000000142,0.7000000000000028,-0.8000000000000043,0.12727272727272687,0.27272727272727704,-0.14545454545455017,-0.3000000000000075,-5.383478925215814e-15,-0.3000000000000021,-0.42727272727273435,-0.2727272727272824,-0.15454545454545193,0.0,0.0,0.0,1.0,1.0,0.0
0C09,P1,30,2025-07-23 13:43:39.674000+00:00,9.43,0.7410071942446043,D second,4,4,0,0,0,0,0.0,0.0,0.0,0,1,-1,0.0,3.0,-3.0,57.6,64.2,-6.600000000000001,60.8,67.0,-6.200000000000003,3.1999999999999957,2.799999999999997,0.3999999999999986,-0.33939393939393947,0.6909090909090926,-1.030303030303032,0.7999999999999893,-5.157354486200773e-15,0.7999999999999944,1.1393939393939287,-0.6909090909090977,1.8303030303030265,0.0,1.0,-1.0,1.0,1.0,0.0
0C09,P1,31,2025-07-23 13:43:50.007000+00:00,9.116,0.7649880095923262,D second,4,4,0,0,0,0,0.0,0.0,0.0,0,0,0,0.0,0.0,0.0,61.4,67.4,-6.000000000000007,61.6,69.6,-7.999999999999993,0.20000000000000284,2.1999999999999886,-1.9999999999999858,0.27878787878788003,0.14545454545454653,0.1333333333333335,-0.30000000000000854,0.8999999999999934,-1.200000000000002,-0.5787878787878886,0.7545454545454469,-1.3333333333333355,0.0,1.0,-1.0,1.0,1.0,0.0
0C09,P1,32,2025-07-23 13:44:00.001000+00:00,11.633,0.7889688249400479,D second,6,6,0,0,0,0,0.0,0.0,0.0,0,0,0,0.0,0.0,0.0,61.1,69.5,-8.399999999999999,64.6,62.8,1.7999999999999972,3.499999999999993,-6.700000000000003,10.199999999999996,-0.1272727272727271,0.33333333333333176,-0.46060606060605885,-1.1018735748120675e-14,-1.3000000000000085,1.2999999999999974,0.12727272727271607,-1.6333333333333402,1.7606060606060563,1.0,0.4,0.6,1.0,1.0,0.0
0C09,P1,34,2025-07-23 13:44:20.392000+00:00,8.854,0.8369304556354916,D second,3,3,0,0,0,0,0.0,0.0,0.0,0,0,0,0.0,0.0,0.0,58.2,63.8,-5.599999999999994,57.8,64.8,-7.0,-0.4000000000000057,1.0,-1.4000000000000057,-0.4484848484848461,-0.18181818181818069,-0.2666666666666654,-0.20000000000000132,0.7999999999999918,-0.9999999999999931,0.24848484848484478,0.9818181818181725,-0.7333333333333277,0.0,0.8,-0.8,1.0,1.0,0.0
0C09,P1,35,2025-07-23 13:44:31.009000+00:00,7.893,0.8633093525179856,D second,2,2,0,0,0,0,0.0,0.0,0.0,0,0,0,0.0,0.0,0.0,58.2,65.9,-7.700000000000003,59.4,68.0,-8.600000000000001,1.1999999999999957,2.0999999999999943,-0.8999999999999986,0.24242424242424288,0.4787878787878793,-0.23636363636363644,-0.5000000000000042,-0.8000000000000048,0.3000000000000006,-0.7424242424242471,-1.2787878787878841,0.536363636363637,0.0,1.0,-1.0,1.0,1.0,0.0
0C09,P1,36,2025-07-23 13:44:39.536000+00:00,12.583,0.8848920863309353,D second,7,7,0,0,0,0,0.0,0.0,0.0,0,0,0,0.0,0.0,0.0,59.5,67.1,-7.599999999999994,62.0,61.8,0.20000000000000284,2.5,-5.299999999999997,7.799999999999997,-0.018181818181814732,-0.3454545454545437,0.32727272727272894,-9.998358086562775e-16,0.2999999999999971,-0.2999999999999981,0.018181818181813733,0.6454545454545408,-0.6272727272727271,0.0,0.0,0.0,1.0,1.0,0.0
0C10,P1,4,2025-07-24 15:50:01.440000+00:00,9.616,0.1276595744680851,D second,4,4,0,0,0,0,0.0,0.0,0.0,1,0,1,5.0,0.0,5.0,72.8,66.0,6.799999999999997,70.4,67.4,3.0,-2.3999999999999915,1.4000000000000057,-3.799999999999997,-0.49696969696969534,0.49696969696969906,-0.9939393939393943,-0.10000000000000654,0.39999999999999586,-0.5000000000000024,0.3969696969696888,-0.0969696969697032,0.493939393939392,0.0,0.0,0.0,1.0,1.0,0.0
0C10,P1,5,2025-07-24 15:50:12.892000+00:00,16.831,0.1595744680851064,D second,10,10,0,0,0,0,0.0,0.0,0.0,0,0,0,0.0,0.0,0.0,70.4,67.4,3.0,69.4,72.2,-2.799999999999997,-1.0,4.799999999999997,-5.799999999999997,0.0363636363636356,0.10909090909091042,-0.07272727272727482,-0.2999999999999997,0.699999999999995,-0.9999999999999947,-0.3363636363636353,0.5909090909090845,-0.9272727272727198,0.0,0.0,0.0,1.0,1.0,0.0
0C10,P1,7,2025-07-24 15:50:31.166000+00:00,9.219,0.2074468085106383,D second,4,4,0,0,0,0,0.0,0.0,0.0,0,0,0,0.0,0.0,0.0,67.3,70.9,-3.6000000000000085,66.2,75.2,-9.0,-1.0999999999999943,4.299999999999997,-5.3999999999999915,-0.29696969696969394,0.7090909090909103,-1.0060606060606043,-0.7000000000000048,1.0999999999999848,-1.7999999999999896,-0.4030303030303109,0.39090909090907444,-0.7939393939393853,0.0,0.6,-0.6,1.0,1.0,0.0
0C10,P1,8,2025-07-24 15:50:41.226000+00:00,19.333,0.23404255319148937,D second,10,10,0,0,0,0,0.0,0.0,0.0,0,0,0,0.0,0.0,0.0,64.9,73.5,-8.599999999999994,64.6,77.6,-13.0,-0.30000000000001137,4.099999999999994,-4.400000000000006,-0.4181818181818161,0.3818181818181819,-0.799999999999998,-0.10000000000000632,0.29999999999998783,-0.39999999999999414,0.3181818181818098,-0.08181818181819406,0.40000000000000385,0.0,1.0,-1.0,1.0,1.0,0.0
0C10,P1,10,2025-07-24 15:51:01.575000+00:00,10.222,0.2898936170212766,D second,5,5,0,0,0,0,0.0,0.0,0.0,0,0,0,0.0,0.0,0.0,69.5,76.9,-7.400000000000006,70.4,76.6,-6.199999999999989,0.9000000000000057,-0.30000000000001137,1.200000000000017,0.26060606060606206,0.030303030303030637,0.23030303030303143,-1.12394632603475e-14,0.2999999999999909,-0.3000000000000021,-0.2606060606060733,0.2696969696969602,-0.5303030303030335,0.0,1.0,-1.0,1.0,1.0,0.0
0C10,P1,11,2025-07-24 15:51:13.374000+00:00,7.778,0.3191489361702128,D second,2,2,0,0,0,0,0.0,0.0,0.0,0,0,0,0.0,0.0,0.0,69.7,76.9,-7.200000000000003,67.6,75.4,-7.800000000000011,-2.1000000000000085,-1.5,-0.6000000000000085,-0.22424242424242097,-0.17575757575757198,-0.04848484848484899,0.49999999999998973,-0.40000000000000224,0.8999999999999919,0.7242424242424107,-0.22424242424243027,0.9484848484848409,0.0,1.0,-1.0,1.0,1.0,0.0
0C10,P1,13,2025-07-24 15:51:31.959000+00:00,7.76,0.3696808510638298,D second,2,2,0,0,0,0,0.0,0.0,0.0,0,0,0,0.0,0.0,0.0,70.8,75.7,-4.900000000000006,71.2,73.8,-2.5999999999999943,0.4000000000000057,-1.9000000000000057,2.3000000000000114,0.32727272727272827,-0.22424242424242227,0.5515151515151505,0.09999999999999652,-0.8000000000000076,0.9000000000000041,-0.22727272727273173,-0.5757575757575853,0.3484848484848536,0.0,0.4,-0.4,1.0,1.0,0.0
0C10,P1,14,2025-07-24 15:51:41.594000+00:00,7.862,0.3962765957446808,D second,2,2,0,0,0,0,0.0,0.0,0.0,0,0,0,0.0,0.0,0.0,70.5,74.8,-4.299999999999997,66.2,72.0,-5.799999999999997,-4.299999999999997,-2.799999999999997,-1.5,-0.2484848484848482,-0.16969696969697204,-0.07878787878787616,-0.8000000000000097,0.19999999999999576,-1.0000000000000056,-0.5515151515151615,0.3696969696969678,-0.9212121212121294,0.0,0.0,0.0,1.0,1.0,0.0
0C10,P1,15,2025-07-24 15:51:50.433000+00:00,8.874,0.4175531914893617,D second,3,3,0,0,0,0,0.0,0.0,0.0,0,0,0,0.0,0.0,0.0,66.4,73.8,-7.3999999999999915,66.8,72.8,-6.0,0.3999999999999915,-1.0,1.3999999999999915,-0.5212121212121203,-0.5333333333333333,0.012121212121212976,0.19999999999999427,0.19999999999999038,3.885780586188048e-15,0.7212121212121146,0.7333333333333237,-0.01212121212120909,0.0,0.0,0.0,1.0,1.0,0.0
0C10,P1,16,2025-07-24 15:52:00.080000+00:00,10.06,0.4441489361702128,D second,5,5,0,0,0,0,0.0,0.0,0.0,0,0,0,0.0,0.0,0.0,66.7,72.8,-6.099999999999994,64.8,74.0,-9.200000000000003,-1.9000000000000057,1.2000000000000028,-3.1000000000000085,-0.01818181818181575,-0.1575757575757551,0.13939393939393935,-1.1000000000000114,0.19999999999999188,-1.3000000000000034,-1.0818181818181956,0.357575757575747,-1.4393939393939426,0.0,0.2,-0.2,1.0,1.0,0.0
0C10,P1,17,2025-07-24 15:52:11.285000+00:00,18.363,0.4734042553191489,D second,10,10,0,0,0,0,0.0,0.0,0.0,0,0,0,0.0,0.0,0.0,64.1,73.0,-8.900000000000006,62.2,73.6,-11.399999999999991,-1.8999999999999915,0.5999999999999943,-2.499999999999986,-0.10303030303030426,0.3393939393939414,-0.44242424242424566,-1.3000000000000032,0.1000000000000024,-1.4000000000000055,-1.1969696969696988,-0.239393939393939,-0.9575757575757597,0.0,0.0,0.0,1.0,1.0,0.0
0C10,P1,19,2025-07-24 15:52:30.771000+00:00,8.898,0.526595744680851,D second,3,3,0,0,0,0,0.0,0.0,0.0,0,0,0,0.0,0.0,0.0,66.5,73.8,-7.299999999999997,63.8,70.8,-7.0,-2.700000000000003,-3.0,0.29999999999999716,-0.19999999999999732,-0.08484848484848506,-0.11515151515151226,0.2999999999999958,-0.3000000000000045,0.6000000000000003,0.4999999999999931,-0.21515151515151942,0.7151515151515125,0.0,0.0,0.0,1.0,1.0,0.0
0C10,P1,20,2025-07-24 15:52:40.708000+00:00,9.381,0.5531914893617021,D second,4,4,0,0,0,0,0.0,0.0,0.0,0,0,0,0.0,0.0,0.0,63.6,72.5,-8.899999999999999,64.8,71.4,-6.6000000000000085,1.1999999999999957,-1.0999999999999943,2.29999999999999,-0.1575757575757567,-0.4666666666666633,0.3090909090909066,1.3999999999999961,0.2999999999999928,1.1000000000000034,1.5575757575757527,0.7666666666666561,0.7909090909090967,0.0,0.0,0.0,1.0,1.0,0.0
0C10,P1,21,2025-07-24 15:52:51.245000+00:00,8.399,0.5797872340425532,D second,3,3,0,0,0,0,0.0,0.0,0.0,0,0,0,0.0,0.0,0.0,65.5,71.5,-6.0,68.4,71.2,-2.799999999999997,2.9000000000000057,-0.29999999999999716,3.200000000000003,0.357575757575757,-0.22424242424242216,0.5818181818181791,0.49999999999999734,-0.2000000000000072,0.7000000000000045,0.14242424242424034,0.02424242424241496,0.11818181818182538,0.0,0.0,0.0,1.0,1.0,0.0
0C10,P1,22,2025-07-24 15:53:00.578000+00:00,11.593,0.6063829787234043,D second,6,6,0,0,0,0,0.0,0.0,0.0,0,0,0,0.0,0.0,0.0,68.1,71.0,-2.9000000000000057,72.0,72.0,0.0,3.9000000000000057,1.0,2.9000000000000057,-0.042424242424241775,0.12121212121212244,-0.16363636363636422,1.0999999999999936,0.29999999999999,0.8000000000000036,1.1424242424242355,0.17878787878786756,0.9636363636363678,0.0,0.0,0.0,1.0,1.0,0.0
0C10,P1,23,2025-07-24 15:53:13.453000+00:00,7.412,0.6382978723404256,D second,2,2,0,0,0,0,0.0,0.0,0.0,0,0,0,0.0,0.0,0.0,69.5,71.6,-2.0999999999999943,67.6,71.4,-3.8000000000000114,-1.9000000000000057,-0.19999999999998863,-1.700000000000017,-0.830303030303031,0.10909090909091164,-0.9393939393939427,-1.3000000000000038,-0.5000000000000104,-0.7999999999999934,-0.46969696969697283,-0.6090909090909221,0.13939393939394928,0.0,0.0,0.0,1.0,1.0,0.0
0C10,P1,24,2025-07-24 15:53:21.932000+00:00,7.849,0.6622340425531915,D second,2,2,0,0,0,0,0.0,0.0,0.0,0,0,0,0.0,0.0,0.0,66.9,71.7,-4.799999999999997,66.6,68.8,-2.200000000000003,-0.30000000000001137,-2.9000000000000057,2.5999999999999943,-0.5151515151515136,0.07878787878787824,-0.5939393939393918,0.2999999999999966,-0.30000000000000837,0.600000000000005,0.8151515151515102,-0.3787878787878866,1.1939393939393967,0.0,0.0,0.0,1.0,1.0,0.0
0C10,P1,25,2025-07-24 15:53:30.693000+00:00,10.687,0.6861702127659575,D second,5,5,0,0,0,0,0.0,0.0,0.0,0,0,0,0.0,0.0,0.0,67.3,70.7,-3.4000000000000057,71.4,68.0,3.4000000000000057,4.1000000000000085,-2.700000000000003,6.800000000000011,0.4060606060606068,-0.5636363636363629,0.9696969696969697,-0.10000000000001069,-0.6000000000000064,0.4999999999999957,-0.5060606060606174,-0.03636363636364348,-0.46969696969697394,0.0,0.0,0.0,1.0,1.0,0.0
0C10,P1,26,2025-07-24 15:53:42.253000+00:00,18.363,0.7154255319148937,D second,10,10,0,0,0,0,0.0,0.0,0.0,0,0,0,0.0,0.0,0.0,71.0,69.1,1.9000000000000057,67.8,66.6,1.2000000000000028,-3.200000000000003,-2.5,-0.7000000000000028,-0.1454545454545464,-0.43030303030303074,0.28484848484848435,0.2999999999999955,0.09999999999999336,0.20000000000000212,0.4454545454545419,0.5303030303030241,-0.08484848484848218,0.0,0.0,0.0,1.0,1.0,0.0
0C10,P1,28,2025-07-24 15:54:01.556000+00:00,8.396,0.7686170212765957,D second,3,3,0,0,0,0,0.0,0.0,0.0,0,0,0,0.0,0.0,0.0,72.6,67.4,5.199999999999989,74.2,68.8,5.400000000000006,1.6000000000000085,1.3999999999999915,0.20000000000001705,0.9939393939393941,0.19393939393939721,0.7999999999999969,-0.20000000000000595,-0.8000000000000049,0.599999999999999,-1.1939393939394,-0.9939393939394021,-0.19999999999999796,0.2,0.0,0.2,1.0,1.0,0.0
0C10,P1,29,2025-07-24 15:54:10.749000+00:00,9.741,0.7925531914893617,D second,4,4,0,0,0,0,0.0,0.0,0.0,0,0,0,0.0,0.0,0.0,74.1,68.1,6.0,72.0,67.2,4.799999999999997,-2.0999999999999943,-0.8999999999999915,-1.2000000000000028,-0.24848484848484959,0.46666666666666584,-0.7151515151515154,-0.4000000000000042,-0.10000000000001007,-0.2999999999999941,-0.1515151515151546,-0.5666666666666759,0.41515151515152127,0.0,0.0,0.0,1.0,1.0,0.0
0C10,P1,30,2025-07-24 15:54:21.130000+00:00,18.173,0.8191489361702128,D second,10,10,0,0,0,0,0.0,0.0,0.0,0,0,0,0.0,0.0,0.0,70.7,68.3,2.4000000000000057,68.2,70.4,-2.200000000000003,-2.5,2.1000000000000085,-4.6000000000000085,-0.5272727272727257,-0.2969696969696966,-0.23030303030302907,0.1999999999999962,0.8999999999999907,-0.6999999999999945,0.7272727272727219,1.1969696969696872,-0.4696969696969654,0.0,0.0,0.0,1.0,1.0,0.0
0C10,P1,32,2025-07-24 15:54:40.010000+00:00,19.504,0.8696808510638298,D second,10,10,0,0,0,0,0.0,0.0,0.0,0,0,0,0.0,0.0,0.0,69.5,70.0,-0.5,71.6,73.2,-1.6000000000000085,2.0999999999999943,3.200000000000003,-1.1000000000000085,0.22424242424242666,0.6303030303030339,-0.40606060606060723,0.300000000000001,0.29999999999999255,8.43769498715119e-15,0.07575757575757433,-0.33030303030304137,0.40606060606061567,0.0,0.0,0.0,1.0,1.0,0.0
0C11,P1,0,2025-07-25 14:19:20.990000+00:00,8.604,0.013262599469496022,D second,3,3,0,0,0,0,0.0,0.0,0.0,0,0,0,0.0,0.0,0.0,83.6,85.6,-2.0,86.2,87.0,-0.7999999999999972,2.6000000000000085,1.4000000000000057,1.2000000000000028,-0.299999999999999,0.500000000000001,-0.8,1.2999999999999896,-7.294909498664275e-15,1.299999999999997,1.5999999999999885,-0.5000000000000083,2.099999999999997,0.0,0.0,0.0,1.0,1.0,0.0
0C11,P1,1,2025-07-25 14:19:29.867000+00:00,10.028,0.03713527851458886,D second,5,5,0,0,0,0,0.0,0.0,0.0,0,0,0,0.0,0.0,0.0,86.8,87.5,-0.7000000000000028,89.4,91.4,-2.0,2.6000000000000085,3.9000000000000057,-1.2999999999999972,0.6909090909090929,0.2242424242424273,0.4666666666666656,-0.5000000000000139,0.499999999999985,-0.9999999999999989,-1.190909090909107,0.2757575757575577,-1.4666666666666646,0.0,0.0,0.0,1.0,1.0,0.0
0C11,P1,2,2025-07-25 14:19:40.152000+00:00,9.343,0.0636604774535809,D second,4,4,0,0,0,0,0.0,0.0,0.0,0,0,0,0.0,0.0,0.0,88.0,92.5,-4.5,88.6,92.8,-4.200000000000003,0.5999999999999943,0.29999999999999716,0.29999999999999716,-0.4242424242424219,0.19999999999999943,-0.6242424242424214,0.0999999999999907,-0.20000000000000664,0.2999999999999973,0.5242424242424126,-0.4000000000000061,0.9242424242424188,0.0,0.0,0.0,1.0,1.0,0.0
0C11,P1,3,2025-07-25 14:19:49.642000+00:00,9.907,0.09018567639257294,D second,4,4,0,0,0,0,0.0,0.0,0.0,0,1,-1,0.0,1.0,-1.0,90.8,93.1,-2.299999999999997,99.8,94.0,5.799999999999997,9.0,0.9000000000000057,8.099999999999994,0.8969696969696972,0.15151515151515518,0.745454545454542,0.8999999999999851,-4.519755398001382e-15,0.8999999999999897,0.0030303030302879508,-0.1515151515151597,0.15454545454544766,1.0,0.0,1.0,1.0,1.0,0.0
0C11,P1,4,2025-07-25 14:19:59.714000+00:00,9.873,0.11671087533156499,D second,4,4,0,0,0,0,0.0,0.0,0.0,0,0,0,0.0,0.0,0.0,101.8,94.9,6.8999999999999915,105.0,96.0,9.0,3.200000000000003,1.0999999999999943,2.1000000000000085,0.7393939393939403,0.27272727272727304,0.46666666666666723,-8.896301505828895e-15,-1.3284675961543113e-14,4.388374455714218e-15,-0.7393939393939492,-0.2727272727272863,-0.46666666666666284,1.0,0.0,1.0,1.0,1.0,0.0
0C11,P1,5,2025-07-25 14:20:09.826000+00:00,9.452,0.14323607427055704,D second,4,4,0,0,0,0,0.0,0.0,0.0,0,1,-1,0.0,1.0,-1.0,103.4,95.9,7.5,99.8,92.4,7.3999999999999915,-3.6000000000000085,-3.5,-0.10000000000000853,-0.6303030303030263,-0.054545454545450664,-0.5757575757575756,0.49999999999998956,-1.3000000000000071,1.7999999999999967,1.1303030303030157,-1.2454545454545565,2.3757575757575724,1.0,0.0,1.0,1.0,1.0,0.0
0C11,P1,6,2025-07-25 14:20:19.502000+00:00,9.953,0.16976127320954906,D second,4,4,0,0,0,0,0.0,0.0,0.0,0,0,0,0.0,0.0,0.0,100.7,93.1,7.6000000000000085,102.0,94.4,7.599999999999994,1.2999999999999972,1.3000000000000114,-1.4210854715202004e-14,0.36969696969697835,0.4787878787878821,-0.10909090909090374,-1.920488829198436e-15,-6.665738594463971e-15,4.745249765265535e-15,-0.3696969696969803,-0.47878787878788875,0.10909090909090846,1.0,0.0,1.0,1.0,1.0,0.0
0C11,P1,7,2025-07-25 14:20:29.572000+00:00,9.785,0.1962864721485411,D second,4,4,0,0,0,0,0.0,0.0,0.0,0,0,0,0.0,0.0,0.0,102.3,96.9,5.3999999999999915,99.2,99.2,0.0,-3.0999999999999943,2.299999999999997,-5.3999999999999915,0.07878787878787936,0.7212121212121261,-0.6424242424242467,-0.80000000000001,-0.10000000000001144,-0.6999999999999986,-0.8787878787878894,-0.8212121212121375,-0.05757575757575195,1.0,1.0,0.0,1.0,1.0,0.0
0C11,P1,8,2025-07-25 14:20:39.489000+00:00,10.284,0.22015915119363394,D second,5,5,0,0,1,-1,0.0,1.0,-1.0,0,1,-1,0.0,1.0,-1.0,98.7,98.5,0.20000000000000284,99.0,99.2,-0.20000000000000284,0.29999999999999716,0.7000000000000028,-0.4000000000000057,-0.5515151515151503,-0.28484848484848085,-0.26666666666666944,0.9999999999999947,1.599999999999982,-0.5999999999999874,1.551515151515145,1.884848484848463,-0.33333333333331794,1.0,1.0,0.0,1.0,1.0,0.0
0C11,P1,9,2025-07-25 14:20:49.895000+00:00,9.908,0.2493368700265252,D second,4,4,0,0,1,-1,0.0,3.0,-3.0,0,1,-1,0.0,6.0,-6.0,99.2,101.4,-2.200000000000003,95.0,102.6,-7.599999999999994,-4.200000000000003,1.1999999999999886,-5.3999999999999915,-0.16969696969697143,0.0606060606060636,-0.23030303030303503,-8.364869839684698e-15,0.29999999999999416,-0.30000000000000254,0.16969696969696307,0.23939393939393055,-0.06969696969696748,1.0,1.0,0.0,1.0,1.0,0.0
0C11,P1,10,2025-07-25 14:20:59.939000+00:00,8.339,0.27586206896551724,D second,3,3,0,0,0,0,0.0,0.0,0.0,0,0,0,0.0,0.0,0.0,95.5,104.0,-8.5,95.4,105.0,-9.599999999999994,-0.09999999999999432,1.0,-1.0999999999999943,0.22424242424242224,0.3878787878787861,-0.16363636363636386,-0.5000000000000144,-8.896301505828895e-15,-0.5000000000000056,-0.7242424242424367,-0.387878787878795,-0.3363636363636417,1.0,1.0,0.0,1.0,1.0,0.0
0C11,P1,11,2025-07-25 14:21:10.519000+00:00,9.027,0.3050397877984085,D second,4,4,0,0,0,0,0.0,0.0,0.0,1,0,1,3.0,0.0,3.0,95.4,105.7,-10.299999999999997,98.0,108.2,-10.200000000000003,2.5999999999999943,2.5,0.09999999999999432,-0.024242424242421887,0.3333333333333335,-0.3575757575757554,0.5999999999999922,-0.5000000000000127,1.100000000000005,0.624242424242414,-0.8333333333333461,1.4575757575757602,1.0,1.0,0.0,1.0,1.0,0.0
0C11,P1,12,2025-07-25 14:21:19.699000+00:00,9.769,0.32891246684350134,D second,4,4,0,0,0,0,0.0,0.0,0.0,0,0,0,0.0,0.0,0.0,98.9,107.0,-8.099999999999994,101.0,99.6,1.4000000000000057,2.0999999999999943,-7.400000000000006,9.5,0.6969696969696951,-0.5818181818181805,1.2787878787878757,-1.7756964544526133e-14,-0.5000000000000041,0.49999999999998634,-0.6969696969697129,0.08181818181817635,-0.7787878787878892,1.0,1.0,0.0,1.0,1.0,0.0
0C11,P1,13,2025-07-25 14:21:29.749000+00:00,9.775,0.35543766578249336,D second,4,4,0,0,0,0,0.0,0.0,0.0,0,0,0,0.0,0.0,0.0,102.8,100.3,2.5,102.8,100.0,2.799999999999997,0.0,-0.29999999999999716,0.29999999999999716,0.6424242424242467,0.30909090909091097,0.3333333333333357,-1.0000000000000078,-0.2000000000000013,-0.8000000000000065,-1.6424242424242546,-0.5090909090909123,-1.1333333333333422,1.0,1.0,0.0,1.0,1.0,0.0
0C11,P1,14,2025-07-25 14:21:39.619000+00:00,9.957,0.3819628647214854,D second,4,4,0,0,0,0,0.0,0.0,0.0,0,0,0,0.0,0.0,0.0,102.1,100.2,1.8999999999999915,100.4,99.8,0.6000000000000085,-1.6999999999999886,-0.4000000000000057,-1.299999999999983,-0.27272727272727254,0.16969696969697082,-0.4424242424242434,-0.5000000000000115,-0.20000000000002138,-0.29999999999999016,-0.227272727272739,-0.3696969696969922,0.14242424242425317,1.0,1.0,0.0,1.0,1.0,0.0
0C11,P1,15,2025-07-25 14:21:49.680000+00:00,20.044,0.40848806366047746,D second,10,10,0,0,0,0,0.0,0.0,0.0,0,0,0,0.0,0.0,0.0,98.5,98.8,-0.29999999999999716,94.2,96.8,-2.5999999999999943,-4.299999999999997,-2.0,-2.299999999999997,-0.7212121212121223,-0.3272727272727273,-0.393939393939395,-0.2000000000000107,-0.20000000000000773,-2.9698465908722937e-15,0.5212121212121116,0.1272727272727196,0.393939393939392,1.0,0.8,0.19999999999999996,1.0,1.0,0.0
0C11,P1,17,2025-07-25 14:22:09.965000+00:00,9.742,0.46153846153846156,D second,4,4,0,0,0,0,0.0,0.0,0.0,0,0,0,0.0,0.0,0.0,90.6,100.1,-9.5,90.6,105.4,-14.800000000000011,0.0,5.300000000000011,-5.300000000000011,-0.3757575757575765,0.9151515151515154,-1.290909090909092,0.29999999999999266,0.30000000000000276,-1.0103029524088925e-14,0.6757575757575691,-0.6151515151515126,1.2909090909090817,0.0,1.0,-1.0,1.0,1.0,0.0
0C11,P1,18,2025-07-25 14:22:19.849000+00:00,9.849,0.4880636604774536,D second,4,4,0,0,0,0,0.0,0.0,0.0,0,0,0,0.0,0.0,0.0,91.6,106.5,-14.900000000000006,93.4,103.6,-10.199999999999989,1.8000000000000114,-2.9000000000000057,4.700000000000017,0.40000000000000235,0.23636363636363605,0.1636363636363663,-0.30000000000000515,-0.7000000000000217,0.40000000000001656,-0.7000000000000075,-0.9363636363636578,0.23636363636365032,1.0,1.0,0.0,1.0,1.0,0.0
0C11,P1,19,2025-07-25 14:22:29.947000+00:00,9.616,0.5145888594164456,D second,4,4,0,0,0,0,0.0,0.0,0.0,0,0,0,0.0,0.0,0.0,93.1,102.5,-9.400000000000006,95.6,102.0,-6.400000000000006,2.5,-0.5,3.0,-0.09090909090909433,-0.22424242424242247,0.13333333333332814,-8.544157535432259e-15,-1.920488829198436e-15,-6.623668706233823e-15,0.09090909090908578,0.22424242424242055,-0.13333333333333477,1.0,1.0,0.0,1.0,1.0,0.0
0C11,P1,20,2025-07-25 14:22:39.700000+00:00,10.137,0.5411140583554377,D second,5,5,0,0,0,0,0.0,0.0,0.0,0,0,0,0.0,0.0,0.0,96.2,102.0,-5.799999999999997,102.2,95.8,6.400000000000006,6.0,-6.200000000000003,12.200000000000003,0.3757575757575793,-0.10909090909091093,0.4848484848484902,-0.3000000000000034,-0.7000000000000098,0.40000000000000646,-0.6757575757575827,-0.5909090909090989,-0.08484848484848373,1.0,0.2,0.8,1.0,1.0,0.0
0C11,P1,21,2025-07-25 14:22:49.957000+00:00,9.556,0.5676392572944297,D second,4,4,0,0,0,0,0.0,0.0,0.0,0,0,0,0.0,0.0,0.0,100.2,94.8,5.400000000000006,100.8,88.4,12.399999999999991,0.5999999999999943,-6.3999999999999915,6.999999999999986,-0.6060606060606054,-0.29090909090908945,-0.31515151515151596,-0.200000000000001,-1.300000000000002,1.100000000000001,0.4060606060606044,-1.0090909090909126,1.415151515151517,1.0,0.0,1.0,1.0,1.0,0.0
0C11,P1,22,2025-07-25 14:22:59.671000+00:00,10.14,0.5941644562334217,D second,5,5,0,0,0,0,0.0,0.0,0.0,0,0,0,0.0,0.0,0.0,99.2,86.4,12.799999999999997,102.8,84.6,18.200000000000003,3.5999999999999943,-1.8000000000000114,5.400000000000006,-0.5090909090909035,-0.8000000000000015,0.290909090909098,0.1999999999999926,0.49999999999999045,-0.2999999999999978,0.7090909090908961,1.2999999999999918,-0.5909090909090957,1.0,0.0,1.0,1.0,1.0,0.0
0C11,P1,23,2025-07-25 14:23:09.964000+00:00,10.925,0.6206896551724138,D second,5,5,0,0,0,0,0.0,0.0,0.0,0,0,0,0.0,0.0,0.0,103.0,86.5,16.5,105.6,85.0,20.599999999999994,2.5999999999999943,-1.5,4.099999999999994,0.06060606060606227,0.5999999999999991,-0.5393939393939369,1.0999999999999894,-1.2000000000000046,2.299999999999994,1.039393939393927,-1.8000000000000038,2.839393939393931,1.0,0.0,1.0,1.0,1.0,0.0
0C11,P1,24,2025-07-25 14:23:21.018000+00:00,9.88,0.649867374005305,D second,4,4,0,0,0,0,0.0,0.0,0.0,1,1,0,3.0,3.0,0.0,106.7,85.5,21.200000000000003,104.6,86.8,17.799999999999997,-2.1000000000000085,1.2999999999999972,-3.4000000000000057,0.06666666666667256,0.5515151515151497,-0.4848484848484772,-0.30000000000000604,0.29999999999998483,-0.5999999999999909,-0.3666666666666786,-0.2515151515151649,-0.11515151515151367,1.0,0.0,1.0,1.0,1.0,0.0
0C11,P1,25,2025-07-25 14:23:31.039000+00:00,8.941,0.6763925729442971,D second,3,3,0,0,0,0,0.0,0.0,0.0,0,0,0,0.0,0.0,0.0,102.6,88.6,14.0,96.2,92.6,3.6000000000000085,-6.3999999999999915,4.0,-10.399999999999991,-0.7757575757575809,0.703030303030303,-1.4787878787878839,-0.8000000000000134,-0.10000000000001545,-0.699999999999998,-0.024242424242432503,-0.8030303030303184,0.7787878787878859,1.0,0.0,1.0,1.0,1.0,0.0
0C11,P1,26,2025-07-25 14:23:40.112000+00:00,9.893,0.7002652519893899,D second,4,4,0,0,0,0,0.0,0.0,0.0,0,0,0,0.0,0.0,0.0,96.5,92.5,4.0,96.4,91.8,4.6000000000000085,-0.09999999999999432,-0.7000000000000028,0.6000000000000085,-0.22424242424241947,-0.10303030303030071,-0.12121212121211876,-0.5000000000000085,0.7999999999999936,-1.300000000000002,-0.2757575757575891,0.9030303030302943,-1.1787878787878834,1.0,0.0,1.0,1.0,1.0,0.0
0C11,P1,27,2025-07-25 14:23:50.154000+00:00,9.879,0.726790450928382,D second,4,4,0,0,0,0,0.0,0.0,0.0,0,0,0,0.0,0.0,0.0,95.9,94.1,1.8000000000000114,92.6,102.0,-9.400000000000006,-3.3000000000000114,7.900000000000006,-11.200000000000017,-0.19999999999999613,0.80606060606061,-1.006060606060606,-0.49999999999999917,-1.920488829198436e-15,-0.4999999999999972,-0.30000000000000304,-0.8060606060606119,0.5060606060606089,0.4,1.0,-0.6,1.0,1.0,0.0
0C11,P1,28,2025-07-25 14:24:00.272000+00:00,9.726,0.753315649867374,D second,4,4,0,0,0,0,0.0,0.0,0.0,1,1,0,3.0,3.0,0.0,92.3,103.0,-10.700000000000003,93.4,102.8,-9.399999999999991,1.1000000000000085,-0.20000000000000284,1.3000000000000114,-0.15151515151514913,0.39999999999999936,-0.5515151515151485,1.0000000000000033,-0.9000000000000109,1.9000000000000141,1.1515151515151525,-1.3000000000000103,2.4515151515151627,0.6,1.0,-0.4,1.0,1.0,0.0
0C11,P1,29,2025-07-25 14:24:10.112000+00:00,9.574,0.7798408488063661,D second,4,4,0,0,0,0,0.0,0.0,0.0,0,0,0,0.0,0.0,0.0,94.5,102.6,-8.099999999999994,95.2,101.8,-6.599999999999994,0.7000000000000028,-0.7999999999999972,1.5,0.41818181818181993,0.024242424242421685,0.39393939393939825,0.19999999999998785,0.19999999999998713,7.216449660063518e-16,-0.21818181818183208,0.17575757575756545,-0.39393939393939753,1.0,1.0,0.0,1.0,1.0,0.0
0C11,P1,30,2025-07-25 14:24:19.828000+00:00,9.893,0.8063660477453581,D second,4,4,0,0,0,0,0.0,0.0,0.0,0,0,0,0.0,0.0,0.0,96.5,101.1,-4.599999999999994,100.0,97.2,2.799999999999997,3.5,-3.8999999999999915,7.3999999999999915,0.44242424242424533,-0.36969696969696586,0.8121212121212111,0.7999999999999863,-0.20000000000000423,0.9999999999999905,0.35757575757574095,0.16969696969696163,0.18787878787877932,1.0,1.0,0.0,1.0,1.0,0.0
0C11,P1,31,2025-07-25 14:24:29.858000+00:00,9.845,0.8328912466843501,D second,4,4,0,0,0,0,0.0,0.0,0.0,0,0,0,0.0,0.0,0.0,100.4,97.5,2.9000000000000057,99.2,95.2,4.0,-1.2000000000000028,-2.299999999999997,1.0999999999999943,0.20606060606060705,0.22424242424242574,-0.018181818181818687,-0.2000000000000078,-0.20000000000001558,7.771561172376096e-15,-0.4060606060606149,-0.4242424242424413,0.018181818181826404,1.0,0.0,1.0,1.0,1.0,0.0
0C11,P1,32,2025-07-25 14:24:39.792000+00:00,10.442,0.8594164456233422,D second,5,5,0,0,0,0,0.0,0.0,0.0,0,1,-1,0.0,1.0,-1.0,98.8,96.9,1.8999999999999915,99.4,100.6,-1.1999999999999886,0.6000000000000085,3.6999999999999886,-3.09999999999998,-0.1818181818181836,0.6242424242424242,-0.8060606060606077,-0.30000000000001087,0.09999999999999633,-0.4000000000000072,-0.11818181818182727,-0.5242424242424278,0.40606060606060057,1.0,1.0,0.0,1.0,1.0,0.0
0C11,P1,33,2025-07-25 14:24:50.357000+00:00,9.537,0.8859416445623343,D second,4,4,0,0,0,0,0.0,0.0,0.0,0,0,0,0.0,0.0,0.0,99.7,100.8,-1.0999999999999943,99.4,96.8,2.6000000000000085,-0.29999999999999716,-4.0,3.700000000000003,0.05454545454545948,0.07272727272728248,-0.018181818181822997,-0.30000000000001087,-1.4999999999999982,1.1999999999999873,-0.3545454545454704,-1.5727272727272807,1.2181818181818103,1.0,0.6,0.4,1.0,1.0,0.0
0D01,P2,1,2025-07-10 07:18:45.977000+00:00,17.15,0.04,D first,10,10,0,0,0,0,0.0,0.0,0.0,0,0,0,0.0,0.0,0.0,88.5,87.5,1.0,95.8,86.8,9.0,7.299999999999997,-0.7000000000000028,8.0,0.7939393939393937,0.36969696969697347,0.42424242424242026,-8.097305584190393e-15,-0.20000000000000978,0.20000000000000168,-0.7939393939394018,-0.5696969696969832,-0.22424242424241858,0.0,0.0,0.0,1.0,1.0,0.0
0D01,P2,3,2025-07-10 07:19:04.657000+00:00,8.107,0.0875,D first,3,3,0,0,0,0,0.0,0.0,0.0,0,0,0,0.0,0.0,0.0,103.2,91.7,11.5,108.4,94.4,14.0,5.200000000000003,2.700000000000003,2.5,0.7272727272727275,0.5272727272727223,0.20000000000000517,0.2999999999999817,0.29999999999998334,-1.609823385706477e-15,-0.4272727272727458,-0.227272727272739,-0.20000000000000678,1.0,1.0,0.0,1.0,1.0,0.0
0D01,P2,4,2025-07-10 07:19:13.756000+00:00,12.437,0.11,D first,7,7,0,0,0,0,0.0,0.0,0.0,0,1,-1,0.0,5.0,-5.0,108.4,94.2,14.200000000000003,111.4,91.8,19.60000000000001,3.0,-2.4000000000000057,5.400000000000006,0.1696969696969701,0.10909090909091158,0.06060606060605851,0.8999999999999874,-0.5000000000000073,1.3999999999999946,0.7303030303030172,-0.6090909090909189,1.3393939393939363,1.0,0.0,1.0,1.0,1.0,0.0
0D01,P2,6,2025-07-10 07:19:34.379000+00:00,8.32,0.16,D first,3,3,0,0,0,0,0.0,0.0,0.0,0,0,0,0.0,0.0,0.0,110.9,90.1,20.80000000000001,107.0,88.4,18.599999999999994,-3.9000000000000057,-1.6999999999999886,-2.200000000000017,-0.9151515151515095,-0.6363636363636337,-0.2787878787878758,0.5999999999999877,1.599999999999995,-1.0000000000000073,1.5151515151514972,2.236363636363629,-0.7212121212121316,1.0,0.0,1.0,1.0,1.0,0.0
0D01,P2,7,2025-07-10 07:19:42.960000+00:00,9.889,0.1825,D first,4,4,0,0,0,0,0.0,0.0,0.0,0,0,0,0.0,0.0,0.0,107.9,88.8,19.10000000000001,109.0,82.8,26.200000000000003,1.0999999999999943,-6.0,7.099999999999994,0.5151515151515137,0.6424242424242425,-0.12727272727272876,-0.4000000000000134,-1.0000000000000093,0.5999999999999959,-0.915151515151527,-1.642424242424252,0.7272727272727249,1.0,0.0,1.0,1.0,1.0,0.0
0D01,P2,8,2025-07-10 07:19:54.006000+00:00,8.853,0.21,D first,3,3,0,0,0,0,0.0,0.0,0.0,0,0,0,0.0,0.0,0.0,107.2,83.2,24.0,101.8,90.0,11.799999999999997,-5.400000000000006,6.799999999999997,-12.200000000000003,-0.47272727272726767,0.1454545454545469,-0.6181818181818146,-0.9000000000000009,-0.10000000000000285,-0.799999999999998,-0.42727272727273324,-0.24545454545454976,-0.1818181818181835,0.4,0.0,0.4,1.0,1.0,0.0
0D01,P2,9,2025-07-10 07:20:04.852000+00:00,9.622,0.2375,D first,4,4,0,0,0,0,0.0,0.0,0.0,0,0,0,0.0,0.0,0.0,103.1,89.9,13.199999999999989,107.6,91.0,16.599999999999994,4.5,1.0999999999999943,3.4000000000000057,0.6121212121212115,0.01818181818182,0.5939393939393915,0.700000000000001,-8.367235509262037e-15,0.7000000000000093,0.08787878787878944,-0.018181818181828367,0.10606060606061782,1.0,0.0,1.0,1.0,1.0,0.0
0D01,P2,10,2025-07-10 07:20:15.217000+00:00,8.79,0.2625,D first,3,3,0,0,0,0,0.0,0.0,0.0,0,0,0,0.0,0.0,0.0,107.4,91.5,15.900000000000006,110.4,94.4,16.0,3.0,2.9000000000000057,0.09999999999999432,-9.200988687864987e-16,0.20000000000000684,-0.20000000000000775,1.2999999999999958,-0.10000000000000715,1.400000000000003,1.2999999999999967,-0.300000000000014,1.6000000000000107,1.0,1.0,0.0,1.0,1.0,0.0
0D01,P2,11,2025-07-10 07:20:25.244000+00:00,7.94,0.2875,D first,2,2,0,0,0,0,0.0,0.0,0.0,0,0,0,0.0,0.0,0.0,111.3,93.9,17.39999999999999,111.0,95.0,16.0,-0.29999999999999716,1.0999999999999943,-1.3999999999999915,0.36969696969697013,-0.04242424242424563,0.4121212121212158,-9.430098841550435e-15,-8.364869839684698e-15,-1.0652290018657376e-15,-0.36969696969697957,0.042424242424237264,-0.41212121212121683,1.0,1.0,0.0,1.0,1.0,0.0
0D01,P2,12,2025-07-10 07:20:34.929000+00:00,10.226,0.3125,D first,5,5,0,0,0,0,0.0,0.0,0.0,0,0,0,0.0,0.0,0.0,110.4,94.9,15.5,110.6,95.0,15.599999999999994,0.19999999999998863,0.09999999999999432,0.09999999999999432,-0.21818181818181767,0.054545454545458213,-0.27272727272727587,0.29999999999998533,-0.6000000000000024,0.8999999999999877,0.518181818181803,-0.6545454545454606,1.1727272727272635,1.0,1.0,0.0,1.0,1.0,0.0
0D01,P2,14,2025-07-10 07:20:53.835000+00:00,9.099,0.36,D first,4,4,0,0,0,0,0.0,0.0,0.0,0,0,0,0.0,0.0,0.0,112.3,94.5,17.799999999999997,111.8,92.0,19.799999999999997,-0.5,-2.5,2.0,-0.33333333333332954,-0.32121212121211806,-0.012121212121211478,0.5999999999999942,-0.6000000000000063,1.2000000000000006,0.9333333333333238,-0.27878787878788824,1.212121212121212,1.0,0.0,1.0,1.0,1.0,0.0
0D01,P2,15,2025-07-10 07:21:05.748000+00:00,17.285,0.39,D first,10,10,0,0,0,0,0.0,0.0,0.0,0,0,0,0.0,0.0,0.0,111.5,90.5,21.0,105.8,91.0,14.799999999999997,-5.700000000000003,0.5,-6.200000000000003,-0.4181818181818191,-0.39393939393939126,-0.02424242424242784,-0.9000000000000075,0.999999999999988,-1.8999999999999955,-0.48181818181818836,1.3939393939393794,-1.8757575757575677,1.0,0.0,1.0,1.0,1.0,0.0
0D01,P2,17,2025-07-10 07:21:24.250000+00:00,8.334,0.435,D first,3,3,0,0,0,0,0.0,0.0,0.0,0,0,0,0.0,0.0,0.0,107.8,90.8,17.0,106.6,87.8,18.799999999999997,-1.2000000000000028,-3.0,1.7999999999999972,0.33939393939394125,-0.4969696969696985,0.8363636363636398,0.0999999999999839,-1.1000000000000096,1.1999999999999935,-0.23939393939395737,-0.6030303030303111,0.36363636363635377,1.0,0.0,1.0,1.0,1.0,0.0
0D01,P2,18,2025-07-10 07:21:33.525000+00:00,8.077,0.46,D first,3,3,0,0,0,0,0.0,0.0,0.0,0,0,0,0.0,0.0,0.0,106.7,88.3,18.400000000000006,110.2,90.8,19.400000000000006,3.5,2.5,1.0,0.018181818181817664,-0.09090909090908836,0.10909090909090602,1.2999999999999985,-0.2000000000000035,1.500000000000002,1.2818181818181809,-0.10909090909091515,1.390909090909096,1.0,0.0,1.0,1.0,1.0,0.0
0D01,P2,19,2025-07-10 07:21:42.861000+00:00,10.748,0.4825,D first,5,5,0,0,0,0,0.0,0.0,0.0,0,0,0,0.0,0.0,0.0,109.3,90.4,18.89999999999999,105.2,93.2,12.0,-4.099999999999994,2.799999999999997,-6.8999999999999915,0.1272727272727294,0.06060606060606079,0.06666666666666861,-0.8000000000000143,1.0999999999999874,-1.9000000000000017,-0.9272727272727437,1.0393939393939267,-1.9666666666666703,1.0,0.4,0.6,1.0,1.0,0.0
0D01,P2,20,2025-07-10 07:21:55.774000+00:00,8.927,0.515,D first,3,3,0,0,0,0,0.0,0.0,0.0,0,0,0,0.0,0.0,0.0,103.4,95.2,8.200000000000003,99.6,90.2,9.399999999999991,-3.8000000000000114,-5.0,1.1999999999999886,-0.09696969696969411,-0.07272727272726884,-0.024242424242425273,-0.5000000000000041,-1.2000000000000126,0.7000000000000085,-0.40303030303031,-1.1272727272727439,0.7242424242424339,0.0,0.0,0.0,1.0,1.0,0.0
0D01,P2,21,2025-07-10 07:22:05.518000+00:00,17.769,0.54,D first,10,10,0,0,0,0,0.0,0.0,0.0,0,0,0,0.0,0.0,0.0,99.0,89.9,9.099999999999994,101.8,90.4,11.399999999999991,2.799999999999997,0.5,2.299999999999997,-0.2787878787878811,-0.5757575757575749,0.29696969696969383,1.1999999999999826,0.49999999999999467,0.699999999999988,1.4787878787878637,1.0757575757575695,0.4030303030302942,0.4,0.0,0.4,1.0,1.0,0.0
0D01,P2,23,2025-07-10 07:22:23.947000+00:00,17.709,0.585,D first,10,10,0,0,0,0,0.0,0.0,0.0,0,0,0,0.0,0.0,0.0,105.1,93.1,12.0,104.2,89.2,15.0,-0.8999999999999915,-3.8999999999999915,3.0,-0.2606060606060609,-0.12727272727272454,-0.13333333333333636,-0.20000000000000492,-1.000000000000005,0.8000000000000002,0.06060606060605597,-0.8727272727272806,0.9333333333333366,1.0,0.0,1.0,1.0,1.0,0.0
0D01,P2,25,2025-07-10 07:22:42.816000+00:00,10.434,0.6325,D first,5,5,0,0,0,0,0.0,0.0,0.0,0,0,0,0.0,0.0,0.0,108.8,87.2,21.599999999999994,105.6,92.2,13.399999999999991,-3.200000000000003,5.0,-8.200000000000003,-0.24242424242423846,0.09696969696969683,-0.3393939393939353,-0.4000000000000063,0.6999999999999921,-1.0999999999999983,-0.15757575757576783,0.6030303030302953,-0.7606060606060631,1.0,0.0,1.0,1.0,1.0,0.0
0D01,P2,26,2025-07-10 07:22:55.305000+00:00,7.846,0.6625,D first,2,2,0,0,0,0,0.0,0.0,0.0,0,0,0,0.0,0.0,0.0,103.3,90.6,12.700000000000003,104.0,86.8,17.200000000000003,0.7000000000000028,-3.799999999999997,4.5,-0.36969696969697097,-0.8000000000000002,0.4303030303030292,-1.846901508168496e-14,0.5000000000000002,-0.5000000000000187,0.3696969696969525,1.3000000000000003,-0.9303030303030477,1.0,0.0,1.0,1.0,1.0,0.0
0D01,P2,27,2025-07-10 07:23:04.966000+00:00,8.132,0.6875,D first,3,3,0,0,0,0,0.0,0.0,0.0,0,0,0,0.0,0.0,0.0,101.9,87.9,14.0,99.6,90.2,9.399999999999991,-2.3000000000000114,2.299999999999997,-4.6000000000000085,-0.7939393939393953,0.39393939393939276,-1.187878787878788,0.5999999999999844,0.29999999999999327,0.29999999999999116,1.3939393939393798,-0.09393939393939948,1.4878787878787794,0.0,0.0,0.0,1.0,1.0,0.0
0D01,P2,28,2025-07-10 07:23:14.202000+00:00,9.217,0.71,D first,4,4,0,0,0,0,0.0,0.0,0.0,0,0,0,0.0,0.0,0.0,99.4,89.9,9.5,102.4,89.4,13.0,3.0,-0.5,3.5,0.145454545454545,0.12727272727273017,0.01818181818181483,0.4999999999999806,0.5999999999999898,-0.10000000000000914,0.3545454545454356,0.47272727272725956,-0.11818181818182394,0.6,0.0,0.6,1.0,1.0,0.0
0D01,P2,29,2025-07-10 07:23:24.107000+00:00,7.607,0.735,D first,2,2,0,0,0,0,0.0,0.0,0.0,0,0,0,0.0,0.0,0.0,102.2,90.5,11.700000000000003,100.4,88.8,11.600000000000009,-1.7999999999999972,-1.7000000000000028,-0.09999999999999432,-0.0848484848484837,0.41818181818181527,-0.5030303030302989,0.6999999999999971,-0.30000000000000865,1.0000000000000058,0.7848484848484808,-0.7181818181818239,1.5030303030303047,0.0,0.0,0.0,1.0,1.0,0.0
0D01,P2,30,2025-07-10 07:23:34.999000+00:00,7.839,0.7625,D first,2,2,0,0,0,0,0.0,0.0,0.0,0,0,0,0.0,0.0,0.0,103.2,91.3,11.900000000000006,106.2,88.6,17.60000000000001,3.0,-2.700000000000003,5.700000000000003,0.6666666666666693,0.757575757575759,-0.09090909090908972,0.7999999999999887,-1.500000000000009,2.299999999999998,0.13333333333331943,-2.257575757575768,2.3909090909090875,1.0,0.0,1.0,1.0,1.0,0.0
0D01,P2,31,2025-07-10 07:23:44.219000+00:00,8.749,0.785,D first,3,3,0,0,0,0,0.0,0.0,0.0,0,0,0,0.0,0.0,0.0,106.8,89.0,17.799999999999997,106.2,86.8,19.400000000000006,-0.5999999999999943,-2.200000000000003,1.6000000000000085,0.42424242424241915,-0.8969696969696969,1.321212121212116,-0.2000000000000122,0.6999999999999924,-0.9000000000000046,-0.6242424242424314,1.5969696969696892,-2.2212121212121207,1.0,0.0,1.0,1.0,1.0,0.0
0D02,P2,1,2025-07-10 13:28:44.985000+00:00,7.967,0.0398406374501992,D first,2,2,0,0,0,0,0.0,0.0,0.0,0,0,0,0.0,0.0,0.0,69.4,62.1,7.300000000000004,79.2,65.0,14.200000000000003,9.799999999999997,2.8999999999999986,6.899999999999999,0.9696969696969673,0.7696969696969688,0.1999999999999985,1.099999999999996,-1.2667344765170475e-15,1.0999999999999974,0.1303030303030288,-0.76969696969697,0.8999999999999988,0.8,1.0,-0.19999999999999996,1.0,1.0,0.0
0D02,P2,3,2025-07-10 13:29:02.990000+00:00,9.299,0.07569721115537849,D first,4,4,0,0,0,0,0.0,0.0,0.0,0,0,0,0.0,0.0,0.0,72.9,62.3,10.600000000000009,73.4,59.6,13.800000000000004,0.5,-2.6999999999999957,3.1999999999999957,0.1999999999999986,-0.6121212121212135,0.8121212121212121,-0.10000000000000496,-0.9000000000000035,0.7999999999999985,-0.30000000000000354,-0.28787878787878995,-0.012121212121213587,0.0,0.0,0.0,1.0,1.0,0.0
0D02,P2,4,2025-07-10 13:29:14.236000+00:00,7.334,0.09760956175298804,D first,2,2,0,0,0,0,0.0,0.0,0.0,0,0,0,0.0,0.0,0.0,73.2,57.7,15.5,72.8,60.2,12.599999999999994,-0.4000000000000057,2.5,-2.9000000000000057,-0.04848484848484634,-0.5999999999999986,0.5515151515151523,-0.5000000000000022,0.8999999999999965,-1.3999999999999986,-0.45151515151515587,1.4999999999999951,-1.951515151515151,0.0,0.0,0.0,1.0,1.0,0.0
0D02,P2,6,2025-07-10 13:29:32.421000+00:00,9.378,0.13346613545816732,D first,4,4,0,0,0,0,0.0,0.0,0.0,0,0,0,0.0,0.0,0.0,69.9,62.1,7.800000000000004,67.2,61.0,6.200000000000003,-2.700000000000003,-1.1000000000000014,-1.6000000000000014,-0.22424242424242202,-0.47878787878787693,0.2545454545454549,-0.1000000000000052,0.799999999999996,-0.9000000000000012,0.12424242424241683,1.278787878787873,-1.154545454545456,0.0,0.0,0.0,1.0,1.0,0.0
0D02,P2,8,2025-07-10 13:29:51.963000+00:00,7.996,0.17330677290836655,D first,2,2,0,0,0,0,0.0,0.0,0.0,0,0,0,0.0,0.0,0.0,64.4,58.0,6.400000000000006,63.8,60.2,3.5999999999999943,-0.6000000000000085,2.200000000000003,-2.8000000000000114,-0.1333333333333338,-0.4969696969696966,0.3636363636363628,-0.30000000000000054,1.4999999999999918,-1.7999999999999923,-0.16666666666666674,1.9969696969696884,-2.163636363636355,0.0,0.0,0.0,1.0,1.0,0.0
0D02,P2,9,2025-07-10 13:30:02.179000+00:00,10.017,0.19322709163346613,D first,5,5,0,0,0,0,0.0,0.0,0.0,0,0,0,0.0,0.0,0.0,65.1,61.4,3.6999999999999957,64.0,64.6,-0.5999999999999943,-1.0999999999999943,3.1999999999999957,-4.29999999999999,0.3333333333333363,0.8727272727272737,-0.5393939393939373,-6.725069273251686e-15,0.4999999999999963,-0.500000000000003,-0.33333333333334303,-0.3727272727272774,0.039393939393934374,0.0,1.0,-1.0,1.0,1.0,0.0
0D02,P2,10,2025-07-10 13:30:13.731000+00:00,7.684,0.21713147410358566,D first,2,2,0,0,0,0,0.0,0.0,0.0,0,0,0,0.0,0.0,0.0,66.4,64.9,1.5,67.2,63.4,3.8000000000000043,0.7999999999999972,-1.500000000000007,2.3000000000000043,0.4242424242424229,0.09090909090908939,0.33333333333333354,0.19999999999999107,-0.5000000000000042,0.6999999999999953,-0.22424242424243185,-0.5909090909090936,0.36666666666666176,0.0,0.6,-0.6,1.0,1.0,0.0
0D02,P2,11,2025-07-10 13:30:22.776000+00:00,11.033,0.2350597609561753,D first,6,6,0,0,0,0,0.0,0.0,0.0,0,0,0,0.0,0.0,0.0,67.3,61.7,5.599999999999994,66.2,56.8,9.400000000000006,-1.0999999999999943,-4.900000000000006,3.8000000000000114,0.05454545454545534,-1.036363636363635,1.0909090909090904,-0.6000000000000072,1.1999999999999935,-1.8000000000000007,-0.6545454545454625,2.2363636363636283,-2.8909090909090907,0.0,0.0,0.0,1.0,1.0,0.0
0D02,P2,13,2025-07-10 13:30:44.217000+00:00,7.156,0.27689243027888444,D first,2,2,0,0,0,0,0.0,0.0,0.0,0,0,0,0.0,0.0,0.0,64.1,66.7,-2.6000000000000085,64.2,65.6,-1.3999999999999915,0.10000000000000853,-1.1000000000000085,1.200000000000017,-0.3333333333333335,0.5151515151515148,-0.8484848484848483,-0.10000000000000643,-1.0000000000000009,0.8999999999999945,0.23333333333332706,-1.5151515151515156,1.7484848484848428,0.0,0.8,-0.8,1.0,1.0,0.0
0D02,P2,14,2025-07-10 13:30:52.376000+00:00,7.633,0.29282868525896416,D first,2,2,0,0,0,0,0.0,0.0,0.0,0,0,0,0.0,0.0,0.0,64.8,65.5,-0.7000000000000028,68.2,60.2,8.0,3.4000000000000057,-5.299999999999997,8.700000000000003,0.30303030303030554,-0.8545454545454547,1.1575757575757604,0.09999999999999162,0.3999999999999964,-0.3000000000000048,-0.2030303030303139,1.254545454545451,-1.457575757575765,0.0,0.0,0.0,1.0,1.0,0.0
0D02,P2,15,2025-07-10 13:31:02.574000+00:00,10.418,0.3147410358565737,D first,5,5,0,0,0,0,0.0,0.0,0.0,0,0,0,0.0,0.0,0.0,69.6,61.6,7.999999999999993,72.0,64.2,7.799999999999997,2.4000000000000057,2.6000000000000014,-0.19999999999999574,0.5212121212121241,0.5212121212121223,1.7763568394002505e-15,-0.6000000000000042,-0.3000000000000175,-0.2999999999999867,-1.1212121212121282,-0.8212121212121398,-0.2999999999999884,0.0,0.8,-0.8,1.0,1.0,0.0
0D02,P2,17,2025-07-10 13:31:22.923000+00:00,9.414,0.3545816733067729,D first,4,4,0,0,0,0,0.0,0.0,0.0,0,0,0,0.0,0.0,0.0,84.3,62.3,22.0,86.6,62.0,24.599999999999994,2.299999999999997,-0.29999999999999716,2.5999999999999943,0.5757575757575764,0.15151515151515124,0.4242424242424251,-0.5000000000000094,-9.998358086562775e-16,-0.5000000000000084,-1.075757575757586,-0.15151515151515224,-0.9242424242424336,1.0,0.0,1.0,1.0,1.0,0.0
0D02,P2,18,2025-07-10 13:31:33.784000+00:00,8.632,0.37649402390438247,D first,3,3,0,0,0,0,0.0,0.0,0.0,0,0,0,0.0,0.0,0.0,86.6,63.1,23.499999999999993,89.6,64.8,24.799999999999997,3.0,1.6999999999999957,1.3000000000000043,0.2666666666666646,0.39393939393939553,-0.12727272727273092,-5.4158249700624545e-15,0.1000000000000003,-0.10000000000000571,-0.26666666666667005,-0.2939393939393952,0.027272727272725172,1.0,1.0,0.0,1.0,1.0,0.0
0D02,P2,19,2025-07-10 13:31:42.650000+00:00,9.779,0.3944223107569721,D first,4,4,0,0,0,0,0.0,0.0,0.0,0,0,0,0.0,0.0,0.0,88.8,64.6,24.200000000000003,77.4,63.8,13.600000000000009,-11.399999999999991,-0.7999999999999972,-10.599999999999994,-0.3151515151515158,-0.036363636363637215,-0.2787878787878786,-1.5000000000000049,-0.1999999999999985,-1.3000000000000065,-1.184848484848489,-0.1636363636363613,-1.0212121212121277,0.8,0.8,0.0,1.0,1.0,0.0
0D02,P2,20,2025-07-10 13:31:54.345000+00:00,9.862,0.4163346613545817,D first,4,4,0,0,0,0,0.0,0.0,0.0,0,0,0,0.0,0.0,0.0,71.0,63.4,7.600000000000001,71.4,65.4,6.0,0.4000000000000057,2.000000000000007,-1.6000000000000014,-1.2727272727272707,-0.145454545454546,-1.1272727272727248,0.899999999999989,0.4999999999999917,0.39999999999999736,2.1727272727272595,0.6454545454545377,1.5272727272727218,0.0,1.0,-1.0,1.0,1.0,0.0
0D02,P2,22,2025-07-10 13:32:13.096000+00:00,18.584,0.4541832669322709,D first,10,10,0,0,0,0,0.0,0.0,0.0,0,0,0,0.0,0.0,0.0,65.4,69.3,-3.8999999999999915,65.2,69.0,-3.799999999999997,-0.20000000000000284,-0.29999999999999716,0.09999999999999432,-0.9818181818181796,0.6000000000000008,-1.5818181818181802,0.499999999999996,0.09999999999999296,0.400000000000003,1.4818181818181757,-0.5000000000000078,1.9818181818181835,0.0,1.0,-1.0,1.0,1.0,0.0
0D02,P2,24,2025-07-10 13:32:35.305000+00:00,7.062,0.49800796812749004,D first,2,2,0,0,0,0,0.0,0.0,0.0,0,0,0,0.0,0.0,0.0,64.1,61.1,2.999999999999993,66.6,61.6,4.999999999999993,2.5,0.5,2.0,-0.07878787878787932,-1.3272727272727272,1.2484848484848479,0.9999999999999933,1.8999999999999935,-0.9000000000000001,1.0787878787878726,3.2272727272727204,-2.1484848484848476,0.0,0.4,-0.4,1.0,1.0,0.0
0D02,P2,25,2025-07-10 13:32:43.990000+00:00,8.124,0.5159362549800797,D first,3,3,0,0,0,0,0.0,0.0,0.0,0,0,0,0.0,0.0,0.0,66.6,61.5,5.099999999999994,66.4,65.6,0.8000000000000114,-0.19999999999998863,4.099999999999994,-4.299999999999983,0.3393939393939399,1.1696969696969695,-0.8303030303030295,-0.5000000000000026,-0.5000000000000077,5.10702591327572e-15,-0.8393939393939425,-1.669696969696977,0.8303030303030345,0.0,1.0,-1.0,1.0,1.0,0.0
0D02,P2,26,2025-07-10 13:32:53.415000+00:00,8.17,0.5338645418326693,D first,3,3,0,0,0,0,0.0,0.0,0.0,0,0,0,0.0,0.0,0.0,65.9,65.7,0.20000000000000284,64.8,67.4,-2.6000000000000085,-1.1000000000000085,1.7000000000000028,-2.8000000000000114,-0.2606060606060626,-0.16363636363636339,-0.09696969696969923,-0.7000000000000096,0.19999999999999593,-0.9000000000000056,-0.439393939393947,0.3636363636363593,-0.8030303030303063,0.0,1.0,-1.0,1.0,1.0,0.0
0D02,P2,27,2025-07-10 13:33:03.006000+00:00,8.655,0.5537848605577689,D first,3,3,0,0,0,0,0.0,0.0,0.0,0,0,0,0.0,0.0,0.0,63.2,67.5,-4.299999999999997,61.4,67.6,-6.199999999999996,-1.8000000000000043,0.09999999999999432,-1.8999999999999986,-0.6787878787878778,0.21212121212121077,-0.8909090909090887,0.29999999999999255,-1.4000000000000135,1.700000000000006,0.9787878787878703,-1.6121212121212243,2.5909090909090944,0.0,1.0,-1.0,1.0,1.0,0.0
0D02,P2,28,2025-07-10 13:33:13.561000+00:00,8.049,0.5756972111553785,D first,3,3,0,0,0,0,0.0,0.0,0.0,0,0,0,0.0,0.0,0.0,60.6,66.3,-5.699999999999996,55.2,64.2,-9.0,-5.399999999999999,-2.0999999999999943,-3.3000000000000043,-0.4848484848484844,-0.769696969696967,0.2848484848484826,1.4999999999999922,0.10000000000000046,1.3999999999999917,1.9848484848484766,0.8696969696969674,1.1151515151515092,0.0,1.0,-1.0,1.0,1.0,0.0
0D02,P2,29,2025-07-10 13:33:24.599000+00:00,8.156,0.5976095617529881,D first,3,3,0,0,0,0,0.0,0.0,0.0,0,0,0,0.0,0.0,0.0,61.4,63.1,-1.7000000000000028,69.0,60.6,8.399999999999999,7.600000000000001,-2.5,10.100000000000001,1.7333333333333334,-0.3818181818181808,2.1151515151515143,-0.29999999999999905,-0.40000000000000635,0.1000000000000073,-2.0333333333333323,-0.01818181818182557,-2.0151515151515067,0.0,0.0,0.0,1.0,1.0,0.0
0D02,P2,30,2025-07-10 13:33:35.559000+00:00,7.137,0.6195219123505976,D first,2,2,0,0,0,0,0.0,0.0,0.0,0,0,0,0.0,0.0,0.0,69.9,60.1,9.800000000000004,68.2,63.0,5.200000000000003,-1.7000000000000028,2.8999999999999986,-4.600000000000001,0.36969696969696936,-0.13939393939394146,0.5090909090909108,-1.6000000000000056,0.09999999999999273,-1.6999999999999984,-1.969696969696975,0.2393939393939342,-2.2090909090909094,0.0,0.4,-0.4,1.0,1.0,0.0
0D02,P2,31,2025-07-10 13:33:44.078000+00:00,10.334,0.6354581673306773,D first,5,5,0,0,0,0,0.0,0.0,0.0,0,0,0,0.0,0.0,0.0,68.1,61.7,6.3999999999999915,66.0,61.8,4.200000000000003,-2.0999999999999943,0.09999999999999432,-2.1999999999999886,-1.0121212121212115,0.22424242424242355,-1.236363636363635,0.599999999999998,0.49999999999999284,0.10000000000000514,1.6121212121212096,0.2757575757575693,1.3363636363636404,0.0,0.0,0.0,1.0,1.0,0.0
0D02,P2,33,2025-07-10 13:34:03.779000+00:00,7.934,0.6752988047808764,D first,2,2,0,0,0,0,0.0,0.0,0.0,0,0,0,0.0,0.0,0.0,70.0,63.0,7.0,74.4,62.0,12.400000000000006,4.400000000000006,-1.0,5.400000000000006,0.8000000000000008,-0.4969696969696932,1.296969696969694,1.699999999999994,-9.998358086562775e-16,1.699999999999995,0.8999999999999931,0.4969696969696922,0.40303030303030096,0.4,0.0,0.4,1.0,1.0,0.0
0D02,P2,34,2025-07-10 13:34:12.846000+00:00,7.329,0.6932270916334662,D first,2,2,0,0,0,0,0.0,0.0,0.0,0,0,0,0.0,0.0,0.0,75.4,62.0,13.400000000000006,66.2,61.4,4.800000000000004,-9.200000000000003,-0.6000000000000014,-8.600000000000001,0.5575757575757565,1.2515803386712672e-15,0.5575757575757553,-1.2000000000000037,-0.5000000000000056,-0.6999999999999982,-1.7575757575757602,-0.5000000000000068,-1.2575757575757534,0.0,0.0,0.0,1.0,1.0,0.0
0D02,P2,35,2025-07-10 13:34:21.808000+00:00,10.659,0.7111553784860558,D first,5,5,0,0,0,0,0.0,0.0,0.0,0,0,0,0.0,0.0,0.0,66.3,62.0,4.299999999999997,65.6,64.4,1.1999999999999886,-0.7000000000000028,2.4000000000000057,-3.1000000000000085,-0.6363636363636361,0.10909090909091178,-0.7454545454545479,-0.10000000000000009,-0.5000000000000064,0.40000000000000635,0.536363636363636,-0.6090909090909182,1.1454545454545544,0.0,0.8,-0.8,1.0,1.0,0.0
0D02,P2,36,2025-07-10 13:34:34.441000+00:00,7.389,0.7350597609561753,D first,2,2,0,0,0,0,0.0,0.0,0.0,0,0,0,0.0,0.0,0.0,67.8,64.0,3.799999999999997,68.8,60.8,8.0,1.0,-3.200000000000003,4.200000000000003,0.5575757575757593,-0.18181818181818224,0.7393939393939415,0.2999999999999935,-0.30000000000000393,0.5999999999999974,-0.2575757575757658,-0.11818181818182169,-0.1393939393939441,0.0,0.0,0.0,1.0,1.0,0.0
0D02,P2,37,2025-07-10 13:34:44.562000+00:00,7.253,0.7569721115537849,D first,2,2,0,0,1,-1,0.0,5.0,-5.0,0,1,-1,0.0,5.0,-5.0,70.7,61.1,9.600000000000001,65.4,60.6,4.800000000000004,-5.299999999999997,-0.5,-4.799999999999997,0.5151515151515145,0.09090909090908977,0.4242424242424247,-1.1000000000000019,-0.20000000000000834,-0.8999999999999935,-1.6151515151515163,-0.2909090909090981,-1.3242424242424182,0.0,0.0,0.0,1.0,1.0,0.0
0D02,P2,38,2025-07-10 13:34:53.155000+00:00,8.174,0.7729083665338645,D first,3,3,0,0,0,0,0.0,0.0,0.0,0,0,0,0.0,0.0,0.0,67.2,61.4,5.800000000000004,72.4,64.6,7.800000000000011,5.200000000000003,3.1999999999999957,2.000000000000007,-0.5454545454545451,0.08484848484848428,-0.6303030303030294,0.5999999999999934,0.5999999999999923,1.1102230246251565e-15,1.1454545454545384,0.515151515151508,0.6303030303030304,0.0,0.8,-0.8,1.0,1.0,0.0
0D02,P2,39,2025-07-10 13:35:02.966000+00:00,8.724,0.7928286852589641,D first,3,3,0,0,0,0,0.0,0.0,0.0,0,0,0,0.0,0.0,0.0,74.4,64.7,9.700000000000003,76.8,64.4,12.399999999999991,2.3999999999999915,-0.29999999999999716,2.6999999999999886,0.860606060606062,0.430303030303032,0.43030303030303,-1.7000000000000166,-1.0000000000000069,-0.7000000000000097,-2.5606060606060788,-1.4303030303030388,-1.13030303030304,0.6,0.6,0.0,1.0,1.0,0.0
0D02,P2,40,2025-07-10 13:35:13.057000+00:00,8.805,0.8127490039840638,D first,3,3,0,0,0,0,0.0,0.0,0.0,0,1,-1,0.0,3.0,-3.0,72.1,64.1,8.0,65.6,61.4,4.199999999999996,-6.5,-2.6999999999999957,-3.8000000000000043,-1.7515151515151535,-0.46666666666666606,-1.2848484848484873,-0.3000000000000041,-0.6000000000000034,0.2999999999999993,1.4515151515151494,-0.13333333333333736,1.5848484848484867,0.0,0.0,0.0,1.0,1.0,0.0
0D02,P2,41,2025-07-10 13:35:22.793000+00:00,10.321,0.8326693227091634,D first,5,5,0,0,0,0,0.0,0.0,0.0,0,0,0,0.0,0.0,0.0,65.9,61.1,4.800000000000004,64.2,58.2,6.0,-1.7000000000000028,-2.8999999999999986,1.1999999999999957,0.09090909090909223,-0.5151515151515141,0.6060606060606064,-0.6000000000000085,0.9999999999999992,-1.6000000000000076,-0.6909090909091008,1.5151515151515134,-2.206060606060614,0.0,0.0,0.0,1.0,1.0,0.0
0D02,P2,43,2025-07-10 13:35:42.569000+00:00,9.423,0.8725099601593626,D first,4,4,0,0,0,0,0.0,0.0,0.0,0,0,0,0.0,0.0,0.0,63.4,63.8,-0.3999999999999986,65.6,72.6,-7.0,2.1999999999999957,8.799999999999997,-6.600000000000001,0.1454545454545481,0.7878787878787885,-0.6424242424242403,0.6999999999999921,-5.824933949669465e-15,0.6999999999999978,0.554545454545444,-0.7878787878787943,1.3424242424242383,0.0,1.0,-1.0,1.0,1.0,0.0
0D02,P2,44,2025-07-10 13:35:52.926000+00:00,19.343,0.8924302788844621,D first,10,10,0,0,0,0,0.0,0.0,0.0,0,0,0,0.0,0.0,0.0,67.5,72.1,-4.599999999999994,68.6,78.6,-10.0,1.0999999999999943,6.5,-5.400000000000006,0.7212121212121222,0.22424242424242685,0.49696969696969534,-0.4000000000000126,0.5999999999999889,-1.0000000000000016,-1.1212121212121349,0.375757575757562,-1.4969696969696968,0.0,1.0,-1.0,1.0,1.0,0.0
0D02,P2,46,2025-07-10 13:36:13.559000+00:00,9.137,0.9342629482071713,D first,4,4,0,0,0,0,0.0,0.0,0.0,0,0,0,0.0,0.0,0.0,70.2,72.1,-1.8999999999999915,68.8,69.6,-0.7999999999999972,-1.4000000000000057,-2.5,1.0999999999999943,-0.29090909090909023,-1.3515151515151507,1.0606060606060606,0.1999999999999919,0.09999999999999384,0.09999999999999806,0.49090909090908214,1.4515151515151445,-0.9606060606060625,0.0,1.0,-1.0,1.0,1.0,0.0
0D02,P2,48,2025-07-10 13:36:32.411000+00:00,11.798,0.9701195219123506,D first,6,6,0,0,0,0,0.0,0.0,0.0,0,0,0,0.0,0.0,0.0,67.4,69.9,-2.5,61.6,73.0,-11.399999999999999,-5.800000000000004,3.0999999999999943,-8.899999999999999,0.13333333333333616,-0.2848484848484869,0.4181818181818231,-0.20000000000000911,0.0999999999999963,-0.30000000000000543,-0.33333333333334525,0.3848484848484832,-0.7181818181818285,0.0,1.0,-1.0,1.0,1.0,0.0
0D08,P2,0,2025-07-21 15:19:23.565000+00:00,8.966,0.02865329512893983,D first,3,3,0,0,0,0,0.0,0.0,0.0,0,0,0,0.0,0.0,0.0,84.8,81.3,3.5,88.4,83.6,4.800000000000011,3.6000000000000085,2.299999999999997,1.3000000000000114,0.35151515151515056,0.32121212121212694,0.030303030303023615,1.2999999999999923,0.49999999999999123,0.800000000000001,0.9484848484848417,0.17878787878786429,0.7696969696969774,0.0,0.0,0.0,1.0,1.0,0.0
0D08,P2,1,2025-07-21 15:19:33.479000+00:00,9.562,0.054441260744985676,D first,4,4,0,0,0,0,0.0,0.0,0.0,0,0,0,0.0,0.0,0.0,91.5,84.6,6.900000000000006,96.0,89.4,6.599999999999994,4.5,4.800000000000011,-0.30000000000001137,1.5818181818181842,0.4969696969696987,1.0848484848484854,-0.6000000000000151,-0.10000000000000633,-0.5000000000000088,-2.1818181818181994,-0.596969696969705,-1.5848484848484943,1.0,0.0,1.0,1.0,1.0,0.0
0D08,P2,2,2025-07-21 15:19:45.145000+00:00,7.519,0.08882521489971347,D first,2,2,0,0,0,0,0.0,0.0,0.0,0,0,0,0.0,0.0,0.0,93.5,88.3,5.200000000000003,85.6,87.6,-2.0,-7.900000000000006,-0.7000000000000028,-7.200000000000003,-0.806060606060606,-0.127272727272727,-0.678787878787879,-0.10000000000000742,-0.3000000000000131,0.20000000000000567,0.7060606060605986,-0.17272727272728608,0.8787878787878847,0.0,0.0,0.0,1.0,1.0,0.0
0D08,P2,3,2025-07-21 15:19:53.739000+00:00,9.097,0.11461318051575932,D first,4,4,0,0,0,0,0.0,0.0,0.0,0,0,0,0.0,0.0,0.0,86.6,88.0,-1.4000000000000057,92.0,86.2,5.799999999999997,5.400000000000006,-1.7999999999999972,7.200000000000003,0.19393939393939527,0.09696969696969954,0.09696969696969573,0.9999999999999961,-0.8000000000000016,1.7999999999999976,0.8060606060606008,-0.8969696969697012,1.703030303030302,0.2,0.0,0.2,1.0,1.0,0.0
0D08,P2,4,2025-07-21 15:20:04.732000+00:00,7.764,0.14613180515759314,D first,2,2,0,0,0,0,0.0,0.0,0.0,0,0,0,0.0,0.0,0.0,94.2,86.9,7.299999999999997,97.2,83.4,13.799999999999997,3.0,-3.5,6.5,0.5212121212121229,0.30909090909090825,0.21212121212121465,0.19999999999998475,-1.0000000000000135,1.1999999999999984,-0.32121212121213816,-1.3090909090909217,0.9878787878787836,1.0,0.0,1.0,1.0,1.0,0.0
0D08,P2,5,2025-07-21 15:20:13.886000+00:00,10.2,0.17191977077363896,D first,5,5,0,0,0,0,0.0,0.0,0.0,0,0,0,0.0,0.0,0.0,96.5,83.4,13.099999999999994,95.2,84.2,11.0,-1.2999999999999972,0.7999999999999972,-2.0999999999999943,-0.16363636363636413,-0.08484848484848435,-0.07878787878787978,-0.10000000000000733,0.19999999999999438,-0.3000000000000017,0.0636363636363568,0.28484848484847874,-0.22121212121212194,1.0,0.0,1.0,1.0,1.0,0.0
0D08,P2,7,2025-07-21 15:20:33.860000+00:00,28.613,0.22922636103151864,D first,10,10,0,0,0,0,0.0,0.0,0.0,0,0,0,0.0,0.0,0.0,91.0,85.0,6.0,89.6,86.2,3.3999999999999915,-1.4000000000000057,1.2000000000000028,-2.6000000000000085,-0.09696969696969632,0.16969696969697085,-0.26666666666666716,-0.09999999999999963,-0.19999999999999815,0.09999999999999852,-0.0030303030303033135,-0.36969696969696897,0.36666666666666564,0.0,0.0,0.0,1.0,1.0,0.0
0D08,P2,10,2025-07-21 15:21:03.411000+00:00,7.778,0.3123209169054441,D first,2,2,0,0,0,0,0.0,0.0,0.0,0,0,0,0.0,0.0,0.0,96.0,89.2,6.799999999999997,96.2,87.8,8.400000000000006,0.20000000000000284,-1.4000000000000057,1.6000000000000085,-0.5575757575757598,0.02424242424242423,-0.581818181818184,0.4999999999999811,-1.1000000000000096,1.5999999999999908,1.057575757575741,-1.1242424242424338,2.1818181818181746,1.0,0.0,1.0,1.0,1.0,0.0
0D08,P2,11,2025-07-21 15:21:13.235000+00:00,9.339,0.34097421203438394,D first,4,4,0,0,0,0,0.0,0.0,0.0,0,0,0,0.0,0.0,0.0,96.3,87.8,8.5,95.8,86.6,9.200000000000003,-0.5,-1.2000000000000028,0.7000000000000028,0.0909090909090907,0.012121212121212458,0.07878787878787824,-0.8000000000000052,-0.8000000000000073,2.1094237467877974e-15,-0.8909090909090959,-0.8121212121212197,-0.07878787878787619,1.0,0.0,1.0,1.0,1.0,0.0
0D08,P2,12,2025-07-21 15:21:23.460000+00:00,9.369,0.36962750716332377,D first,4,4,0,0,0,0,0.0,0.0,0.0,0,0,0,0.0,0.0,0.0,95.4,86.3,9.100000000000009,96.8,89.6,7.200000000000003,1.3999999999999915,3.299999999999997,-1.9000000000000057,-0.21818181818181787,-0.187878787878786,-0.030303030303031858,0.19999999999999726,0.39999999999998764,-0.19999999999999038,0.4181818181818151,0.5878787878787737,-0.16969696969695858,1.0,0.0,1.0,1.0,1.0,0.0
0D08,P2,13,2025-07-21 15:21:34.090000+00:00,7.115,0.40114613180515757,D first,2,2,0,0,0,0,0.0,0.0,0.0,0,0,0,0.0,0.0,0.0,95.8,88.3,7.5,89.6,80.6,9.0,-6.200000000000003,-7.700000000000003,1.5,-0.5575757575757566,-0.6242424242424212,0.06666666666666454,0.4999999999999907,-0.8000000000000154,1.300000000000006,1.0575757575757474,-0.1757575757575942,1.2333333333333416,0.0,0.0,0.0,1.0,1.0,0.0
0D08,P2,14,2025-07-21 15:21:43.826000+00:00,9.065,0.4297994269340974,D first,4,4,0,0,0,0,0.0,0.0,0.0,0,0,0,0.0,0.0,0.0,90.2,81.2,9.0,91.4,83.4,8.0,1.2000000000000028,2.200000000000003,-1.0,0.16969696969697068,0.10909090909090984,0.060606060606060844,1.0999999999999948,0.4999999999999975,0.5999999999999972,0.9303030303030241,0.39090909090908765,0.5393939393939364,0.0,0.0,0.0,1.0,1.0,0.0
0D08,P2,15,2025-07-21 15:21:54.172000+00:00,8.527,0.4584527220630373,D first,3,3,0,0,0,0,0.0,0.0,0.0,0,0,0,0.0,0.0,0.0,92.5,83.4,9.099999999999994,92.2,84.6,7.6000000000000085,-0.29999999999999716,1.1999999999999886,-1.4999999999999858,0.4666666666666674,0.024242424242423143,0.4424242424242443,-0.5000000000000104,0.49999999999999045,-1.0000000000000009,-0.9666666666666779,0.47575757575756733,-1.4424242424242453,0.0,0.0,0.0,1.0,1.0,0.0
0D08,P2,16,2025-07-21 15:22:03.650000+00:00,9.1,0.4871060171919771,D first,4,4,0,0,0,0,0.0,0.0,0.0,1,0,1,5.0,0.0,5.0,91.0,85.8,5.200000000000003,91.4,88.0,3.4000000000000057,0.4000000000000057,2.200000000000003,-1.7999999999999972,-0.44848484848484726,0.5212121212121233,-0.9696969696969706,1.2999999999999894,-8.100336841401267e-15,1.2999999999999974,1.7484848484848365,-0.5212121212121315,2.2696969696969678,0.2,0.0,0.2,1.0,1.0,0.0
0D08,P2,17,2025-07-21 15:22:13.734000+00:00,9.54,0.5157593123209169,D first,4,4,0,0,0,0,0.0,0.0,0.0,0,0,0,0.0,0.0,0.0,92.9,87.5,5.400000000000006,93.4,86.6,6.800000000000011,0.5,-0.9000000000000057,1.4000000000000057,0.6848484848484848,-0.15151515151514772,0.8363636363636325,-1.3000000000000083,0.29999999999999116,-1.5999999999999994,-1.984848484848493,0.4515151515151389,-2.436363636363632,0.4,0.0,0.4,1.0,1.0,0.0
0D08,P2,18,2025-07-21 15:22:24.611000+00:00,8.177,0.5472779369627507,D first,3,3,0,0,0,0,0.0,0.0,0.0,0,0,0,0.0,0.0,0.0,91.5,85.9,5.599999999999994,91.6,85.0,6.599999999999994,0.09999999999999432,-0.9000000000000057,1.0,-0.29696969696969583,-0.32121212121212334,0.024242424242427507,-0.3000000000000105,-4.16421126371713e-15,-0.3000000000000063,-0.0030303030303146516,0.3212121212121192,-0.3242424242424338,0.0,0.0,0.0,1.0,1.0,0.0
0D08,P2,19,2025-07-21 15:22:34.126000+00:00,8.714,0.5730659025787965,D first,3,3,0,0,0,0,0.0,0.0,0.0,0,0,0,0.0,0.0,0.0,91.4,84.6,6.800000000000011,89.0,86.6,2.4000000000000057,-2.4000000000000057,2.0,-4.400000000000006,-0.14545454545454586,-0.03636363636363829,-0.10909090909090757,-0.6000000000000127,0.29999999999999116,-0.9000000000000039,-0.4545454545454669,0.3363636363636294,-0.7909090909090963,0.0,0.0,0.0,1.0,1.0,0.0
0D08,P2,20,2025-07-21 15:22:43.957000+00:00,8.743,0.6017191977077364,D first,3,3,0,0,0,0,0.0,0.0,0.0,0,0,0,0.0,0.0,0.0,89.2,86.0,3.200000000000003,89.2,86.2,3.0,0.0,0.20000000000000284,-0.20000000000000284,0.04848484848485048,-0.18181818181817982,0.23030303030303031,0.1999999999999832,0.49999999999999417,-0.300000000000011,0.1515151515151327,0.681818181818174,-0.5303030303030413,0.0,0.0,0.0,1.0,1.0,0.0
0D08,P2,21,2025-07-21 15:22:53.839000+00:00,9.149,0.6303724928366762,D first,4,4,0,0,0,0,0.0,0.0,0.0,0,0,0,0.0,0.0,0.0,89.8,84.6,5.200000000000003,92.8,84.8,8.0,3.0,0.20000000000000284,2.799999999999997,0.24242424242424482,-0.5454545454545459,0.7878787878787907,0.19999999999999163,0.199999999999989,2.6367796834847468e-15,-0.04242424242425319,0.7454545454545348,-0.7878787878787881,0.0,0.0,0.0,1.0,1.0,0.0
0D08,P2,22,2025-07-21 15:23:05.102000+00:00,7.82,0.66189111747851,D first,2,2,0,0,0,0,0.0,0.0,0.0,0,0,0,0.0,0.0,0.0,93.3,84.5,8.799999999999997,89.4,84.6,4.800000000000011,-3.8999999999999915,0.09999999999999432,-3.999999999999986,-0.006060606060606049,-0.1999999999999985,0.19393939393939247,0.19999999999999402,0.6999999999999955,-0.5000000000000016,0.20606060606060006,0.899999999999994,-0.693939393939394,0.0,0.0,0.0,1.0,1.0,0.0
0D08,P2,23,2025-07-21 15:23:14.363000+00:00,8.369,0.6876790830945558,D first,3,3,0,0,0,0,0.0,0.0,0.0,0,0,0,0.0,0.0,0.0,90.3,84.7,5.599999999999994,89.4,84.6,4.800000000000011,-0.8999999999999915,-0.10000000000000853,-0.799999999999983,0.09090909090909369,0.24848484848485072,-0.15757575757575704,0.29999999999999194,-0.10000000000000403,0.39999999999999597,0.20909090909089825,-0.3484848484848547,0.557575757575753,0.0,0.0,0.0,1.0,1.0,0.0
0D08,P2,24,2025-07-21 15:23:24.092000+00:00,8.8,0.7163323782234957,D first,3,3,0,0,0,0,0.0,0.0,0.0,0,0,0,0.0,0.0,0.0,89.6,86.7,2.8999999999999915,88.4,89.0,-0.5999999999999943,-1.1999999999999886,2.299999999999997,-3.499999999999986,4.968970484245948e-15,0.7939393939393987,-0.7939393939393937,0.39999999999999364,-0.5000000000000081,0.9000000000000017,0.39999999999998864,-1.2939393939394068,1.6939393939393954,0.0,0.2,-0.2,1.0,1.0,0.0
0D08,P2,25,2025-07-21 15:23:33.975000+00:00,8.726,0.7449856733524355,D first,3,3,0,0,0,0,0.0,0.0,0.0,0,0,0,0.0,0.0,0.0,89.2,87.8,1.4000000000000057,87.4,81.8,5.6000000000000085,-1.7999999999999972,-6.0,4.200000000000003,0.2303030303030295,-0.48484848484848175,0.7151515151515113,-0.3000000000000016,0.2999999999999898,-0.5999999999999914,-0.5303030303030312,0.7848484848484716,-1.3151515151515027,0.0,0.0,0.0,1.0,1.0,0.0
0D08,P2,26,2025-07-21 15:23:43.774000+00:00,8.976,0.7736389684813754,D first,3,3,0,0,0,0,0.0,0.0,0.0,0,0,0,0.0,0.0,0.0,89.7,83.3,6.400000000000006,85.8,86.0,-0.20000000000000284,-3.9000000000000057,2.700000000000003,-6.6000000000000085,0.7939393939393933,0.5878787878787876,0.20606060606060572,-2.300000000000007,-0.6000000000000099,-1.699999999999997,-3.0939393939394,-1.1878787878787973,-1.9060606060606027,0.0,0.0,0.0,1.0,1.0,0.0
0D08,P2,27,2025-07-21 15:23:53.996000+00:00,8.505,0.8022922636103151,D first,3,3,0,0,0,0,0.0,0.0,0.0,0,0,0,0.0,0.0,0.0,85.4,85.7,-0.29999999999999716,87.4,85.0,2.4000000000000057,2.0,-0.7000000000000028,2.700000000000003,-0.2787878787878757,-0.12727272727272665,-0.15151515151514905,-0.100000000000011,-0.6000000000000086,0.49999999999999767,0.1787878787878647,-0.472727272727282,0.6515151515151467,0.0,0.0,0.0,1.0,1.0,0.0
0D08,P2,28,2025-07-21 15:24:03.372000+00:00,9.412,0.828080229226361,D first,4,4,0,0,0,0,0.0,0.0,0.0,0,0,0,0.0,0.0,0.0,88.0,84.0,4.0,92.6,82.6,10.0,4.599999999999994,-1.4000000000000057,6.0,0.3393939393939396,-0.5696969696969695,0.9090909090909091,0.29999999999999166,0.2999999999999963,-4.6629367034256575e-15,-0.03939393939394792,0.8696969696969659,-0.9090909090909138,0.0,0.0,0.0,1.0,1.0,0.0
0D08,P2,29,2025-07-21 15:24:14.129000+00:00,11.11,0.8595988538681948,D first,6,6,0,0,0,0,0.0,0.0,0.0,0,0,0,0.0,0.0,0.0,91.8,83.8,8.0,88.8,88.0,0.7999999999999972,-3.0,4.200000000000003,-7.200000000000003,-0.3151515151515146,0.36363636363636503,-0.6787878787878796,0.2999999999999859,0.3999999999999917,-0.1000000000000058,0.6151515151515006,0.03636363636362666,0.578787878787874,0.0,0.0,0.0,1.0,1.0,0.0
0D08,P2,31,2025-07-21 15:24:34.410000+00:00,8.586,0.9169054441260746,D first,3,3,0,0,0,0,0.0,0.0,0.0,1,0,1,5.0,0.0,5.0,90.8,89.2,1.5999999999999943,94.6,86.8,7.799999999999997,3.799999999999997,-2.4000000000000057,6.200000000000003,0.981818181818186,-0.6303030303030266,1.6121212121212127,-0.9000000000000062,1.4999999999999905,-2.399999999999997,-1.8818181818181923,2.130303030303017,-4.012121212121209,0.6,0.0,0.6,1.0,1.0,0.0
0D10,P2,0,2025-07-25 10:25:25.977000+00:00,7.398,0.010869565217391304,D first,2,2,0,0,0,0,0.0,0.0,0.0,0,0,0,0.0,0.0,0.0,57.8,57.5,0.29999999999999716,59.6,55.8,3.8000000000000043,1.8000000000000043,-1.7000000000000028,3.500000000000007,0.29999999999998983,-0.4000000000000027,0.6999999999999925,-0.3000000000000036,-0.8000000000000042,0.5000000000000006,-0.5999999999999934,-0.40000000000000147,-0.19999999999999196,0.0,0.0,0.0,1.0,1.0,0.0
0D10,P2,1,2025-07-25 10:25:34.382000+00:00,9.042,0.02826086956521739,D first,4,4,0,0,0,0,0.0,0.0,0.0,0,0,0,0.0,0.0,0.0,58.8,55.6,3.1999999999999957,57.4,52.8,4.600000000000001,-1.3999999999999986,-2.8000000000000043,1.4000000000000057,-0.18181818181817958,-0.6303030303030299,0.4484848484848504,0.2999999999999938,1.2999999999999965,-1.0000000000000027,0.4818181818181734,1.9303030303030264,-1.4484848484848531,0.0,0.0,0.0,1.0,1.0,0.0
0D10,P2,2,2025-07-25 10:25:46.308000+00:00,7.604,0.05434782608695652,D first,2,2,0,0,0,0,0.0,0.0,0.0,0,0,0,0.0,0.0,0.0,56.4,54.4,2.0,55.0,53.6,1.3999999999999986,-1.3999999999999986,-0.7999999999999972,-0.6000000000000014,-0.38787878787878705,0.6424242424242431,-1.0303030303030303,-7.444216819142537e-15,-0.5000000000000056,0.4999999999999981,0.3878787878787796,-1.1424242424242488,1.5303030303030285,0.0,0.0,0.0,1.0,1.0,0.0
0D10,P2,3,2025-07-25 10:25:56.420000+00:00,8.609,0.07608695652173914,D first,3,3,0,0,0,0,0.0,0.0,0.0,0,0,0,0.0,0.0,0.0,55.6,54.4,1.2000000000000028,57.6,54.0,3.6000000000000014,2.0,-0.3999999999999986,2.3999999999999986,0.2060606060606088,-0.14545454545454514,0.35151515151515395,0.299999999999992,-0.3000000000000042,0.5999999999999962,0.09393939393938319,-0.15454545454545907,0.24848484848484226,0.0,0.0,0.0,1.0,1.0,0.0
0D10,P2,4,2025-07-25 10:26:06.678000+00:00,7.237,0.1,D first,2,2,0,0,0,0,0.0,0.0,0.0,1,0,1,3.0,0.0,3.0,57.9,55.0,2.8999999999999986,56.6,57.8,-1.1999999999999957,-1.2999999999999972,2.799999999999997,-4.099999999999994,0.054545454545456444,0.2787878787878825,-0.22424242424242607,-0.500000000000005,-3.2836668843871676e-15,-0.5000000000000017,-0.5545454545454614,-0.2787878787878858,-0.27575757575757565,0.0,0.0,0.0,1.0,1.0,0.0
0D10,P2,5,2025-07-25 10:26:14.745000+00:00,9.677,0.11739130434782609,D first,4,4,0,1,0,1,3.0,0.0,3.0,1,0,1,3.0,0.0,3.0,56.5,57.2,-0.7000000000000028,53.2,55.8,-2.5999999999999943,-3.299999999999997,-1.4000000000000057,-1.8999999999999915,-0.3696969696969709,0.0242424242424248,-0.3939393939393957,-0.4000000000000042,-0.2,-0.20000000000000417,-0.030303030303033274,-0.2242424242424248,0.19393939393939152,0.0,0.0,0.0,1.0,1.0,0.0
0D10,P2,6,2025-07-25 10:26:25.925000+00:00,8.236,0.14130434782608695,D first,3,3,0,0,0,0,0.0,0.0,0.0,0,0,0,0.0,0.0,0.0,54.7,55.5,-0.7999999999999972,56.0,54.2,1.7999999999999972,1.2999999999999972,-1.2999999999999972,2.5999999999999943,0.5515151515151525,-0.15151515151514958,0.7030303030303021,-0.4000000000000021,-0.5000000000000062,0.10000000000000414,-0.9515151515151545,-0.3484848484848566,-0.6030303030302979,0.0,0.0,0.0,1.0,1.0,0.0
0D10,P2,7,2025-07-25 10:26:36.261000+00:00,8.37,0.16304347826086957,D first,3,3,0,0,0,0,0.0,0.0,0.0,0,0,0,0.0,0.0,0.0,55.6,54.3,1.3000000000000043,57.6,57.4,0.20000000000000284,2.0,3.1000000000000014,-1.1000000000000014,-0.09696969696969233,-0.13939393939393868,0.04242424242424635,0.299999999999992,-0.10000000000000984,0.40000000000000185,0.3969696969696843,0.03939393939392884,0.3575757575757555,0.0,0.0,0.0,1.0,1.0,0.0
0D10,P2,8,2025-07-25 10:26:45.468000+00:00,8.397,0.1826086956521739,D first,3,3,0,0,0,0,0.0,0.0,0.0,0,0,0,0.0,0.0,0.0,58.1,56.5,1.6000000000000014,58.4,55.0,3.3999999999999986,0.29999999999999716,-1.5,1.7999999999999972,0.2727272727272722,0.1272727272727275,0.1454545454545447,-0.5000000000000078,-7.444216819142537e-15,-0.5000000000000003,-0.77272727272728,-0.12727272727273495,-0.6454545454545451,0.0,0.0,0.0,1.0,1.0,0.0
0D10,P2,9,2025-07-25 10:26:54.549000+00:00,10.626,0.20434782608695654,D first,5,5,0,0,0,0,0.0,0.0,0.0,0,0,0,0.0,0.0,0.0,58.0,55.8,2.200000000000003,58.8,58.0,0.7999999999999972,0.7999999999999972,2.200000000000003,-1.4000000000000057,-0.14545454545454733,0.1818181818181829,-0.32727272727273027,-0.20000000000000626,-7.711115487003307e-15,-0.19999999999999854,-0.05454545454545892,-0.18181818181819062,0.1272727272727317,0.0,0.0,0.0,1.0,1.0,0.0
0D10,P2,10,2025-07-25 10:27:05.919000+00:00,18.402,0.22826086956521738,D first,10,10,0,0,0,0,0.0,0.0,0.0,0,0,0,0.0,0.0,0.0,57.6,58.0,-0.3999999999999986,55.0,59.0,-4.0,-2.6000000000000014,1.0,-3.6000000000000014,-0.41212121212120706,-1.8800429345455284e-16,-0.4121212121212069,-7.444216819142537e-15,0.19999999999999687,-0.2000000000000043,0.4121212121211996,0.19999999999999707,0.21212121212120255,0.0,0.2,-0.2,1.0,1.0,0.0
0D10,P2,12,2025-07-25 10:27:26.010000+00:00,17.695,0.2717391304347826,D first,10,10,0,0,0,0,0.0,0.0,0.0,0,0,0,0.0,0.0,0.0,56.5,59.5,-3.0,59.4,62.6,-3.200000000000003,2.8999999999999986,3.1000000000000014,-0.20000000000000284,0.22424242424242433,0.4666666666666654,-0.24242424242424107,0.2999999999999938,-0.9000000000000123,1.2000000000000062,0.0757575757575695,-1.3666666666666778,1.4424242424242473,0.0,1.0,-1.0,1.0,1.0,0.0
0D10,P2,14,2025-07-25 10:27:44.515000+00:00,9.225,0.3130434782608696,D first,4,4,0,0,0,0,0.0,0.0,0.0,0,0,0,0.0,0.0,0.0,59.9,59.1,0.7999999999999972,58.8,55.4,3.3999999999999986,-1.1000000000000014,-3.700000000000003,2.6000000000000014,-0.2727272727272733,-0.4787878787878765,0.20606060606060317,-6.3688595513339015e-15,-0.30000000000000643,0.30000000000000004,0.27272727272726693,0.17878787878787006,0.09393939393939688,0.0,0.0,0.0,1.0,1.0,0.0
0D10,P2,15,2025-07-25 10:27:54.644000+00:00,10.398,0.3347826086956522,D first,5,5,0,0,0,0,0.0,0.0,0.0,0,0,0,0.0,0.0,0.0,58.9,55.5,3.3999999999999986,59.0,57.4,1.6000000000000014,0.10000000000000142,1.8999999999999986,-1.7999999999999972,0.03030303030303099,-0.20000000000000254,0.23030303030303353,-7.329371407955073e-16,0.4999999999999986,-0.49999999999999933,-0.030303030303031723,0.7000000000000012,-0.7303030303030329,0.0,0.0,0.0,1.0,1.0,0.0
0D10,P2,16,2025-07-25 10:28:05.799000+00:00,7.461,0.358695652173913,D first,2,2,0,0,0,0,0.0,0.0,0.0,0,0,0,0.0,0.0,0.0,59.7,57.1,2.6000000000000014,61.8,55.6,6.199999999999996,2.0999999999999943,-1.5,3.5999999999999943,0.27272727272727154,0.15151515151514852,0.12121212121212302,0.19999999999999585,-0.5000000000000027,0.6999999999999985,-0.0727272727272757,-0.6515151515151512,0.5787878787878755,1.0,0.0,1.0,1.0,1.0,0.0
0D10,P2,17,2025-07-25 10:28:14.044000+00:00,11.871,0.3760869565217391,D first,6,6,0,0,0,0,0.0,0.0,0.0,0,0,0,0.0,0.0,0.0,61.7,56.3,5.400000000000006,63.0,58.2,4.799999999999997,1.2999999999999972,1.9000000000000057,-0.6000000000000085,0.12727272727272845,-0.09090909090909065,0.2181818181818191,-4.085028475603011e-15,-0.20000000000000456,0.20000000000000048,-0.12727272727273253,-0.10909090909091392,-0.018181818181818618,1.0,0.0,1.0,1.0,1.0,0.0
0D10,P2,18,2025-07-25 10:28:27.385000+00:00,7.886,0.4043478260869565,D first,2,2,0,0,0,0,0.0,0.0,0.0,0,0,0,0.0,0.0,0.0,63.2,57.6,5.600000000000001,60.0,58.0,2.0,-3.200000000000003,0.3999999999999986,-3.6000000000000014,-0.07272727272727271,-0.04848484848484826,-0.024242424242424447,-1.0000000000000002,-7.711115487003307e-15,-0.9999999999999926,-0.9272727272727275,0.048484848484840554,-0.975757575757568,0.4,0.0,0.4,1.0,1.0,0.0
0D10,P2,19,2025-07-25 10:28:35.917000+00:00,17.472,0.42391304347826086,D first,10,10,0,0,0,0,0.0,0.0,0.0,0,0,0,0.0,0.0,0.0,59.8,57.7,2.0999999999999943,60.2,55.8,4.400000000000006,0.4000000000000057,-1.9000000000000057,2.3000000000000114,-0.37575757575757235,-0.0424242424242442,-0.33333333333332815,0.49999999999998834,0.0999999999999959,0.3999999999999925,0.8757575757575606,0.1424242424242401,0.7333333333333205,0.4,0.0,0.4,1.0,1.0,0.0
0D10,P2,21,2025-07-25 10:28:55.132000+00:00,8.041,0.4652173913043478,D first,3,3,0,0,0,0,0.0,0.0,0.0,0,0,0,0.0,0.0,0.0,60.5,58.3,2.200000000000003,59.8,60.0,-0.20000000000000284,-0.7000000000000028,1.7000000000000028,-2.4000000000000057,-0.4666666666666657,0.15151515151515063,-0.6181818181818163,0.09999999999999255,-6.412665037390505e-15,0.09999999999999896,0.5666666666666582,-0.15151515151515704,0.7181818181818153,0.0,1.0,-1.0,1.0,1.0,0.0
0D10,P2,22,2025-07-25 10:29:03.931000+00:00,9.764,0.48478260869565215,D first,4,4,0,0,0,0,0.0,0.0,0.0,1,0,1,3.0,0.0,3.0,60.0,59.7,0.29999999999999716,60.8,60.8,0.0,0.7999999999999972,1.0999999999999943,-0.29999999999999716,0.08484848484848337,-0.04242424242424408,0.12727272727272745,-0.20000000000000862,-5.070409101721099e-15,-0.20000000000000354,-0.284848484848492,0.042424242424239006,-0.32727272727273105,0.8,1.0,-0.19999999999999996,1.0,1.0,0.0
0D10,P2,23,2025-07-25 10:29:15.089000+00:00,18.397,0.508695652173913,D first,10,10,0,0,0,0,0.0,0.0,0.0,0,0,0,0.0,0.0,0.0,60.1,59.7,0.3999999999999986,58.4,57.2,1.1999999999999957,-1.7000000000000028,-2.5,0.7999999999999972,-0.17575757575757267,-0.2969696969696975,0.12121212121212482,-0.7000000000000044,0.49999999999999195,-1.1999999999999964,-0.5242424242424317,0.7969696969696894,-1.3212121212121213,0.0,0.0,0.0,1.0,1.0,0.0
0D10,P2,25,2025-07-25 10:29:34.148000+00:00,20.074,0.55,D first,10,10,0,0,0,0,0.0,0.0,0.0,0,0,0,0.0,0.0,0.0,58.8,60.0,-1.2000000000000028,56.4,61.0,-4.600000000000001,-2.3999999999999986,1.0,-3.3999999999999986,0.15757575757575565,-0.06060606060605942,0.21818181818181506,-0.9000000000000038,-0.10000000000000069,-0.8000000000000032,-1.0575757575757594,-0.039393939393941264,-1.018181818181818,0.0,1.0,-1.0,1.0,1.0,0.0
0D10,P2,27,2025-07-25 10:29:55.193000+00:00,8.876,0.5956521739130435,D first,3,3,0,0,0,0,0.0,0.0,0.0,0,0,0,0.0,0.0,0.0,55.7,58.0,-2.299999999999997,56.8,54.8,2.0,1.0999999999999943,-3.200000000000003,4.299999999999997,0.09090909090909004,0.07272727272727457,0.018181818181815468,0.4999999999999951,-0.500000000000008,1.000000000000003,0.40909090909090506,-0.5727272727272825,0.9818181818181876,0.0,0.0,0.0,1.0,1.0,0.0
0D10,P2,28,2025-07-25 10:30:05.087000+00:00,19.965,0.6173913043478261,D first,10,10,0,0,0,0,0.0,0.0,0.0,0,0,0,0.0,0.0,0.0,57.7,55.1,2.6000000000000014,57.0,53.6,3.3999999999999986,-0.7000000000000028,-1.5,0.7999999999999972,0.36969696969696914,-0.4303030303030286,0.7999999999999977,-1.000000000000004,0.29999999999999144,-1.2999999999999954,-1.3696969696969732,0.73030303030302,-2.0999999999999934,0.0,0.0,0.0,1.0,1.0,0.0
0D10,P2,30,2025-07-25 10:30:25.610000+00:00,7.631,0.6630434782608695,D first,2,2,0,0,0,0,0.0,0.0,0.0,0,0,0,0.0,0.0,0.0,57.2,57.4,-0.19999999999999574,59.0,60.0,-1.0,1.7999999999999972,2.6000000000000014,-0.8000000000000043,-0.21818181818181961,1.0909090909090897,-1.3090909090909093,0.6999999999999909,-1.0000000000000002,1.699999999999991,0.9181818181818104,-2.09090909090909,3.0090909090909004,0.0,0.6,-0.6,1.0,1.0,0.0
0D10,P2,31,2025-07-25 10:30:33.894000+00:00,11.079,0.6804347826086956,D first,6,6,0,0,0,0,0.0,0.0,0.0,0,0,0,0.0,0.0,0.0,58.3,60.5,-2.200000000000003,57.6,59.6,-2.0,-0.6999999999999957,-0.8999999999999986,0.20000000000000284,0.43030303030302974,-0.39393939393939165,0.8242424242424213,-0.3000000000000075,-0.3000000000000036,-3.885780586188048e-15,-0.7303030303030372,0.09393939393938805,-0.8242424242424253,0.0,0.6,-0.6,1.0,1.0,0.0
0D10,P2,32,2025-07-25 10:30:46.165000+00:00,7.169,0.7065217391304348,D first,2,2,0,0,0,0,0.0,0.0,0.0,0,0,0,0.0,0.0,0.0,57.5,58.4,-0.8999999999999986,59.0,57.4,1.6000000000000014,1.5,-1.0,2.5,0.151515151515153,-0.42424242424242276,0.5757575757575757,-7.329371407955073e-16,-0.500000000000007,0.5000000000000062,-0.1515151515151537,-0.07575757575758424,-0.07575757575756947,0.0,0.0,0.0,1.0,1.0,0.0
0D10,P2,33,2025-07-25 10:30:54.254000+00:00,19.768,0.7239130434782609,D first,10,10,0,0,0,0,0.0,0.0,0.0,0,0,0,0.0,0.0,0.0,58.9,57.0,1.8999999999999986,58.8,53.6,5.199999999999996,-0.10000000000000142,-3.3999999999999986,3.299999999999997,0.05454545454545507,-0.13333333333333452,0.1878787878787896,-0.20000000000000626,-0.10000000000000443,-0.10000000000000182,-0.25454545454546135,0.03333333333333009,-0.28787878787879145,0.0,0.0,0.0,1.0,1.0,0.0
0D10,P2,35,2025-07-25 10:31:14.964000+00:00,11.915,0.7695652173913043,D first,6,6,0,0,0,0,0.0,0.0,0.0,0,0,0,0.0,0.0,0.0,57.7,53.4,4.300000000000004,56.4,56.0,0.3999999999999986,-1.3000000000000043,2.6000000000000014,-3.9000000000000057,0.11515151515151602,0.07272727272727451,0.042424242424241504,-0.30000000000000304,0.39999999999999836,-0.7000000000000014,-0.41515151515151905,0.32727272727272383,-0.7424242424242429,0.0,0.0,0.0,1.0,1.0,0.0
0D10,P2,37,2025-07-25 10:31:34.961000+00:00,10.3,0.8130434782608695,D first,5,5,0,0,0,0,0.0,0.0,0.0,0,0,0,0.0,0.0,0.0,60.8,59.5,1.2999999999999972,64.2,59.4,4.800000000000004,3.4000000000000057,-0.10000000000000142,3.500000000000007,0.20606060606060644,0.12727272727272734,0.0787878787878791,0.7999999999999962,-0.3000000000000025,1.0999999999999988,0.5939393939393898,-0.4272727272727298,1.0212121212121197,1.0,0.4,0.6,1.0,1.0,0.0
0D10,P2,38,2025-07-25 10:31:46.116000+00:00,17.567,0.8369565217391305,D first,10,10,0,0,0,0,0.0,0.0,0.0,0,0,0,0.0,0.0,0.0,63.9,58.6,5.299999999999997,62.6,58.0,4.600000000000001,-1.2999999999999972,-0.6000000000000014,-0.6999999999999957,-0.33333333333333326,-0.27878787878787853,-0.05454545454545473,0.5999999999999903,-7.711115487003307e-15,0.599999999999998,0.9333333333333236,0.2787878787878708,0.6545454545454528,1.0,0.0,1.0,1.0,1.0,0.0
0D10,P2,40,2025-07-25 10:32:04.386000+00:00,20.3,0.8760869565217392,D first,10,10,0,0,0,0,0.0,0.0,0.0,0,0,0,0.0,0.0,0.0,56.0,57.9,-1.8999999999999986,56.4,56.0,0.3999999999999986,0.3999999999999986,-1.8999999999999986,2.299999999999997,-0.4242424242424215,-0.2606060606060584,-0.16363636363636308,0.699999999999993,-5.117763092143714e-15,0.6999999999999981,1.1242424242424145,0.2606060606060533,0.8636363636363612,0.0,0.0,0.0,1.0,1.0,0.0
0D10,P2,42,2025-07-25 10:32:25.607000+00:00,7.943,0.9239130434782609,D first,2,2,0,0,0,0,0.0,0.0,0.0,0,0,0,0.0,0.0,0.0,57.3,57.0,0.29999999999999716,57.6,57.4,0.20000000000000284,0.30000000000000426,0.3999999999999986,-0.09999999999999432,-0.38181818181818195,0.10909090909091063,-0.49090909090909257,0.9999999999999895,-0.500000000000007,1.4999999999999964,1.3818181818181714,-0.6090909090909176,1.990909090909089,0.0,0.0,0.0,1.0,1.0,0.0
0D11,P2,0,2025-07-25 15:24:29.030000+00:00,7.235,0.025,D first,2,2,0,0,0,0,0.0,0.0,0.0,0,0,0,0.0,0.0,0.0,71.7,64.11111111111111,7.588888888888889,69.2,66.2,3.0,-2.5,2.0888888888888886,-4.588888888888889,0.006060606060606014,-0.13333333333333078,0.1393939393939368,-0.2000000000000007,0.7999999999999883,-0.999999999999989,-0.20606060606060672,0.933333333333319,-1.1393939393939259,0.0,0.4,-0.4,1.0,1.0,0.0
0D11,P2,1,2025-07-25 15:24:38.063000+00:00,8.204,0.0475,D first,3,3,0,0,0,0,0.0,0.0,0.0,0,0,0,0.0,0.0,0.0,69.2,66.0,3.200000000000003,67.8,62.8,5.0,-1.4000000000000057,-3.200000000000003,1.7999999999999972,-0.20606060606060408,0.048484848484846785,-0.25454545454545086,-0.20000000000000112,-0.20000000000000473,3.608224830031759e-15,0.006060606060602963,-0.24848484848485153,0.2545454545454545,0.0,0.0,0.0,1.0,1.0,0.0
0D11,P2,2,2025-07-25 15:24:47.760000+00:00,8.515,0.0725,D first,3,3,0,0,0,0,0.0,0.0,0.0,0,0,0,0.0,0.0,0.0,67.7,63.0,4.700000000000003,70.0,63.0,7.0,2.299999999999997,0.0,2.299999999999997,0.006060606060606113,-0.06060606060605913,0.06666666666666524,-2.8297179244132793e-15,-4.085028475603011e-15,1.2553105511897318e-15,-0.006060606060608942,0.06060606060605504,-0.06666666666666399,0.0,0.0,0.0,1.0,1.0,0.0
0D11,P2,3,2025-07-25 15:24:57.782000+00:00,8.51,0.0975,D first,3,3,0,0,0,0,0.0,0.0,0.0,0,0,0,0.0,0.0,0.0,69.9,62.8,7.1000000000000085,68.8,63.8,5.0,-1.1000000000000085,1.0,-2.1000000000000085,-0.054545454545454175,-0.09696969696969875,0.04242424242424457,-0.20000000000000343,0.19999999999999793,-0.40000000000000135,-0.14545454545454925,0.29696969696969666,-0.44242424242424594,0.0,0.0,0.0,1.0,1.0,0.0
0D11,P2,4,2025-07-25 15:25:08.217000+00:00,12.685,0.1225,D first,7,7,0,0,0,0,0.0,0.0,0.0,0,0,0,0.0,0.0,0.0,68.3,63.6,4.699999999999996,70.0,63.0,7.0,1.7000000000000028,-0.6000000000000014,2.3000000000000043,-0.09090909090909065,0.09696969696969877,-0.18787878787878942,-2.8297179244132793e-15,-4.085028475603011e-15,1.2553105511897318e-15,0.09090909090908782,-0.09696969696970285,0.18787878787879067,0.0,0.0,0.0,1.0,1.0,0.0
0D11,P2,7,2025-07-25 15:25:37.796000+00:00,8.528,0.1975,D first,3,3,0,0,0,0,0.0,0.0,0.0,0,0,0,0.0,0.0,0.0,67.8,65.3,2.5,66.8,67.2,-0.4000000000000057,-1.0,1.9000000000000057,-2.9000000000000057,-0.3151515151515146,0.1515151515151512,-0.4666666666666658,0.19999999999999427,-0.5000000000000153,0.7000000000000096,0.5151515151515089,-0.6515151515151665,1.1666666666666754,0.0,0.8,-0.8,1.0,1.0,0.0
0D11,P2,8,2025-07-25 15:25:47.775000+00:00,8.55,0.2225,D first,3,3,0,0,0,0,0.0,0.0,0.0,0,0,0,0.0,0.0,0.0,66.9,66.4,0.5,66.0,66.0,0.0,-0.9000000000000057,-0.4000000000000057,-0.5,0.05454545454545795,-0.2666666666666652,0.32121212121212317,-6.1865405983754645e-15,-6.1865405983754645e-15,0.0,-0.05454545454546414,0.26666666666665906,-0.32121212121212317,0.0,0.0,0.0,1.0,1.0,0.0
0D11,P2,9,2025-07-25 15:25:57.869000+00:00,18.468,0.2475,D first,10,10,0,0,0,0,0.0,0.0,0.0,0,0,0,0.0,0.0,0.0,65.7,66.1,-0.3999999999999915,62.4,65.0,-2.6000000000000014,-3.3000000000000043,-1.0999999999999943,-2.20000000000001,-0.15151515151515305,0.03030303030303047,-0.18181818181818352,-0.30000000000000876,-0.4000000000000107,0.10000000000000192,-0.1484848484848557,-0.4303030303030412,0.28181818181818546,0.0,0.0,0.0,1.0,1.0,0.0
0D11,P2,11,2025-07-25 15:26:17.850000+00:00,8.491,0.2975,D first,3,3,0,0,0,0,0.0,0.0,0.0,0,0,0,0.0,0.0,0.0,66.4,65.0,1.4000000000000057,69.8,66.4,3.3999999999999915,3.3999999999999915,1.4000000000000057,1.9999999999999858,0.4121212121212147,0.024242424242424922,0.3878787878787898,-0.20000000000000348,0.09999999999999444,-0.29999999999999793,-0.6121212121212182,0.07575757575756951,-0.6878787878787876,0.0,0.4,-0.4,1.0,1.0,0.0
0D11,P2,12,2025-07-25 15:26:27.827000+00:00,8.526,0.3225,D first,3,3,0,0,0,0,0.0,0.0,0.0,0,0,0,0.0,0.0,0.0,69.5,65.4,4.099999999999994,67.2,67.0,0.20000000000000284,-2.299999999999997,1.5999999999999943,-3.8999999999999915,-0.11515151515151191,-0.2909090909090918,0.1757575757575799,-0.20000000000001056,0.299999999999996,-0.5000000000000066,-0.08484848484849865,0.5909090909090877,-0.6757575757575863,0.0,0.8,-0.8,1.0,1.0,0.0
0D11,P2,13,2025-07-25 15:26:38.294000+00:00,11.197,0.3475,D first,6,6,0,0,0,0,0.0,0.0,0.0,0,0,0,0.0,0.0,0.0,66.6,66.8,-0.20000000000000284,66.6,65.4,1.1999999999999886,0.0,-1.3999999999999915,1.3999999999999915,-0.27878787878787853,0.1696969696969719,-0.44848484848485043,0.2999999999999966,-0.3000000000000101,0.6000000000000068,0.5787878787878751,-0.469696969696982,1.048484848484857,0.0,0.0,0.0,1.0,1.0,0.0
0D11,P2,15,2025-07-25 15:26:58.036000+00:00,13.25,0.3975,D first,8,8,0,0,0,0,0.0,0.0,0.0,0,0,0,0.0,0.0,0.0,66.8,67.4,-0.6000000000000085,64.0,66.8,-2.799999999999997,-2.799999999999997,-0.6000000000000085,-2.1999999999999886,-0.4969696969696961,-0.21818181818181728,-0.2787878787878788,-6.725069273251686e-15,-5.604206437442639e-15,-1.1208628358090472e-15,0.4969696969696894,0.21818181818181168,0.2787878787878777,0.0,0.8,-0.8,1.0,1.0,0.0
0D11,P2,17,2025-07-25 15:27:19.843000+00:00,8.01,0.4525,D first,3,3,0,0,0,0,0.0,0.0,0.0,0,0,0,0.0,0.0,0.0,67.7,65.6,2.1000000000000085,66.2,65.6,0.6000000000000085,-1.5,0.0,-1.5,0.1515151515151536,-0.2787878787878779,0.4303030303030315,-0.5000000000000093,-0.6000000000000096,0.10000000000000031,-0.6515151515151629,-0.3212121212121317,-0.3303030303030312,0.0,0.2,-0.2,1.0,1.0,0.0
0D11,P2,18,2025-07-25 15:27:28.813000+00:00,8.949,0.475,D first,3,3,0,0,0,0,0.0,0.0,0.0,0,0,0,0.0,0.0,0.0,66.5,65.2,1.2999999999999972,68.2,64.6,3.6000000000000085,1.7000000000000028,-0.6000000000000085,2.3000000000000114,-0.09090909090908895,-0.14545454545454364,0.05454545454545469,-0.3000000000000074,0.29999999999999455,-0.600000000000002,-0.2090909090909185,0.4454545454545382,-0.6545454545454568,0.0,0.0,0.0,1.0,1.0,0.0
0D11,P2,19,2025-07-25 15:27:38.629000+00:00,9.339,0.5,D first,4,4,0,1,0,1,5.0,0.0,5.0,1,0,1,5.0,0.0,5.0,66.7,64.6,2.1000000000000085,64.4,65.2,-0.7999999999999972,-2.299999999999997,0.6000000000000085,-2.9000000000000057,-0.5515151515151545,0.07272727272727365,-0.6242424242424282,0.2999999999999915,-0.10000000000000617,0.3999999999999977,0.851515151515146,-0.17272727272727983,1.0242424242424257,0.0,0.0,0.0,1.0,1.0,0.0
0D11,P2,20,2025-07-25 15:27:48.813000+00:00,9.337,0.525,D first,4,4,0,0,0,0,0.0,0.0,0.0,0,0,0,0.0,0.0,0.0,64.5,63.7,0.7999999999999972,64.8,62.4,2.3999999999999986,0.29999999999999716,-1.3000000000000043,1.6000000000000014,0.030303030303029273,-0.5999999999999975,0.6303030303030268,0.4999999999999956,0.6999999999999907,-0.19999999999999513,0.46969696969696634,1.2999999999999883,-0.8303030303030219,0.0,0.0,0.0,1.0,1.0,0.0
0D11,P2,21,2025-07-25 15:27:59.051000+00:00,8.824,0.55,D first,3,3,0,0,0,0,0.0,0.0,0.0,0,0,0,0.0,0.0,0.0,64.6,62.6,1.999999999999993,64.4,63.6,0.8000000000000043,-0.19999999999998863,1.0,-1.1999999999999886,-0.04848484848484807,0.351515151515151,-0.3999999999999991,-0.10000000000000676,0.500000000000003,-0.6000000000000097,-0.051515151515158696,0.148484848484852,-0.2000000000000107,0.0,0.0,0.0,1.0,1.0,0.0
0D11,P2,22,2025-07-25 15:28:09.964000+00:00,9.438,0.5775,D first,4,4,0,0,0,0,0.0,0.0,0.0,0,0,0,0.0,0.0,0.0,63.9,63.9,0.0,64.0,63.6,0.3999999999999986,0.10000000000000142,-0.29999999999999716,0.3999999999999986,-0.1999999999999995,0.1151515151515187,-0.3151515151515182,0.39999999999999414,0.2999999999999969,0.09999999999999726,0.5999999999999936,0.18484848484847818,0.4151515151515155,0.0,0.0,0.0,1.0,1.0,0.0
0D11,P2,23,2025-07-25 15:28:21.498000+00:00,18.431,0.605,D first,10,10,0,0,0,0,0.0,0.0,0.0,0,0,0,0.0,0.0,0.0,64.7,64.7,0.0,65.8,68.0,-2.200000000000003,1.0999999999999943,3.299999999999997,-2.200000000000003,0.1272727272727279,0.4666666666666648,-0.3393939393939369,0.19999999999999066,-1.2671695837707454e-14,0.20000000000000334,0.07272727272726276,-0.46666666666667744,0.5393939393939402,0.0,1.0,-1.0,1.0,1.0,0.0
0D11,P2,25,2025-07-25 15:28:40.083000+00:00,8.652,0.6525,D first,3,3,0,0,0,0,0.0,0.0,0.0,0,0,0,0.0,0.0,0.0,64.0,62.5,1.5,63.0,59.2,3.799999999999997,-1.0,-3.299999999999997,2.299999999999997,-0.29090909090909106,-0.5757575757575742,0.2848484848484832,-4.085028475603011e-15,-0.2000000000000113,0.20000000000000723,0.29090909090908695,0.37575757575756297,-0.08484848484847601,0.0,0.0,0.0,1.0,1.0,0.0
0D11,P2,26,2025-07-25 15:28:50.078000+00:00,9.072,0.6775,D first,4,4,0,0,0,0,0.0,0.0,0.0,0,0,0,0.0,0.0,0.0,64.0,59.7,4.299999999999997,67.0,62.8,4.200000000000003,3.0,3.0999999999999943,-0.09999999999999432,0.42424242424242553,0.12727272727272446,0.2969696969697011,-5.157354486200773e-15,0.39999999999999414,-0.3999999999999993,-0.4242424242424307,0.2727272727272697,-0.6969696969697003,0.0,0.0,0.0,1.0,1.0,0.0
0D11,P2,28,2025-07-25 15:29:09.426000+00:00,9.048,0.725,D first,4,4,0,0,0,0,0.0,0.0,0.0,0,0,0,0.0,0.0,0.0,65.7,62.9,2.8000000000000043,66.0,62.4,3.6000000000000014,0.29999999999999716,-0.5,0.7999999999999972,-0.10303030303030321,-0.030303030303028257,-0.07272727272727494,-6.1865405983754645e-15,-0.30000000000000876,0.3000000000000026,0.10303030303029702,-0.2696969696969805,0.3727272727272775,0.0,0.0,0.0,1.0,1.0,0.0
0D11,P2,29,2025-07-25 15:29:19.490000+00:00,11.271,0.75,D first,6,6,0,0,0,0,0.0,0.0,0.0,0,0,0,0.0,0.0,0.0,66.9,62.8,4.1000000000000085,67.4,63.0,4.400000000000006,0.5,0.20000000000000284,0.29999999999999716,0.32121212121212206,0.09696969696969858,0.22424242424242347,0.09999999999999805,-0.6000000000000066,0.7000000000000047,-0.22121212121212402,-0.6969696969697052,0.4757575757575812,0.0,0.0,0.0,1.0,1.0,0.0
0D11,P2,30,2025-07-25 15:29:32.362000+00:00,8.01,0.7825,D first,3,3,0,0,0,0,0.0,0.0,0.0,0,0,0,0.0,0.0,0.0,68.2,62.3,5.900000000000006,70.6,63.2,7.3999999999999915,2.3999999999999915,0.9000000000000057,1.4999999999999858,0.2424242424242422,0.04242424242424155,0.20000000000000065,-7.123384399282268e-15,0.19999999999999626,-0.2000000000000034,-0.24242424242424934,0.1575757575757547,-0.400000000000004,0.0,0.0,0.0,1.0,1.0,0.0
0D11,P2,32,2025-07-25 15:29:48.997000+00:00,12.001,0.825,D first,7,7,0,0,0,0,0.0,0.0,0.0,0,0,0,0.0,0.0,0.0,69.8,66.1,3.700000000000003,68.6,61.6,6.999999999999993,-1.2000000000000028,-4.499999999999993,3.29999999999999,-0.31515151515151624,-0.07878787878787837,-0.23636363636363789,-0.30000000000000543,-0.7000000000000023,0.39999999999999686,0.015151515151510808,-0.6212121212121239,0.6363636363636347,0.0,0.0,0.0,1.0,1.0,0.0
0D11,P2,33,2025-07-25 15:30:02.157000+00:00,8.589,0.8575,D first,3,3,0,0,0,0,0.0,0.0,0.0,0,0,0,0.0,0.0,0.0,66.4,63.0,3.4000000000000057,66.0,65.6,0.4000000000000057,-0.4000000000000057,2.5999999999999943,-3.0,-0.2666666666666652,0.5454545454545473,-0.8121212121212125,-6.1865405983754645e-15,0.49999999999999134,-0.4999999999999975,0.26666666666665906,-0.04545454545455596,0.312121212121215,0.0,0.2,-0.2,1.0,1.0,0.0
0D11,P2,36,2025-07-25 15:30:29.930000+00:00,19.858,0.9275,D first,10,10,0,0,0,0,0.0,0.0,0.0,0,0,0,0.0,0.0,0.0,65.4,64.0,1.4000000000000057,65.2,62.8,2.4000000000000057,-0.20000000000000284,-1.2000000000000028,1.0,0.14545454545454775,-0.1333333333333302,0.2787878787878779,-0.20000000000000925,-0.20000000000000473,-4.524158825347513e-15,-0.345454545454557,-0.06666666666667453,-0.27878787878788247,0.0,0.0,0.0,1.0,1.0,0.0
