{
  "config": {
    "H": 14,
    "T": 1,
    "n_states": 4
  },
  "selected_model_family": "hgb",
  "candidate_metrics": {
    "hmm": {
      "val": {
        "auc_roc": 0.6398608574262797,
        "avg_precision": 0.06738946435990048,
        "n_samples": 7986
      },
      "test": {
        "auc_roc": 0.7098493101904554,
        "avg_precision": 0.11655125215840927,
        "n_samples": 10472
      }
    },
    "hgb": {
      "val": {
        "auc_roc": 0.6517376699688371,
        "avg_precision": 0.07388045298144084,
        "n_samples": 7986
      },
      "test": {
        "auc_roc": 0.7261626350951826,
        "avg_precision": 0.1286284960542218,
        "n_samples": 10472
      }
    }
  },
  "split_sizes": {
    "train_users": 19,
    "val_users": 5,
    "test_users": 6
  },
  "n_features": 21,
  "risk_vs_error_corr": 0.8313074260491135,
  "val_auc_roc": 0.6517376699688371,
  "val_avg_precision": 0.07388045298144084,
  "test_auc_roc": 0.7261626350951826,
  "test_avg_precision": 0.1286284960542218,
  "feature_family_importance": {
    "distraction": 0.16690470364869925,
    "other": 0.015212251222903128,
    "emotion": 0.006287514533532867,
    "heart_rate": 0.0024437578357792587,
    "baseline": 0.0,
    "arousal": 0.0
  }
}